annotation_id,comparison_id,dataset,dataset_name,query_id,blind_system,hidden_method,query_text,reference_answer,model_answer,selected_doc_ids,selected_document_text,answer_f1,answer_coverage,semantic_similarity,total_tokens,rating,grounding_error,notes
asqa_01_systema,asqa_01,asqa,ASQA,asqa_122,System A,Fixed Top-10,What is a set of kettledrums in an orchestra called?,"Timpani or kettledrums (also informally called timps) are musical instruments in the percussion family. In older English texts dating back to the late 19th century, kettledrums were called ""tympani"", ""tympany"", or ""timpany"".",A set of kettledrums in an orchestra is called timpani.,"[""asqa_6dfbb828595dcf8d"", ""asqa_65151c256d68f5de"", ""asqa_a73bcee4c3531fe7"", ""asqa_cd991a6ace896c64"", ""asqa_598c390e72436bb7"", ""asqa_92bd0f0cab7d01c3"", ""asqa_5089de9e4c1c07a5"", ""asqa_ffbb4795c33a0c86"", ""asqa_dc467ecd942ff650"", ""asqa_bf62e524859c93e7""]","[1] asqa_6dfbb828595dcf8d: Timpani. Timpani (; ) or kettledrums (also informally called timps) are musical instruments in the percussion family. A type of drum categorised as a semispherical drum, they consist of a membrane called a head stretched over a large bowl traditionally made of copper. Most modern timpani are ""pedal timpani"" and can be tuned quickly and accurately to specific pitches by skilled players through the use of a movable foot-pedal. They are played by striking the head with a specialized drum stick called a ""timpani stick"" or ""timpani mallet"". Timpani evolved from military drums to become a staple of the classical orchestra by the last third of the 18th century. Today, they are used in many types of ensembles, including concert bands, marching bands, orchestras, and even in some rock bands.

[2] asqa_65151c256d68f5de: Elmer Fudd. An earlier character named Egghead set some of Elmer's aspects before the character's more conspicuous features were set.

[3] asqa_a73bcee4c3531fe7: The Post (film). Set in 1971, The Post depicts the true story of attempts by journalists at The Washington Post to publish the infamous Pentagon Papers, a set of classified documents regarding the 20-year involvement of the United States government in the Vietnam War and earlier in French Indochina back to the 1940s.

[4] asqa_cd991a6ace896c64: Russian ruble. Following the breakup of the Soviet Union in 1991, the Soviet ruble remained the currency of the Russian Federation until 1992. A new set of coins was issued in 1992 and a new set of banknotes was issued in the name of Bank of Russia in 1993. The Russian ruble with the ISO 4217 code RUR and number 810 replaced the Soviet ruble at the rate 1 SUR = 1 RUR.

[5] asqa_598c390e72436bb7: Delta of Venus (film). Set in Paris, France, in 1940 in the early days of World War II before the German invasion and conquest of France, Elena Martin (Audie England) is a young American writer struggling to get by in Paris while searching for inspiration for her first novel.

[6] asqa_92bd0f0cab7d01c3: Tell Me a Story (TV series). A second season was announced shortly before the first season ended, which premiered on December 5, 2019, and concluded on February 6, 2020, after another set of 10 episodes.

[7] asqa_5089de9e4c1c07a5: Roundabout. A roundabout (also called a traffic circle, road circle, rotary, rotunda or island) is a type of circular intersection or junction in which road traffic is permitted to flow in one direction around a central island, and priority is typically given to traffic already in the junction.

[8] asqa_ffbb4795c33a0c86: Anne of Green Gables. Set in the late 19th century, the novel recounts the adventures of Anne Shirley, an 11-year-old orphan girl, who is mistakenly sent to two middle-aged siblings, Matthew and Marilla Cuthbert, who had originally intended to adopt a boy to help them on their farm in the fictional town of Avonlea in Prince Edward Island, Canada.

[9] asqa_dc467ecd942ff650: Peristalsis. In much of a digestive tract such as the human gastrointestinal tract, smooth muscle tissue contracts in sequence to produce a peristaltic wave, which propels a ball of food (called a bolus before being transformed into chyme in the stomach) along the tract.

[10] asqa_bf62e524859c93e7: Tagetes erecta. Its flower, the cempasúchil is also called the ' (""flower of the dead"") in Mexico and is used in the celebration every 2 November. The word ' (also spelled ') comes from the Nahuatl term for the flower ', literally translated as ""twenty flower"". In Thai language it is called ดาวเรือง [DaoRuang], literally translated as ""star glittering"". Water infused with the fragrant essential oil of the flower was used to wash corpses in Honduras, and the flower is still commonly planted in cemeteries.",0.190476,0.148148,0.819143,1088,,,
asqa_01_systemb,asqa_01,asqa,ASQA,asqa_122,System B,Adaptive-k,What is a set of kettledrums in an orchestra called?,"Timpani or kettledrums (also informally called timps) are musical instruments in the percussion family. In older English texts dating back to the late 19th century, kettledrums were called ""tympani"", ""tympany"", or ""timpany"".",A set of kettledrums in an orchestra is called timpani.,"[""asqa_6dfbb828595dcf8d"", ""asqa_65151c256d68f5de"", ""asqa_a73bcee4c3531fe7"", ""asqa_cd991a6ace896c64"", ""asqa_598c390e72436bb7"", ""asqa_92bd0f0cab7d01c3""]","[1] asqa_6dfbb828595dcf8d: Timpani. Timpani (; ) or kettledrums (also informally called timps) are musical instruments in the percussion family. A type of drum categorised as a semispherical drum, they consist of a membrane called a head stretched over a large bowl traditionally made of copper. Most modern timpani are ""pedal timpani"" and can be tuned quickly and accurately to specific pitches by skilled players through the use of a movable foot-pedal. They are played by striking the head with a specialized drum stick called a ""timpani stick"" or ""timpani mallet"". Timpani evolved from military drums to become a staple of the classical orchestra by the last third of the 18th century. Today, they are used in many types of ensembles, including concert bands, marching bands, orchestras, and even in some rock bands.

[2] asqa_65151c256d68f5de: Elmer Fudd. An earlier character named Egghead set some of Elmer's aspects before the character's more conspicuous features were set.

[3] asqa_a73bcee4c3531fe7: The Post (film). Set in 1971, The Post depicts the true story of attempts by journalists at The Washington Post to publish the infamous Pentagon Papers, a set of classified documents regarding the 20-year involvement of the United States government in the Vietnam War and earlier in French Indochina back to the 1940s.

[4] asqa_cd991a6ace896c64: Russian ruble. Following the breakup of the Soviet Union in 1991, the Soviet ruble remained the currency of the Russian Federation until 1992. A new set of coins was issued in 1992 and a new set of banknotes was issued in the name of Bank of Russia in 1993. The Russian ruble with the ISO 4217 code RUR and number 810 replaced the Soviet ruble at the rate 1 SUR = 1 RUR.

[5] asqa_598c390e72436bb7: Delta of Venus (film). Set in Paris, France, in 1940 in the early days of World War II before the German invasion and conquest of France, Elena Martin (Audie England) is a young American writer struggling to get by in Paris while searching for inspiration for her first novel.

[6] asqa_92bd0f0cab7d01c3: Tell Me a Story (TV series). A second season was announced shortly before the first season ended, which premiered on December 5, 2019, and concluded on February 6, 2020, after another set of 10 episodes.",0.190476,0.148148,0.819143,702,,,
asqa_01_systemc,asqa_01,asqa,ASQA,asqa_122,System C,TACER,What is a set of kettledrums in an orchestra called?,"Timpani or kettledrums (also informally called timps) are musical instruments in the percussion family. In older English texts dating back to the late 19th century, kettledrums were called ""tympani"", ""tympany"", or ""timpany"".","A set of kettledrums in an orchestra is called ""timpani."" The evidence for this is found in Document 1, which states that ""Timpani ... or kettledrums (also informally called timps) are musical instruments in the percussion family.""","[""asqa_6dfbb828595dcf8d"", ""asqa_65151c256d68f5de"", ""asqa_a73bcee4c3531fe7""]","[1] asqa_6dfbb828595dcf8d: Timpani. Timpani (; ) or kettledrums (also informally called timps) are musical instruments in the percussion family. A type of drum categorised as a semispherical drum, they consist of a membrane called a head stretched over a large bowl traditionally made of copper. Most modern timpani are ""pedal timpani"" and can be tuned quickly and accurately to specific pitches by skilled players through the use of a movable foot-pedal. They are played by striking the head with a specialized drum stick called a ""timpani stick"" or ""timpani mallet"". Timpani evolved from military drums to become a staple of the classical orchestra by the last third of the 18th century. Today, they are used in many types of ensembles, including concert bands, marching bands, orchestras, and even in some rock bands.

[2] asqa_65151c256d68f5de: Elmer Fudd. An earlier character named Egghead set some of Elmer's aspects before the character's more conspicuous features were set.

[3] asqa_a73bcee4c3531fe7: The Post (film). Set in 1971, The Post depicts the true story of attempts by journalists at The Washington Post to publish the infamous Pentagon Papers, a set of classified documents regarding the 20-year involvement of the United States government in the Vietnam War and earlier in French Indochina back to the 1940s.",0.529412,0.518519,0.90363,471,,,
asqa_02_systema,asqa_02,asqa,ASQA,asqa_91,System A,Adaptive-k,As blues moved into chicago's south side what style of blues developed?,"As blues moved into Chicago's south side, an electric blues style of urban blues known as Chicago blues was developed. The promotion of record companies such as Paramount Records, RCA Victor, and Columbia Records drove blues to the international stage and influenced young British musicians, resulting in the British blues movement.","The evidence is insufficient to directly answer the question about the specific style of blues that developed as blues moved into Chicago's South Side. However, based on the provided documents, it can be inferred that the style of blues that developed in Chicago is known as Chicago blues, which is an electric blues style of urban blues (Document 1). Additionally, Document 3 mentions that the first blues clubs in Chicago were mostly in predominantly black neighborhoods on the South Side, but it does not specify the style of blues that developed there. Document 5 mentions Muddy Waters as the ""father of modern Chicago blues"", but it does not directly answer the question about the style of blues that developed on the South Side. Therefore, while the documents provide some information about Chicago blues, they do not directly answer the question about the specific style of blues that developed on the South Side.","[""asqa_8f0b84dc83e7c9f9"", ""asqa_e57f573c22111553"", ""asqa_ed5e6213c8e0c3b6"", ""asqa_2faae83f1e7e967d"", ""asqa_2ff00094d7d73b76"", ""asqa_ebac54abfbad8169""]","[1] asqa_8f0b84dc83e7c9f9: Chicago blues. The Chicago blues is a form of blues music indigenous to Chicago, Illinois. Chicago blues is an electric blues style of urban blues.

[2] asqa_e57f573c22111553: Chicago blues. What drove the blues to international influence was the promotion of record companies such as Paramount Records, RCA Victor, and Columbia Records. Through such record companies Chicago blues became a commercial enterprise. The new style of music eventually reached Europe and the United Kingdom. In the 1960s, young British musicians were highly influenced by Chicago blues resulting in the British blues movement.

[3] asqa_ed5e6213c8e0c3b6: Chicago blues History. The first blues clubs in Chicago were mostly in predominantly black neighborhoods on the South Side, with a few in the smaller black neighborhoods on the West Side.

[4] asqa_2faae83f1e7e967d: W. C. Handy. William Christopher Handy (November 16, 1873 – March 28, 1958) was a composer and musician, and called himself the Father of the Blues. An African American, Handy was one of the most influential songwriters in the United States. One of many musicians who played the distinctively American blues music, Handy did not create the blues genre but was the first to publish music in the blues form, thereby taking the blues from a regional music style (Delta blues) with a limited audience to a new level of popularity.

[5] asqa_2ff00094d7d73b76: Muddy Waters. McKinley Morganfield (April 4, 1913 April 30, 1983), known professionally as Muddy Waters, was an American blues singer-songwriter and musician who is often cited as the ""father of modern Chicago blues"", and an important figure on the post-war blues scene. His style of playing has been described as ""raining down Delta beatitude"".

[6] asqa_ebac54abfbad8169: Charley Patton. Charley Patton (died April 28, 1934), also known as Charlie Patton, was an American Delta blues musician. Considered by many to be the ""Father of the Delta Blues"", he created an enduring body of American music and inspired most Delta blues musicians. The musicologist Robert Palmer considered him one of the most important American musicians of the twentieth century.",0.282927,0.473684,0.718843,790,,,
asqa_02_systemb,asqa_02,asqa,ASQA,asqa_91,System B,Fixed Top-10,As blues moved into chicago's south side what style of blues developed?,"As blues moved into Chicago's south side, an electric blues style of urban blues known as Chicago blues was developed. The promotion of record companies such as Paramount Records, RCA Victor, and Columbia Records drove blues to the international stage and influenced young British musicians, resulting in the British blues movement.","The evidence is insufficient to directly answer the question, but based on the provided documents, it can be inferred that as blues moved into Chicago's South Side, the style of blues that developed is likely Chicago blues, which is described as an electric blues style of urban blues (Document 1) and is associated with the South Side of Chicago (Document 3).","[""asqa_8f0b84dc83e7c9f9"", ""asqa_e57f573c22111553"", ""asqa_ed5e6213c8e0c3b6"", ""asqa_2faae83f1e7e967d"", ""asqa_2ff00094d7d73b76"", ""asqa_ebac54abfbad8169"", ""asqa_3246fae07eb39ce4"", ""asqa_d752bc012018d2c3"", ""asqa_8a7484dffe966521"", ""asqa_ebe6b6a989ac5ffe""]","[1] asqa_8f0b84dc83e7c9f9: Chicago blues. The Chicago blues is a form of blues music indigenous to Chicago, Illinois. Chicago blues is an electric blues style of urban blues.

[2] asqa_e57f573c22111553: Chicago blues. What drove the blues to international influence was the promotion of record companies such as Paramount Records, RCA Victor, and Columbia Records. Through such record companies Chicago blues became a commercial enterprise. The new style of music eventually reached Europe and the United Kingdom. In the 1960s, young British musicians were highly influenced by Chicago blues resulting in the British blues movement.

[3] asqa_ed5e6213c8e0c3b6: Chicago blues History. The first blues clubs in Chicago were mostly in predominantly black neighborhoods on the South Side, with a few in the smaller black neighborhoods on the West Side.

[4] asqa_2faae83f1e7e967d: W. C. Handy. William Christopher Handy (November 16, 1873 – March 28, 1958) was a composer and musician, and called himself the Father of the Blues. An African American, Handy was one of the most influential songwriters in the United States. One of many musicians who played the distinctively American blues music, Handy did not create the blues genre but was the first to publish music in the blues form, thereby taking the blues from a regional music style (Delta blues) with a limited audience to a new level of popularity.

[5] asqa_2ff00094d7d73b76: Muddy Waters. McKinley Morganfield (April 4, 1913 April 30, 1983), known professionally as Muddy Waters, was an American blues singer-songwriter and musician who is often cited as the ""father of modern Chicago blues"", and an important figure on the post-war blues scene. His style of playing has been described as ""raining down Delta beatitude"".

[6] asqa_ebac54abfbad8169: Charley Patton. Charley Patton (died April 28, 1934), also known as Charlie Patton, was an American Delta blues musician. Considered by many to be the ""Father of the Delta Blues"", he created an enduring body of American music and inspired most Delta blues musicians. The musicologist Robert Palmer considered him one of the most important American musicians of the twentieth century.

[7] asqa_3246fae07eb39ce4: Chicago Cubs. Chicago halted St. Louis' run to the playoffs by taking four of five games from the Cardinals at Wrigley Field in early September, after which they won their first division title in 14 years. They then went on to defeat the Atlanta Braves in a dramatic five-game Division Series, the franchise's first postseason series win since beating the Detroit Tigers in the 1908 World Series.

[8] asqa_d752bc012018d2c3: Get Low (Lil Jon & the East Side Boyz song). ""Get Low"" is a song by American rap group Lil Jon & the East Side Boyz, featuring American hip hop duo Ying Yang Twins, released as a single in 2003.

[9] asqa_8a7484dffe966521: A Raisin in the Sun. A Raisin in the Sun is a play by Lorraine Hansberry that debuted on Broadway in 1959. The title comes from the poem ""Harlem"" (also known as ""A Dream Deferred"") by Langston Hughes. The story tells of a black family's experiences in south Chicago, as they attempt to improve their financial circumstances with an insurance payout following the death of the father. The New York Drama Critics' Circle named it the best play of 1959.

[10] asqa_ebe6b6a989ac5ffe: List of awards and nominations received by Whitney Houston. Whitney Houston has been honored with numerous awards and accolades recognizing her worldwide success through the music and movie industries, including 2 Emmy Awards, 8 Grammy Awards, 14 World Music Awards, 15 Guinness World Records, 16 Billboard Music Awards and 22 American Music Awards. She was inducted into the Rhythm and Blues Music Hall of Fame in 2014 and the Rock and Roll Hall of Fame in 2020.",0.45614,0.447368,0.815438,1096,,,
asqa_02_systemc,asqa_02,asqa,ASQA,asqa_91,System C,TACER,As blues moved into chicago's south side what style of blues developed?,"As blues moved into Chicago's south side, an electric blues style of urban blues known as Chicago blues was developed. The promotion of record companies such as Paramount Records, RCA Victor, and Columbia Records drove blues to the international stage and influenced young British musicians, resulting in the British blues movement.","As blues moved into Chicago's South Side, the style of blues that developed was Chicago blues, which is an electric blues style of urban blues.","[""asqa_8f0b84dc83e7c9f9"", ""asqa_e57f573c22111553"", ""asqa_ed5e6213c8e0c3b6""]","[1] asqa_8f0b84dc83e7c9f9: Chicago blues. The Chicago blues is a form of blues music indigenous to Chicago, Illinois. Chicago blues is an electric blues style of urban blues.

[2] asqa_e57f573c22111553: Chicago blues. What drove the blues to international influence was the promotion of record companies such as Paramount Records, RCA Victor, and Columbia Records. Through such record companies Chicago blues became a commercial enterprise. The new style of music eventually reached Europe and the United Kingdom. In the 1960s, young British musicians were highly influenced by Chicago blues resulting in the British blues movement.

[3] asqa_ed5e6213c8e0c3b6: Chicago blues History. The first blues clubs in Chicago were mostly in predominantly black neighborhoods on the South Side, with a few in the smaller black neighborhoods on the West Side.",0.564103,0.421053,0.845,343,,,
asqa_03_systema,asqa_03,asqa,ASQA,asqa_133,System A,Fixed Top-10,What is the purpose of a traffic circle?,"A roundabout is a type of round (about) intersection or junction in which road traffic is permitted to flow in one direction around a central island, and priority is typically given to traffic already in the junction. In terms of safety, it greatly reduces the likelihood and severity of collisions. It also serves an environmental benefit in that it potentially leads to less pollution.","The provided documents do not explicitly state the purpose of a traffic circle. However, based on the information given in Documents 1, 3, and 6, it can be inferred that the purpose of a traffic circle (also known as a roundabout) is to manage the flow of road traffic in a safe and efficient manner, reducing the likelihood and severity of collisions by reducing traffic speeds and minimizing certain types of accidents. 

Therefore, while the documents do not directly answer the question, they provide sufficient information to make an educated inference about the purpose of a traffic circle.","[""asqa_5089de9e4c1c07a5"", ""asqa_1038664f38b4ff5b"", ""asqa_a0e5ff2ca1f59d86"", ""asqa_f7b8abb958fe8e50"", ""asqa_7cdd47366489a7a2"", ""asqa_3b06759c94a2c7b8"", ""asqa_feb421f35d21b2e2"", ""asqa_ae454044aa525a72"", ""asqa_8a7484dffe966521"", ""asqa_d37861249fc8fd06""]","[1] asqa_5089de9e4c1c07a5: Roundabout. A roundabout (also called a traffic circle, road circle, rotary, rotunda or island) is a type of circular intersection or junction in which road traffic is permitted to flow in one direction around a central island, and priority is typically given to traffic already in the junction.

[2] asqa_1038664f38b4ff5b: Circle of latitude. A circle of latitude or line of latitude on Earth is an abstract east–west small circle connecting all locations around Earth (ignoring elevation) at a given latitude coordinate line.

[3] asqa_a0e5ff2ca1f59d86: Roundabout. A roundabout is a type of round (about) intersection or junction in which road traffic is permitted to flow in one direction around a central island, and priority is typically given to traffic already in the junction.

[4] asqa_f7b8abb958fe8e50: Circle of latitude. Circles of latitude are often called Parallels because they are parallel to each other; that is, any two circles are always the same distance apart. A location's position along a circle of latitude is given by its longitude. Circles of latitude are unlike circles of longitude, which are all great circles with the centre of Earth in the middle, as the circles of latitude get smaller as the distance from the Equator increases. Their length can be calculated by a common sine or cosine function. The 60th parallel north or south is half as long as the Equator (disregarding Earth's minor flattening by 0.3%). A circle of latitude is perpendicular to all meridians.

[5] asqa_7cdd47366489a7a2: Public Accounts Committee (India). The Public Accounts Committee (PAC) is a committee of selected members of parliament, constituted by the Parliament of India, for the purpose of auditing the revenue and the expenditure of the Government of India.

[6] asqa_3b06759c94a2c7b8: Roundabout. Modern roundabouts observe various design rules to increase safety. Compared to stop signs, traffic signals, and earlier forms of roundabouts, modern roundabouts reduce the likelihood and severity of collisions greatly by reducing traffic speeds and minimizing T-bone and head-on collisions. Variations on the basic concept include integration with tram and/or train lines, two-way flow, higher speeds and many others.

[7] asqa_feb421f35d21b2e2: Pure Food and Drug Act. The was the first of a series of significant consumer protection laws which was enacted by Congress in the 20th century and led to the creation of the Food and Drug Administration. Its main purpose was to ban foreign and interstate traffic in adulterated or mislabeled food and drug products, and it directed the U.S. Bureau of Chemistry to inspect products and refer offenders to prosecutors. It required that active ingredients be placed on the label of a drug's packaging and that drugs could not fall below purity levels established by the United States Pharmacopeia or the National Formulary. ""The Jungle"" by Upton Sinclair with its graphic and revolting descriptions of unsanitary conditions and unscrupulous practices rampant in the meatpacking industry, was an inspirational piece that kept the public's attention on the important issue of unhygienic meat processing plants that later led to food inspection legislation. Sinclair quipped, ""I aimed at the public's heart and by accident I hit it in the stomach,"" as outraged readers demanded and got the pure food law.

[8] asqa_ae454044aa525a72: In the Ghetto. ""In the Ghetto"" (originally titled ""The Vicious Circle"") is a 1969 song recorded by Elvis Presley written by Mac Davis. It was a major comeback hit released in 1969 as a 45 rpm single with ""Any Day Now"" as the flip side.

[9] asqa_8a7484dffe966521: A Raisin in the Sun. A Raisin in the Sun is a play by Lorraine Hansberry that debuted on Broadway in 1959. The title comes from the poem ""Harlem"" (also known as ""A Dream Deferred"") by Langston Hughes. The story tells of a black family's experiences in south Chicago, as they attempt to improve their financial circumstances with an insurance payout following the death of the father. The New York Drama Critics' Circle named it the best play of 1959.

[10] asqa_d37861249fc8fd06: Daytime. Around the poles, which coincide with the rotational axis of Earth as it passes through the surface, the seasonal variations in the length of daytime are extreme. In fact, within 23.44° latitude of the poles, there will be at least some days each year during which the sun never goes below the horizon. There will also be days when the Sun never rises above the horizon. This number will be fewer, but close to the number of days in the summer where the sun doesn't set (for example the sunrise is usually a few days before the spring equinox and extends a few days past the fall equinox). This phenomenon of more daylight than night is not unique to the poles. In fact, at any given time slightly more than half of the earth is in daylight. The 24 hours of summer daylight is known as the midnight sun that is famous in some northern countries. To the north, the Arctic Circle marks this 23.44° boundary. To the south, the Antarctic Circle marks the boundary. These boundaries correspond to 66.56° north or south latitude, respectively. Because the Sun's disc itself is about half a degree in diameter and is very bright, truly dark days during which the sun never seems to rise are only seen beyond 72° north or south latitude.",0.358025,0.434783,0.65866,1455,,,
asqa_03_systemb,asqa_03,asqa,ASQA,asqa_133,System B,TACER,What is the purpose of a traffic circle?,"A roundabout is a type of round (about) intersection or junction in which road traffic is permitted to flow in one direction around a central island, and priority is typically given to traffic already in the junction. In terms of safety, it greatly reduces the likelihood and severity of collisions. It also serves an environmental benefit in that it potentially leads to less pollution.","The purpose of a traffic circle is to manage the flow of road traffic in a circular intersection or junction, where traffic is permitted to flow in one direction around a central island, and priority is typically given to traffic already in the junction. This is based on the information provided in Document 1, which defines a roundabout (also called a traffic circle) and explains its functionality.","[""asqa_5089de9e4c1c07a5"", ""asqa_1038664f38b4ff5b"", ""asqa_a0e5ff2ca1f59d86""]","[1] asqa_5089de9e4c1c07a5: Roundabout. A roundabout (also called a traffic circle, road circle, rotary, rotunda or island) is a type of circular intersection or junction in which road traffic is permitted to flow in one direction around a central island, and priority is typically given to traffic already in the junction.

[2] asqa_1038664f38b4ff5b: Circle of latitude. A circle of latitude or line of latitude on Earth is an abstract east–west small circle connecting all locations around Earth (ignoring elevation) at a given latitude coordinate line.

[3] asqa_a0e5ff2ca1f59d86: Roundabout. A roundabout is a type of round (about) intersection or junction in which road traffic is permitted to flow in one direction around a central island, and priority is typically given to traffic already in the junction.",0.610687,0.565217,0.794121,387,,,
asqa_03_systemc,asqa_03,asqa,ASQA,asqa_133,System C,Adaptive-k,What is the purpose of a traffic circle?,"A roundabout is a type of round (about) intersection or junction in which road traffic is permitted to flow in one direction around a central island, and priority is typically given to traffic already in the junction. In terms of safety, it greatly reduces the likelihood and severity of collisions. It also serves an environmental benefit in that it potentially leads to less pollution.","The provided documents do not explicitly state the purpose of a traffic circle. However, based on the information given, it can be inferred that the purpose of a traffic circle (or roundabout) is to manage the flow of road traffic in a safe and efficient manner, by allowing traffic to flow in one direction around a central island and giving priority to traffic already in the junction, which helps to reduce the likelihood and severity of collisions. 

This information is found in Documents 1, 3, and 6, which describe the design and function of roundabouts, but do not explicitly state their purpose. Therefore, the evidence is insufficient to provide a definitive answer, but it can be inferred based on the available information.","[""asqa_5089de9e4c1c07a5"", ""asqa_1038664f38b4ff5b"", ""asqa_a0e5ff2ca1f59d86"", ""asqa_f7b8abb958fe8e50"", ""asqa_7cdd47366489a7a2"", ""asqa_3b06759c94a2c7b8""]","[1] asqa_5089de9e4c1c07a5: Roundabout. A roundabout (also called a traffic circle, road circle, rotary, rotunda or island) is a type of circular intersection or junction in which road traffic is permitted to flow in one direction around a central island, and priority is typically given to traffic already in the junction.

[2] asqa_1038664f38b4ff5b: Circle of latitude. A circle of latitude or line of latitude on Earth is an abstract east–west small circle connecting all locations around Earth (ignoring elevation) at a given latitude coordinate line.

[3] asqa_a0e5ff2ca1f59d86: Roundabout. A roundabout is a type of round (about) intersection or junction in which road traffic is permitted to flow in one direction around a central island, and priority is typically given to traffic already in the junction.

[4] asqa_f7b8abb958fe8e50: Circle of latitude. Circles of latitude are often called Parallels because they are parallel to each other; that is, any two circles are always the same distance apart. A location's position along a circle of latitude is given by its longitude. Circles of latitude are unlike circles of longitude, which are all great circles with the centre of Earth in the middle, as the circles of latitude get smaller as the distance from the Equator increases. Their length can be calculated by a common sine or cosine function. The 60th parallel north or south is half as long as the Equator (disregarding Earth's minor flattening by 0.3%). A circle of latitude is perpendicular to all meridians.

[5] asqa_7cdd47366489a7a2: Public Accounts Committee (India). The Public Accounts Committee (PAC) is a committee of selected members of parliament, constituted by the Parliament of India, for the purpose of auditing the revenue and the expenditure of the Government of India.

[6] asqa_3b06759c94a2c7b8: Roundabout. Modern roundabouts observe various design rules to increase safety. Compared to stop signs, traffic signals, and earlier forms of roundabouts, modern roundabouts reduce the likelihood and severity of collisions greatly by reducing traffic speeds and minimizing T-bone and head-on collisions. Variations on the basic concept include integration with tram and/or train lines, two-way flow, higher speeds and many others.",0.451613,0.586957,0.793466,763,,,
asqa_04_systema,asqa_04,asqa,ASQA,asqa_119,System A,Adaptive-k,Who plays the voice of darth vader in star wars?,"In the Star Wars franchise, fictional character Darth Vader's voice is portrayed by James Earl Jones in Star Wars Episodes III–VI, IX, and Rebels. Darth Vader's vocal effects (the sound of the respirator function of Vader's mask) is voiced by Benjamin Burtt Jr. This character's voice is however portrayed by Brock Peters in the Star Wars radio series.","James Earl Jones plays the voice of Darth Vader in Star Wars. This information is consistently mentioned across multiple documents, including Document 1, Document 3, Document 5, and Document 7.","[""asqa_b981992994df3f8d"", ""asqa_fdbbed1a03e07709"", ""asqa_ec9aa3b613e17224"", ""asqa_0da859f7c53cb8dc"", ""asqa_a984717d108956b4"", ""asqa_bddf8b9bf17bec57"", ""asqa_5e014a7cf43de242"", ""asqa_3aad8707d8e501b1"", ""asqa_52276e4c216731bd"", ""asqa_1a082b4cef8b767e""]","[1] asqa_b981992994df3f8d: James Earl Jones. He became well known as the voice of Darth Vader in the original Star Wars film trilogy, released between 1977 and 1983.

[2] asqa_fdbbed1a03e07709: Darth Vader. Darth Vader is a fictional character in the Star Wars franchise...The sound of the respirator function of Vader's mask was created by Ben Burtt using modified recordings of scuba breathing apparatus used by divers.

[3] asqa_ec9aa3b613e17224: Star Wars: Episode III – Revenge of the Sith. James Earl Jones makes an uncredited cameo appearance, reprising his role from previous films as the voice of Darth Vader.

[4] asqa_0da859f7c53cb8dc: Brock Peters. He also was known for his participation in the another media franchise, Star Wars, for playing the role of Darth Vader in the original trilogy radio drama adaptations.

[5] asqa_a984717d108956b4: Darth Vader. Both Spencer Wilding and Daniel Naprous portrayed Vader in Rogue One (2016), with Jones reprising his role as the character's voice.

[6] asqa_bddf8b9bf17bec57: Ben Burtt. Burtt is notable for popularizing the Wilhelm scream in-joke and creating many of the iconic sound effects heard in the Star Wars film franchise, including the 'voice' of R2-D2, the lightsaber hum, the sound of the blaster guns, the heavy-breathing sound of Darth Vader and creating the Ewoks’ language, ewokese.

[7] asqa_5e014a7cf43de242: Darth Vader. Anakin has also been voiced by Mat Lucas for the 2003 micro-series """", and by Matt Lanter in the CGI animated film """", the and for Anakin's small roles in the animated series ""Rebels"" and ""Forces of Destiny"". James Earl Jones reprised the voice role for Vader's appearances in ""Rebels"". Both Lanter and Jones contributed their voices for the second-season finale of ""Rebels"", at times with identical dialogue spoken by both actors blended together in different ways.

[8] asqa_3aad8707d8e501b1: List of Major League Baseball All-Star Game venues Venue selection. The venue for each All-Star Game is chosen by an MLB selection committee.

[9] asqa_52276e4c216731bd: Macbeth. Macbeth (; full title The Tragedy of Macbeth) is a tragedy by William Shakespeare; it is thought to have been first performed in 1606. It dramatises the damaging physical and psychological effects of political ambition on those who seek power for its own sake. Of all the plays that Shakespeare wrote during the reign of James I, who was patron of Shakespeare's acting company, ""Macbeth"" most clearly reflects the playwright's relationship with his sovereign. It was first published in the Folio of 1623, possibly from a prompt book, and is Shakespeare's shortest tragedy.

[10] asqa_1a082b4cef8b767e: Ben Burtt. Benjamin Burtt Jr. (born July 12, 1948) is an American sound designer, film editor, director, screenwriter, and voice actor.",0.301075,0.35,0.846858,860,,,
asqa_04_systemb,asqa_04,asqa,ASQA,asqa_119,System B,Fixed Top-10,Who plays the voice of darth vader in star wars?,"In the Star Wars franchise, fictional character Darth Vader's voice is portrayed by James Earl Jones in Star Wars Episodes III–VI, IX, and Rebels. Darth Vader's vocal effects (the sound of the respirator function of Vader's mask) is voiced by Benjamin Burtt Jr. This character's voice is however portrayed by Brock Peters in the Star Wars radio series.","James Earl Jones plays the voice of Darth Vader in Star Wars. This information is consistently mentioned across multiple documents, including Document 1, Document 3, Document 5, and Document 7.","[""asqa_b981992994df3f8d"", ""asqa_fdbbed1a03e07709"", ""asqa_ec9aa3b613e17224"", ""asqa_0da859f7c53cb8dc"", ""asqa_a984717d108956b4"", ""asqa_bddf8b9bf17bec57"", ""asqa_5e014a7cf43de242"", ""asqa_3aad8707d8e501b1"", ""asqa_52276e4c216731bd"", ""asqa_1a082b4cef8b767e""]","[1] asqa_b981992994df3f8d: James Earl Jones. He became well known as the voice of Darth Vader in the original Star Wars film trilogy, released between 1977 and 1983.

[2] asqa_fdbbed1a03e07709: Darth Vader. Darth Vader is a fictional character in the Star Wars franchise...The sound of the respirator function of Vader's mask was created by Ben Burtt using modified recordings of scuba breathing apparatus used by divers.

[3] asqa_ec9aa3b613e17224: Star Wars: Episode III – Revenge of the Sith. James Earl Jones makes an uncredited cameo appearance, reprising his role from previous films as the voice of Darth Vader.

[4] asqa_0da859f7c53cb8dc: Brock Peters. He also was known for his participation in the another media franchise, Star Wars, for playing the role of Darth Vader in the original trilogy radio drama adaptations.

[5] asqa_a984717d108956b4: Darth Vader. Both Spencer Wilding and Daniel Naprous portrayed Vader in Rogue One (2016), with Jones reprising his role as the character's voice.

[6] asqa_bddf8b9bf17bec57: Ben Burtt. Burtt is notable for popularizing the Wilhelm scream in-joke and creating many of the iconic sound effects heard in the Star Wars film franchise, including the 'voice' of R2-D2, the lightsaber hum, the sound of the blaster guns, the heavy-breathing sound of Darth Vader and creating the Ewoks’ language, ewokese.

[7] asqa_5e014a7cf43de242: Darth Vader. Anakin has also been voiced by Mat Lucas for the 2003 micro-series """", and by Matt Lanter in the CGI animated film """", the and for Anakin's small roles in the animated series ""Rebels"" and ""Forces of Destiny"". James Earl Jones reprised the voice role for Vader's appearances in ""Rebels"". Both Lanter and Jones contributed their voices for the second-season finale of ""Rebels"", at times with identical dialogue spoken by both actors blended together in different ways.

[8] asqa_3aad8707d8e501b1: List of Major League Baseball All-Star Game venues Venue selection. The venue for each All-Star Game is chosen by an MLB selection committee.

[9] asqa_52276e4c216731bd: Macbeth. Macbeth (; full title The Tragedy of Macbeth) is a tragedy by William Shakespeare; it is thought to have been first performed in 1606. It dramatises the damaging physical and psychological effects of political ambition on those who seek power for its own sake. Of all the plays that Shakespeare wrote during the reign of James I, who was patron of Shakespeare's acting company, ""Macbeth"" most clearly reflects the playwright's relationship with his sovereign. It was first published in the Folio of 1623, possibly from a prompt book, and is Shakespeare's shortest tragedy.

[10] asqa_1a082b4cef8b767e: Ben Burtt. Benjamin Burtt Jr. (born July 12, 1948) is an American sound designer, film editor, director, screenwriter, and voice actor.",0.301075,0.35,0.846858,860,,,
asqa_04_systemc,asqa_04,asqa,ASQA,asqa_119,System C,TACER,Who plays the voice of darth vader in star wars?,"In the Star Wars franchise, fictional character Darth Vader's voice is portrayed by James Earl Jones in Star Wars Episodes III–VI, IX, and Rebels. Darth Vader's vocal effects (the sound of the respirator function of Vader's mask) is voiced by Benjamin Burtt Jr. This character's voice is however portrayed by Brock Peters in the Star Wars radio series.","The voice of Darth Vader in Star Wars is played by James Earl Jones. This information is found in Document 1 and supported by Document 3, which also mentions James Earl Jones as the voice of Darth Vader.","[""asqa_b981992994df3f8d"", ""asqa_fdbbed1a03e07709"", ""asqa_ec9aa3b613e17224""]","[1] asqa_b981992994df3f8d: James Earl Jones. He became well known as the voice of Darth Vader in the original Star Wars film trilogy, released between 1977 and 1983.

[2] asqa_fdbbed1a03e07709: Darth Vader. Darth Vader is a fictional character in the Star Wars franchise...The sound of the respirator function of Vader's mask was created by Ben Burtt using modified recordings of scuba breathing apparatus used by divers.

[3] asqa_ec9aa3b613e17224: Star Wars: Episode III – Revenge of the Sith. James Earl Jones makes an uncredited cameo appearance, reprising his role from previous films as the voice of Darth Vader.",0.455446,0.375,0.870055,317,,,
asqa_05_systema,asqa_05,asqa,ASQA,asqa_69,System A,Adaptive-k,Who owns green and black's organic chocolate?,"Green & Black's is a British chocolate company that was founded by Craig Sams and Josephine Fairley in 1991. The company was bought by Cadbury in 2005, and later became part of Mondelēz International.","Mondelēz International (formerly known as Kraft Foods) owns Green & Black's organic chocolate, having acquired it through its purchase of Cadbury in 2010, which had bought Green & Black's in 2005.","[""asqa_ae8a895421febd01"", ""asqa_bf4facf64deb7d3c"", ""asqa_d17c84efc5af9a52"", ""asqa_1eac651c6778aeb4"", ""asqa_dc2d42d6b2d0810f"", ""asqa_ed5e6213c8e0c3b6"", ""asqa_d618021f1aeb2c9d""]","[1] asqa_ae8a895421febd01: Green & Black's is a British chocolate company founded in 1991. The company produces a range of organic food[1] products, including: chocolate bars, ice cream, biscuits and hot chocolate. Green & Black's was bought by Cadbury in 2005, and later became part of Mondelēz International (formerly known as Kraft Foods). Green & Black's was founded in 1991 by the couple Craig Sams and Josephine Fairley, organic food pioneer and journalist respectively.

[2] asqa_bf4facf64deb7d3c: Green & Black's. Green & Black's was founded in 1991 by the couple Craig Sams and Josephine Fairley, organic food pioneer and journalist respectively.

[3] asqa_d17c84efc5af9a52: Black Mountain, North Carolina. Black Mountain is a town in Buncombe County, North Carolina, United States.

[4] asqa_1eac651c6778aeb4: Anne of Green Gables. Anne of Green Gables is a 1908 novel by Canadian author Lucy Maud Montgomery (published as L.M. Montgomery).

[5] asqa_dc2d42d6b2d0810f: Anne of Green Gables. Anne of Green Gables is a 1908 novel by Canadian author Lucy Maud Montgomery (published as L. M. Montgomery).

[6] asqa_ed5e6213c8e0c3b6: Chicago blues History. The first blues clubs in Chicago were mostly in predominantly black neighborhoods on the South Side, with a few in the smaller black neighborhoods on the West Side.

[7] asqa_d618021f1aeb2c9d: Anne of Green Gables (1985 film). Anne of Green Gables is a 1985 Canadian made-for-television drama film based on the 1908 novel of the same name by Canadian author Lucy Maud Montgomery, and is the first in a series of four films.",0.38806,0.4,0.809092,581,,,
asqa_05_systemb,asqa_05,asqa,ASQA,asqa_69,System B,TACER,Who owns green and black's organic chocolate?,"Green & Black's is a British chocolate company that was founded by Craig Sams and Josephine Fairley in 1991. The company was bought by Cadbury in 2005, and later became part of Mondelēz International.","Green & Black's organic chocolate is owned by Mondelēz International (formerly known as Kraft Foods), which acquired it after Cadbury, the company that bought Green & Black's in 2005, became part of Mondelēz International.","[""asqa_ae8a895421febd01"", ""asqa_bf4facf64deb7d3c"", ""asqa_d17c84efc5af9a52""]","[1] asqa_ae8a895421febd01: Green & Black's is a British chocolate company founded in 1991. The company produces a range of organic food[1] products, including: chocolate bars, ice cream, biscuits and hot chocolate. Green & Black's was bought by Cadbury in 2005, and later became part of Mondelēz International (formerly known as Kraft Foods). Green & Black's was founded in 1991 by the couple Craig Sams and Josephine Fairley, organic food pioneer and journalist respectively.

[2] asqa_bf4facf64deb7d3c: Green & Black's. Green & Black's was founded in 1991 by the couple Craig Sams and Josephine Fairley, organic food pioneer and journalist respectively.

[3] asqa_d17c84efc5af9a52: Black Mountain, North Carolina. Black Mountain is a town in Buncombe County, North Carolina, United States.",0.535211,0.633333,0.834688,372,,,
asqa_05_systemc,asqa_05,asqa,ASQA,asqa_69,System C,Fixed Top-10,Who owns green and black's organic chocolate?,"Green & Black's is a British chocolate company that was founded by Craig Sams and Josephine Fairley in 1991. The company was bought by Cadbury in 2005, and later became part of Mondelēz International.","Mondelēz International (formerly known as Kraft Foods) owns Green & Black's organic chocolate. This information is found in Document 1, which states that Green & Black's was bought by Cadbury in 2005 and later became part of Mondelēz International.","[""asqa_ae8a895421febd01"", ""asqa_bf4facf64deb7d3c"", ""asqa_d17c84efc5af9a52"", ""asqa_1eac651c6778aeb4"", ""asqa_dc2d42d6b2d0810f"", ""asqa_ed5e6213c8e0c3b6"", ""asqa_d618021f1aeb2c9d"", ""asqa_1a18c4cb0ba7ebdb"", ""asqa_ffbb4795c33a0c86"", ""asqa_c1b7d07836b5fe2b""]","[1] asqa_ae8a895421febd01: Green & Black's is a British chocolate company founded in 1991. The company produces a range of organic food[1] products, including: chocolate bars, ice cream, biscuits and hot chocolate. Green & Black's was bought by Cadbury in 2005, and later became part of Mondelēz International (formerly known as Kraft Foods). Green & Black's was founded in 1991 by the couple Craig Sams and Josephine Fairley, organic food pioneer and journalist respectively.

[2] asqa_bf4facf64deb7d3c: Green & Black's. Green & Black's was founded in 1991 by the couple Craig Sams and Josephine Fairley, organic food pioneer and journalist respectively.

[3] asqa_d17c84efc5af9a52: Black Mountain, North Carolina. Black Mountain is a town in Buncombe County, North Carolina, United States.

[4] asqa_1eac651c6778aeb4: Anne of Green Gables. Anne of Green Gables is a 1908 novel by Canadian author Lucy Maud Montgomery (published as L.M. Montgomery).

[5] asqa_dc2d42d6b2d0810f: Anne of Green Gables. Anne of Green Gables is a 1908 novel by Canadian author Lucy Maud Montgomery (published as L. M. Montgomery).

[6] asqa_ed5e6213c8e0c3b6: Chicago blues History. The first blues clubs in Chicago were mostly in predominantly black neighborhoods on the South Side, with a few in the smaller black neighborhoods on the West Side.

[7] asqa_d618021f1aeb2c9d: Anne of Green Gables (1985 film). Anne of Green Gables is a 1985 Canadian made-for-television drama film based on the 1908 novel of the same name by Canadian author Lucy Maud Montgomery, and is the first in a series of four films.

[8] asqa_1a18c4cb0ba7ebdb: Beorn. He appears in The Hobbit as a ""skin-changer"",[T 1] a man who could assume the form of a great black bear.

[9] asqa_ffbb4795c33a0c86: Anne of Green Gables. Set in the late 19th century, the novel recounts the adventures of Anne Shirley, an 11-year-old orphan girl, who is mistakenly sent to two middle-aged siblings, Matthew and Marilla Cuthbert, who had originally intended to adopt a boy to help them on their farm in the fictional town of Avonlea in Prince Edward Island, Canada.

[10] asqa_c1b7d07836b5fe2b: Clay Matthews III. The six-time Pro Bowl selection and two-time All-Pro played primarily with the Green Bay Packers.",0.552632,0.666667,0.819187,785,,,
asqa_06_systema,asqa_06,asqa,ASQA,asqa_83,System A,TACER,Why did the st louis cardinals move to arizona?,"On March 15, 1988, the NFL team owners voted to allow Bidwill to move the Cardinals from St. Louis to Tempe, Arizona for the 1988 NFL season due to the overall mediocrity of the Cardinals, combined with an old stadium, which caused game attendance to dwindle.","The St. Louis Cardinals (NFL) moved to Arizona due to a combination of factors, including the overall mediocrity of the team, an old stadium, and dwindling game attendance. The team's owner, Bill Bidwill, decided to relocate the team, and after considering several options, including Baltimore, Phoenix, and Jacksonville, ultimately chose to move to Tempe, Arizona in 1988. The NFL team owners voted to allow the move on March 15, 1988.","[""asqa_e94fb4e995667308"", ""asqa_7309e9cc4ec3bb8f"", ""asqa_913c240dc6fa3e87""]","[1] asqa_e94fb4e995667308: History of the St. Louis Cardinals (NFL). The professional American football team now known as the Arizona Cardinals previously played in St. Louis, Missouri as the St. Louis Cardinals from 1960 to 1987 before relocating to Tempe, Arizona in 1988.

[2] asqa_7309e9cc4ec3bb8f: History of the St. Louis Cardinals (NFL). On March 15, 1988, the NFL team owners voted to allow Bidwill to move the Cardinals from St. Louis to Tempe, Arizona for the 1988 NFL season.

[3] asqa_913c240dc6fa3e87: History of the St. Louis Cardinals (NFL). The overall mediocrity of the Cardinals, combined with an old stadium, caused game attendance to dwindle, and once again the Bidwills decided to move the team, this time to either Baltimore, Phoenix, or Jacksonville. Nonetheless, Cardinals fans were unhappy at losing their team, and Bill Bidwill, fearing for his safety, stayed away from several of the 1987 home games. Their last home game was on December 13, 1987, in which the Cardinals won 27–24 over the New York Giants in front of 29,623 fans on a late Sunday afternoon.",0.632479,0.771429,0.909601,465,,,
asqa_06_systemb,asqa_06,asqa,ASQA,asqa_83,System B,Adaptive-k,Why did the st louis cardinals move to arizona?,"On March 15, 1988, the NFL team owners voted to allow Bidwill to move the Cardinals from St. Louis to Tempe, Arizona for the 1988 NFL season due to the overall mediocrity of the Cardinals, combined with an old stadium, which caused game attendance to dwindle.","The St. Louis Cardinals moved to Arizona due to a combination of factors, including the team's overall mediocrity, an old stadium, and dwindling game attendance. The owner, Bill Bidwill, decided to move the team to Tempe, Arizona in 1988, after the NFL team owners voted to allow the relocation. The Bidwills considered moving the team to either Baltimore, Phoenix, or Jacksonville, but ultimately chose Tempe, Arizona. 

Evidence of the move and its reasons can be found in Documents 1, 2, and 3.","[""asqa_e94fb4e995667308"", ""asqa_7309e9cc4ec3bb8f"", ""asqa_913c240dc6fa3e87"", ""asqa_5de4327067a2e969"", ""asqa_c0531c8867ea6907"", ""asqa_3246fae07eb39ce4"", ""asqa_7834ad32df2b124b""]","[1] asqa_e94fb4e995667308: History of the St. Louis Cardinals (NFL). The professional American football team now known as the Arizona Cardinals previously played in St. Louis, Missouri as the St. Louis Cardinals from 1960 to 1987 before relocating to Tempe, Arizona in 1988.

[2] asqa_7309e9cc4ec3bb8f: History of the St. Louis Cardinals (NFL). On March 15, 1988, the NFL team owners voted to allow Bidwill to move the Cardinals from St. Louis to Tempe, Arizona for the 1988 NFL season.

[3] asqa_913c240dc6fa3e87: History of the St. Louis Cardinals (NFL). The overall mediocrity of the Cardinals, combined with an old stadium, caused game attendance to dwindle, and once again the Bidwills decided to move the team, this time to either Baltimore, Phoenix, or Jacksonville. Nonetheless, Cardinals fans were unhappy at losing their team, and Bill Bidwill, fearing for his safety, stayed away from several of the 1987 home games. Their last home game was on December 13, 1987, in which the Cardinals won 27–24 over the New York Giants in front of 29,623 fans on a late Sunday afternoon.

[4] asqa_5de4327067a2e969: History of the St. Louis Rams. The Rams’ new stadium was not ready for them when they initially arrived in Missouri, so they were forced to temporarily share Busch Memorial Stadium with the St. Louis Cardinals. Their first game in St. Louis against the New Orleans Saints was played on September 10, 1995 with the Rams winning 17-13. The then- Trans World Dome opened on November 12, 1995 with the home team scoring a 28–17 victory against the Carolina Panthers.

[5] asqa_c0531c8867ea6907: Bill Bidwill. William Vogel Bidwill (July 31, 1931 – October 2, 2019) was an American businessman and the owner of the Arizona Cardinals of the National Football League (NFL).

[6] asqa_3246fae07eb39ce4: Chicago Cubs. Chicago halted St. Louis' run to the playoffs by taking four of five games from the Cardinals at Wrigley Field in early September, after which they won their first division title in 14 years. They then went on to defeat the Atlanta Braves in a dramatic five-game Division Series, the franchise's first postseason series win since beating the Detroit Tigers in the 1908 World Series.

[7] asqa_7834ad32df2b124b: History of the Los Angeles Rams. The Los Angeles Rams are a professional American football team that plays and competes in the National Football League (NFL). The Rams franchise was founded in 1936 as the Cleveland Rams in the short-lived second American Football League before joining the NFL the next year. In 1946, the franchise moved to Los Angeles. The Rams franchise remained in the metro area until 1994, when they moved to St. Louis, and were known as the St. Louis Rams from 1995 to 2015. The Rams franchise returned to Los Angeles in 2016. This article chronicles the franchise's history during their time in Los Angeles, from playing at the Los Angeles Memorial Coliseum between 1946 and 1979, to playing at Anaheim Stadium (now known as Angel Stadium of Anaheim) in Anaheim from 1980 to 1994, and its return to Southern California beginning with the to season playing temporarily at their old home the Los Angeles Memorial Coliseum before moving to SoFi Stadium in Inglewood in 2020 alongside the Los Angeles Chargers.",0.496124,0.685714,0.930234,1020,,,
asqa_06_systemc,asqa_06,asqa,ASQA,asqa_83,System C,Fixed Top-10,Why did the st louis cardinals move to arizona?,"On March 15, 1988, the NFL team owners voted to allow Bidwill to move the Cardinals from St. Louis to Tempe, Arizona for the 1988 NFL season due to the overall mediocrity of the Cardinals, combined with an old stadium, which caused game attendance to dwindle.","The St. Louis Cardinals moved to Arizona due to a combination of factors, including the team's overall mediocrity, an old stadium, and dwindling game attendance. The Bidwill family, who owned the team, decided to relocate the team to Tempe, Arizona in 1988. The NFL team owners voted to allow the move on March 15, 1988. The reasons for the move were likely financial and related to the desire for a better stadium and market. The evidence suggests that the team's poor performance and old stadium led to decreased attendance, which in turn led to the decision to relocate the team.","[""asqa_e94fb4e995667308"", ""asqa_7309e9cc4ec3bb8f"", ""asqa_913c240dc6fa3e87"", ""asqa_5de4327067a2e969"", ""asqa_c0531c8867ea6907"", ""asqa_3246fae07eb39ce4"", ""asqa_7834ad32df2b124b"", ""asqa_8dd78c6ba582f5b8"", ""asqa_21f710cbfa9b27c4"", ""asqa_f607159d9ac2567b""]","[1] asqa_e94fb4e995667308: History of the St. Louis Cardinals (NFL). The professional American football team now known as the Arizona Cardinals previously played in St. Louis, Missouri as the St. Louis Cardinals from 1960 to 1987 before relocating to Tempe, Arizona in 1988.

[2] asqa_7309e9cc4ec3bb8f: History of the St. Louis Cardinals (NFL). On March 15, 1988, the NFL team owners voted to allow Bidwill to move the Cardinals from St. Louis to Tempe, Arizona for the 1988 NFL season.

[3] asqa_913c240dc6fa3e87: History of the St. Louis Cardinals (NFL). The overall mediocrity of the Cardinals, combined with an old stadium, caused game attendance to dwindle, and once again the Bidwills decided to move the team, this time to either Baltimore, Phoenix, or Jacksonville. Nonetheless, Cardinals fans were unhappy at losing their team, and Bill Bidwill, fearing for his safety, stayed away from several of the 1987 home games. Their last home game was on December 13, 1987, in which the Cardinals won 27–24 over the New York Giants in front of 29,623 fans on a late Sunday afternoon.

[4] asqa_5de4327067a2e969: History of the St. Louis Rams. The Rams’ new stadium was not ready for them when they initially arrived in Missouri, so they were forced to temporarily share Busch Memorial Stadium with the St. Louis Cardinals. Their first game in St. Louis against the New Orleans Saints was played on September 10, 1995 with the Rams winning 17-13. The then- Trans World Dome opened on November 12, 1995 with the home team scoring a 28–17 victory against the Carolina Panthers.

[5] asqa_c0531c8867ea6907: Bill Bidwill. William Vogel Bidwill (July 31, 1931 – October 2, 2019) was an American businessman and the owner of the Arizona Cardinals of the National Football League (NFL).

[6] asqa_3246fae07eb39ce4: Chicago Cubs. Chicago halted St. Louis' run to the playoffs by taking four of five games from the Cardinals at Wrigley Field in early September, after which they won their first division title in 14 years. They then went on to defeat the Atlanta Braves in a dramatic five-game Division Series, the franchise's first postseason series win since beating the Detroit Tigers in the 1908 World Series.

[7] asqa_7834ad32df2b124b: History of the Los Angeles Rams. The Los Angeles Rams are a professional American football team that plays and competes in the National Football League (NFL). The Rams franchise was founded in 1936 as the Cleveland Rams in the short-lived second American Football League before joining the NFL the next year. In 1946, the franchise moved to Los Angeles. The Rams franchise remained in the metro area until 1994, when they moved to St. Louis, and were known as the St. Louis Rams from 1995 to 2015. The Rams franchise returned to Los Angeles in 2016. This article chronicles the franchise's history during their time in Los Angeles, from playing at the Los Angeles Memorial Coliseum between 1946 and 1979, to playing at Anaheim Stadium (now known as Angel Stadium of Anaheim) in Anaheim from 1980 to 1994, and its return to Southern California beginning with the to season playing temporarily at their old home the Los Angeles Memorial Coliseum before moving to SoFi Stadium in Inglewood in 2020 alongside the Los Angeles Chargers.

[8] asqa_8dd78c6ba582f5b8: List of World Series champions. A total of 115 Series have been contested, with the AL champion winning 66 and the NL champion winning 49. The New York Yankees of the AL have played in 40 World Series through 2019, winning 27 — the most championship appearances and most victories by any team in the four major North American professional sports leagues. The Los Angeles Dodgers of the NL have the most losses with 14, while the Yankees have the most losses among AL teams with 13. The St. Louis Cardinals have won 11 championships, the most championships among NL clubs and second-most all-time behind the Yankees, and have made 19 total appearances, third-most among NL clubs. Both the Giants and the Los Angeles Dodgers have represented the NL in more World Series, with 20 each.

[9] asqa_21f710cbfa9b27c4: Dancing with the Stars (American season 21). On August 19, 2015, nine professional dancers were revealed during ""Good Morning America"". Karina Smirnoff, who did not appear in season 20 returned for season 21. Anna Trebunskaya and Louis van Amstel would be returning after a five-season hiatus. Additionally, Lindsay Arnold would also be returning after spending the last four seasons in the troupe. While Peta Murgatroyd (who was to be paired with Andy Grammer) was originally announced as a professional, was sidelined for the season by an ankle injury, Allison Holker replaced her spot in the cast; Artem Chigvintsev and Kym Johnson also did not return. Bindi Irwin was the first celebrity revealed on August 24, on ""GMA""; other celebrities were revealed at different dates through different media. The full cast of celebrities and professional dancers was revealed on September 2, 2015, on ""GMA.""

[10] asqa_f607159d9ac2567b: Pilgrims (Plymouth Colony). Weston did come with a substantial change, telling the Leiden group that parties in England had obtained a land grant north of the existing Virginia territory to be called New England. This was only partially true; the new grant did come to pass, but not until late in 1620 when the Plymouth Council for New England received its charter. It was expected that this area could be fished profitably, and it was not under the control of the existing Virginia government.",0.513514,0.828571,0.921024,1563,,,
asqa_07_systema,asqa_07,asqa,ASQA,asqa_126,System A,Fixed Top-10,Who wrote the song forever and ever amen?,"""Forever and Ever, Amen"" is a 1987 song written by Mississippi native Paul Overstreet and American country music songwriter Don Schlitz.","The song ""Forever and Ever, Amen"" was written by Paul Overstreet and Don Schlitz. This information is provided in both Document 1 and Document 2.","[""asqa_54eee0bac584b2bb"", ""asqa_f0d49d794dee7830"", ""asqa_c20e08eb6b0b1eed"", ""asqa_c65e68ed3bb5180c"", ""asqa_434fe7b14d416c75"", ""asqa_45ac22bcdce3ceeb"", ""asqa_e8163da258da2386"", ""asqa_e7b199827aba594e"", ""asqa_a806e981d8686f2d"", ""asqa_2428305a8ccbd5d0""]","[1] asqa_54eee0bac584b2bb: Forever and Ever, Amen. ""Forever and Ever, Amen"" is a song written by Paul Overstreet and Don Schlitz, and recorded by American country music artist Randy Travis. It was released in March 1987 as the first single from the album Always & Forever and became Travis's third No. 1 single on the U.S. Billboard Hot Country Singles charts.

[2] asqa_f0d49d794dee7830: Forever and Ever, Amen. ""Forever and Ever, Amen"" is a song written by Paul Overstreet and Don Schlitz, and recorded by American country music artist Randy Travis. It was released in March 1987 as the first single from the album Always & Forever and became Travis's third No. 1 single on the U.S. Billboard Hot Country Singles charts.[1]

[3] asqa_c20e08eb6b0b1eed: Sarah Knauss. She is the oldest person ever from the United States and the second-oldest fully documented person ever.

[4] asqa_c65e68ed3bb5180c: How to Train Your Dragon (film). Additionally, Icelandic singer Jónsi wrote and performed the song ""Sticks & Stones"" for the film.

[5] asqa_434fe7b14d416c75: I'll Be Home for Christmas. The song was written by the lyricist Kim Gannon and composer Walter Kent. Songwriter and later producer and manager for The Platters, Buck Ram, who said he previously wrote a poem and song with the same title, was credited as a co-writer of the song following a lawsuit brought by Ram's publisher, Mills Music. Bing Crosby's original 1943 release of the song on Decca Records listed only Walter Kent and Kim Gannon as the songwriters on the record label. Later pressings added the name of Buck Ram to the songwriting credit.

[6] asqa_45ac22bcdce3ceeb: Paschal candle. At the opening of the Easter Vigil a ""new fire"" is lit and blessed. The minister will trace the symbols (mentioned above) on the Paschal candle, saying words similar to: ""Christ, yesterday and today, the beginning and the end, the Alpha and Omega. To Him belongs all time and all the ages; all glory and dominion is his now and forever. Amen."" They then insert five grains of incense (reminiscent of the nails used to fasten Christ on the Cross) on the five points of the cross , saying: ""By His holy and glorious wounds may Christ our Lord guard and keep us.""

[7] asqa_e8163da258da2386: Legs (song). ""Legs"" is a song performed by the band ZZ Top from their 1983 album Eliminator. The song was released as a single in 1984 and reached number eight on the Billboard Hot 100 in the United States (their highest charting single on the chart).

[8] asqa_e7b199827aba594e: Keep Your Head Up (Andy Grammer song). The song was first released February 24, 2011 as the album's lead single.

[9] asqa_a806e981d8686f2d: Sound of Silence (Dami Im song). ""Sound of Silence"" is a song performed by Australian recording artist Dami Im. Written by Anthony Egizii and David Musumeci of DNA Songs, it is best known as Australia's entry at the Eurovision Song Contest 2016 which was held in Stockholm, Sweden, where it finished 2nd, receiving a total of 511 points. The song also won the Marcel Bezençon Award in the composer category. The song was leaked on 10 March 2016, one day before its initial release date. It is Dami Im's fourth Australian top 20 hit and worldwide, it reached the top 40 in more than six countries after the Eurovision Song Contest 2016 Final.

[10] asqa_2428305a8ccbd5d0: Legs (song). ""Legs"" is a song performed by the band ZZ Top from their 1983 album Eliminator.",0.565217,0.6,0.894794,1031,,,
asqa_07_systemb,asqa_07,asqa,ASQA,asqa_126,System B,TACER,Who wrote the song forever and ever amen?,"""Forever and Ever, Amen"" is a 1987 song written by Mississippi native Paul Overstreet and American country music songwriter Don Schlitz.","The song ""Forever and Ever, Amen"" was written by Paul Overstreet and Don Schlitz.","[""asqa_54eee0bac584b2bb"", ""asqa_f0d49d794dee7830"", ""asqa_c20e08eb6b0b1eed""]","[1] asqa_54eee0bac584b2bb: Forever and Ever, Amen. ""Forever and Ever, Amen"" is a song written by Paul Overstreet and Don Schlitz, and recorded by American country music artist Randy Travis. It was released in March 1987 as the first single from the album Always & Forever and became Travis's third No. 1 single on the U.S. Billboard Hot Country Singles charts.

[2] asqa_f0d49d794dee7830: Forever and Ever, Amen. ""Forever and Ever, Amen"" is a song written by Paul Overstreet and Don Schlitz, and recorded by American country music artist Randy Travis. It was released in March 1987 as the first single from the album Always & Forever and became Travis's third No. 1 single on the U.S. Billboard Hot Country Singles charts.[1]

[3] asqa_c20e08eb6b0b1eed: Sarah Knauss. She is the oldest person ever from the United States and the second-oldest fully documented person ever.",0.685714,0.55,0.895326,349,,,
asqa_07_systemc,asqa_07,asqa,ASQA,asqa_126,System C,Adaptive-k,Who wrote the song forever and ever amen?,"""Forever and Ever, Amen"" is a 1987 song written by Mississippi native Paul Overstreet and American country music songwriter Don Schlitz.","The song ""Forever and Ever, Amen"" was written by Paul Overstreet and Don Schlitz. This information is provided in both Document 1 and Document 2.","[""asqa_54eee0bac584b2bb"", ""asqa_f0d49d794dee7830"", ""asqa_c20e08eb6b0b1eed"", ""asqa_c65e68ed3bb5180c"", ""asqa_434fe7b14d416c75"", ""asqa_45ac22bcdce3ceeb"", ""asqa_e8163da258da2386""]","[1] asqa_54eee0bac584b2bb: Forever and Ever, Amen. ""Forever and Ever, Amen"" is a song written by Paul Overstreet and Don Schlitz, and recorded by American country music artist Randy Travis. It was released in March 1987 as the first single from the album Always & Forever and became Travis's third No. 1 single on the U.S. Billboard Hot Country Singles charts.

[2] asqa_f0d49d794dee7830: Forever and Ever, Amen. ""Forever and Ever, Amen"" is a song written by Paul Overstreet and Don Schlitz, and recorded by American country music artist Randy Travis. It was released in March 1987 as the first single from the album Always & Forever and became Travis's third No. 1 single on the U.S. Billboard Hot Country Singles charts.[1]

[3] asqa_c20e08eb6b0b1eed: Sarah Knauss. She is the oldest person ever from the United States and the second-oldest fully documented person ever.

[4] asqa_c65e68ed3bb5180c: How to Train Your Dragon (film). Additionally, Icelandic singer Jónsi wrote and performed the song ""Sticks & Stones"" for the film.

[5] asqa_434fe7b14d416c75: I'll Be Home for Christmas. The song was written by the lyricist Kim Gannon and composer Walter Kent. Songwriter and later producer and manager for The Platters, Buck Ram, who said he previously wrote a poem and song with the same title, was credited as a co-writer of the song following a lawsuit brought by Ram's publisher, Mills Music. Bing Crosby's original 1943 release of the song on Decca Records listed only Walter Kent and Kim Gannon as the songwriters on the record label. Later pressings added the name of Buck Ram to the songwriting credit.

[6] asqa_45ac22bcdce3ceeb: Paschal candle. At the opening of the Easter Vigil a ""new fire"" is lit and blessed. The minister will trace the symbols (mentioned above) on the Paschal candle, saying words similar to: ""Christ, yesterday and today, the beginning and the end, the Alpha and Omega. To Him belongs all time and all the ages; all glory and dominion is his now and forever. Amen."" They then insert five grains of incense (reminiscent of the nails used to fasten Christ on the Cross) on the five points of the cross , saying: ""By His holy and glorious wounds may Christ our Lord guard and keep us.""

[7] asqa_e8163da258da2386: Legs (song). ""Legs"" is a song performed by the band ZZ Top from their 1983 album Eliminator. The song was released as a single in 1984 and reached number eight on the Billboard Hot 100 in the United States (their highest charting single on the chart).",0.565217,0.6,0.894794,769,,,
asqa_08_systema,asqa_08,asqa,ASQA,asqa_147,System A,Fixed Top-10,Age 21 became the uniform legal drinking age across the us in?,"On July 17, 1984, the United States Congress passed the National Minimum Drinking Age Act, which required states to raise their ages for purchase and public possession of alcoholic beverages to 21 by October 1986 or lose 10% of their federal highway funds.","The evidence is insufficient to provide a specific year when age 21 became the uniform legal drinking age across the US. However, according to Document 3, Congress passed the National Minimum Drinking Age Act in 1984, which required states to raise their ages for purchase and public possession to 21 by October 1986. This suggests that age 21 became the uniform legal drinking age across the US by October 1986, but the exact date is not specified.","[""asqa_0fd9eb4f891e619c"", ""asqa_d26210ac589f2052"", ""asqa_d31cc91a40fa2922"", ""asqa_760b94fc2e9e120b"", ""asqa_11e5571b82372557"", ""asqa_6234ff42e42d7b26"", ""asqa_d2b21af4eb77129e"", ""asqa_9e77fbf4aff9a6fb"", ""asqa_d0396251001ab4ba"", ""asqa_6bdc5b4dbf8d56d7""]","[1] asqa_0fd9eb4f891e619c: National Minimum Drinking Age Act. The National Minimum Drinking Age Act of 1984 (23 U.S.C. § 158) was passed by the United States Congress and was later signed into law by President Ronald Reagan on July 17, 1984.

[2] asqa_d26210ac589f2052: National Minimum Drinking Age Act. The National Minimum Drinking Age Act of 1984 (23 U.S.C. § 158) was passed by the United States Congress and was later signed into law by President Ronald Reagan on July 17, 1984.[1][2][3]

[3] asqa_d31cc91a40fa2922: U.S. history of alcohol minimum purchase age by state. In 1984, Congress passed the National Minimum Drinking Age Act, which required states to raise their ages for purchase and public possession to 21 by October 1986 or lose 10% of their federal highway funds.

[4] asqa_760b94fc2e9e120b: National Minimum Drinking Age Act. The act would punish any state that allowed persons under 21 years to purchase alcoholic beverages by reducing its annual federal highway apportionment by 10 percent.

[5] asqa_11e5571b82372557: Academy Award for Best Actor. At age 29, Adrien Brody became the youngest actor to win this award for The Pianist (2002), while Anthony Hopkins, at age 83, became the oldest winner for The Father (2020). As of the 93rd Academy Awards, Hopkins is the most recent winner in this category for his portrayal of Anthony in The Father.

[6] asqa_6234ff42e42d7b26: List of the verified oldest people. The oldest person ever whose age has been independently verified is Jeanne Calment (1875–1997) of France, who lived to the age of 122 years, 164 days.

[7] asqa_d2b21af4eb77129e: List of German supercentenarians. German supercentenarians are citizens, residents or emigrants from Germany who have attained or surpassed 110 years of age. , the Gerontology Research Group (GRG) had validated the longevity claims of 59 German supercentenarians, including 49 residents and 10 emigrants. There are currently at least 5 Germans known to be alive over age 110, including 1 emigrant. The oldest German is emigrant Louise Schaaf, born 16 October 1906, aged living in Illinois, United States. Augusta Holtz, an emigrant to the United States, was the oldest German citizen whose age was validated; she lived 115 years and 79 days, from 1871 to 1986.

[8] asqa_9e77fbf4aff9a6fb: Supercentenarian. A supercentenarian (sometimes hyphenated as super-centenarian) is someone who has reached the age of 110.

[9] asqa_d0396251001ab4ba: Oldest people. The longest human lifespan which is undisputed is that of Sarah Knauss of the United States (1880–1999), who lived to age 119 years, 97 days.

[10] asqa_6bdc5b4dbf8d56d7: Jeanne Calment. Jeanne Louise Calment (French: [ʒan lwiz kalmɑ̃] (About this soundlisten); 21 February 1875 – 4 August 1997) was a French supercentenarian and the oldest human whose age is well-documented, with a lifespan of 122 years and 164 days.",0.45,0.657895,0.848418,1006,,,
asqa_08_systemb,asqa_08,asqa,ASQA,asqa_147,System B,TACER,Age 21 became the uniform legal drinking age across the us in?,"On July 17, 1984, the United States Congress passed the National Minimum Drinking Age Act, which required states to raise their ages for purchase and public possession of alcoholic beverages to 21 by October 1986 or lose 10% of their federal highway funds.","Age 21 became the uniform legal drinking age across the US in 1986, as required by the National Minimum Drinking Age Act of 1984, which mandated states to raise their drinking age to 21 by October 1986.","[""asqa_0fd9eb4f891e619c"", ""asqa_d26210ac589f2052"", ""asqa_d31cc91a40fa2922""]","[1] asqa_0fd9eb4f891e619c: National Minimum Drinking Age Act. The National Minimum Drinking Age Act of 1984 (23 U.S.C. § 158) was passed by the United States Congress and was later signed into law by President Ronald Reagan on July 17, 1984.

[2] asqa_d26210ac589f2052: National Minimum Drinking Age Act. The National Minimum Drinking Age Act of 1984 (23 U.S.C. § 158) was passed by the United States Congress and was later signed into law by President Ronald Reagan on July 17, 1984.[1][2][3]

[3] asqa_d31cc91a40fa2922: U.S. history of alcohol minimum purchase age by state. In 1984, Congress passed the National Minimum Drinking Age Act, which required states to raise their ages for purchase and public possession to 21 by October 1986 or lose 10% of their federal highway funds.",0.5,0.473684,0.838399,817,,,
asqa_08_systemc,asqa_08,asqa,ASQA,asqa_147,System C,Adaptive-k,Age 21 became the uniform legal drinking age across the us in?,"On July 17, 1984, the United States Congress passed the National Minimum Drinking Age Act, which required states to raise their ages for purchase and public possession of alcoholic beverages to 21 by October 1986 or lose 10% of their federal highway funds.","The evidence is insufficient to provide a specific year when age 21 became the uniform legal drinking age across the US. Although the documents mention the National Minimum Drinking Age Act of 1984, which required states to raise their drinking age to 21, they specify that states had to comply by October 1986 or face a reduction in federal highway funds. Therefore, it can be inferred that age 21 became the uniform legal drinking age across the US by October 1986, but the exact date is not provided.","[""asqa_0fd9eb4f891e619c"", ""asqa_d26210ac589f2052"", ""asqa_d31cc91a40fa2922"", ""asqa_760b94fc2e9e120b"", ""asqa_11e5571b82372557"", ""asqa_6234ff42e42d7b26"", ""asqa_d2b21af4eb77129e"", ""asqa_9e77fbf4aff9a6fb"", ""asqa_d0396251001ab4ba"", ""asqa_6bdc5b4dbf8d56d7""]","[1] asqa_0fd9eb4f891e619c: National Minimum Drinking Age Act. The National Minimum Drinking Age Act of 1984 (23 U.S.C. § 158) was passed by the United States Congress and was later signed into law by President Ronald Reagan on July 17, 1984.

[2] asqa_d26210ac589f2052: National Minimum Drinking Age Act. The National Minimum Drinking Age Act of 1984 (23 U.S.C. § 158) was passed by the United States Congress and was later signed into law by President Ronald Reagan on July 17, 1984.[1][2][3]

[3] asqa_d31cc91a40fa2922: U.S. history of alcohol minimum purchase age by state. In 1984, Congress passed the National Minimum Drinking Age Act, which required states to raise their ages for purchase and public possession to 21 by October 1986 or lose 10% of their federal highway funds.

[4] asqa_760b94fc2e9e120b: National Minimum Drinking Age Act. The act would punish any state that allowed persons under 21 years to purchase alcoholic beverages by reducing its annual federal highway apportionment by 10 percent.

[5] asqa_11e5571b82372557: Academy Award for Best Actor. At age 29, Adrien Brody became the youngest actor to win this award for The Pianist (2002), while Anthony Hopkins, at age 83, became the oldest winner for The Father (2020). As of the 93rd Academy Awards, Hopkins is the most recent winner in this category for his portrayal of Anthony in The Father.

[6] asqa_6234ff42e42d7b26: List of the verified oldest people. The oldest person ever whose age has been independently verified is Jeanne Calment (1875–1997) of France, who lived to the age of 122 years, 164 days.

[7] asqa_d2b21af4eb77129e: List of German supercentenarians. German supercentenarians are citizens, residents or emigrants from Germany who have attained or surpassed 110 years of age. , the Gerontology Research Group (GRG) had validated the longevity claims of 59 German supercentenarians, including 49 residents and 10 emigrants. There are currently at least 5 Germans known to be alive over age 110, including 1 emigrant. The oldest German is emigrant Louise Schaaf, born 16 October 1906, aged living in Illinois, United States. Augusta Holtz, an emigrant to the United States, was the oldest German citizen whose age was validated; she lived 115 years and 79 days, from 1871 to 1986.

[8] asqa_9e77fbf4aff9a6fb: Supercentenarian. A supercentenarian (sometimes hyphenated as super-centenarian) is someone who has reached the age of 110.

[9] asqa_d0396251001ab4ba: Oldest people. The longest human lifespan which is undisputed is that of Sarah Knauss of the United States (1880–1999), who lived to age 119 years, 97 days.

[10] asqa_6bdc5b4dbf8d56d7: Jeanne Calment. Jeanne Louise Calment (French: [ʒan lwiz kalmɑ̃] (About this soundlisten); 21 February 1875 – 4 August 1997) was a French supercentenarian and the oldest human whose age is well-documented, with a lifespan of 122 years and 164 days.",0.381679,0.578947,0.826361,1016,,,
asqa_09_systema,asqa_09,asqa,ASQA,asqa_68,System A,Fixed Top-10,Who opened the gate in the prison walking dead?,"Outside the prison, an unidentified individual lures a group of walkers towards the prison, breaking open the front gate's lock to allow them inside. There, they find Andrew (Markice Moore), whom Rick had left for dead, as the instigator. Andrew is about to kill Rick when Oscar shoots him, and then turns the gun over to Rick. They stop the generator and disable the alarm.","The evidence is insufficient to determine who specifically opened the gate in the prison in The Walking Dead, as the documents only mention that an ""unidentified individual"" lured a group of walkers towards the prison and broke open the front gate's lock. However, Document 6 provides a hint that the identity of the mysterious figure might be related to Andrew, but it does not provide conclusive evidence.","[""asqa_08795677a25e375f"", ""asqa_984366c32d5aef83"", ""asqa_ebe076ef4913222b"", ""asqa_21c2f3867bf9759e"", ""asqa_27a0ccead6d1e3ec"", ""asqa_754f455f05909847"", ""asqa_5e30bbb667c6fb4f"", ""asqa_dc171a402f9bf83d"", ""asqa_0d64408cee645e9c"", ""asqa_a1e14d5756deb022""]","[1] asqa_08795677a25e375f: Killer Within. Outside the prison, an unidentified individual lures a group of walkers towards the prison, breaking open the front gate's lock to allow them inside.

[2] asqa_984366c32d5aef83: Killer Within. ""Killer Within"" is the fourth episode of the third season of the postapocalyptic horror television series The Walking Dead.

[3] asqa_ebe076ef4913222b: Day of the Dead. The Day of the Dead (Spanish: Día de Muertos or Día de los Muertos)[1][2] is a Mexican holiday celebrated in Mexico and elsewhere associated with the Catholic celebrations of All Saints' Day and All Souls' Day, and is held on November 1 and 2...These flowers are thought to attract souls of the dead to the offerings.

[4] asqa_21c2f3867bf9759e: Capital punishment in the United Kingdom Last executions. England and in the United Kingdom: on 13 August 1964, Peter Anthony Allen, at Walton Prison in Liverpool, and Gwynne Owen Evans, at Strangeways Prison in Manchester, were executed for the murder of John Alan West on 7 April that year.

[5] asqa_27a0ccead6d1e3ec: Hanging. The last woman to be hanged was Ruth Ellis on 13 July 1955, by Albert Pierrepoint who was a prominent hangman in the 20th century in England. The last hanging in Britain took place in 1964, when Peter Anthony Allen, at Walton Prison in Liverpool, and Gwynne Owen Evans, at Strangeways Prison in Manchester were executed for the murder of John Alan West.

[6] asqa_754f455f05909847: The Prisoners (The Walking Dead). Zack Handlen, writing for ""The A.V. Club"", wrote that ""things become sort of uncomfortable"" in the scene in ""Sick"" where Rick chases Andrew into a courtyard full of zombies and locks the door, noting that while Rick does not actually kill Andrew, ""it's a cold, cruel move, and it indicates a growing chill in Rick's character"". Lesley Goldberg of ""The Hollywood Reporter"" noted that in ""Killer Within"", Rick's decision to lock Andrew out ""amid a sea of walkers came back to bite the group in a major way"". Glen Mazzara felt that this decision would haunt Rick, as Rick ""believed he was committing an act of murder to save the group and that murder led to deaths within his own group and forced his own son to put down his mother"". ""Los Angeles Times"" columnist Laura Hudson considered the identity of the mysterious figure breaking open the lock on the prison gates to be ""not that much of a ""mystery"" if you consider how many black guys there are running around outside the prison with vendettas against Rick (note: one)"". Ted Pigeon of"" Slant Magazine"" described the episode's opening sequence: ""With its dreamlike, foggy setting and a conspicuously waist-down perspective of the saboteur, a peculiar sense of disconnect underlines the implications of what's being depicted. The scene ends with a single close-up of a heart placed on the cold cement. It's a foreboding image that gains magnitude as ""Killer Within"" gives way to a sudden strike of tragedy. Moreover, the pre-credit sequence lends insight into how the episode amounts to a particularly poignant, if also problematic, entry in the show's run."" Pigeon also notes that the opening segments of the episode ""establish the origins for the ensuing chaos while going to painstaking lengths to conceal the identity of the man that caused it"". HitFix writer Alan Sepinwall commented on Andrew's sabotage of the prison: ""on the one hand, it helps justify Rick's decision to chase after the little guy in the first place. On the other, it seemed like an overly-elaborate plan from someone who probably would have been better off just leaving once he managed to get the gate open."" Bex Schwartz wrote in her revi ...

[7] asqa_5e30bbb667c6fb4f: Fiddler on the Roof. The original Broadway production of the show, which opened in 1964, had the first musical theatre run in history to surpass 3,000 performances.

[8] asqa_dc171a402f9bf83d: The Prisoners (The Walking Dead). Andrew was portrayed by actor and rapper Markice Moore. He had originally auditioned for the pilot episode for the role of T-Dog, which went to IronE Singleton. Moore was later cast on season 3 as Andrew through his agency: ""Production was very hush hush about season 3 so I didn't even know I booked it officially until a week before shooting. I was elated; I couldn't believe it when my manager, Gail Tassell called to tell me the good news. I'm a huge fan of the show, it's my favorite show on TV, so yes it was a dream come true."" Per Glen Mazzara, ""Andrew is really Tomas' right-hand man. These guys are really the ones who have been intimidating Axel and Oscar.""

[9] asqa_0d64408cee645e9c: Ben Rector. ""The Walking in Between"" was released on August 20, 2013. It was partly produced by Jamie Kenney and Charlie Peacock and partially self-produced. It is the first release on Rector's own Aptly Named Recordings label. The album debuted at No. 16 on the ""Billboard"" 200 chart.

[10] asqa_a1e14d5756deb022: Bellagio (resort). Bellagio opened on October 15, 1998, just before 11 pm, in a ceremony that was reported to cost US$88 million.",0.432836,0.403846,0.648664,1565,,,
asqa_09_systemb,asqa_09,asqa,ASQA,asqa_68,System B,Adaptive-k,Who opened the gate in the prison walking dead?,"Outside the prison, an unidentified individual lures a group of walkers towards the prison, breaking open the front gate's lock to allow them inside. There, they find Andrew (Markice Moore), whom Rick had left for dead, as the instigator. Andrew is about to kill Rick when Oscar shoots him, and then turns the gun over to Rick. They stop the generator and disable the alarm.","The evidence is insufficient to determine who opened the gate in the prison in The Walking Dead. While Document 1 mentions that ""an unidentified individual"" broke open the front gate's lock, and Document 6 discusses the scene and its implications, the identity of this individual is not explicitly stated in the provided documents.","[""asqa_08795677a25e375f"", ""asqa_984366c32d5aef83"", ""asqa_ebe076ef4913222b"", ""asqa_21c2f3867bf9759e"", ""asqa_27a0ccead6d1e3ec"", ""asqa_754f455f05909847""]","[1] asqa_08795677a25e375f: Killer Within. Outside the prison, an unidentified individual lures a group of walkers towards the prison, breaking open the front gate's lock to allow them inside.

[2] asqa_984366c32d5aef83: Killer Within. ""Killer Within"" is the fourth episode of the third season of the postapocalyptic horror television series The Walking Dead.

[3] asqa_ebe076ef4913222b: Day of the Dead. The Day of the Dead (Spanish: Día de Muertos or Día de los Muertos)[1][2] is a Mexican holiday celebrated in Mexico and elsewhere associated with the Catholic celebrations of All Saints' Day and All Souls' Day, and is held on November 1 and 2...These flowers are thought to attract souls of the dead to the offerings.

[4] asqa_21c2f3867bf9759e: Capital punishment in the United Kingdom Last executions. England and in the United Kingdom: on 13 August 1964, Peter Anthony Allen, at Walton Prison in Liverpool, and Gwynne Owen Evans, at Strangeways Prison in Manchester, were executed for the murder of John Alan West on 7 April that year.

[5] asqa_27a0ccead6d1e3ec: Hanging. The last woman to be hanged was Ruth Ellis on 13 July 1955, by Albert Pierrepoint who was a prominent hangman in the 20th century in England. The last hanging in Britain took place in 1964, when Peter Anthony Allen, at Walton Prison in Liverpool, and Gwynne Owen Evans, at Strangeways Prison in Manchester were executed for the murder of John Alan West.

[6] asqa_754f455f05909847: The Prisoners (The Walking Dead). Zack Handlen, writing for ""The A.V. Club"", wrote that ""things become sort of uncomfortable"" in the scene in ""Sick"" where Rick chases Andrew into a courtyard full of zombies and locks the door, noting that while Rick does not actually kill Andrew, ""it's a cold, cruel move, and it indicates a growing chill in Rick's character"". Lesley Goldberg of ""The Hollywood Reporter"" noted that in ""Killer Within"", Rick's decision to lock Andrew out ""amid a sea of walkers came back to bite the group in a major way"". Glen Mazzara felt that this decision would haunt Rick, as Rick ""believed he was committing an act of murder to save the group and that murder led to deaths within his own group and forced his own son to put down his mother"". ""Los Angeles Times"" columnist Laura Hudson considered the identity of the mysterious figure breaking open the lock on the prison gates to be ""not that much of a ""mystery"" if you consider how many black guys there are running around outside the prison with vendettas against Rick (note: one)"". Ted Pigeon of"" Slant Magazine"" described the episode's opening sequence: ""With its dreamlike, foggy setting and a conspicuously waist-down perspective of the saboteur, a peculiar sense of disconnect underlines the implications of what's being depicted. The scene ends with a single close-up of a heart placed on the cold cement. It's a foreboding image that gains magnitude as ""Killer Within"" gives way to a sudden strike of tragedy. Moreover, the pre-credit sequence lends insight into how the episode amounts to a particularly poignant, if also problematic, entry in the show's run."" Pigeon also notes that the opening segments of the episode ""establish the origins for the ensuing chaos while going to painstaking lengths to conceal the identity of the man that caused it"". HitFix writer Alan Sepinwall commented on Andrew's sabotage of the prison: ""on the one hand, it helps justify Rick's decision to chase after the little guy in the first place. On the other, it seemed like an overly-elaborate plan from someone who probably would have been better off just leaving once he managed to get the gate open."" Bex Schwartz wrote in her revi ...",0.366667,0.288462,0.570504,1160,,,
asqa_09_systemc,asqa_09,asqa,ASQA,asqa_68,System C,TACER,Who opened the gate in the prison walking dead?,"Outside the prison, an unidentified individual lures a group of walkers towards the prison, breaking open the front gate's lock to allow them inside. There, they find Andrew (Markice Moore), whom Rick had left for dead, as the instigator. Andrew is about to kill Rick when Oscar shoots him, and then turns the gun over to Rick. They stop the generator and disable the alarm.","The evidence is insufficient to determine who opened the gate in the prison. The documents mention that an ""unidentified individual"" lures a group of walkers towards the prison and breaks open the front gate's lock, but they do not provide enough information to reveal the identity of this individual.","[""asqa_08795677a25e375f"", ""asqa_984366c32d5aef83"", ""asqa_ebe076ef4913222b""]","[1] asqa_08795677a25e375f: Killer Within. Outside the prison, an unidentified individual lures a group of walkers towards the prison, breaking open the front gate's lock to allow them inside.

[2] asqa_984366c32d5aef83: Killer Within. ""Killer Within"" is the fourth episode of the third season of the postapocalyptic horror television series The Walking Dead.

[3] asqa_ebe076ef4913222b: Day of the Dead. The Day of the Dead (Spanish: Día de Muertos or Día de los Muertos)[1][2] is a Mexican holiday celebrated in Mexico and elsewhere associated with the Catholic celebrations of All Saints' Day and All Souls' Day, and is held on November 1 and 2...These flowers are thought to attract souls of the dead to the offerings.",0.482759,0.384615,0.555285,357,,,
asqa_10_systema,asqa_10,asqa,ASQA,asqa_128,System A,Adaptive-k,Where was in the dark tv series filmed?,"The American version of the crime drama television series Dark tv was filmed in Toronto and Cambridge in Ontario, Canada. The British In the Dark tv series was filmed in April 2017 in Manchester and Marsden.","The British TV series ""In the Dark"" was filmed in Manchester and Marsden, as stated in Documents 1 and 3. However, it's unclear which ""In the Dark"" TV series is being referred to in the question, as Document 4 mentions an American TV series with the same name. Assuming the question is referring to the British TV series, the answer is Manchester and Marsden. If the question is referring to the American TV series, the evidence is insufficient.","[""asqa_d09856deced766c7"", ""asqa_8460accf047949ae"", ""asqa_f456d2823514fbda"", ""asqa_a08658011f7037ac"", ""asqa_18298de74ae8d7e4"", ""asqa_b44ecf370c0d9e76"", ""asqa_fc8bddc11b8565cd"", ""asqa_0b1a18bd0108eb48"", ""asqa_a51a26a032062de9""]","[1] asqa_d09856deced766c7: In the Dark (British TV series). Filming for the series began in April 2017 in Manchester and Marsden.

[2] asqa_8460accf047949ae: In the Dark (British TV series). In the Dark is a four-part British crime drama that premiered on BBC One from 11 July to 1 August 2017.

[3] asqa_f456d2823514fbda: In the Dark (British TV series). In the Dark is a four-part British crime drama that premiered on BBC One from 11 July to 1 August 2017...Filming for the series began in April 2017 in Manchester and Marsden.[

[4] asqa_a08658011f7037ac: In the Dark (American TV series). In the Dark is an American crime drama television series, created by Corinne Kingsbury for The CW, which debuted as a mid-season entry during the 2018–19 television season.

[5] asqa_18298de74ae8d7e4: In the Heat of the Night (film). In the Heat of the Night is a 1967 American mystery drama film directed by Norman Jewison...Although the film was set in Sparta, Mississippi, most of the movie was filmed in Sparta, Illinois, where many of the film's landmarks can still be seen...However, despite their reservations, Jewison decided to film part of the film in Dyersburg and Union City, Tennessee anyway, while the rest was filmed in Sparta, Chester (Harvey Oberst chase scene), and Freeburg (Compton's diner), Illinois.

[6] asqa_b44ecf370c0d9e76: TV Parental Guidelines. In response to calls to provide additional content information in the ratings system, on August 1, 1997, the television industry, in conjunction with representatives of children's and medical advocacy groups, announced revisions to the rating system. Under this revised system, television programming would continue to fall into one of the six ratings categories (TV-Y, TV-Y7, TV-G, TV-PG, TV-14 or TV-MA), but content descriptors would be added to the ratings where appropriate, based on the type(s) of objectionable content included in the individual program or episode: D (suggestive dialogue), L (coarse language), S (sexual content), V (violence) and FV (fantasy violence – a descriptor exclusively for use in the TV-Y7 category).

[7] asqa_fc8bddc11b8565cd: Last Man Standing (Australian TV series). The series began its airing in the UK on the FX channel in early 2006.

[8] asqa_0b1a18bd0108eb48: Leprechaun (film series). Leprechaun is a series of horror comedy films consisting of eight films. Beginning with 1993's ""Leprechaun"" (filmed in 1991) the series centers on a malevolent and murderous leprechaun named ""Lubdan"" (although he never reveals his name), who, when his gold is taken from him, resorts to any means necessary to reclaim it. None of the series are in chronological order. Warwick Davis plays the title role in every film except for the reboot, """", and the TV movie, ""Leprechaun Returns"". In the reboot, Dylan ""Hornswoggle"" Postl, of WWE fame, portrays the creature and in the TV movie, the creature is played by Linden Porco.

[9] asqa_a51a26a032062de9: Jersey Shore (TV series). On January 25, 2011, it was confirmed that the show had been renewed for a fourth season, to be filmed in Italy during the first half of 2011. The fourth season premiered August 4, 2011. MTV confirmed in June 2011 that the fifth season would return to Seaside Heights.",0.4,0.521739,0.848932,1047,,,
asqa_10_systemb,asqa_10,asqa,ASQA,asqa_128,System B,TACER,Where was in the dark tv series filmed?,"The American version of the crime drama television series Dark tv was filmed in Toronto and Cambridge in Ontario, Canada. The British In the Dark tv series was filmed in April 2017 in Manchester and Marsden.","The TV series ""In the Dark"" was filmed in Manchester and Marsden.","[""asqa_d09856deced766c7"", ""asqa_8460accf047949ae"", ""asqa_f456d2823514fbda""]","[1] asqa_d09856deced766c7: In the Dark (British TV series). Filming for the series began in April 2017 in Manchester and Marsden.

[2] asqa_8460accf047949ae: In the Dark (British TV series). In the Dark is a four-part British crime drama that premiered on BBC One from 11 July to 1 August 2017.

[3] asqa_f456d2823514fbda: In the Dark (British TV series). In the Dark is a four-part British crime drama that premiered on BBC One from 11 July to 1 August 2017...Filming for the series began in April 2017 in Manchester and Marsden.[",0.5,0.434783,0.795781,285,,,
asqa_10_systemc,asqa_10,asqa,ASQA,asqa_128,System C,Fixed Top-10,Where was in the dark tv series filmed?,"The American version of the crime drama television series Dark tv was filmed in Toronto and Cambridge in Ontario, Canada. The British In the Dark tv series was filmed in April 2017 in Manchester and Marsden.","The British TV series ""In the Dark"" was filmed in Manchester and Marsden. This information is provided in Documents 1 and 3. 

Note: There is also an American TV series with the same name, but the filming location for that series is not mentioned in the provided documents.","[""asqa_d09856deced766c7"", ""asqa_8460accf047949ae"", ""asqa_f456d2823514fbda"", ""asqa_a08658011f7037ac"", ""asqa_18298de74ae8d7e4"", ""asqa_b44ecf370c0d9e76"", ""asqa_fc8bddc11b8565cd"", ""asqa_0b1a18bd0108eb48"", ""asqa_a51a26a032062de9"", ""asqa_1c07a2b6ffb61ba0""]","[1] asqa_d09856deced766c7: In the Dark (British TV series). Filming for the series began in April 2017 in Manchester and Marsden.

[2] asqa_8460accf047949ae: In the Dark (British TV series). In the Dark is a four-part British crime drama that premiered on BBC One from 11 July to 1 August 2017.

[3] asqa_f456d2823514fbda: In the Dark (British TV series). In the Dark is a four-part British crime drama that premiered on BBC One from 11 July to 1 August 2017...Filming for the series began in April 2017 in Manchester and Marsden.[

[4] asqa_a08658011f7037ac: In the Dark (American TV series). In the Dark is an American crime drama television series, created by Corinne Kingsbury for The CW, which debuted as a mid-season entry during the 2018–19 television season.

[5] asqa_18298de74ae8d7e4: In the Heat of the Night (film). In the Heat of the Night is a 1967 American mystery drama film directed by Norman Jewison...Although the film was set in Sparta, Mississippi, most of the movie was filmed in Sparta, Illinois, where many of the film's landmarks can still be seen...However, despite their reservations, Jewison decided to film part of the film in Dyersburg and Union City, Tennessee anyway, while the rest was filmed in Sparta, Chester (Harvey Oberst chase scene), and Freeburg (Compton's diner), Illinois.

[6] asqa_b44ecf370c0d9e76: TV Parental Guidelines. In response to calls to provide additional content information in the ratings system, on August 1, 1997, the television industry, in conjunction with representatives of children's and medical advocacy groups, announced revisions to the rating system. Under this revised system, television programming would continue to fall into one of the six ratings categories (TV-Y, TV-Y7, TV-G, TV-PG, TV-14 or TV-MA), but content descriptors would be added to the ratings where appropriate, based on the type(s) of objectionable content included in the individual program or episode: D (suggestive dialogue), L (coarse language), S (sexual content), V (violence) and FV (fantasy violence – a descriptor exclusively for use in the TV-Y7 category).

[7] asqa_fc8bddc11b8565cd: Last Man Standing (Australian TV series). The series began its airing in the UK on the FX channel in early 2006.

[8] asqa_0b1a18bd0108eb48: Leprechaun (film series). Leprechaun is a series of horror comedy films consisting of eight films. Beginning with 1993's ""Leprechaun"" (filmed in 1991) the series centers on a malevolent and murderous leprechaun named ""Lubdan"" (although he never reveals his name), who, when his gold is taken from him, resorts to any means necessary to reclaim it. None of the series are in chronological order. Warwick Davis plays the title role in every film except for the reboot, """", and the TV movie, ""Leprechaun Returns"". In the reboot, Dylan ""Hornswoggle"" Postl, of WWE fame, portrays the creature and in the TV movie, the creature is played by Linden Porco.

[9] asqa_a51a26a032062de9: Jersey Shore (TV series). On January 25, 2011, it was confirmed that the show had been renewed for a fourth season, to be filmed in Italy during the first half of 2011. The fourth season premiered August 4, 2011. MTV confirmed in June 2011 that the fifth season would return to Seaside Heights.

[10] asqa_1c07a2b6ffb61ba0: Last Man Standing (Australian TV series). The series began its airing in Finland on the Sub (formerly known as Subtv) channel in June 2007.",0.5,0.521739,0.864771,1061,,,
asqa_11_systema,asqa_11,asqa,ASQA,asqa_85,System A,Fixed Top-10,Who sang still crazy after all these years?,"The 1975 song Still Crazy After All These Years is the fourth solo studio album by Paul Simon. Since 1975, the title track has been recorded by Rosemary Clooney (on her 1993 album ""Still on the Road""), Ray Charles (on his 1993 album ""My World""), Karen Carpenter (on her self-titled solo album released posthumously in 1996), and Willie Nelson (on the soundtrack of the 2000 motion picture ""Space Cowboys"").","The song ""Still Crazy After All These Years"" was originally sung by Paul Simon, as stated in Documents 1 and 2. However, it has also been recorded by other artists, including Rosemary Clooney, Ray Charles, Karen Carpenter, and Willie Nelson, as mentioned in Document 3.","[""asqa_ae183e910f5c125c"", ""asqa_0b6442415bbb3bc6"", ""asqa_bbe74753aa3c9456"", ""asqa_f6a859818937fb2e"", ""asqa_89c28500011afc9f"", ""asqa_3e64440f8d48e8fe"", ""asqa_9141f5ad05862648"", ""asqa_5d946bbf220dac62"", ""asqa_ebe076ef4913222b"", ""asqa_c0b20a88290d6bf9""]","[1] asqa_ae183e910f5c125c: Still Crazy After All These Years (song). ""Still Crazy After All These Years"" is a song by the American singer-songwriter Paul Simon.

[2] asqa_0b6442415bbb3bc6: Still Crazy After All These Years. Still Crazy After All These Years is the fourth solo studio album by Paul Simon. Recorded and released in 1975, the album produced four U.S. Top 40 hits: ""50 Ways to Leave Your Lover"" (#1), ""Gone at Last"" (#23), ""My Little Town"" (#9, credited to Simon & Garfunkel), and the title track (#40).

[3] asqa_bbe74753aa3c9456: Still Crazy After All These Years. The title track has been recorded by Rosemary Clooney (on her 1993 album ""Still on the Road""), Ray Charles (on his 1993 album ""My World""), Karen Carpenter (on her self-titled solo album released posthumously in 1996), and Willie Nelson (on the soundtrack of the 2000 motion picture ""Space Cowboys"").

[4] asqa_f6a859818937fb2e: Mathew Beard. Beard is verified to be the first person in history to become 114 years old, although the oldest living person at the time of Beard's death at age 114 years, 222 days was believed to be the now debunked Japanese man Shigechiyo Izumi who claimed to be five years older and died over a year later, and the fourth-youngest of only seven verified men who have become at least 114 years old.

[5] asqa_89c28500011afc9f: History of China Warring States period (476 – 221 BC). After further political consolidation, seven prominent states remained by the end of the 5th century BC, and the years in which these few states battled each other are known as the Warring States period.

[6] asqa_3e64440f8d48e8fe: Grey's Anatomy (season 6). Seattle Grace Hospital's Chief of Surgery and general surgeon Richard Webber was portrayed by James Pickens, Jr., who returns to alcoholism after being sober for 20 years.

[7] asqa_9141f5ad05862648: List of All-Ireland Senior Hurling Championship winners. The prize for the All-Ireland champions is the Liam MacCarthy Cup.

[8] asqa_5d946bbf220dac62: Champagne. An initial burst of effervescence occurs when the Champagne contacts the dry glass on pouring. These bubbles form on imperfections in the glass that facilitate nucleation or, to a minimal extent, on cellulose fibres left over from the wiping/drying process as shown with a high-speed video camera. However, after the initial rush, these naturally occurring imperfections are typically too small to consistently act as nucleation points as the surface tension of the liquid smooths out these minute irregularities. The nucleation sites that act as a source for the ongoing effervescence are not natural imperfections in the glass, but actually occur where the glass has been etched by the manufacturer or the customer. This etching is typically done with acid, a laser, or a glass etching tool from a craft shop to provide nucleation sites for continuous bubble formation (note that not all glasses are etched in this way). In 1662 this method was developed in England, as records from the Royal Society show.

[9] asqa_ebe076ef4913222b: Day of the Dead. The Day of the Dead (Spanish: Día de Muertos or Día de los Muertos)[1][2] is a Mexican holiday celebrated in Mexico and elsewhere associated with the Catholic celebrations of All Saints' Day and All Souls' Day, and is held on November 1 and 2...These flowers are thought to attract souls of the dead to the offerings.

[10] asqa_c0b20a88290d6bf9: All Eyez on Me. All Eyez on Me is the fourth studio album by American rapper 2Pac and the last to be released during his lifetime.",0.434783,0.461538,0.810192,1060,,,
asqa_11_systemb,asqa_11,asqa,ASQA,asqa_85,System B,Adaptive-k,Who sang still crazy after all these years?,"The 1975 song Still Crazy After All These Years is the fourth solo studio album by Paul Simon. Since 1975, the title track has been recorded by Rosemary Clooney (on her 1993 album ""Still on the Road""), Ray Charles (on his 1993 album ""My World""), Karen Carpenter (on her self-titled solo album released posthumously in 1996), and Willie Nelson (on the soundtrack of the 2000 motion picture ""Space Cowboys"").","The song ""Still Crazy After All These Years"" was originally sung by Paul Simon, as stated in Documents 1 and 2. However, it has also been recorded by other artists, including Rosemary Clooney, Ray Charles, Karen Carpenter, and Willie Nelson, as mentioned in Document 3. Therefore, while Paul Simon is the original singer, the song has been covered by multiple artists.","[""asqa_ae183e910f5c125c"", ""asqa_0b6442415bbb3bc6"", ""asqa_bbe74753aa3c9456"", ""asqa_f6a859818937fb2e"", ""asqa_89c28500011afc9f"", ""asqa_3e64440f8d48e8fe""]","[1] asqa_ae183e910f5c125c: Still Crazy After All These Years (song). ""Still Crazy After All These Years"" is a song by the American singer-songwriter Paul Simon.

[2] asqa_0b6442415bbb3bc6: Still Crazy After All These Years. Still Crazy After All These Years is the fourth solo studio album by Paul Simon. Recorded and released in 1975, the album produced four U.S. Top 40 hits: ""50 Ways to Leave Your Lover"" (#1), ""Gone at Last"" (#23), ""My Little Town"" (#9, credited to Simon & Garfunkel), and the title track (#40).

[3] asqa_bbe74753aa3c9456: Still Crazy After All These Years. The title track has been recorded by Rosemary Clooney (on her 1993 album ""Still on the Road""), Ray Charles (on his 1993 album ""My World""), Karen Carpenter (on her self-titled solo album released posthumously in 1996), and Willie Nelson (on the soundtrack of the 2000 motion picture ""Space Cowboys"").

[4] asqa_f6a859818937fb2e: Mathew Beard. Beard is verified to be the first person in history to become 114 years old, although the oldest living person at the time of Beard's death at age 114 years, 222 days was believed to be the now debunked Japanese man Shigechiyo Izumi who claimed to be five years older and died over a year later, and the fourth-youngest of only seven verified men who have become at least 114 years old.

[5] asqa_89c28500011afc9f: History of China Warring States period (476 – 221 BC). After further political consolidation, seven prominent states remained by the end of the 5th century BC, and the years in which these few states battled each other are known as the Warring States period.

[6] asqa_3e64440f8d48e8fe: Grey's Anatomy (season 6). Seattle Grace Hospital's Chief of Surgery and general surgeon Richard Webber was portrayed by James Pickens, Jr., who returns to alcoholism after being sober for 20 years.",0.427481,0.480769,0.79585,662,,,
asqa_11_systemc,asqa_11,asqa,ASQA,asqa_85,System C,TACER,Who sang still crazy after all these years?,"The 1975 song Still Crazy After All These Years is the fourth solo studio album by Paul Simon. Since 1975, the title track has been recorded by Rosemary Clooney (on her 1993 album ""Still on the Road""), Ray Charles (on his 1993 album ""My World""), Karen Carpenter (on her self-titled solo album released posthumously in 1996), and Willie Nelson (on the soundtrack of the 2000 motion picture ""Space Cowboys"").","The song ""Still Crazy After All These Years"" was originally sung by Paul Simon, as stated in Document 1. Additionally, Document 3 mentions that the title track has been recorded by other artists, including Rosemary Clooney, Ray Charles, Karen Carpenter, and Willie Nelson, but Paul Simon is the original singer.","[""asqa_ae183e910f5c125c"", ""asqa_0b6442415bbb3bc6"", ""asqa_bbe74753aa3c9456""]","[1] asqa_ae183e910f5c125c: Still Crazy After All These Years (song). ""Still Crazy After All These Years"" is a song by the American singer-songwriter Paul Simon.

[2] asqa_0b6442415bbb3bc6: Still Crazy After All These Years. Still Crazy After All These Years is the fourth solo studio album by Paul Simon. Recorded and released in 1975, the album produced four U.S. Top 40 hits: ""50 Ways to Leave Your Lover"" (#1), ""Gone at Last"" (#23), ""My Little Town"" (#9, credited to Simon & Garfunkel), and the title track (#40).

[3] asqa_bbe74753aa3c9456: Still Crazy After All These Years. The title track has been recorded by Rosemary Clooney (on her 1993 album ""Still on the Road""), Ray Charles (on his 1993 album ""My World""), Karen Carpenter (on her self-titled solo album released posthumously in 1996), and Willie Nelson (on the soundtrack of the 2000 motion picture ""Space Cowboys"").",0.5,0.519231,0.797077,359,,,
asqa_12_systema,asqa_12,asqa,ASQA,asqa_127,System A,Adaptive-k,Who acted as harley quinn in suicide squad?,"In the 2016 American superhero film Suicide Squad, fictional character Harley Quinn is portrayed by actress Margot Robbie. This character role is however voiced by Tara Strong in the 2018 adult animated superhero film Suicide Squad: Hell to Pay. In the most recent 2021 Suicide Squad film, Margot Robbie reprising her role as Harley Quinn.","Margot Robbie acted as Harley Quinn in the 2016 film ""Suicide Squad"". This information can be found in Documents 2, 5, and 7.","[""asqa_d62b1c08cf10bb94"", ""asqa_c8b99996c9087877"", ""asqa_86ad4e6205378f47"", ""asqa_7105d871397d7237"", ""asqa_e12892d6ef088b4f"", ""asqa_286aca81a4f1fc6e"", ""asqa_ccfb19f3bcee0475"", ""asqa_8810b0fb2516ead1"", ""asqa_634379cbf2b62991"", ""asqa_e30167d6f2435c02""]","[1] asqa_d62b1c08cf10bb94: The Suicide Squad (film). The Suicide Squad is a 2021 American superhero film based on DC Comics featuring the team Suicide Squad.

[2] asqa_c8b99996c9087877: Suicide Squad (film). The film's mid-credit scene leads to the 2017 film ""Justice League"". After the release and financial success of ""Suicide Squad"", Warner Bros. and DC Films announced multiple films being developed featuring Margot Robbie reprising her role as Harley Quinn, including: ""Suicide Squad 2"", ""Gotham City Sirens"", ""Birds of Prey"", and an untitled film centered around Quinn and the Joker. Various sources report that the studios plan on featuring the anti-heroine in a trilogy of films for the character's first story-arc.

[3] asqa_86ad4e6205378f47: Suicide Squad (film). Suicide Squad is a 2016 American superhero film based on the DC Comics supervillain team of the same name.

[4] asqa_7105d871397d7237: Harley Quinn. Harley Quinn (Dr. Harleen Frances Quinzel) is a character appearing in American comic books published by DC Comics.

[5] asqa_e12892d6ef088b4f: Harley Quinn (DC Extended Universe). Dr. Harleen Frances Quinzel, later known as Harley Quinn, is a fictional character in the DC Extended Universe, based on the character of the same name from DC Comics. Portrayed by actress Margot Robbie, she first appears in film in Suicide Squad, playing a major role, and also stars in Birds of Prey.

[6] asqa_286aca81a4f1fc6e: Suicide Squad: Hell to Pay. Suicide Squad: Hell to Pay is a 2018 American adult animated superhero film produced by Warner Bros. Animation and distributed by Warner Bros. Home Entertainment...The voice cast includes Christian Slater as Deadshot, Tara Strong as Harley Quinn and Vanessa Williams as Amanda Waller.

[7] asqa_ccfb19f3bcee0475: Harley Quinn. The character was originally voiced by Arleen Sorkin in the DC animated universe. Since then, she has later starred in her own animated series, with her voice provided by Kaley Cuoco. In the ""Birds of Prey"" television series, she was portrayed by actress Mia Sara. In the Fox series ""Gotham"" a character known as Ecco, portrayed by Francesca Root-Dodson and bearing all the characteristics of Harley Quinn, was introduced in the fourth season. The character made her live-action feature film debut in the 2016 film ""Suicide Squad"", portrayed by Margot Robbie. Robbie will reprise the role in ""Birds of Prey"" (2020) and ""The Suicide Squad"" (2021).

[8] asqa_8810b0fb2516ead1: Hector. In Greek mythology and Roman mythology, Hector (; , ) was a Trojan prince and the greatest fighter for Troy in the Trojan War. He acted as leader of the Trojans and their allies in the defence of Troy, ""killing 31,000 Greek fighters."" He was ultimately killed by Achilles.

[9] asqa_634379cbf2b62991: Places in the Heart. Places in the Heart is a 1984 American drama film written and directed by Robert Benton about a Depression-era Texas widow who tries to save her family farm with the help of a blind white man and a poor black man. The film stars Sally Field, Lindsay Crouse, Ed Harris, Ray Baker, Amy Madigan, John Malkovich, Danny Glover, Jerry Haynes and Terry O'Quinn. It was filmed in Waxahachie, Texas, on Jack Davis' farm. Field won her second Academy Award for Best Actress for her performance.

[10] asqa_e30167d6f2435c02: List of Harry Potter cast members. Dozens of actors of the United Kingdom and Ireland voiced or portrayed characters appearing in the ""Harry Potter"" film series based on the book series by J. K. Rowling. In all the films, Daniel Radcliffe played Harry Potter, Rupert Grint played Ron Weasley and Emma Watson played Hermione Granger. When they were cast only Radcliffe had previously acted in a film. Complementing them on screen are such actors as Helena Bonham Carter, Jim Broadbent, John Cleese, Robbie Coltrane, Warwick Davis, Ralph Fiennes, Michael Gambon, Brendan Gleeson, Richard Griffiths, Richard Harris, John Hurt, Jason Isaacs, Miriam Margolyes, Helen McCrory, Gary Oldman, Alan Rickman, Fiona Shaw, Maggie Smith, Timothy Spall, Imelda Staunton, David Thewlis, Emma Thompson, and Julie Walters, among others. Thirteen actors have appeared as the same character in all eight films of the series.",0.333333,0.333333,0.891149,1196,,,
asqa_12_systemb,asqa_12,asqa,ASQA,asqa_127,System B,Fixed Top-10,Who acted as harley quinn in suicide squad?,"In the 2016 American superhero film Suicide Squad, fictional character Harley Quinn is portrayed by actress Margot Robbie. This character role is however voiced by Tara Strong in the 2018 adult animated superhero film Suicide Squad: Hell to Pay. In the most recent 2021 Suicide Squad film, Margot Robbie reprising her role as Harley Quinn.","Margot Robbie acted as Harley Quinn in the 2016 film ""Suicide Squad"". This information can be found in Documents 2, 5, and 7.","[""asqa_d62b1c08cf10bb94"", ""asqa_c8b99996c9087877"", ""asqa_86ad4e6205378f47"", ""asqa_7105d871397d7237"", ""asqa_e12892d6ef088b4f"", ""asqa_286aca81a4f1fc6e"", ""asqa_ccfb19f3bcee0475"", ""asqa_8810b0fb2516ead1"", ""asqa_634379cbf2b62991"", ""asqa_e30167d6f2435c02""]","[1] asqa_d62b1c08cf10bb94: The Suicide Squad (film). The Suicide Squad is a 2021 American superhero film based on DC Comics featuring the team Suicide Squad.

[2] asqa_c8b99996c9087877: Suicide Squad (film). The film's mid-credit scene leads to the 2017 film ""Justice League"". After the release and financial success of ""Suicide Squad"", Warner Bros. and DC Films announced multiple films being developed featuring Margot Robbie reprising her role as Harley Quinn, including: ""Suicide Squad 2"", ""Gotham City Sirens"", ""Birds of Prey"", and an untitled film centered around Quinn and the Joker. Various sources report that the studios plan on featuring the anti-heroine in a trilogy of films for the character's first story-arc.

[3] asqa_86ad4e6205378f47: Suicide Squad (film). Suicide Squad is a 2016 American superhero film based on the DC Comics supervillain team of the same name.

[4] asqa_7105d871397d7237: Harley Quinn. Harley Quinn (Dr. Harleen Frances Quinzel) is a character appearing in American comic books published by DC Comics.

[5] asqa_e12892d6ef088b4f: Harley Quinn (DC Extended Universe). Dr. Harleen Frances Quinzel, later known as Harley Quinn, is a fictional character in the DC Extended Universe, based on the character of the same name from DC Comics. Portrayed by actress Margot Robbie, she first appears in film in Suicide Squad, playing a major role, and also stars in Birds of Prey.

[6] asqa_286aca81a4f1fc6e: Suicide Squad: Hell to Pay. Suicide Squad: Hell to Pay is a 2018 American adult animated superhero film produced by Warner Bros. Animation and distributed by Warner Bros. Home Entertainment...The voice cast includes Christian Slater as Deadshot, Tara Strong as Harley Quinn and Vanessa Williams as Amanda Waller.

[7] asqa_ccfb19f3bcee0475: Harley Quinn. The character was originally voiced by Arleen Sorkin in the DC animated universe. Since then, she has later starred in her own animated series, with her voice provided by Kaley Cuoco. In the ""Birds of Prey"" television series, she was portrayed by actress Mia Sara. In the Fox series ""Gotham"" a character known as Ecco, portrayed by Francesca Root-Dodson and bearing all the characteristics of Harley Quinn, was introduced in the fourth season. The character made her live-action feature film debut in the 2016 film ""Suicide Squad"", portrayed by Margot Robbie. Robbie will reprise the role in ""Birds of Prey"" (2020) and ""The Suicide Squad"" (2021).

[8] asqa_8810b0fb2516ead1: Hector. In Greek mythology and Roman mythology, Hector (; , ) was a Trojan prince and the greatest fighter for Troy in the Trojan War. He acted as leader of the Trojans and their allies in the defence of Troy, ""killing 31,000 Greek fighters."" He was ultimately killed by Achilles.

[9] asqa_634379cbf2b62991: Places in the Heart. Places in the Heart is a 1984 American drama film written and directed by Robert Benton about a Depression-era Texas widow who tries to save her family farm with the help of a blind white man and a poor black man. The film stars Sally Field, Lindsay Crouse, Ed Harris, Ray Baker, Amy Madigan, John Malkovich, Danny Glover, Jerry Haynes and Terry O'Quinn. It was filmed in Waxahachie, Texas, on Jack Davis' farm. Field won her second Academy Award for Best Actress for her performance.

[10] asqa_e30167d6f2435c02: List of Harry Potter cast members. Dozens of actors of the United Kingdom and Ireland voiced or portrayed characters appearing in the ""Harry Potter"" film series based on the book series by J. K. Rowling. In all the films, Daniel Radcliffe played Harry Potter, Rupert Grint played Ron Weasley and Emma Watson played Hermione Granger. When they were cast only Radcliffe had previously acted in a film. Complementing them on screen are such actors as Helena Bonham Carter, Jim Broadbent, John Cleese, Robbie Coltrane, Warwick Davis, Ralph Fiennes, Michael Gambon, Brendan Gleeson, Richard Griffiths, Richard Harris, John Hurt, Jason Isaacs, Miriam Margolyes, Helen McCrory, Gary Oldman, Alan Rickman, Fiona Shaw, Maggie Smith, Timothy Spall, Imelda Staunton, David Thewlis, Emma Thompson, and Julie Walters, among others. Thirteen actors have appeared as the same character in all eight films of the series.",0.333333,0.333333,0.891149,1196,,,
asqa_12_systemc,asqa_12,asqa,ASQA,asqa_127,System C,TACER,Who acted as harley quinn in suicide squad?,"In the 2016 American superhero film Suicide Squad, fictional character Harley Quinn is portrayed by actress Margot Robbie. This character role is however voiced by Tara Strong in the 2018 adult animated superhero film Suicide Squad: Hell to Pay. In the most recent 2021 Suicide Squad film, Margot Robbie reprising her role as Harley Quinn.","Based on the provided documents, the answer to the question ""Who acted as Harley Quinn in Suicide Squad?"" is Margot Robbie. This information is found in Document 2.","[""asqa_d62b1c08cf10bb94"", ""asqa_c8b99996c9087877"", ""asqa_86ad4e6205378f47""]","[1] asqa_d62b1c08cf10bb94: The Suicide Squad (film). The Suicide Squad is a 2021 American superhero film based on DC Comics featuring the team Suicide Squad.

[2] asqa_c8b99996c9087877: Suicide Squad (film). The film's mid-credit scene leads to the 2017 film ""Justice League"". After the release and financial success of ""Suicide Squad"", Warner Bros. and DC Films announced multiple films being developed featuring Margot Robbie reprising her role as Harley Quinn, including: ""Suicide Squad 2"", ""Gotham City Sirens"", ""Birds of Prey"", and an untitled film centered around Quinn and the Joker. Various sources report that the studios plan on featuring the anti-heroine in a trilogy of films for the character's first story-arc.

[3] asqa_86ad4e6205378f47: Suicide Squad (film). Suicide Squad is a 2016 American superhero film based on the DC Comics supervillain team of the same name.",0.385542,0.333333,0.779544,360,,,
asqa_13_systema,asqa_13,asqa,ASQA,asqa_73,System A,Adaptive-k,What is the name of bangalore city railway station?,"South Bangalore City railway station, officially Krantivira Sangolli Rayanna Benguluru Rilway Station also known as Bengaluru City railway station is the main railway station serving the city of Bangalore, Karnataka, India.","The name of Bangalore city railway station is Krantivira Sangolli Rayanna (Bengaluru Station), also known as Bengaluru City railway station.","[""asqa_a4e20c33912e18b8"", ""asqa_65d823876df9cb1b"", ""asqa_d2378803a12f6769"", ""asqa_db85be64b1b1f4c0"", ""asqa_b9b5a76f81a6b3c5"", ""asqa_5f71a30403c18320""]","[1] asqa_a4e20c33912e18b8: Bangalore City railway station. Bangalore City Railway Station, officially Krantivira Sangolli Rayanna (Bengaluru Station), also known as Bengaluru City railway station (2014–2016),[1] (station code: SBC[2]) is the main railway station serving the city of Bangalore, Karnataka, India.

[2] asqa_65d823876df9cb1b: Great Fire of London. The fire gutted the medieval City of London inside the old Roman city wall.

[3] asqa_d2378803a12f6769: Toronto. Toronto (/təˈrɒntoʊ/ (About this soundlisten)) is the capital city of the Canadian province of Ontario.

[4] asqa_db85be64b1b1f4c0: The New York Rangers are a professional ice hockey team based in New York City.

[5] asqa_b9b5a76f81a6b3c5: Gossip Girl (novel series). Gossip Girl is an American young adult novel series written by Cecily von Ziegesar and published by Little, Brown and Company, a subsidiary of the Hachette Group. The series revolves around the lives and romances of the privileged socialite teenagers at the Constance Billard School for Girls, an elite private school in New York City's Upper East Side. The books primarily focus on best friends Blair Waldorf and Serena van der Woodsen, whose experiences are among those chronicled by the eponymous gossip blogger. The novel series is based on the author's experiences at Nightingale-Bamford School and on what she heard from friends.

[6] asqa_5f71a30403c18320: Great Fire of London. The Great Fire started at the bakery (or baker's house) of Thomas Farriner (or Farynor) on Pudding Lane shortly after midnight on Sunday, 2 September, and spread rapidly west across the City of London. The major firefighting technique of the time was to create firebreaks by means of demolition; this was critically delayed owing to the indecisiveness of Lord Mayor of London Sir Thomas Bloodworth. By the time large-scale demolitions were ordered on Sunday night, the wind had already fanned the bakery fire into a firestorm that defeated such measures. The fire pushed north on Monday into the heart of the City.",0.705882,0.636364,0.904393,653,,,
asqa_13_systemb,asqa_13,asqa,ASQA,asqa_73,System B,Fixed Top-10,What is the name of bangalore city railway station?,"South Bangalore City railway station, officially Krantivira Sangolli Rayanna Benguluru Rilway Station also known as Bengaluru City railway station is the main railway station serving the city of Bangalore, Karnataka, India.","The name of Bangalore city railway station is Krantivira Sangolli Rayanna (Bengaluru Station), also known as Bengaluru City railway station.","[""asqa_a4e20c33912e18b8"", ""asqa_65d823876df9cb1b"", ""asqa_d2378803a12f6769"", ""asqa_db85be64b1b1f4c0"", ""asqa_b9b5a76f81a6b3c5"", ""asqa_5f71a30403c18320"", ""asqa_86ad4e6205378f47"", ""asqa_d618021f1aeb2c9d"", ""asqa_107cfb2433d1dd1c"", ""asqa_71e60d67bca772c4""]","[1] asqa_a4e20c33912e18b8: Bangalore City railway station. Bangalore City Railway Station, officially Krantivira Sangolli Rayanna (Bengaluru Station), also known as Bengaluru City railway station (2014–2016),[1] (station code: SBC[2]) is the main railway station serving the city of Bangalore, Karnataka, India.

[2] asqa_65d823876df9cb1b: Great Fire of London. The fire gutted the medieval City of London inside the old Roman city wall.

[3] asqa_d2378803a12f6769: Toronto. Toronto (/təˈrɒntoʊ/ (About this soundlisten)) is the capital city of the Canadian province of Ontario.

[4] asqa_db85be64b1b1f4c0: The New York Rangers are a professional ice hockey team based in New York City.

[5] asqa_b9b5a76f81a6b3c5: Gossip Girl (novel series). Gossip Girl is an American young adult novel series written by Cecily von Ziegesar and published by Little, Brown and Company, a subsidiary of the Hachette Group. The series revolves around the lives and romances of the privileged socialite teenagers at the Constance Billard School for Girls, an elite private school in New York City's Upper East Side. The books primarily focus on best friends Blair Waldorf and Serena van der Woodsen, whose experiences are among those chronicled by the eponymous gossip blogger. The novel series is based on the author's experiences at Nightingale-Bamford School and on what she heard from friends.

[6] asqa_5f71a30403c18320: Great Fire of London. The Great Fire started at the bakery (or baker's house) of Thomas Farriner (or Farynor) on Pudding Lane shortly after midnight on Sunday, 2 September, and spread rapidly west across the City of London. The major firefighting technique of the time was to create firebreaks by means of demolition; this was critically delayed owing to the indecisiveness of Lord Mayor of London Sir Thomas Bloodworth. By the time large-scale demolitions were ordered on Sunday night, the wind had already fanned the bakery fire into a firestorm that defeated such measures. The fire pushed north on Monday into the heart of the City.

[7] asqa_86ad4e6205378f47: Suicide Squad (film). Suicide Squad is a 2016 American superhero film based on the DC Comics supervillain team of the same name.

[8] asqa_d618021f1aeb2c9d: Anne of Green Gables (1985 film). Anne of Green Gables is a 1985 Canadian made-for-television drama film based on the 1908 novel of the same name by Canadian author Lucy Maud Montgomery, and is the first in a series of four films.

[9] asqa_107cfb2433d1dd1c: Piccadilly Circus. Piccadilly Circus is a road junction and public space of London's West End in the City of Westminster.

[10] asqa_71e60d67bca772c4: The Notebook (novel). The Notebook is a 1996 romantic novel by American novelist Nicholas Sparks. The novel was later adapted into a popular film of the same name, in 2004.",0.705882,0.636364,0.904393,882,,,
asqa_13_systemc,asqa_13,asqa,ASQA,asqa_73,System C,TACER,What is the name of bangalore city railway station?,"South Bangalore City railway station, officially Krantivira Sangolli Rayanna Benguluru Rilway Station also known as Bengaluru City railway station is the main railway station serving the city of Bangalore, Karnataka, India.","The name of Bangalore city railway station is Krantivira Sangolli Rayanna (Bengaluru Station), also known as Bengaluru City railway station or Bangalore City railway station. The station code is SBC.","[""asqa_a4e20c33912e18b8"", ""asqa_65d823876df9cb1b"", ""asqa_d2378803a12f6769""]","[1] asqa_a4e20c33912e18b8: Bangalore City railway station. Bangalore City Railway Station, officially Krantivira Sangolli Rayanna (Bengaluru Station), also known as Bengaluru City railway station (2014–2016),[1] (station code: SBC[2]) is the main railway station serving the city of Bangalore, Karnataka, India.

[2] asqa_65d823876df9cb1b: Great Fire of London. The fire gutted the medieval City of London inside the old Roman city wall.

[3] asqa_d2378803a12f6769: Toronto. Toronto (/təˈrɒntoʊ/ (About this soundlisten)) is the capital city of the Canadian province of Ontario.",0.754098,0.636364,0.881565,332,,,
asqa_14_systema,asqa_14,asqa,ASQA,asqa_111,System A,TACER,Who played matt brody on the original baywatch?,"In the American action drama television series known as Baywatch, the character Matt Brody is portrayed by David Charvet. In the 2017 film version of the tv series, Matt Brody is played by Zac Efron.","The actor who played Matt Brody on the original Baywatch television series was David Charvet. The evidence for this comes from Document 2, which mentions ""...David Charvet as Matt Brody"" in the context of the Baywatch television series. 

Note that Document 1 mentions Zac Efron as Matt Brody, but this refers to the 2017 film, not the original television series.","[""asqa_21c22acd2b502b85"", ""asqa_8cc117bbe0648f83"", ""asqa_5f81a333d4f263b2""]","[1] asqa_21c22acd2b502b85: Baywatch (film). Baywatch is a 2017 American action comedy film based on the television series created by Michael Berk, Douglas Schwartz, and Gregory J. Bonann...Zac Efron as Matt Brody

[2] asqa_8cc117bbe0648f83: Baywatch. Baywatch is an American action drama television series about lifeguards who patrol the beaches of Los Angeles County, California and Hawaii, starring David Hasselhoff. ...David Charvet as Matt Brody

[3] asqa_5f81a333d4f263b2: Baywatch (film). Baywatch is a 2017 American action comedy film based on the television series created by Michael Berk, Douglas Schwartz, and Gregory J. Bonann.",0.463158,0.615385,0.919991,376,,,
asqa_14_systemb,asqa_14,asqa,ASQA,asqa_111,System B,Adaptive-k,Who played matt brody on the original baywatch?,"In the American action drama television series known as Baywatch, the character Matt Brody is portrayed by David Charvet. In the 2017 film version of the tv series, Matt Brody is played by Zac Efron.",The evidence suggests that David Charvet played Matt Brody on the original Baywatch television series. This information is found in Document 2.,"[""asqa_21c22acd2b502b85"", ""asqa_8cc117bbe0648f83"", ""asqa_5f81a333d4f263b2"", ""asqa_87ecbcb36d86e92f"", ""asqa_a9264c8530f98a81"", ""asqa_795dd5a2a5d5ff76"", ""asqa_86beea65212260ee""]","[1] asqa_21c22acd2b502b85: Baywatch (film). Baywatch is a 2017 American action comedy film based on the television series created by Michael Berk, Douglas Schwartz, and Gregory J. Bonann...Zac Efron as Matt Brody

[2] asqa_8cc117bbe0648f83: Baywatch. Baywatch is an American action drama television series about lifeguards who patrol the beaches of Los Angeles County, California and Hawaii, starring David Hasselhoff. ...David Charvet as Matt Brody

[3] asqa_5f81a333d4f263b2: Baywatch (film). Baywatch is a 2017 American action comedy film based on the television series created by Michael Berk, Douglas Schwartz, and Gregory J. Bonann.

[4] asqa_87ecbcb36d86e92f: Canadian Open (tennis). The event was played on clay until 1979 when it switched permanently to hard courts. Both the men's and women's tournaments were played as a single combined tournament at the National Tennis Centre in Toronto until 1981, when the men's tournament was played at the Jarry Park Stadium in Montreal for the first time. Similarly 1982 was the first year in which the women's tournament was played in Montreal.

[5] asqa_a9264c8530f98a81: Billy Redden. He played Lonnie, a banjo-playing teenager in north Georgia, who played the noted ""Dueling Banjos"" with Drew Ballinger (Ronny Cox).

[6] asqa_795dd5a2a5d5ff76: Clay Matthews Jr.. William Clay Matthews Jr. (born March 15, 1956) is a former American football linebacker who played for the Cleveland Browns and the Atlanta Falcons of the National Football League (NFL). He was drafted in the first round by the Cleveland Browns and played in 278 games over 19 NFL seasons, which initially ranked him at number 17 among most games played (currently at number 21, see List of NFL players by games played).

[7] asqa_86beea65212260ee: List of Major League Baseball perfect games. On June 13, 2012, Matt Cain of the San Francisco Giants pitched the first perfect game in Giants franchise history, the second of three in 2012, and the 22nd in MLB history.",0.421053,0.423077,0.848471,645,,,
asqa_14_systemc,asqa_14,asqa,ASQA,asqa_111,System C,Fixed Top-10,Who played matt brody on the original baywatch?,"In the American action drama television series known as Baywatch, the character Matt Brody is portrayed by David Charvet. In the 2017 film version of the tv series, Matt Brody is played by Zac Efron.",The evidence suggests that David Charvet played Matt Brody on the original Baywatch television series. This information is found in Document 2.,"[""asqa_21c22acd2b502b85"", ""asqa_8cc117bbe0648f83"", ""asqa_5f81a333d4f263b2"", ""asqa_87ecbcb36d86e92f"", ""asqa_a9264c8530f98a81"", ""asqa_795dd5a2a5d5ff76"", ""asqa_86beea65212260ee"", ""asqa_26b582b8c9f13026"", ""asqa_084d5f7299c4ec90"", ""asqa_2ce96a444352bf5b""]","[1] asqa_21c22acd2b502b85: Baywatch (film). Baywatch is a 2017 American action comedy film based on the television series created by Michael Berk, Douglas Schwartz, and Gregory J. Bonann...Zac Efron as Matt Brody

[2] asqa_8cc117bbe0648f83: Baywatch. Baywatch is an American action drama television series about lifeguards who patrol the beaches of Los Angeles County, California and Hawaii, starring David Hasselhoff. ...David Charvet as Matt Brody

[3] asqa_5f81a333d4f263b2: Baywatch (film). Baywatch is a 2017 American action comedy film based on the television series created by Michael Berk, Douglas Schwartz, and Gregory J. Bonann.

[4] asqa_87ecbcb36d86e92f: Canadian Open (tennis). The event was played on clay until 1979 when it switched permanently to hard courts. Both the men's and women's tournaments were played as a single combined tournament at the National Tennis Centre in Toronto until 1981, when the men's tournament was played at the Jarry Park Stadium in Montreal for the first time. Similarly 1982 was the first year in which the women's tournament was played in Montreal.

[5] asqa_a9264c8530f98a81: Billy Redden. He played Lonnie, a banjo-playing teenager in north Georgia, who played the noted ""Dueling Banjos"" with Drew Ballinger (Ronny Cox).

[6] asqa_795dd5a2a5d5ff76: Clay Matthews Jr.. William Clay Matthews Jr. (born March 15, 1956) is a former American football linebacker who played for the Cleveland Browns and the Atlanta Falcons of the National Football League (NFL). He was drafted in the first round by the Cleveland Browns and played in 278 games over 19 NFL seasons, which initially ranked him at number 17 among most games played (currently at number 21, see List of NFL players by games played).

[7] asqa_86beea65212260ee: List of Major League Baseball perfect games. On June 13, 2012, Matt Cain of the San Francisco Giants pitched the first perfect game in Giants franchise history, the second of three in 2012, and the 22nd in MLB history.

[8] asqa_26b582b8c9f13026: Baywatch (film). A ""Baywatch"" movie was first announced in 2004, although the movie became stuck in development hell over the years, with multiple writers penning drafts. In July 2015, Sean Anders was replaced by Seth Gordon as director. On October 2, 2014, Dwayne Johnson was attached to star in the lead role, and Justin Malen was set to rewrite the script. Damian Shannon and Mark Swift wrote the latest draft, and the film would be comedic in style. On August 10, 2015, Zac Efron signed on to star in the film, and Beau Flynn and Ivan Reitman joined to produce with Johnson's Seven Bucks Productions. On November 9, 2015, ""Deadline"" reported that seven actresses were among the short list testing for the lead female role, Alexandra Daddario, Ashley Benson, Nina Dobrev, Alexandra Shipp, Shelley Hennig, Bianca A. Santos, and Denyse Tontz. On November 18, 2015, Johnson confirmed Daddario would play Summer, a lifeguard, and the love interest of Efron's character.

[9] asqa_084d5f7299c4ec90: I'm Coming Out. In 2003, American singer Amerie covered ""I'm Coming Out"" for the soundtrack to the film ""Maid in Manhattan"". Her version was released as a single in select European countries and Australia. The final single version to be released was the Loren Dawson remix. The original single version (which is similar to the original) can be found on both CD singles and the original motion picture soundtrack to ""Maid in Manhattan"". Ross' version appears on the film's soundtrack album as well.

[10] asqa_2ce96a444352bf5b: New Year's Six. These games are played annually on or around New Year's Day, and represent six of the ten oldest bowl games currently played at the FBS level.",0.421053,0.423077,0.848471,1081,,,
asqa_15_systema,asqa_15,asqa,ASQA,asqa_64,System A,TACER,Who wrote brown eyes by destiny's child?,"""Brown Eyes"" is a song by Destiny's Child lead singer Beyoncé Giselle Knowles-Carter written and produced by Beyoncé and Walter Afanasieff.","The song ""Brown Eyes"" by Destiny's Child was written by Beyoncé Knowles and Walter Afanasieff, as indicated in Document 3.","[""asqa_f08dcaa7403306f6"", ""asqa_86b66c99c47a9475"", ""asqa_d7d71f9b0c64962e""]","[1] asqa_f08dcaa7403306f6: Brown eyes (disambiguation). ""Brown Eyes"", a song by Destiny's Child from Survivor, lead singer Beyoncé Knowles

[2] asqa_86b66c99c47a9475: Survivor (Destiny's Child album). Survivor is the third studio album by American girl group Destiny's Child.

[3] asqa_d7d71f9b0c64962e: Survivor (Destiny's Child album). ""Brown Eyes"" (includes ""The Story of Beauty"" prelude) B. KnowlesWalter Afanasieff B. Knowles[a]Afanasieff",0.636364,0.65,0.862764,281,,,
asqa_15_systemb,asqa_15,asqa,ASQA,asqa_64,System B,Fixed Top-10,Who wrote brown eyes by destiny's child?,"""Brown Eyes"" is a song by Destiny's Child lead singer Beyoncé Giselle Knowles-Carter written and produced by Beyoncé and Walter Afanasieff.","The song ""Brown Eyes"" by Destiny's Child was written by Beyoncé Knowles and Walter Afanasieff. This information is found in Document 3.","[""asqa_f08dcaa7403306f6"", ""asqa_86b66c99c47a9475"", ""asqa_d7d71f9b0c64962e"", ""asqa_dc273f2649371f87"", ""asqa_37efd95b49f6f5fb"", ""asqa_44ca4ee514aab9fc"", ""asqa_a0b385a6fa563901"", ""asqa_7424af33e2eb10f9"", ""asqa_c65e68ed3bb5180c"", ""asqa_7ceaee227fc33e75""]","[1] asqa_f08dcaa7403306f6: Brown eyes (disambiguation). ""Brown Eyes"", a song by Destiny's Child from Survivor, lead singer Beyoncé Knowles

[2] asqa_86b66c99c47a9475: Survivor (Destiny's Child album). Survivor is the third studio album by American girl group Destiny's Child.

[3] asqa_d7d71f9b0c64962e: Survivor (Destiny's Child album). ""Brown Eyes"" (includes ""The Story of Beauty"" prelude) B. KnowlesWalter Afanasieff B. Knowles[a]Afanasieff

[4] asqa_dc273f2649371f87: Manifest destiny. Manifest destiny was a widely held cultural belief in the 19th-century United States that American settlers were destined to expand across North America.

[5] asqa_37efd95b49f6f5fb: Give Me a Home Among the Gumtrees. Co-writer Wally Johnson died of pneumonia in 1995. Bob Brown has continued writing and performing tongue-in-cheek folk songs, which have been covered by artists including John Williamson and folk singer Slim Dusty. One of Brown's numbers I’m an Individual was recorded by cult Australian Rules footballer Mark ‘Jacko’ Jackson, and became an Australia-wide hit. Brown has also recorded an album of children's songs called Riding Round on Golf Balls.

[6] asqa_44ca4ee514aab9fc: Stuck in the Middle (TV series). Stuck in the Middle is an American family comedy television series developed by Alison Brown and Linda Videtti Figueiredo and created by Alison Brown that aired on Disney Channel from February 14, 2016 to July 23, 2018.

[7] asqa_a0b385a6fa563901: Manifest destiny. Newspaper editor John O'Sullivan is generally credited with coining the term ""manifest destiny"" in 1845 to describe the essence of this mindset, which was a rhetorical tone; however, the unsigned editorial titled ""Annexation"" in which it first appeared was arguably written by journalist and annexation advocate Jane Cazneau. The term was used by Democrats in the 1840s to justify the war with Mexico and it was also used to divide half of Oregon with Great Britain. However, manifest destiny always limped along because of its internal limitations and the issue of slavery, says Merk. It never became a national priority. By 1843, former U.S. President John Quincy Adams, originally a major supporter of the concept underlying manifest destiny, had changed his mind and repudiated expansionism because it meant the expansion of slavery in Texas.

[8] asqa_7424af33e2eb10f9: Walter Afanasieff. Aside from Carey and Dion, Afanasieff has also written and produced music for many other recording artists as well, such as Richard Marx, Whitney Houston, Thalía, Lionel Richie, Luther Vandross, George Benson, Destiny's Child, Kenny G, Michael Bolton, Toni Braxton, Andrea Bocelli, Johnny Mathis, Kenny Loggins, Barbra Streisand, Christina Aguilera, Ricky Martin, Leona Lewis, Idina Menzel and Lara Fabian.

[9] asqa_c65e68ed3bb5180c: How to Train Your Dragon (film). Additionally, Icelandic singer Jónsi wrote and performed the song ""Sticks & Stones"" for the film.

[10] asqa_7ceaee227fc33e75: Leave It to Beaver characters. Larry Mondello's mother Margaret Mondello (Madge Blake, June 25, 1958 – February 27, 1960) is a nervous woman who finds her son's misadventures exasperating. The character was dropped when Rusty Stevens left the show in its fourth season. George and Agnes Haskell are Eddie's parents. George was played by Karl Swenson and George O. Petrie. However, in one episode, it is implied that Mr. Haskell's name is ""Edward Clark Haskell, Sr.""; and in another episode, where he's played by John Alvin, he is ""Frank"". Agnes was played by Ann Doran and Anne Barton. Tooey Brown's mother, Mr. Mondello, Judy Hensler's parents, and Whitey Whitney's parents make one-time appearances. Larry Mondello's sister in high school is never seen.",0.652174,0.7,0.873132,1087,,,
asqa_15_systemc,asqa_15,asqa,ASQA,asqa_64,System C,Adaptive-k,Who wrote brown eyes by destiny's child?,"""Brown Eyes"" is a song by Destiny's Child lead singer Beyoncé Giselle Knowles-Carter written and produced by Beyoncé and Walter Afanasieff.","The song ""Brown Eyes"" by Destiny's Child was written by Beyoncé Knowles and Walter Afanasieff. 

This information can be found in Document 3.","[""asqa_f08dcaa7403306f6"", ""asqa_86b66c99c47a9475"", ""asqa_d7d71f9b0c64962e"", ""asqa_dc273f2649371f87"", ""asqa_37efd95b49f6f5fb"", ""asqa_44ca4ee514aab9fc""]","[1] asqa_f08dcaa7403306f6: Brown eyes (disambiguation). ""Brown Eyes"", a song by Destiny's Child from Survivor, lead singer Beyoncé Knowles

[2] asqa_86b66c99c47a9475: Survivor (Destiny's Child album). Survivor is the third studio album by American girl group Destiny's Child.

[3] asqa_d7d71f9b0c64962e: Survivor (Destiny's Child album). ""Brown Eyes"" (includes ""The Story of Beauty"" prelude) B. KnowlesWalter Afanasieff B. Knowles[a]Afanasieff

[4] asqa_dc273f2649371f87: Manifest destiny. Manifest destiny was a widely held cultural belief in the 19th-century United States that American settlers were destined to expand across North America.

[5] asqa_37efd95b49f6f5fb: Give Me a Home Among the Gumtrees. Co-writer Wally Johnson died of pneumonia in 1995. Bob Brown has continued writing and performing tongue-in-cheek folk songs, which have been covered by artists including John Williamson and folk singer Slim Dusty. One of Brown's numbers I’m an Individual was recorded by cult Australian Rules footballer Mark ‘Jacko’ Jackson, and became an Australia-wide hit. Brown has also recorded an album of children's songs called Riding Round on Golf Balls.

[6] asqa_44ca4ee514aab9fc: Stuck in the Middle (TV series). Stuck in the Middle is an American family comedy television series developed by Alison Brown and Linda Videtti Figueiredo and created by Alison Brown that aired on Disney Channel from February 14, 2016 to July 23, 2018.",0.595745,0.65,0.879472,517,,,
asqa_16_systema,asqa_16,asqa,ASQA,asqa_93,System A,Fixed Top-10,Who developed a useful staining method to identify bacteria?,"In 1884, Danish bacteriologist Hans Christian Gram developed a useful staining method to identify bacteria in two large groups (a technique known as Gram staining). Another kind of staining known as Ziehl–Neelsen staining is a type of Acid-fast stain was first introduced by German physician and scientist Paul Ehrlich but named after the two German doctors who modified the stain: the bacteriologist Franz Ziehl (1859–1926) and the pathologist Friedrich Neelsen (1854–1898).","Hans Christian Gram developed a useful staining method to identify bacteria. This is stated in Documents 1 and 3, which describe the Gram stain method.","[""asqa_63681e063377eb8a"", ""asqa_4fe43cfdd78be07e"", ""asqa_6d8662904a335a58"", ""asqa_0112b13217d8da4e"", ""asqa_79d6407aefc01399"", ""asqa_197890a67f787645"", ""asqa_5d946bbf220dac62"", ""asqa_9439f07b49aaa77c"", ""asqa_fb27073052bd1555"", ""asqa_38becc580ff6cc45""]","[1] asqa_63681e063377eb8a: Gram stain. Gram stain or Gram staining, also called Gram's method, is a method of staining used to distinguish and classify bacterial species into two large groups (Gram-positive and Gram-negative). The name comes from the Danish bacteriologist Hans Christian Gram, who developed the technique.

[2] asqa_4fe43cfdd78be07e: Ziehl–Neelsen stain. Ziehl-Neelsen staining is a type of Acid-fast stain, first introduced by Paul Ehrlich. Ziehl–Neelsen staining is a bacteriological stain used to identify acid-fast organisms, mainly Mycobacteria. It is named for two German doctors who modified the stain: the bacteriologist Franz Ziehl (1859–1926) and the pathologist Friedrich Neelsen (1854–1898).

[3] asqa_6d8662904a335a58: Gram stain. The method is named after its inventor, the Danish scientist Hans Christian Gram (1853–1938), who developed the technique while working with Carl Friedländer in the morgue of the city hospital in Berlin in 1884.

[4] asqa_0112b13217d8da4e: New Testament. The books of the New Testament were all or nearly all written by Jewish Christians—that is, Jewish disciples of Christ, who lived in the Roman Empire, and under Roman occupation. Luke, who wrote the Gospel of Luke and the Book of Acts, is frequently thought of as an exception; scholars are divided as to whether Luke was a Gentile or a Hellenistic Jew. A few scholars identify the author of the Gospel of Mark as probably a Gentile, and similarly for the Gospel of Matthew, though most assert Jewish-Christian authorship.

[5] asqa_79d6407aefc01399: Resident Evil 7: Biohazard. Resident Evil 7: Biohazard[a] is a 2017 first-person survival horror game developed and published by Capcom.

[6] asqa_197890a67f787645: Emulsion test. The emulsion test is a method to determine the presence of lipids using wet chemistry. The procedure is for the sample to be suspended in ethanol, allowing lipids present to dissolve (lipids are soluble in alcohols). The liquid (alcohol with dissolved fat) is then decanted into water. Since lipids do not dissolve in water, when the ethanol is diluted, it falls out of the solution to give a cloudy white emulsion.

[7] asqa_5d946bbf220dac62: Champagne. An initial burst of effervescence occurs when the Champagne contacts the dry glass on pouring. These bubbles form on imperfections in the glass that facilitate nucleation or, to a minimal extent, on cellulose fibres left over from the wiping/drying process as shown with a high-speed video camera. However, after the initial rush, these naturally occurring imperfections are typically too small to consistently act as nucleation points as the surface tension of the liquid smooths out these minute irregularities. The nucleation sites that act as a source for the ongoing effervescence are not natural imperfections in the glass, but actually occur where the glass has been etched by the manufacturer or the customer. This etching is typically done with acid, a laser, or a glass etching tool from a craft shop to provide nucleation sites for continuous bubble formation (note that not all glasses are etched in this way). In 1662 this method was developed in England, as records from the Royal Society show.

[8] asqa_9439f07b49aaa77c: Tom Clancy's Rainbow Six Siege is an online tactical shooter video game developed by Ubisoft Montreal and published by Ubisoft.

[9] asqa_fb27073052bd1555: Fortnite Battle Royale. Fortnite Battle Royale is a free-to-play battle royale video game developed and published by Epic Games.

[10] asqa_38becc580ff6cc45: Lipid profile. Lipid profile or ""lipid panel"" is a panel of blood tests that serves as an initial screening tool for abnormalities in lipids, such as cholesterol and triglycerides. The results of this test can identify certain genetic diseases and can determine approximate risks for cardiovascular disease, certain forms of pancreatitis, and other diseases.",0.34,0.290909,0.67557,1063,,,
asqa_16_systemb,asqa_16,asqa,ASQA,asqa_93,System B,TACER,Who developed a useful staining method to identify bacteria?,"In 1884, Danish bacteriologist Hans Christian Gram developed a useful staining method to identify bacteria in two large groups (a technique known as Gram staining). Another kind of staining known as Ziehl–Neelsen staining is a type of Acid-fast stain was first introduced by German physician and scientist Paul Ehrlich but named after the two German doctors who modified the stain: the bacteriologist Franz Ziehl (1859–1926) and the pathologist Friedrich Neelsen (1854–1898).","Hans Christian Gram developed a useful staining method to identify bacteria, known as the Gram stain. This information is present in both Document 1 and Document 3.","[""asqa_63681e063377eb8a"", ""asqa_4fe43cfdd78be07e"", ""asqa_6d8662904a335a58""]","[1] asqa_63681e063377eb8a: Gram stain. Gram stain or Gram staining, also called Gram's method, is a method of staining used to distinguish and classify bacterial species into two large groups (Gram-positive and Gram-negative). The name comes from the Danish bacteriologist Hans Christian Gram, who developed the technique.

[2] asqa_4fe43cfdd78be07e: Ziehl–Neelsen stain. Ziehl-Neelsen staining is a type of Acid-fast stain, first introduced by Paul Ehrlich. Ziehl–Neelsen staining is a bacteriological stain used to identify acid-fast organisms, mainly Mycobacteria. It is named for two German doctors who modified the stain: the bacteriologist Franz Ziehl (1859–1926) and the pathologist Friedrich Neelsen (1854–1898).

[3] asqa_6d8662904a335a58: Gram stain. The method is named after its inventor, the Danish scientist Hans Christian Gram (1853–1938), who developed the technique while working with Carl Friedländer in the morgue of the city hospital in Berlin in 1884.",0.372549,0.327273,0.671869,401,,,
asqa_16_systemc,asqa_16,asqa,ASQA,asqa_93,System C,Adaptive-k,Who developed a useful staining method to identify bacteria?,"In 1884, Danish bacteriologist Hans Christian Gram developed a useful staining method to identify bacteria in two large groups (a technique known as Gram staining). Another kind of staining known as Ziehl–Neelsen staining is a type of Acid-fast stain was first introduced by German physician and scientist Paul Ehrlich but named after the two German doctors who modified the stain: the bacteriologist Franz Ziehl (1859–1926) and the pathologist Friedrich Neelsen (1854–1898).","Hans Christian Gram developed a useful staining method to identify bacteria. This is stated in Documents 1 and 3, which describe the Gram stain method and attribute its development to Hans Christian Gram.","[""asqa_63681e063377eb8a"", ""asqa_4fe43cfdd78be07e"", ""asqa_6d8662904a335a58"", ""asqa_0112b13217d8da4e"", ""asqa_79d6407aefc01399"", ""asqa_197890a67f787645""]","[1] asqa_63681e063377eb8a: Gram stain. Gram stain or Gram staining, also called Gram's method, is a method of staining used to distinguish and classify bacterial species into two large groups (Gram-positive and Gram-negative). The name comes from the Danish bacteriologist Hans Christian Gram, who developed the technique.

[2] asqa_4fe43cfdd78be07e: Ziehl–Neelsen stain. Ziehl-Neelsen staining is a type of Acid-fast stain, first introduced by Paul Ehrlich. Ziehl–Neelsen staining is a bacteriological stain used to identify acid-fast organisms, mainly Mycobacteria. It is named for two German doctors who modified the stain: the bacteriologist Franz Ziehl (1859–1926) and the pathologist Friedrich Neelsen (1854–1898).

[3] asqa_6d8662904a335a58: Gram stain. The method is named after its inventor, the Danish scientist Hans Christian Gram (1853–1938), who developed the technique while working with Carl Friedländer in the morgue of the city hospital in Berlin in 1884.

[4] asqa_0112b13217d8da4e: New Testament. The books of the New Testament were all or nearly all written by Jewish Christians—that is, Jewish disciples of Christ, who lived in the Roman Empire, and under Roman occupation. Luke, who wrote the Gospel of Luke and the Book of Acts, is frequently thought of as an exception; scholars are divided as to whether Luke was a Gentile or a Hellenistic Jew. A few scholars identify the author of the Gospel of Mark as probably a Gentile, and similarly for the Gospel of Matthew, though most assert Jewish-Christian authorship.

[5] asqa_79d6407aefc01399: Resident Evil 7: Biohazard. Resident Evil 7: Biohazard[a] is a 2017 first-person survival horror game developed and published by Capcom.

[6] asqa_197890a67f787645: Emulsion test. The emulsion test is a method to determine the presence of lipids using wet chemistry. The procedure is for the sample to be suspended in ethanol, allowing lipids present to dissolve (lipids are soluble in alcohols). The liquid (alcohol with dissolved fat) is then decanted into water. Since lipids do not dissolve in water, when the ethanol is diluted, it falls out of the solution to give a cloudy white emulsion.",0.333333,0.290909,0.673896,678,,,
asqa_17_systema,asqa_17,asqa,ASQA,asqa_55,System A,Adaptive-k,Who wrote give me a home among the gum trees?,"The popular 1974 Australian song Give Me a Home Among the Gumtrees (or Home Among the Gumtrees) was written by Wally Johnson and Bob Brown (aka Captain Rock). Since then, Bob Brown has continued writing and performing tongue-in-cheek folk songs as Wally Johnson passed on in 1995.","The song ""Give Me a Home Among the Gum Trees"" was written by Wally Johnson and Bob Brown (also known as Captain Rock) in 1974.","[""asqa_dff7e3eef6f8777e"", ""asqa_393367fa74e7b996"", ""asqa_37efd95b49f6f5fb"", ""asqa_8946cafa201a0f4d"", ""asqa_db4395abff785f01"", ""asqa_c0b20a88290d6bf9""]","[1] asqa_dff7e3eef6f8777e: Give Me a Home Among the Gumtrees. Give Me a Home Among the Gumtrees (or Home Among the Gumtrees) is a popular Australian song written in 1974 by Wally Johnson and Bob Brown (aka Captain Rock).

[2] asqa_393367fa74e7b996: Give Me a Home Among the Gumtrees History. The song has become one of the most frequently recorded Australian compositions of all time and is a standard in Australian folk music.

[3] asqa_37efd95b49f6f5fb: Give Me a Home Among the Gumtrees. Co-writer Wally Johnson died of pneumonia in 1995. Bob Brown has continued writing and performing tongue-in-cheek folk songs, which have been covered by artists including John Williamson and folk singer Slim Dusty. One of Brown's numbers I’m an Individual was recorded by cult Australian Rules footballer Mark ‘Jacko’ Jackson, and became an Australia-wide hit. Brown has also recorded an album of children's songs called Riding Round on Golf Balls.

[4] asqa_8946cafa201a0f4d: Places in the Heart. In 1985, when Sally Field accepted her second Academy Award for Best Actress (the first was for Norma Rae), she uttered the memorable (and much-mocked) line ""I can't deny the fact that you like me—right now, you like me!"" It is often commonly misquoted as ""You like me—you really like me!""

[5] asqa_db4395abff785f01: I'll Be Home for Christmas. ""I'll Be Home for Christmas"" is a Christmas song written by the lyricist Kim Gannon and composer Walter Kent and recorded in 1943 by Bing Crosby, who scored a top ten hit with the song.

[6] asqa_c0b20a88290d6bf9: All Eyez on Me. All Eyez on Me is the fourth studio album by American rapper 2Pac and the last to be released during his lifetime.",0.567568,0.526316,0.884641,574,,,
asqa_17_systemb,asqa_17,asqa,ASQA,asqa_55,System B,TACER,Who wrote give me a home among the gum trees?,"The popular 1974 Australian song Give Me a Home Among the Gumtrees (or Home Among the Gumtrees) was written by Wally Johnson and Bob Brown (aka Captain Rock). Since then, Bob Brown has continued writing and performing tongue-in-cheek folk songs as Wally Johnson passed on in 1995.","The song ""Give Me a Home Among the Gumtrees"" was written by Wally Johnson and Bob Brown (also known as Captain Rock) in 1974.","[""asqa_dff7e3eef6f8777e"", ""asqa_393367fa74e7b996"", ""asqa_37efd95b49f6f5fb""]","[1] asqa_dff7e3eef6f8777e: Give Me a Home Among the Gumtrees. Give Me a Home Among the Gumtrees (or Home Among the Gumtrees) is a popular Australian song written in 1974 by Wally Johnson and Bob Brown (aka Captain Rock).

[2] asqa_393367fa74e7b996: Give Me a Home Among the Gumtrees History. The song has become one of the most frequently recorded Australian compositions of all time and is a standard in Australian folk music.

[3] asqa_37efd95b49f6f5fb: Give Me a Home Among the Gumtrees. Co-writer Wally Johnson died of pneumonia in 1995. Bob Brown has continued writing and performing tongue-in-cheek folk songs, which have been covered by artists including John Williamson and folk singer Slim Dusty. One of Brown's numbers I’m an Individual was recorded by cult Australian Rules footballer Mark ‘Jacko’ Jackson, and became an Australia-wide hit. Brown has also recorded an album of children's songs called Riding Round on Golf Balls.",0.60274,0.552632,0.915812,303,,,
asqa_17_systemc,asqa_17,asqa,ASQA,asqa_55,System C,Fixed Top-10,Who wrote give me a home among the gum trees?,"The popular 1974 Australian song Give Me a Home Among the Gumtrees (or Home Among the Gumtrees) was written by Wally Johnson and Bob Brown (aka Captain Rock). Since then, Bob Brown has continued writing and performing tongue-in-cheek folk songs as Wally Johnson passed on in 1995.","The song ""Give Me a Home Among the Gum Trees"" was written by Wally Johnson and Bob Brown (also known as Captain Rock) in 1974.","[""asqa_dff7e3eef6f8777e"", ""asqa_393367fa74e7b996"", ""asqa_37efd95b49f6f5fb"", ""asqa_8946cafa201a0f4d"", ""asqa_db4395abff785f01"", ""asqa_c0b20a88290d6bf9"", ""asqa_6dbc0ffa6e0ec5b2"", ""asqa_c65e68ed3bb5180c"", ""asqa_434fe7b14d416c75"", ""asqa_f7f3983e07f720d8""]","[1] asqa_dff7e3eef6f8777e: Give Me a Home Among the Gumtrees. Give Me a Home Among the Gumtrees (or Home Among the Gumtrees) is a popular Australian song written in 1974 by Wally Johnson and Bob Brown (aka Captain Rock).

[2] asqa_393367fa74e7b996: Give Me a Home Among the Gumtrees History. The song has become one of the most frequently recorded Australian compositions of all time and is a standard in Australian folk music.

[3] asqa_37efd95b49f6f5fb: Give Me a Home Among the Gumtrees. Co-writer Wally Johnson died of pneumonia in 1995. Bob Brown has continued writing and performing tongue-in-cheek folk songs, which have been covered by artists including John Williamson and folk singer Slim Dusty. One of Brown's numbers I’m an Individual was recorded by cult Australian Rules footballer Mark ‘Jacko’ Jackson, and became an Australia-wide hit. Brown has also recorded an album of children's songs called Riding Round on Golf Balls.

[4] asqa_8946cafa201a0f4d: Places in the Heart. In 1985, when Sally Field accepted her second Academy Award for Best Actress (the first was for Norma Rae), she uttered the memorable (and much-mocked) line ""I can't deny the fact that you like me—right now, you like me!"" It is often commonly misquoted as ""You like me—you really like me!""

[5] asqa_db4395abff785f01: I'll Be Home for Christmas. ""I'll Be Home for Christmas"" is a Christmas song written by the lyricist Kim Gannon and composer Walter Kent and recorded in 1943 by Bing Crosby, who scored a top ten hit with the song.

[6] asqa_c0b20a88290d6bf9: All Eyez on Me. All Eyez on Me is the fourth studio album by American rapper 2Pac and the last to be released during his lifetime.

[7] asqa_6dbc0ffa6e0ec5b2: I'll Be Home for Christmas (1998 film). I'll Be Home for Christmas is a 1998 American Christmas family comedy film directed by Arlene Sanford. The plot follows a college student who must make it from his campus in Los Angeles, California to his family's home in Larchmont, New York in time for Christmas dinner in order to win his father's Porsche. It stars Jonathan Taylor Thomas, Jessica Biel, Adam LaVorgna, Sean O'Bryan and Gary Cole and was released on November 13, 1998.

[8] asqa_c65e68ed3bb5180c: How to Train Your Dragon (film). Additionally, Icelandic singer Jónsi wrote and performed the song ""Sticks & Stones"" for the film.

[9] asqa_434fe7b14d416c75: I'll Be Home for Christmas. The song was written by the lyricist Kim Gannon and composer Walter Kent. Songwriter and later producer and manager for The Platters, Buck Ram, who said he previously wrote a poem and song with the same title, was credited as a co-writer of the song following a lawsuit brought by Ram's publisher, Mills Music. Bing Crosby's original 1943 release of the song on Decca Records listed only Walter Kent and Kim Gannon as the songwriters on the record label. Later pressings added the name of Buck Ram to the songwriting credit.

[10] asqa_f7f3983e07f720d8: Wake Me When It's Over (Willie Nelson song). Wake Me When It's Over"" is a song written and recorded by American country music singer Willie Nelson.",0.567568,0.526316,0.884641,945,,,
asqa_18_systema,asqa_18,asqa,ASQA,asqa_98,System A,Fixed Top-10,Who won the final hoh big brother 20?,"After 99 days in the Big Brother House, Kaycee Clark became the winner of the final HoH in the American reality show Big Brother 20. The final vote in the British reality show of the same name was won by British singer and actress Sarah Harding.","To answer the question of who won the final HOH in Big Brother 20, I need to examine the provided documents. 

Document 2 states that after 99 days, Kaycee Clark became the winner of Big Brother in a 5-4 vote over Tyler Crispen. However, it does not explicitly mention the final HOH competition. 

Since the documents do not explicitly state who won the final HOH, the evidence is insufficient to determine the winner of the final HOH competition in Big Brother 20.","[""asqa_70187821b6dfab52"", ""asqa_ec78c33e3383fb82"", ""asqa_1aa49818d460f750"", ""asqa_00e9184ebf56ef07"", ""asqa_40705c0d5e3823b7"", ""asqa_2e832693fe5837e6"", ""asqa_15c298ece000aa69"", ""asqa_10661621e63f2729"", ""asqa_37aae82d34f7e924"", ""asqa_bde9a16b6d789faa""]","[1] asqa_70187821b6dfab52: Big Brother 20 (American season). Big Brother 20 is the 20th season of the American reality television series Big Brother.

[2] asqa_ec78c33e3383fb82: Big Brother 20 (American season). After 99 days in the Big Brother House, Kaycee Clark became the winner of Big Brother in a 5–4 vote over Tyler Crispen.

[3] asqa_1aa49818d460f750: Celebrity Big Brother (British series 20). She entered the house on Day 1. On Day 25, it was announced that Sarah had won the series.

[4] asqa_00e9184ebf56ef07: 2006 FIBA World Championship. The tournament was won by Spain, who, in the championship final, beat Greece, 70–47, to finish the tournament having won all nine games played.

[5] asqa_40705c0d5e3823b7: 2006 FIFA World Cup Final. Italy had won three of their previous finals (1934, 1938, 1982), losing two (1970, 1994), while France had won their only previous final (1998).

[6] asqa_2e832693fe5837e6: 2015–16 Villanova Wildcats men's basketball team. The Wildcats finished the 2014–15 season 33–3, 16–2 in Big East play to win the Big East regular season championship.

[7] asqa_15c298ece000aa69: Celebrity Big Brother (British series 20). Sarah Harding is a British singer and actress, known for being a member of the girl group Girls Aloud, which she won a place in following her appearance on the ITV television talent show """" in 2002. During her time in the group, they picked up one BRIT award and had four number one singles. However the group split in 2013, and Sarah launched a solo career. As an actress she played Joni Preston in the ITV soap opera ""Coronation Street"" in 2015. In 2016 she took part in the third series of ""The Jump"". She entered the house on Day 1. On Day 25, it was announced that Sarah had won the series.

[8] asqa_10661621e63f2729: Big Brother (American TV series). Big Brother is an American television reality competition show based on the original Dutch reality show of the same name created by producer John de Mol in 1997.[4] The show broadly follows the premise of other versions of the format, in which a group of contestants, known as ""HouseGuests"", live together in a specially constructed house that is isolated from the outside world for a cash prize of $500,000 (or $750,000 in the 23rd season). The HouseGuests are continuously monitored during their stay in the house by live television cameras as well as personal audio microphones. Throughout the course of the competition, HouseGuests are evicted from the house, by being voted out of the competition.

[9] asqa_37aae82d34f7e924: List of French Open men's singles champions. American Jim Courier won consecutive titles in 1991 and 1992 before Spaniard Sergi Bruguera repeated the feat in 1993 and 1994. Gustavo Kuerten won three titles in 1997, 2000 and 2001. 2005 marked Rafael Nadal's first French Open; he won four consecutive titles from 2005 to 2008. Nadal was beaten in the round of 16 of the 2009 tournament by Robin Söderling who lost to Roger Federer in the final. Nadal regained the title in 2010 and defended his crowns in 2011, 2012, 2013, and 2014. In the 2015 event, he was knocked out in the quarter-finals by Novak Djokovic, who eventually lost in the final to Stan Wawrinka.

[10] asqa_bde9a16b6d789faa: 2010 FIFA World Cup Final. With both the Netherlands and Spain attempting to win their first FIFA World Cup, the 2010 final became the sixth final to be contested between non-former champions after 1930, 1934, 1954, 1958, and 1978.",0.449612,0.548387,0.839745,1159,,,
asqa_18_systemb,asqa_18,asqa,ASQA,asqa_98,System B,Adaptive-k,Who won the final hoh big brother 20?,"After 99 days in the Big Brother House, Kaycee Clark became the winner of the final HoH in the American reality show Big Brother 20. The final vote in the British reality show of the same name was won by British singer and actress Sarah Harding.","To answer the question about who won the final HOH in Big Brother 20, I need to examine the provided documents. 

Document 1 only provides general information about Big Brother 20. 
Document 2 mentions the winner of Big Brother 20 but does not specifically state who won the final HOH competition. It states that Kaycee Clark became the winner of Big Brother in a 5–4 vote over Tyler Crispen.
Documents 3 and 7 refer to Celebrity Big Brother (British series 20) and do not provide relevant information.
Documents 4, 5, and 6 are unrelated to Big Brother 20.
Document 8 provides general information about the Big Brother American TV series but does not mention the winner of the final HOH in season 20.

Since none of the documents specifically mention the winner of the final HOH competition in Big Brother 20, the evidence is","[""asqa_70187821b6dfab52"", ""asqa_ec78c33e3383fb82"", ""asqa_1aa49818d460f750"", ""asqa_00e9184ebf56ef07"", ""asqa_40705c0d5e3823b7"", ""asqa_2e832693fe5837e6"", ""asqa_15c298ece000aa69"", ""asqa_10661621e63f2729""]","[1] asqa_70187821b6dfab52: Big Brother 20 (American season). Big Brother 20 is the 20th season of the American reality television series Big Brother.

[2] asqa_ec78c33e3383fb82: Big Brother 20 (American season). After 99 days in the Big Brother House, Kaycee Clark became the winner of Big Brother in a 5–4 vote over Tyler Crispen.

[3] asqa_1aa49818d460f750: Celebrity Big Brother (British series 20). She entered the house on Day 1. On Day 25, it was announced that Sarah had won the series.

[4] asqa_00e9184ebf56ef07: 2006 FIBA World Championship. The tournament was won by Spain, who, in the championship final, beat Greece, 70–47, to finish the tournament having won all nine games played.

[5] asqa_40705c0d5e3823b7: 2006 FIFA World Cup Final. Italy had won three of their previous finals (1934, 1938, 1982), losing two (1970, 1994), while France had won their only previous final (1998).

[6] asqa_2e832693fe5837e6: 2015–16 Villanova Wildcats men's basketball team. The Wildcats finished the 2014–15 season 33–3, 16–2 in Big East play to win the Big East regular season championship.

[7] asqa_15c298ece000aa69: Celebrity Big Brother (British series 20). Sarah Harding is a British singer and actress, known for being a member of the girl group Girls Aloud, which she won a place in following her appearance on the ITV television talent show """" in 2002. During her time in the group, they picked up one BRIT award and had four number one singles. However the group split in 2013, and Sarah launched a solo career. As an actress she played Joni Preston in the ITV soap opera ""Coronation Street"" in 2015. In 2016 she took part in the third series of ""The Jump"". She entered the house on Day 1. On Day 25, it was announced that Sarah had won the series.

[8] asqa_10661621e63f2729: Big Brother (American TV series). Big Brother is an American television reality competition show based on the original Dutch reality show of the same name created by producer John de Mol in 1997.[4] The show broadly follows the premise of other versions of the format, in which a group of contestants, known as ""HouseGuests"", live together in a specially constructed house that is isolated from the outside world for a cash prize of $500,000 (or $750,000 in the 23rd season). The HouseGuests are continuously monitored during their stay in the house by live television cameras as well as personal audio microphones. Throughout the course of the competition, HouseGuests are evicted from the house, by being voted out of the competition.",0.303665,0.548387,0.772463,949,,,
asqa_18_systemc,asqa_18,asqa,ASQA,asqa_98,System C,TACER,Who won the final hoh big brother 20?,"After 99 days in the Big Brother House, Kaycee Clark became the winner of the final HoH in the American reality show Big Brother 20. The final vote in the British reality show of the same name was won by British singer and actress Sarah Harding.",The winner of Big Brother 20 is Kaycee Clark. She won in a 5-4 vote over Tyler Crispen.,"[""asqa_70187821b6dfab52"", ""asqa_ec78c33e3383fb82"", ""asqa_1aa49818d460f750""]","[1] asqa_70187821b6dfab52: Big Brother 20 (American season). Big Brother 20 is the 20th season of the American reality television series Big Brother.

[2] asqa_ec78c33e3383fb82: Big Brother 20 (American season). After 99 days in the Big Brother House, Kaycee Clark became the winner of Big Brother in a 5–4 vote over Tyler Crispen.

[3] asqa_1aa49818d460f750: Celebrity Big Brother (British series 20). She entered the house on Day 1. On Day 25, it was announced that Sarah had won the series.",0.338462,0.354839,0.794774,289,,,
asqa_19_systema,asqa_19,asqa,ASQA,asqa_124,System A,TACER,How much did the deepwater horizon oil spill cost bp?,"The Deepwater Horizon oil spill was an industrial disaster that began on 20 April 2010, in the Gulf of Mexico on the BP-operated Macondo Prospect. BP and the United States Department of Justice agreed to a record-setting $4.525 billion in fines and other payments. Cleanup costs, charges and penalties had cost the company more than $65 billion. In September 2014, a U.S. District Court judge ruled that BP was primarily responsible for the oil spill because of its gross negligence and reckless conduct. In July 2015, BP agreed to pay $18.7 billion in fines, the largest corporate settlement in United States history.","The Deepwater Horizon oil spill cost BP $54 billion, which includes the cost for the clean-up, environmental and economic damages, and penalties, as well as a record settlement of $18.7 billion in fines.","[""asqa_0338af85a2bf2f6e"", ""asqa_4cff614d659583e1"", ""asqa_9aa9c1a79b338e78""]","[1] asqa_0338af85a2bf2f6e: Deepwater Horizon oil spill. The Deepwater Horizon oil spill was an industrial disaster that began on 20 April 2010, in the Gulf of Mexico on the BP-operated Macondo Prospect,[6][7][8][9] considered to be the largest marine oil spill in the history of the petroleum industry and estimated to be 8 to 31 percent larger in volume than the previous largest, the Ixtoc I oil spill, also in the Gulf of Mexico.

[2] asqa_4cff614d659583e1: Deepwater Horizon oil spill. In September 2014, a U.S. District Court judge ruled that BP was primarily responsible for the oil spill because of its gross negligence and reckless conduct. In July 2015, BP agreed to pay $18.7 billion in fines, the largest corporate settlement in United States history.

[3] asqa_9aa9c1a79b338e78: Deepwater Horizon oil spill. On 2 July 2015, BP, the U.S. Justice Department and five gulf states announced that the company agreed to pay a record settlement of $18.7 billion. To date BP's cost for the clean-up, environmental and economic damages and penalties has reached $54 billion.",0.323944,0.253333,0.868647,444,,,
asqa_19_systemb,asqa_19,asqa,ASQA,asqa_124,System B,Fixed Top-10,How much did the deepwater horizon oil spill cost bp?,"The Deepwater Horizon oil spill was an industrial disaster that began on 20 April 2010, in the Gulf of Mexico on the BP-operated Macondo Prospect. BP and the United States Department of Justice agreed to a record-setting $4.525 billion in fines and other payments. Cleanup costs, charges and penalties had cost the company more than $65 billion. In September 2014, a U.S. District Court judge ruled that BP was primarily responsible for the oil spill because of its gross negligence and reckless conduct. In July 2015, BP agreed to pay $18.7 billion in fines, the largest corporate settlement in United States history.","The cost of the Deepwater Horizon oil spill to BP is estimated to be at least $54 billion (Document 3) and more than $65 billion (Document 4). The exact cost is not consistently stated across the documents, but the highest estimate provided is more than $65 billion.","[""asqa_0338af85a2bf2f6e"", ""asqa_4cff614d659583e1"", ""asqa_9aa9c1a79b338e78"", ""asqa_87658d4203733705"", ""asqa_ab0947761ffcefd1"", ""asqa_ca013bead8c9f191"", ""asqa_85ffd9843af095e1"", ""asqa_c65e68ed3bb5180c"", ""asqa_a1e14d5756deb022"", ""asqa_4408fb1921946fe0""]","[1] asqa_0338af85a2bf2f6e: Deepwater Horizon oil spill. The Deepwater Horizon oil spill was an industrial disaster that began on 20 April 2010, in the Gulf of Mexico on the BP-operated Macondo Prospect,[6][7][8][9] considered to be the largest marine oil spill in the history of the petroleum industry and estimated to be 8 to 31 percent larger in volume than the previous largest, the Ixtoc I oil spill, also in the Gulf of Mexico.

[2] asqa_4cff614d659583e1: Deepwater Horizon oil spill. In September 2014, a U.S. District Court judge ruled that BP was primarily responsible for the oil spill because of its gross negligence and reckless conduct. In July 2015, BP agreed to pay $18.7 billion in fines, the largest corporate settlement in United States history.

[3] asqa_9aa9c1a79b338e78: Deepwater Horizon oil spill. On 2 July 2015, BP, the U.S. Justice Department and five gulf states announced that the company agreed to pay a record settlement of $18.7 billion. To date BP's cost for the clean-up, environmental and economic damages and penalties has reached $54 billion.

[4] asqa_87658d4203733705: Deepwater Horizon oil spill. In November 2012, BP and the United States Department of Justice settled federal criminal charges, with BP pleading guilty to 11 counts of manslaughter, two misdemeanors, and a felony count of lying to Congress. BP also agreed to four years of government monitoring of its safety practices and ethics, and the Environmental Protection Agency announced that BP would be temporarily banned from new contracts with the US government. BP and the Department of Justice agreed to a record-setting $4.525 billion in fines and other payments. , cleanup costs, charges and penalties had cost the company more than $65 billion.

[5] asqa_ab0947761ffcefd1: Petroleum industry in Nigeria. The history of oil exploration in Nigeria dates back to 1903 when Nigerian Bitumen Corporation conducted exploratory work in the country, at the onset of World War I the firm's operation were stopped. Due to the lack of technological and financial resources by small oil companies, large oil companies took over the exploration of commercial oil in the country. Thereafter, licenses were given to D'Arcy Exploration Company and Whitehall Petroleum but neither company found oil of commercial value and they returned their licenses in 1923. A new license covering was given to Shell D'arcy Petroleum Development Company of Nigeria, a consortium of Shell and British Petroleum (then known as Anglo-Iranian). The company began exploratory work in 1937. The consortium was granted license to explore oil all over the territory of Nigeria but the acreage allotted to the company in the original license was reduced in 1951 and then between 1955 and 1957. Drilling activities started in 1951 with the first test well drilled in Owerri area. Oil was discovered in non-commercial quantities at Akata, near Eket in 1953. Prior to the Akata find, the company had spent around 6 million pounds on exploratory activities in the country. Shell-BP in the pursuit of commercially available petroleum found oil in Oloibiri, Nigeria in 1956. Other important oil wells discovered during the period were Afam and Bomu in Ogoni territory. Production of crude oil began in 1957 and in 1960, a total of 847,000 tonnes of crude oil was exported. Towards the end of the 1950s, non-British firms were granted license to explore for oil: Mobil in 1955, Tenneco in 1960, Gulf Oil and later Chevron in 1961, Agip in 1962, and Elf in 1962. Prior to the discovery of oil, Nigeria (like many other African countries) strongly relied on agricultural exports to other countries to supply their economy. Many Nigerians thought the developers were looking for palm oil. But after nearly 50 years searching for oil in the country, Shell-BP discovered the oil at Oloibiri in the Niger Delta. The first oil field began production in 1958.

[6] asqa_ca013bead8c9f191: Dream of the Rood. In section one, the narrator has a vision of the Cross. Initially when the dreamer sees the Cross, he notes how it is covered with gems. He is aware of how wretched he is compared to how glorious the tree is. However, he comes to see that amidst the beautiful stones it is stained with blood.[2]

[7] asqa_85ffd9843af095e1: How to Train Your Dragon (film). How to Train Your Dragon is a 2010 American computer-animated action fantasy film loosely based on the 2003 book of the same name by Cressida Cowell, produced by DreamWorks Animation and distributed by Paramount Pictures.

[8] asqa_c65e68ed3bb5180c: How to Train Your Dragon (film). Additionally, Icelandic singer Jónsi wrote and performed the song ""Sticks & Stones"" for the film.

[9] asqa_a1e14d5756deb022: Bellagio (resort). Bellagio opened on October 15, 1998, just before 11 pm, in a ceremony that was reported to cost US$88 million.

[10] asqa_4408fb1921946fe0: Petroleum industry in Nigeria. Crude oil from the Niger delta basin comes in two types: light, and comparatively heavy – the lighter around 36 gravity and the heavier, 20–25 gravity.",0.285714,0.2,0.780589,1386,,,
asqa_19_systemc,asqa_19,asqa,ASQA,asqa_124,System C,Adaptive-k,How much did the deepwater horizon oil spill cost bp?,"The Deepwater Horizon oil spill was an industrial disaster that began on 20 April 2010, in the Gulf of Mexico on the BP-operated Macondo Prospect. BP and the United States Department of Justice agreed to a record-setting $4.525 billion in fines and other payments. Cleanup costs, charges and penalties had cost the company more than $65 billion. In September 2014, a U.S. District Court judge ruled that BP was primarily responsible for the oil spill because of its gross negligence and reckless conduct. In July 2015, BP agreed to pay $18.7 billion in fines, the largest corporate settlement in United States history.","The cost of the Deepwater Horizon oil spill to BP is reported to be at least $54 billion (Document 3) and more than $65 billion (Document 4). Therefore, the answer is more than $65 billion, as Document 4 provides a more recent and higher estimate.","[""asqa_0338af85a2bf2f6e"", ""asqa_4cff614d659583e1"", ""asqa_9aa9c1a79b338e78"", ""asqa_87658d4203733705"", ""asqa_ab0947761ffcefd1"", ""asqa_ca013bead8c9f191"", ""asqa_85ffd9843af095e1"", ""asqa_c65e68ed3bb5180c"", ""asqa_a1e14d5756deb022""]","[1] asqa_0338af85a2bf2f6e: Deepwater Horizon oil spill. The Deepwater Horizon oil spill was an industrial disaster that began on 20 April 2010, in the Gulf of Mexico on the BP-operated Macondo Prospect,[6][7][8][9] considered to be the largest marine oil spill in the history of the petroleum industry and estimated to be 8 to 31 percent larger in volume than the previous largest, the Ixtoc I oil spill, also in the Gulf of Mexico.

[2] asqa_4cff614d659583e1: Deepwater Horizon oil spill. In September 2014, a U.S. District Court judge ruled that BP was primarily responsible for the oil spill because of its gross negligence and reckless conduct. In July 2015, BP agreed to pay $18.7 billion in fines, the largest corporate settlement in United States history.

[3] asqa_9aa9c1a79b338e78: Deepwater Horizon oil spill. On 2 July 2015, BP, the U.S. Justice Department and five gulf states announced that the company agreed to pay a record settlement of $18.7 billion. To date BP's cost for the clean-up, environmental and economic damages and penalties has reached $54 billion.

[4] asqa_87658d4203733705: Deepwater Horizon oil spill. In November 2012, BP and the United States Department of Justice settled federal criminal charges, with BP pleading guilty to 11 counts of manslaughter, two misdemeanors, and a felony count of lying to Congress. BP also agreed to four years of government monitoring of its safety practices and ethics, and the Environmental Protection Agency announced that BP would be temporarily banned from new contracts with the US government. BP and the Department of Justice agreed to a record-setting $4.525 billion in fines and other payments. , cleanup costs, charges and penalties had cost the company more than $65 billion.

[5] asqa_ab0947761ffcefd1: Petroleum industry in Nigeria. The history of oil exploration in Nigeria dates back to 1903 when Nigerian Bitumen Corporation conducted exploratory work in the country, at the onset of World War I the firm's operation were stopped. Due to the lack of technological and financial resources by small oil companies, large oil companies took over the exploration of commercial oil in the country. Thereafter, licenses were given to D'Arcy Exploration Company and Whitehall Petroleum but neither company found oil of commercial value and they returned their licenses in 1923. A new license covering was given to Shell D'arcy Petroleum Development Company of Nigeria, a consortium of Shell and British Petroleum (then known as Anglo-Iranian). The company began exploratory work in 1937. The consortium was granted license to explore oil all over the territory of Nigeria but the acreage allotted to the company in the original license was reduced in 1951 and then between 1955 and 1957. Drilling activities started in 1951 with the first test well drilled in Owerri area. Oil was discovered in non-commercial quantities at Akata, near Eket in 1953. Prior to the Akata find, the company had spent around 6 million pounds on exploratory activities in the country. Shell-BP in the pursuit of commercially available petroleum found oil in Oloibiri, Nigeria in 1956. Other important oil wells discovered during the period were Afam and Bomu in Ogoni territory. Production of crude oil began in 1957 and in 1960, a total of 847,000 tonnes of crude oil was exported. Towards the end of the 1950s, non-British firms were granted license to explore for oil: Mobil in 1955, Tenneco in 1960, Gulf Oil and later Chevron in 1961, Agip in 1962, and Elf in 1962. Prior to the discovery of oil, Nigeria (like many other African countries) strongly relied on agricultural exports to other countries to supply their economy. Many Nigerians thought the developers were looking for palm oil. But after nearly 50 years searching for oil in the country, Shell-BP discovered the oil at Oloibiri in the Niger Delta. The first oil field began production in 1958.

[6] asqa_ca013bead8c9f191: Dream of the Rood. In section one, the narrator has a vision of the Cross. Initially when the dreamer sees the Cross, he notes how it is covered with gems. He is aware of how wretched he is compared to how glorious the tree is. However, he comes to see that amidst the beautiful stones it is stained with blood.[2]

[7] asqa_85ffd9843af095e1: How to Train Your Dragon (film). How to Train Your Dragon is a 2010 American computer-animated action fantasy film loosely based on the 2003 book of the same name by Cressida Cowell, produced by DreamWorks Animation and distributed by Paramount Pictures.

[8] asqa_c65e68ed3bb5180c: How to Train Your Dragon (film). Additionally, Icelandic singer Jónsi wrote and performed the song ""Sticks & Stones"" for the film.

[9] asqa_a1e14d5756deb022: Bellagio (resort). Bellagio opened on October 15, 1998, just before 11 pm, in a ceremony that was reported to cost US$88 million.",0.289474,0.213333,0.786057,1328,,,
asqa_20_systema,asqa_20,asqa,ASQA,asqa_107,System A,TACER,Who inspired the title of a raisin in the sun?,"A Raisin in the Sun is a 1959 play by playwright Lorraine Hansberry. The title of the play was inspired by the poem called ""Harlem"" (also known as ""A Dream Deferred"") by American poet Langston Hughes. The story tells of a black family's experiences in south Chicago, as they attempt to improve their financial circumstances with an insurance payout following the death of their father.","The title ""A Raisin in the Sun"" was inspired by the poem ""Harlem"" (also known as ""A Dream Deferred"") by Langston Hughes.","[""asqa_8a7484dffe966521"", ""asqa_d37861249fc8fd06"", ""asqa_e490b5472c0820ef""]","[1] asqa_8a7484dffe966521: A Raisin in the Sun. A Raisin in the Sun is a play by Lorraine Hansberry that debuted on Broadway in 1959. The title comes from the poem ""Harlem"" (also known as ""A Dream Deferred"") by Langston Hughes. The story tells of a black family's experiences in south Chicago, as they attempt to improve their financial circumstances with an insurance payout following the death of the father. The New York Drama Critics' Circle named it the best play of 1959.

[2] asqa_d37861249fc8fd06: Daytime. Around the poles, which coincide with the rotational axis of Earth as it passes through the surface, the seasonal variations in the length of daytime are extreme. In fact, within 23.44° latitude of the poles, there will be at least some days each year during which the sun never goes below the horizon. There will also be days when the Sun never rises above the horizon. This number will be fewer, but close to the number of days in the summer where the sun doesn't set (for example the sunrise is usually a few days before the spring equinox and extends a few days past the fall equinox). This phenomenon of more daylight than night is not unique to the poles. In fact, at any given time slightly more than half of the earth is in daylight. The 24 hours of summer daylight is known as the midnight sun that is famous in some northern countries. To the north, the Arctic Circle marks this 23.44° boundary. To the south, the Antarctic Circle marks the boundary. These boundaries correspond to 66.56° north or south latitude, respectively. Because the Sun's disc itself is about half a degree in diameter and is very bright, truly dark days during which the sun never seems to rise are only seen beyond 72° north or south latitude.

[3] asqa_e490b5472c0820ef: Flag of Michigan. The state coat of arms depicts a blue shield, upon which the sun rises over a lake and peninsula, and a man with a raised hand representing peace and holding a long gun representing the fight for state and nation as a frontier state.[3]",0.5,0.36,0.842335,437,,,
asqa_20_systemb,asqa_20,asqa,ASQA,asqa_107,System B,Adaptive-k,Who inspired the title of a raisin in the sun?,"A Raisin in the Sun is a 1959 play by playwright Lorraine Hansberry. The title of the play was inspired by the poem called ""Harlem"" (also known as ""A Dream Deferred"") by American poet Langston Hughes. The story tells of a black family's experiences in south Chicago, as they attempt to improve their financial circumstances with an insurance payout following the death of their father.","The title of ""A Raisin in the Sun"" was inspired by Langston Hughes, specifically his poem ""Harlem"" (also known as ""A Dream Deferred"").","[""asqa_8a7484dffe966521"", ""asqa_d37861249fc8fd06"", ""asqa_e490b5472c0820ef"", ""asqa_e16ec56020681aa5"", ""asqa_be3e5b65cb6a8050"", ""asqa_67c79bd987618b14""]","[1] asqa_8a7484dffe966521: A Raisin in the Sun. A Raisin in the Sun is a play by Lorraine Hansberry that debuted on Broadway in 1959. The title comes from the poem ""Harlem"" (also known as ""A Dream Deferred"") by Langston Hughes. The story tells of a black family's experiences in south Chicago, as they attempt to improve their financial circumstances with an insurance payout following the death of the father. The New York Drama Critics' Circle named it the best play of 1959.

[2] asqa_d37861249fc8fd06: Daytime. Around the poles, which coincide with the rotational axis of Earth as it passes through the surface, the seasonal variations in the length of daytime are extreme. In fact, within 23.44° latitude of the poles, there will be at least some days each year during which the sun never goes below the horizon. There will also be days when the Sun never rises above the horizon. This number will be fewer, but close to the number of days in the summer where the sun doesn't set (for example the sunrise is usually a few days before the spring equinox and extends a few days past the fall equinox). This phenomenon of more daylight than night is not unique to the poles. In fact, at any given time slightly more than half of the earth is in daylight. The 24 hours of summer daylight is known as the midnight sun that is famous in some northern countries. To the north, the Arctic Circle marks this 23.44° boundary. To the south, the Antarctic Circle marks the boundary. These boundaries correspond to 66.56° north or south latitude, respectively. Because the Sun's disc itself is about half a degree in diameter and is very bright, truly dark days during which the sun never seems to rise are only seen beyond 72° north or south latitude.

[3] asqa_e490b5472c0820ef: Flag of Michigan. The state coat of arms depicts a blue shield, upon which the sun rises over a lake and peninsula, and a man with a raised hand representing peace and holding a long gun representing the fight for state and nation as a frontier state.[3]

[4] asqa_e16ec56020681aa5: Roy Halladay's perfect game. On May 29, 2010, Roy Halladay of the Philadelphia Phillies pitched the twentieth perfect game in Major League Baseball history, against the Florida Marlins in Sun Life Stadium.

[5] asqa_be3e5b65cb6a8050: The Theory and Practice of Oligarchical Collectivism. In the novel, the book is read by the protagonist, Winston Smith who recalls that ""There were ... whispered stories of a terrible book, a compendium of all the heresies, of which Goldstein was the author, and which circulated clandestinely here and there. It was a book without a title. People referred to it, if at all, simply as The Book.""

[6] asqa_67c79bd987618b14: The Theory and Practice of Oligarchical Collectivism. The Theory and Practice of Oligarchical Collectivism is a fictional book in George Orwell's dystopian novel ""Nineteen Eighty-Four"" (1949). The book was supposedly written by Emmanuel Goldstein, the principal enemy of the state of Oceania's ruling party. The Party portrays Goldstein as a member of the Inner Party who continually conspired to depose Big Brother and overthrow the government. In the novel, the book is read by the protagonist, Winston Smith who recalls that ""There were ... whispered stories of a terrible book, a compendium of all the heresies, of which Goldstein was the author, and which circulated clandestinely here and there. It was a book without a title. People referred to it, if at all, simply as The Book.""",0.47191,0.38,0.808946,956,,,
asqa_20_systemc,asqa_20,asqa,ASQA,asqa_107,System C,Fixed Top-10,Who inspired the title of a raisin in the sun?,"A Raisin in the Sun is a 1959 play by playwright Lorraine Hansberry. The title of the play was inspired by the poem called ""Harlem"" (also known as ""A Dream Deferred"") by American poet Langston Hughes. The story tells of a black family's experiences in south Chicago, as they attempt to improve their financial circumstances with an insurance payout following the death of their father.","The title of ""A Raisin in the Sun"" was inspired by Langston Hughes, specifically his poem ""Harlem"" (also known as ""A Dream Deferred""). This information is found in Document 1.","[""asqa_8a7484dffe966521"", ""asqa_d37861249fc8fd06"", ""asqa_e490b5472c0820ef"", ""asqa_e16ec56020681aa5"", ""asqa_be3e5b65cb6a8050"", ""asqa_67c79bd987618b14"", ""asqa_71ee6677a48ee750"", ""asqa_6fa015a613f13fc5"", ""asqa_d56965545c19a6bc"", ""asqa_37aae82d34f7e924""]","[1] asqa_8a7484dffe966521: A Raisin in the Sun. A Raisin in the Sun is a play by Lorraine Hansberry that debuted on Broadway in 1959. The title comes from the poem ""Harlem"" (also known as ""A Dream Deferred"") by Langston Hughes. The story tells of a black family's experiences in south Chicago, as they attempt to improve their financial circumstances with an insurance payout following the death of the father. The New York Drama Critics' Circle named it the best play of 1959.

[2] asqa_d37861249fc8fd06: Daytime. Around the poles, which coincide with the rotational axis of Earth as it passes through the surface, the seasonal variations in the length of daytime are extreme. In fact, within 23.44° latitude of the poles, there will be at least some days each year during which the sun never goes below the horizon. There will also be days when the Sun never rises above the horizon. This number will be fewer, but close to the number of days in the summer where the sun doesn't set (for example the sunrise is usually a few days before the spring equinox and extends a few days past the fall equinox). This phenomenon of more daylight than night is not unique to the poles. In fact, at any given time slightly more than half of the earth is in daylight. The 24 hours of summer daylight is known as the midnight sun that is famous in some northern countries. To the north, the Arctic Circle marks this 23.44° boundary. To the south, the Antarctic Circle marks the boundary. These boundaries correspond to 66.56° north or south latitude, respectively. Because the Sun's disc itself is about half a degree in diameter and is very bright, truly dark days during which the sun never seems to rise are only seen beyond 72° north or south latitude.

[3] asqa_e490b5472c0820ef: Flag of Michigan. The state coat of arms depicts a blue shield, upon which the sun rises over a lake and peninsula, and a man with a raised hand representing peace and holding a long gun representing the fight for state and nation as a frontier state.[3]

[4] asqa_e16ec56020681aa5: Roy Halladay's perfect game. On May 29, 2010, Roy Halladay of the Philadelphia Phillies pitched the twentieth perfect game in Major League Baseball history, against the Florida Marlins in Sun Life Stadium.

[5] asqa_be3e5b65cb6a8050: The Theory and Practice of Oligarchical Collectivism. In the novel, the book is read by the protagonist, Winston Smith who recalls that ""There were ... whispered stories of a terrible book, a compendium of all the heresies, of which Goldstein was the author, and which circulated clandestinely here and there. It was a book without a title. People referred to it, if at all, simply as The Book.""

[6] asqa_67c79bd987618b14: The Theory and Practice of Oligarchical Collectivism. The Theory and Practice of Oligarchical Collectivism is a fictional book in George Orwell's dystopian novel ""Nineteen Eighty-Four"" (1949). The book was supposedly written by Emmanuel Goldstein, the principal enemy of the state of Oceania's ruling party. The Party portrays Goldstein as a member of the Inner Party who continually conspired to depose Big Brother and overthrow the government. In the novel, the book is read by the protagonist, Winston Smith who recalls that ""There were ... whispered stories of a terrible book, a compendium of all the heresies, of which Goldstein was the author, and which circulated clandestinely here and there. It was a book without a title. People referred to it, if at all, simply as The Book.""

[7] asqa_71ee6677a48ee750: Delta of Venus (film). It is inspired by the posthumously published 1977 short story collection Delta of Venus by Anaïs Nin.

[8] asqa_6fa015a613f13fc5: Sounds of Silence. Sounds of Silence is the second studio album by Simon & Garfunkel, released on January 17, 1966. The album's title is a slight modification of the title of the duo's first major hit, ""The Sound of Silence"", which originally was released as ""The Sounds of Silence"". The song had earlier been released in an acoustic version on the album ""Wednesday Morning, 3 A.M."", and later on the soundtrack to the movie ""The Graduate"". Without the knowledge of Paul Simon or Art Garfunkel, electric guitars, bass and drums were overdubbed by Columbia Records staff producer Tom Wilson on June 15, 1965. This new version was released as a single in September 1965, and opens the album.

[9] asqa_d56965545c19a6bc: History of the United States Senate. Despite their past grievances with specific ruling British governments, many among the Founding Fathers of the United States who gathered for the Constitutional Convention had retained a great admiration for the British system of governance. Alexander Hamilton called it ""the best in the world,"" and said he ""doubted whether anything short of it would do in America."" In his ""Defense of the Constitutions of Government of the United States"", John Adams stated ""the English Constitution is, in theory, both for the adjustment of the balance and the prevention of its vibrations, the most stupendous fabric of human invention."" In general, they viewed the Senate to be an American version of House of Lords. John Dickinson said the Senate should ""consist of the most distinguished characters, distinguished for their rank in life and their weight of property, and bearing as strong a likeness to the British House of Lords as possible."" The Senate was also intended to give states with smaller populations equal standing with larger states, which are given more representation in the House.

[10] asqa_37aae82d34f7e924: List of French Open men's singles champions. American Jim Courier won consecutive titles in 1991 and 1992 before Spaniard Sergi Bruguera repeated the feat in 1993 and 1994. Gustavo Kuerten won three titles in 1997, 2000 and 2001. 2005 marked Rafael Nadal's first French Open; he won four consecutive titles from 2005 to 2008. Nadal was beaten in the round of 16 of the 2009 tournament by Robin Söderling who lost to Roger Federer in the final. Nadal regained the title in 2010 and defended his crowns in 2011, 2012, 2013, and 2014. In the 2015 event, he was knocked out in the quarter-finals by Novak Djokovic, who eventually lost in the final to Stan Wawrinka.",0.479167,0.4,0.834638,1620,,,
hotpotqa_01_systema,hotpotqa_01,hotpotqa,HotpotQA,5ae738f75542991bbc9761c4,System A,Fixed Top-10,What year was the brother of this first round draft pick by the Washington Redskins drafted?,2003,2003,"[""5ae738f75542991bbc9761c4::doc_2::Jeris White"", ""5ae738f75542991bbc9761c4::doc_3::Champ Bailey"", ""5ae738f75542991bbc9761c4::doc_8::Anthony Woodson"", ""5ae738f75542991bbc9761c4::doc_6::LaRon Landry"", ""5ae738f75542991bbc9761c4::doc_7::Ron Snidow"", ""5ae738f75542991bbc9761c4::doc_0::Tom Draper"", ""5ae738f75542991bbc9761c4::doc_9::Fred Hageman"", ""5a88658955429938390d3f47::doc_6::Conscription in the United States"", ""5ae738f75542991bbc9761c4::doc_5::Boss Bailey"", ""5ae738f75542991bbc9761c4::doc_1::Robin Cole""]","[1] 5ae738f75542991bbc9761c4::doc_2::Jeris White: Jeris White. Jeris Jerome White (born September 3, 1952) is a former professional American football cornerback in the National Football League (NFL) for nine seasons for the Miami Dolphins, Tampa Bay Buccaneers, and Washington Redskins.  He played football at Radford High School, Honolulu, Hawaii, and at the University of Hawaii.  He was drafted by Miami in the second round of the 1974 NFL Draft.  He is the first person from a Hawaii high and collegiate school to ever play in a Super Bowl.  White was a holdout when the Redskins opened the 1983 season, so Washington replaced him with its first-round draft pick Darrell Green.

[2] 5ae738f75542991bbc9761c4::doc_3::Champ Bailey: Champ Bailey. Roland ""Champ"" Bailey Jr. (born June 22, 1978) is a former American football cornerback in the National Football League (NFL).  He played college football for Georgia, where he earned consensus All-American honors, and was drafted by the Washington Redskins in the first round of the 1999 NFL Draft.  He is the brother of former NFL linebacker Boss Bailey.

[3] 5ae738f75542991bbc9761c4::doc_8::Anthony Woodson: Anthony Woodson. Anthony Woodson (born January 7, 1988) is a professional Canadian football running back for the Calgary Stampeders of the Canadian Football League.  He was drafted 29th overall by the Winnipeg Blue Bombers in the 2010 CFL Draft and played for parts of two seasons with the club.  On September 9, 2013, Woodson was traded to the Toronto Argonauts, along with a fifth round draft pick in 2014, in exchange for offensive lineman Marc Parenteau and a third round draft pick in 2014.  He signed with the Hamilton Tiger-Cats as a free agent on February 11, 2015 and spent two years with the team before signing with his hometown Stampeders on February 17, 2017.

[4] 5ae738f75542991bbc9761c4::doc_6::LaRon Landry: LaRon Landry. LaRon Louis Landry (born October 14, 1984) is a former American football safety.  He played college football for Louisiana State University (LSU), and earned consensus All-American honors.  The Washington Redskins drafted him with the sixth overall pick in the 2007 NFL Draft.  He also played for the New York Jets and Indianapolis Colts.

[5] 5ae738f75542991bbc9761c4::doc_7::Ron Snidow: Ron Snidow. Ronald Wayne Snidow (December 30, 1941 – May 17, 2009) was an American football defensive tackle in the National Football League for the Washington Redskins and the Cleveland Browns.  He attended San Rafael High School in California.  He played college football at the University of Oregon.  The Washington Redskins drafted Snidow in the third round of the 1963 NFL draft.  After five seasons with the Redskins, he was traded to the Cleveland Browns in exchange for a second round draft choice, just prior to the opening of the 1968 season.  Snidow was first-team All-Pro with the Browns in 1969.  He appeared in 126 career regular season games.  After suffering a broken leg while playing with the Browns, he retired at the end of the 1972 season, having played 10 years in the NFL.  After retiring from the NFL, Snidow worked as a commercial real estate broker in Southern California, until he retired.  In 2008, Snidow was diagnosed with Lou Gehrig's disease, which he died from a year later on May 17, 2009, while on a vacation cruise off the coast of Italy on the island of Elba.

[6] 5ae738f75542991bbc9761c4::doc_0::Tom Draper: Tom Draper. Thomas Edward Draper (nicknamed ""Drapes"" or in Finland ""Toppi"") (born November 20, 1966 in Outremont, Quebec) is a retired Canadian professional ice hockey goaltender.  He was chosen in the eighth round, 165th overall,and the 8th pick by the Winnipeg Jets in the 1985 NHL Entry Draft.  On February 28, 1991 the Jets traded Tom to the St. Louis Blues for future considerations.  Which on May 24, 1991 turned out being for Jim Vesey and in the same contract he was traded back to the Winnipeg Jets.  Then on June 22, 1991 the Buffalo Sabres acquired him from the Jets for the seventh round draft pick in the 1992 entry draft.  On September 30, 1993 the Sabres traded him to the New York Islanders for a seventh round draft pick, Steve Plouffe in the 1994 entry draft.  He then became a free agent and the Winnipeg Jets picked him up again on December 14, 1995.

[7] 5ae738f75542991bbc9761c4::doc_9::Fred Hageman: Fred Hageman. Fred John Hageman (born June 30, 1937 in Bunkie, Louisiana) is a former American football linebacker in the National Football League for the Washington Redskins.  He played college football at the University of Arkansas and University of Kansas, and was drafted in the 2nd round in 1959 by the Oakland Raiders but did not report and returned to Kansas to finish his undergraduate degree and play out his senior season where he was a 2 time All Big 8 selection as a center and middle linebacker.  He was a Tri-Captain and played in 4 post season games including the College All-Star game with numerous All Americans.  Was drafted in the 7th round of the 1960 NFL Draft by the New York Giants and was immediately traded to Washington for cash and a high draft pick.  He was the ""Tribe's"" defensive leader and starting middle linebacker upon reporting to camp.  He was a runner-up for Rookie of the Year as a middle linebacker and played more minutes than any other player in the NFL in 1961.  After his first stellar season, he was moved to starting Center where he played at an elite level.  He was traded to the Chicago Bears in 1965, where he was injured in a pre-season game.  Although urged to return by many, Fred returned to Kansas and earned his master's degree in Education.  He went on to a very successful business career.  The ""gentle giant"" at a huge 6 foot 5 and 255 pounds of solid muscle with world class speed, Fred was named as Kansas University's ""Center of the Century"" and was named to its first team ""All-Time KU Football Team"" along with the likes of Gayle Sayers, John Hadl and other NFL greats.  Known as ""Pappy"" to many, he led KU's team, to a #2 Ranking and a Big 8 Championship in 1960.  Some believe the teams he led in 1959 and 1960, along with John Hadl, were the best in KU's history.  Fred was enshrined in the Batesville, Arkansas Area Sports Hall of Fame in 1992.  He was the first All-State Athlete at Batesville, H.S.

[8] 5a88658955429938390d3f47::doc_6::Conscription in the United States: Conscription in the United States. Conscription in the United States, commonly known as the draft, has been employed by the federal government of the United States in four conflicts: the American Civil War, World War I, World War II, and the Cold War (including both the Korean and Vietnam Wars).  The third incarnation of the draft came into being in 1940 through the Selective Training and Service Act.  It was the country's first peacetime draft.  From 1940 until 1973, during both peacetime and periods of conflict, men were drafted to fill vacancies in the United States Armed Forces that could not be filled through voluntary means.  The draft was ended when the United States Armed Forces moved to an all-volunteer military force.  However, the Selective Service System remains in place as a contingency plan; all male civilians between the ages of 18 and 25 are required to register so that a draft can be readily resumed if needed.

[9] 5ae738f75542991bbc9761c4::doc_5::Boss Bailey: Boss Bailey. Rodney ""Boss"" Bailey (born October 14, 1979) is a former American football linebacker who played in the National Football League.  He was originally drafted by the Detroit Lions in the second round of the 2003 NFL Draft.  He played college football at the University of Georgia.  He is the brother of former NFL cornerback Champ Bailey.

[10] 5ae738f75542991bbc9761c4::doc_1::Robin Cole: Robin Cole. Robin Cole, a former professional American football player, was born September 11, 1955 in Compton, California.  He was the seventh of ten children born to Obediah and Georgia Mae Cole.  He attended high school at Compton High, graduating in 1973.  He furthered his education at the University of New Mexico where he became an All American and the first person to be a first round draft pick out of the University.  He was drafted by the Pittsburgh Steelers, the 21st pick in the first round of the draft.  At Pittsburgh, he was a part of the Steel Curtain defense, replacing Andy Russell as right outside linebacker.  He played linebacker and defensive end for twelve seasons for the Pittsburgh Steelers.  He played in two Super Bowls - Super Bowl XIII and Super Bowl XIV.  Mr. Cole was in the starting lineup in Super Bowl XIV in 1980 and was elected to the Pro Bowl in 1984.  He was runner up for MVP in Super Bowl XIV.  He played one season, 1988, with the New York Jets.",1.0,1.0,1.0,2357,,,
hotpotqa_01_systemb,hotpotqa_01,hotpotqa,HotpotQA,5ae738f75542991bbc9761c4,System B,TACER,What year was the brother of this first round draft pick by the Washington Redskins drafted?,2003,2003,"[""5ae738f75542991bbc9761c4::doc_2::Jeris White"", ""5ae738f75542991bbc9761c4::doc_3::Champ Bailey"", ""5ae738f75542991bbc9761c4::doc_8::Anthony Woodson"", ""5ae738f75542991bbc9761c4::doc_6::LaRon Landry"", ""5ae738f75542991bbc9761c4::doc_7::Ron Snidow"", ""5ae738f75542991bbc9761c4::doc_0::Tom Draper"", ""5ae738f75542991bbc9761c4::doc_9::Fred Hageman"", ""5a88658955429938390d3f47::doc_6::Conscription in the United States"", ""5ae738f75542991bbc9761c4::doc_5::Boss Bailey"", ""5ae738f75542991bbc9761c4::doc_1::Robin Cole""]","[1] 5ae738f75542991bbc9761c4::doc_2::Jeris White: Jeris White. Jeris Jerome White (born September 3, 1952) is a former professional American football cornerback in the National Football League (NFL) for nine seasons for the Miami Dolphins, Tampa Bay Buccaneers, and Washington Redskins.  He played football at Radford High School, Honolulu, Hawaii, and at the University of Hawaii.  He was drafted by Miami in the second round of the 1974 NFL Draft.  He is the first person from a Hawaii high and collegiate school to ever play in a Super Bowl.  White was a holdout when the Redskins opened the 1983 season, so Washington replaced him with its first-round draft pick Darrell Green.

[2] 5ae738f75542991bbc9761c4::doc_3::Champ Bailey: Champ Bailey. Roland ""Champ"" Bailey Jr. (born June 22, 1978) is a former American football cornerback in the National Football League (NFL).  He played college football for Georgia, where he earned consensus All-American honors, and was drafted by the Washington Redskins in the first round of the 1999 NFL Draft.  He is the brother of former NFL linebacker Boss Bailey.

[3] 5ae738f75542991bbc9761c4::doc_8::Anthony Woodson: Anthony Woodson. Anthony Woodson (born January 7, 1988) is a professional Canadian football running back for the Calgary Stampeders of the Canadian Football League.  He was drafted 29th overall by the Winnipeg Blue Bombers in the 2010 CFL Draft and played for parts of two seasons with the club.  On September 9, 2013, Woodson was traded to the Toronto Argonauts, along with a fifth round draft pick in 2014, in exchange for offensive lineman Marc Parenteau and a third round draft pick in 2014.  He signed with the Hamilton Tiger-Cats as a free agent on February 11, 2015 and spent two years with the team before signing with his hometown Stampeders on February 17, 2017.

[4] 5ae738f75542991bbc9761c4::doc_6::LaRon Landry: LaRon Landry. LaRon Louis Landry (born October 14, 1984) is a former American football safety.  He played college football for Louisiana State University (LSU), and earned consensus All-American honors.  The Washington Redskins drafted him with the sixth overall pick in the 2007 NFL Draft.  He also played for the New York Jets and Indianapolis Colts.

[5] 5ae738f75542991bbc9761c4::doc_7::Ron Snidow: Ron Snidow. Ronald Wayne Snidow (December 30, 1941 – May 17, 2009) was an American football defensive tackle in the National Football League for the Washington Redskins and the Cleveland Browns.  He attended San Rafael High School in California.  He played college football at the University of Oregon.  The Washington Redskins drafted Snidow in the third round of the 1963 NFL draft.  After five seasons with the Redskins, he was traded to the Cleveland Browns in exchange for a second round draft choice, just prior to the opening of the 1968 season.  Snidow was first-team All-Pro with the Browns in 1969.  He appeared in 126 career regular season games.  After suffering a broken leg while playing with the Browns, he retired at the end of the 1972 season, having played 10 years in the NFL.  After retiring from the NFL, Snidow worked as a commercial real estate broker in Southern California, until he retired.  In 2008, Snidow was diagnosed with Lou Gehrig's disease, which he died from a year later on May 17, 2009, while on a vacation cruise off the coast of Italy on the island of Elba.

[6] 5ae738f75542991bbc9761c4::doc_0::Tom Draper: Tom Draper. Thomas Edward Draper (nicknamed ""Drapes"" or in Finland ""Toppi"") (born November 20, 1966 in Outremont, Quebec) is a retired Canadian professional ice hockey goaltender.  He was chosen in the eighth round, 165th overall,and the 8th pick by the Winnipeg Jets in the 1985 NHL Entry Draft.  On February 28, 1991 the Jets traded Tom to the St. Louis Blues for future considerations.  Which on May 24, 1991 turned out being for Jim Vesey and in the same contract he was traded back to the Winnipeg Jets.  Then on June 22, 1991 the Buffalo Sabres acquired him from the Jets for the seventh round draft pick in the 1992 entry draft.  On September 30, 1993 the Sabres traded him to the New York Islanders for a seventh round draft pick, Steve Plouffe in the 1994 entry draft.  He then became a free agent and the Winnipeg Jets picked him up again on December 14, 1995.

[7] 5ae738f75542991bbc9761c4::doc_9::Fred Hageman: Fred Hageman. Fred John Hageman (born June 30, 1937 in Bunkie, Louisiana) is a former American football linebacker in the National Football League for the Washington Redskins.  He played college football at the University of Arkansas and University of Kansas, and was drafted in the 2nd round in 1959 by the Oakland Raiders but did not report and returned to Kansas to finish his undergraduate degree and play out his senior season where he was a 2 time All Big 8 selection as a center and middle linebacker.  He was a Tri-Captain and played in 4 post season games including the College All-Star game with numerous All Americans.  Was drafted in the 7th round of the 1960 NFL Draft by the New York Giants and was immediately traded to Washington for cash and a high draft pick.  He was the ""Tribe's"" defensive leader and starting middle linebacker upon reporting to camp.  He was a runner-up for Rookie of the Year as a middle linebacker and played more minutes than any other player in the NFL in 1961.  After his first stellar season, he was moved to starting Center where he played at an elite level.  He was traded to the Chicago Bears in 1965, where he was injured in a pre-season game.  Although urged to return by many, Fred returned to Kansas and earned his master's degree in Education.  He went on to a very successful business career.  The ""gentle giant"" at a huge 6 foot 5 and 255 pounds of solid muscle with world class speed, Fred was named as Kansas University's ""Center of the Century"" and was named to its first team ""All-Time KU Football Team"" along with the likes of Gayle Sayers, John Hadl and other NFL greats.  Known as ""Pappy"" to many, he led KU's team, to a #2 Ranking and a Big 8 Championship in 1960.  Some believe the teams he led in 1959 and 1960, along with John Hadl, were the best in KU's history.  Fred was enshrined in the Batesville, Arkansas Area Sports Hall of Fame in 1992.  He was the first All-State Athlete at Batesville, H.S.

[8] 5a88658955429938390d3f47::doc_6::Conscription in the United States: Conscription in the United States. Conscription in the United States, commonly known as the draft, has been employed by the federal government of the United States in four conflicts: the American Civil War, World War I, World War II, and the Cold War (including both the Korean and Vietnam Wars).  The third incarnation of the draft came into being in 1940 through the Selective Training and Service Act.  It was the country's first peacetime draft.  From 1940 until 1973, during both peacetime and periods of conflict, men were drafted to fill vacancies in the United States Armed Forces that could not be filled through voluntary means.  The draft was ended when the United States Armed Forces moved to an all-volunteer military force.  However, the Selective Service System remains in place as a contingency plan; all male civilians between the ages of 18 and 25 are required to register so that a draft can be readily resumed if needed.

[9] 5ae738f75542991bbc9761c4::doc_5::Boss Bailey: Boss Bailey. Rodney ""Boss"" Bailey (born October 14, 1979) is a former American football linebacker who played in the National Football League.  He was originally drafted by the Detroit Lions in the second round of the 2003 NFL Draft.  He played college football at the University of Georgia.  He is the brother of former NFL cornerback Champ Bailey.

[10] 5ae738f75542991bbc9761c4::doc_1::Robin Cole: Robin Cole. Robin Cole, a former professional American football player, was born September 11, 1955 in Compton, California.  He was the seventh of ten children born to Obediah and Georgia Mae Cole.  He attended high school at Compton High, graduating in 1973.  He furthered his education at the University of New Mexico where he became an All American and the first person to be a first round draft pick out of the University.  He was drafted by the Pittsburgh Steelers, the 21st pick in the first round of the draft.  At Pittsburgh, he was a part of the Steel Curtain defense, replacing Andy Russell as right outside linebacker.  He played linebacker and defensive end for twelve seasons for the Pittsburgh Steelers.  He played in two Super Bowls - Super Bowl XIII and Super Bowl XIV.  Mr. Cole was in the starting lineup in Super Bowl XIV in 1980 and was elected to the Pro Bowl in 1984.  He was runner up for MVP in Super Bowl XIV.  He played one season, 1988, with the New York Jets.",1.0,1.0,1.0,1133,,,
hotpotqa_01_systemc,hotpotqa_01,hotpotqa,HotpotQA,5ae738f75542991bbc9761c4,System C,Adaptive-k,What year was the brother of this first round draft pick by the Washington Redskins drafted?,2003,1999,"[""5ae738f75542991bbc9761c4::doc_2::Jeris White"", ""5ae738f75542991bbc9761c4::doc_3::Champ Bailey"", ""5ae738f75542991bbc9761c4::doc_8::Anthony Woodson"", ""5ae738f75542991bbc9761c4::doc_6::LaRon Landry"", ""5ae738f75542991bbc9761c4::doc_7::Ron Snidow"", ""5ae738f75542991bbc9761c4::doc_0::Tom Draper""]","[1] 5ae738f75542991bbc9761c4::doc_2::Jeris White: Jeris White. Jeris Jerome White (born September 3, 1952) is a former professional American football cornerback in the National Football League (NFL) for nine seasons for the Miami Dolphins, Tampa Bay Buccaneers, and Washington Redskins.  He played football at Radford High School, Honolulu, Hawaii, and at the University of Hawaii.  He was drafted by Miami in the second round of the 1974 NFL Draft.  He is the first person from a Hawaii high and collegiate school to ever play in a Super Bowl.  White was a holdout when the Redskins opened the 1983 season, so Washington replaced him with its first-round draft pick Darrell Green.

[2] 5ae738f75542991bbc9761c4::doc_3::Champ Bailey: Champ Bailey. Roland ""Champ"" Bailey Jr. (born June 22, 1978) is a former American football cornerback in the National Football League (NFL).  He played college football for Georgia, where he earned consensus All-American honors, and was drafted by the Washington Redskins in the first round of the 1999 NFL Draft.  He is the brother of former NFL linebacker Boss Bailey.

[3] 5ae738f75542991bbc9761c4::doc_8::Anthony Woodson: Anthony Woodson. Anthony Woodson (born January 7, 1988) is a professional Canadian football running back for the Calgary Stampeders of the Canadian Football League.  He was drafted 29th overall by the Winnipeg Blue Bombers in the 2010 CFL Draft and played for parts of two seasons with the club.  On September 9, 2013, Woodson was traded to the Toronto Argonauts, along with a fifth round draft pick in 2014, in exchange for offensive lineman Marc Parenteau and a third round draft pick in 2014.  He signed with the Hamilton Tiger-Cats as a free agent on February 11, 2015 and spent two years with the team before signing with his hometown Stampeders on February 17, 2017.

[4] 5ae738f75542991bbc9761c4::doc_6::LaRon Landry: LaRon Landry. LaRon Louis Landry (born October 14, 1984) is a former American football safety.  He played college football for Louisiana State University (LSU), and earned consensus All-American honors.  The Washington Redskins drafted him with the sixth overall pick in the 2007 NFL Draft.  He also played for the New York Jets and Indianapolis Colts.

[5] 5ae738f75542991bbc9761c4::doc_7::Ron Snidow: Ron Snidow. Ronald Wayne Snidow (December 30, 1941 – May 17, 2009) was an American football defensive tackle in the National Football League for the Washington Redskins and the Cleveland Browns.  He attended San Rafael High School in California.  He played college football at the University of Oregon.  The Washington Redskins drafted Snidow in the third round of the 1963 NFL draft.  After five seasons with the Redskins, he was traded to the Cleveland Browns in exchange for a second round draft choice, just prior to the opening of the 1968 season.  Snidow was first-team All-Pro with the Browns in 1969.  He appeared in 126 career regular season games.  After suffering a broken leg while playing with the Browns, he retired at the end of the 1972 season, having played 10 years in the NFL.  After retiring from the NFL, Snidow worked as a commercial real estate broker in Southern California, until he retired.  In 2008, Snidow was diagnosed with Lou Gehrig's disease, which he died from a year later on May 17, 2009, while on a vacation cruise off the coast of Italy on the island of Elba.

[6] 5ae738f75542991bbc9761c4::doc_0::Tom Draper: Tom Draper. Thomas Edward Draper (nicknamed ""Drapes"" or in Finland ""Toppi"") (born November 20, 1966 in Outremont, Quebec) is a retired Canadian professional ice hockey goaltender.  He was chosen in the eighth round, 165th overall,and the 8th pick by the Winnipeg Jets in the 1985 NHL Entry Draft.  On February 28, 1991 the Jets traded Tom to the St. Louis Blues for future considerations.  Which on May 24, 1991 turned out being for Jim Vesey and in the same contract he was traded back to the Winnipeg Jets.  Then on June 22, 1991 the Buffalo Sabres acquired him from the Jets for the seventh round draft pick in the 1992 entry draft.  On September 30, 1993 the Sabres traded him to the New York Islanders for a seventh round draft pick, Steve Plouffe in the 1994 entry draft.  He then became a free agent and the Winnipeg Jets picked him up again on December 14, 1995.",0.0,0.0,0.696763,1264,,,
hotpotqa_02_systema,hotpotqa_02,hotpotqa,HotpotQA,5ae5736e5542990ba0bbb2b3,System A,Adaptive-k,"When was the American lawyer, lobbyist and political consultant who was a senior member of the presidential campaign of Donald Trump born?","April 1, 1949",insufficient evidence,"[""5ae5736e5542990ba0bbb2b3::doc_6::Donald Trump presidential campaign, 2000"", ""5ae5736e5542990ba0bbb2b3::doc_3::Donald Trump in music"", ""5ae5736e5542990ba0bbb2b3::doc_1::Donald Trump (Last Week Tonight)"", ""5ae5736e5542990ba0bbb2b3::doc_4::Trump campaign–Russian meeting"", ""5ae5736e5542990ba0bbb2b3::doc_8::David Urban"", ""5ae5736e5542990ba0bbb2b3::doc_9::Immigration policy of Donald Trump""]","[1] 5ae5736e5542990ba0bbb2b3::doc_6::Donald Trump presidential campaign, 2000: Donald Trump presidential campaign, 2000. Donald Trump's presidential campaign of 2000 for the nomination of the Reform Party began when real estate magnate Donald Trump of New York announced the creation of a presidential exploratory committee on the October 7, 1999 edition of ""Larry King Live"".  Though Trump had never held elected office, he was well known for his frequent comments on public affairs and business exploits as head of The Trump Organization.  He had previously considered a presidential run in 1988 as a Republican, but chose not to run.  For 2000, Minnesota Governor Jesse Ventura persuaded Trump to seek the presidential nomination of the Reform Party, which was fracturing despite achieving ballot access and qualifying for matching funds as a result of the 1996 presidential campaign of businessman Ross Perot.  Trump's entrance into the Reform Party race coincided with that of paleoconservative commentator Pat Buchanan, whom Trump attacked throughout the campaign as a ""Hitler-lover.""

[2] 5ae5736e5542990ba0bbb2b3::doc_3::Donald Trump in music: Donald Trump in music. Donald Trump in music refers to songs, albums and bands that refer to Donald Trump and his various brands, including Trump Tower, his TV show, his hotel chain, and his casinos.  Though recent songs refer to Trump's campaign and subsequent election as president of the United States, more than 200 songs refer to Trump prior to his successful presidential campaign between 1989 and 2013.  With his victory in the 2016 presidential election, Trump's prominence in hip-hop music has been liked to that of Ronald Reagan's in hardcore punk during the 1980s.

[3] 5ae5736e5542990ba0bbb2b3::doc_1::Donald Trump (Last Week Tonight): Donald Trump (Last Week Tonight). ""Donald Trump"" is a segment of the HBO news satire television series ""Last Week Tonight with John Oliver"" devoted to Donald Trump, who later became the President of the United States.  It first aired on February 28, 2016, as part of the third episode of ""Last Week Tonight""'s third season, when Trump was the frontrunner for the Republican Party nomination for the presidency.  During the 22-minute segment, comedian John Oliver discusses Trump's 2016 presidential campaign and his career in business, outlining his campaign rhetoric, varying political positions and failed business ventures.  He also says the Trump family name was changed at one point from the ancestral name ""Drumpf"".

[4] 5ae5736e5542990ba0bbb2b3::doc_4::Trump campaign–Russian meeting: Trump campaign–Russian meeting. On June 9, 2016, a meeting was held in Trump Tower in New York City between three senior members of the presidential campaign of Donald TrumpDonald Trump Jr., Jared Kushner, and Paul Manafortand at least five other people, including Russian lawyer Natalia Veselnitskaya.  The meeting was arranged by publicist and long-time Trump acquantiance, Rob Goldstone on behalf of his client, singer-songwriter Emin Agalarov.  It was disclosed to U.S. government officials when Kushner filed a revised version of his security clearance form.

[5] 5ae5736e5542990ba0bbb2b3::doc_8::David Urban: David Urban. David Urban (born c. 1964) is an American lobbyist, political operative, and political commentator who worked on the 2016 Donald Trump presidential campaign, helping to orchestrate the 2016 Republican National Convention and serving as a senior advisor in the successful effort to win Pennsylvania.  In November 2016, it was reported that Urban was being considered as the next chair of the Republican National Committee, as well as the White House Deputy Chief of Staff, and in May 2017, it was reported that Trump was considering Urban to replace Reince Priebus as White House Chief of Staff.

[6] 5ae5736e5542990ba0bbb2b3::doc_9::Immigration policy of Donald Trump: Immigration policy of Donald Trump. Illegal immigration was a signature issue of U.S. President Donald Trump's presidential campaign, and his proposed reforms and remarks about this issue generated much publicity.  A hallmark promise of his campaign was to build a substantial wall on the United States-Mexico border.  Trump has also expressed support for a variety of ""limits on legal immigration and guest-worker visas"", including a ""pause"" on granting green cards, which Trump says will ""allow record immigration levels to subside to more moderate historical averages"".  Trump's proposals regarding H-1B visas frequently changed throughout his presidential campaign, but as of late July 2016, he appeared to oppose the H-1B visa program.  Trump has questioned official estimates of the number of illegal immigrants in the United States (between 11 and 12 million), insisting the number is much higher (between 30 and 34 million).",0.0,0.0,0.017202,1239,,,
hotpotqa_02_systemb,hotpotqa_02,hotpotqa,HotpotQA,5ae5736e5542990ba0bbb2b3,System B,Fixed Top-10,"When was the American lawyer, lobbyist and political consultant who was a senior member of the presidential campaign of Donald Trump born?","April 1, 1949","April 1, 1949","[""5ae5736e5542990ba0bbb2b3::doc_6::Donald Trump presidential campaign, 2000"", ""5ae5736e5542990ba0bbb2b3::doc_3::Donald Trump in music"", ""5ae5736e5542990ba0bbb2b3::doc_1::Donald Trump (Last Week Tonight)"", ""5ae5736e5542990ba0bbb2b3::doc_4::Trump campaign–Russian meeting"", ""5ae5736e5542990ba0bbb2b3::doc_8::David Urban"", ""5ae5736e5542990ba0bbb2b3::doc_9::Immigration policy of Donald Trump"", ""5ae5736e5542990ba0bbb2b3::doc_5::Protests against Donald Trump"", ""5ae5736e5542990ba0bbb2b3::doc_2::Brad Parscale"", ""5ae5736e5542990ba0bbb2b3::doc_0::Paul Manafort"", ""5ae5736e5542990ba0bbb2b3::doc_7::Tony Fabrizio""]","[1] 5ae5736e5542990ba0bbb2b3::doc_6::Donald Trump presidential campaign, 2000: Donald Trump presidential campaign, 2000. Donald Trump's presidential campaign of 2000 for the nomination of the Reform Party began when real estate magnate Donald Trump of New York announced the creation of a presidential exploratory committee on the October 7, 1999 edition of ""Larry King Live"".  Though Trump had never held elected office, he was well known for his frequent comments on public affairs and business exploits as head of The Trump Organization.  He had previously considered a presidential run in 1988 as a Republican, but chose not to run.  For 2000, Minnesota Governor Jesse Ventura persuaded Trump to seek the presidential nomination of the Reform Party, which was fracturing despite achieving ballot access and qualifying for matching funds as a result of the 1996 presidential campaign of businessman Ross Perot.  Trump's entrance into the Reform Party race coincided with that of paleoconservative commentator Pat Buchanan, whom Trump attacked throughout the campaign as a ""Hitler-lover.""

[2] 5ae5736e5542990ba0bbb2b3::doc_3::Donald Trump in music: Donald Trump in music. Donald Trump in music refers to songs, albums and bands that refer to Donald Trump and his various brands, including Trump Tower, his TV show, his hotel chain, and his casinos.  Though recent songs refer to Trump's campaign and subsequent election as president of the United States, more than 200 songs refer to Trump prior to his successful presidential campaign between 1989 and 2013.  With his victory in the 2016 presidential election, Trump's prominence in hip-hop music has been liked to that of Ronald Reagan's in hardcore punk during the 1980s.

[3] 5ae5736e5542990ba0bbb2b3::doc_1::Donald Trump (Last Week Tonight): Donald Trump (Last Week Tonight). ""Donald Trump"" is a segment of the HBO news satire television series ""Last Week Tonight with John Oliver"" devoted to Donald Trump, who later became the President of the United States.  It first aired on February 28, 2016, as part of the third episode of ""Last Week Tonight""'s third season, when Trump was the frontrunner for the Republican Party nomination for the presidency.  During the 22-minute segment, comedian John Oliver discusses Trump's 2016 presidential campaign and his career in business, outlining his campaign rhetoric, varying political positions and failed business ventures.  He also says the Trump family name was changed at one point from the ancestral name ""Drumpf"".

[4] 5ae5736e5542990ba0bbb2b3::doc_4::Trump campaign–Russian meeting: Trump campaign–Russian meeting. On June 9, 2016, a meeting was held in Trump Tower in New York City between three senior members of the presidential campaign of Donald TrumpDonald Trump Jr., Jared Kushner, and Paul Manafortand at least five other people, including Russian lawyer Natalia Veselnitskaya.  The meeting was arranged by publicist and long-time Trump acquantiance, Rob Goldstone on behalf of his client, singer-songwriter Emin Agalarov.  It was disclosed to U.S. government officials when Kushner filed a revised version of his security clearance form.

[5] 5ae5736e5542990ba0bbb2b3::doc_8::David Urban: David Urban. David Urban (born c. 1964) is an American lobbyist, political operative, and political commentator who worked on the 2016 Donald Trump presidential campaign, helping to orchestrate the 2016 Republican National Convention and serving as a senior advisor in the successful effort to win Pennsylvania.  In November 2016, it was reported that Urban was being considered as the next chair of the Republican National Committee, as well as the White House Deputy Chief of Staff, and in May 2017, it was reported that Trump was considering Urban to replace Reince Priebus as White House Chief of Staff.

[6] 5ae5736e5542990ba0bbb2b3::doc_9::Immigration policy of Donald Trump: Immigration policy of Donald Trump. Illegal immigration was a signature issue of U.S. President Donald Trump's presidential campaign, and his proposed reforms and remarks about this issue generated much publicity.  A hallmark promise of his campaign was to build a substantial wall on the United States-Mexico border.  Trump has also expressed support for a variety of ""limits on legal immigration and guest-worker visas"", including a ""pause"" on granting green cards, which Trump says will ""allow record immigration levels to subside to more moderate historical averages"".  Trump's proposals regarding H-1B visas frequently changed throughout his presidential campaign, but as of late July 2016, he appeared to oppose the H-1B visa program.  Trump has questioned official estimates of the number of illegal immigrants in the United States (between 11 and 12 million), insisting the number is much higher (between 30 and 34 million).

[7] 5ae5736e5542990ba0bbb2b3::doc_5::Protests against Donald Trump: Protests against Donald Trump. Protests against Donald Trump, or anti-Trump protests, have occurred both in the United States and elsewhere since Donald Trump's entry into the 2016 presidential campaign.  Protests have expressed opposition to Trump's campaign rhetoric, his electoral win, his inauguration and various presidential actions.  Some protests have taken the form of walk-outs, business closures, petitions and, especially since Trump's inauguration, rallies, demonstrations or marches.  While most protests have been peaceful, some protesters have destroyed property, and attacked Trump supporters.

[8] 5ae5736e5542990ba0bbb2b3::doc_2::Brad Parscale: Brad Parscale. Brad Parscale (born January 3, 1976) is an American digital media and political strategist.  He served as the digital media director for Donald Trump's 2016 presidential campaign.  Parscale began working for the Trump Organization in 2011, developing and designing websites, and creating and managing digital media strategies.  In early 2015, Trump hired Parscale and his firm, Giles-Parscale, to create a website for his exploratory campaign.  When Trump declared himself a Republican candidate in 2015, one of the first people he called was Parscale, asking him to update his exploratory campaign site into a ""full-fledged presidential campaign website.""  Throughout the Republican primary, Parscale was responsible for the Donald J. Trump for President website, as well as for digital media strategy and online fundraising campaigns.  In June 2016, Parscale was officially named digital media director for the Donald J. Trump for President campaign, overseeing all aspects of digital media and online fundraising, as well as traditional media strategy, like radio and television placements.  In January 2017, Parscale, along with another senior Trump aide, Nick Ayers, formally launched America First Policies, a non-profit organization that promotes President Trump's agenda and White House initiatives.

[9] 5ae5736e5542990ba0bbb2b3::doc_0::Paul Manafort: Paul Manafort. Paul John Manafort Jr. (born April 1, 1949) is an American lawyer, lobbyist and political consultant.  He joined Donald Trump's presidential campaign team in March 2016 and served as campaign manager from June to August 2016.  He was previously an adviser to the U.S. presidential campaigns of Republicans Gerald Ford, Ronald Reagan, George H. W. Bush, and Bob Dole.  In 1980 Manafort co-founded the Washington, D.C.-based lobbying firm Black, Manafort & Stone, along with principals Charles R. Black Jr., and Roger J. Stone.  In 1984 it was renamed Black, Manafort, Stone and Kelly (BMSK) & associates, after Peter G. Kelly was recruited.

[10] 5ae5736e5542990ba0bbb2b3::doc_7::Tony Fabrizio: Tony Fabrizio. Anthony Fabrizio (born 1960) is an American Republican pollster and strategist.  He is the principal in Fabrizio, Lee & Associates, and was the pollster for Donald Trump's fall 2016 Presidential campaign, former Senator Bob Dole's 1996 Presidential campaign, U.S. Senator Rand Paul's U.S. Senate and 2016 Presidential campaign, and former Governor Rick Perry's 2012 Presidential campaign, among others.  He also served as a pollster for the U.S. Chamber of Commerce in the 2014 midterm elections.",1.0,1.0,1.0,2017,,,
hotpotqa_02_systemc,hotpotqa_02,hotpotqa,HotpotQA,5ae5736e5542990ba0bbb2b3,System C,TACER,"When was the American lawyer, lobbyist and political consultant who was a senior member of the presidential campaign of Donald Trump born?","April 1, 1949","April 1, 1949","[""5ae5736e5542990ba0bbb2b3::doc_6::Donald Trump presidential campaign, 2000"", ""5ae5736e5542990ba0bbb2b3::doc_3::Donald Trump in music"", ""5ae5736e5542990ba0bbb2b3::doc_1::Donald Trump (Last Week Tonight)"", ""5ae5736e5542990ba0bbb2b3::doc_4::Trump campaign–Russian meeting"", ""5ae5736e5542990ba0bbb2b3::doc_8::David Urban"", ""5ae5736e5542990ba0bbb2b3::doc_9::Immigration policy of Donald Trump"", ""5ae5736e5542990ba0bbb2b3::doc_5::Protests against Donald Trump"", ""5ae5736e5542990ba0bbb2b3::doc_2::Brad Parscale"", ""5ae5736e5542990ba0bbb2b3::doc_0::Paul Manafort"", ""5ae5736e5542990ba0bbb2b3::doc_7::Tony Fabrizio""]","[1] 5ae5736e5542990ba0bbb2b3::doc_6::Donald Trump presidential campaign, 2000: Donald Trump presidential campaign, 2000. Donald Trump's presidential campaign of 2000 for the nomination of the Reform Party began when real estate magnate Donald Trump of New York announced the creation of a presidential exploratory committee on the October 7, 1999 edition of ""Larry King Live"".  Though Trump had never held elected office, he was well known for his frequent comments on public affairs and business exploits as head of The Trump Organization.  He had previously considered a presidential run in 1988 as a Republican, but chose not to run.  For 2000, Minnesota Governor Jesse Ventura persuaded Trump to seek the presidential nomination of the Reform Party, which was fracturing despite achieving ballot access and qualifying for matching funds as a result of the 1996 presidential campaign of businessman Ross Perot.  Trump's entrance into the Reform Party race coincided with that of paleoconservative commentator Pat Buchanan, whom Trump attacked throughout the campaign as a ""Hitler-lover.""

[2] 5ae5736e5542990ba0bbb2b3::doc_3::Donald Trump in music: Donald Trump in music. Donald Trump in music refers to songs, albums and bands that refer to Donald Trump and his various brands, including Trump Tower, his TV show, his hotel chain, and his casinos.  Though recent songs refer to Trump's campaign and subsequent election as president of the United States, more than 200 songs refer to Trump prior to his successful presidential campaign between 1989 and 2013.  With his victory in the 2016 presidential election, Trump's prominence in hip-hop music has been liked to that of Ronald Reagan's in hardcore punk during the 1980s.

[3] 5ae5736e5542990ba0bbb2b3::doc_1::Donald Trump (Last Week Tonight): Donald Trump (Last Week Tonight). ""Donald Trump"" is a segment of the HBO news satire television series ""Last Week Tonight with John Oliver"" devoted to Donald Trump, who later became the President of the United States.  It first aired on February 28, 2016, as part of the third episode of ""Last Week Tonight""'s third season, when Trump was the frontrunner for the Republican Party nomination for the presidency.  During the 22-minute segment, comedian John Oliver discusses Trump's 2016 presidential campaign and his career in business, outlining his campaign rhetoric, varying political positions and failed business ventures.  He also says the Trump family name was changed at one point from the ancestral name ""Drumpf"".

[4] 5ae5736e5542990ba0bbb2b3::doc_4::Trump campaign–Russian meeting: Trump campaign–Russian meeting. On June 9, 2016, a meeting was held in Trump Tower in New York City between three senior members of the presidential campaign of Donald TrumpDonald Trump Jr., Jared Kushner, and Paul Manafortand at least five other people, including Russian lawyer Natalia Veselnitskaya.  The meeting was arranged by publicist and long-time Trump acquantiance, Rob Goldstone on behalf of his client, singer-songwriter Emin Agalarov.  It was disclosed to U.S. government officials when Kushner filed a revised version of his security clearance form.

[5] 5ae5736e5542990ba0bbb2b3::doc_8::David Urban: David Urban. David Urban (born c. 1964) is an American lobbyist, political operative, and political commentator who worked on the 2016 Donald Trump presidential campaign, helping to orchestrate the 2016 Republican National Convention and serving as a senior advisor in the successful effort to win Pennsylvania.  In November 2016, it was reported that Urban was being considered as the next chair of the Republican National Committee, as well as the White House Deputy Chief of Staff, and in May 2017, it was reported that Trump was considering Urban to replace Reince Priebus as White House Chief of Staff.

[6] 5ae5736e5542990ba0bbb2b3::doc_9::Immigration policy of Donald Trump: Immigration policy of Donald Trump. Illegal immigration was a signature issue of U.S. President Donald Trump's presidential campaign, and his proposed reforms and remarks about this issue generated much publicity.  A hallmark promise of his campaign was to build a substantial wall on the United States-Mexico border.  Trump has also expressed support for a variety of ""limits on legal immigration and guest-worker visas"", including a ""pause"" on granting green cards, which Trump says will ""allow record immigration levels to subside to more moderate historical averages"".  Trump's proposals regarding H-1B visas frequently changed throughout his presidential campaign, but as of late July 2016, he appeared to oppose the H-1B visa program.  Trump has questioned official estimates of the number of illegal immigrants in the United States (between 11 and 12 million), insisting the number is much higher (between 30 and 34 million).

[7] 5ae5736e5542990ba0bbb2b3::doc_5::Protests against Donald Trump: Protests against Donald Trump. Protests against Donald Trump, or anti-Trump protests, have occurred both in the United States and elsewhere since Donald Trump's entry into the 2016 presidential campaign.  Protests have expressed opposition to Trump's campaign rhetoric, his electoral win, his inauguration and various presidential actions.  Some protests have taken the form of walk-outs, business closures, petitions and, especially since Trump's inauguration, rallies, demonstrations or marches.  While most protests have been peaceful, some protesters have destroyed property, and attacked Trump supporters.

[8] 5ae5736e5542990ba0bbb2b3::doc_2::Brad Parscale: Brad Parscale. Brad Parscale (born January 3, 1976) is an American digital media and political strategist.  He served as the digital media director for Donald Trump's 2016 presidential campaign.  Parscale began working for the Trump Organization in 2011, developing and designing websites, and creating and managing digital media strategies.  In early 2015, Trump hired Parscale and his firm, Giles-Parscale, to create a website for his exploratory campaign.  When Trump declared himself a Republican candidate in 2015, one of the first people he called was Parscale, asking him to update his exploratory campaign site into a ""full-fledged presidential campaign website.""  Throughout the Republican primary, Parscale was responsible for the Donald J. Trump for President website, as well as for digital media strategy and online fundraising campaigns.  In June 2016, Parscale was officially named digital media director for the Donald J. Trump for President campaign, overseeing all aspects of digital media and online fundraising, as well as traditional media strategy, like radio and television placements.  In January 2017, Parscale, along with another senior Trump aide, Nick Ayers, formally launched America First Policies, a non-profit organization that promotes President Trump's agenda and White House initiatives.

[9] 5ae5736e5542990ba0bbb2b3::doc_0::Paul Manafort: Paul Manafort. Paul John Manafort Jr. (born April 1, 1949) is an American lawyer, lobbyist and political consultant.  He joined Donald Trump's presidential campaign team in March 2016 and served as campaign manager from June to August 2016.  He was previously an adviser to the U.S. presidential campaigns of Republicans Gerald Ford, Ronald Reagan, George H. W. Bush, and Bob Dole.  In 1980 Manafort co-founded the Washington, D.C.-based lobbying firm Black, Manafort & Stone, along with principals Charles R. Black Jr., and Roger J. Stone.  In 1984 it was renamed Black, Manafort, Stone and Kelly (BMSK) & associates, after Peter G. Kelly was recruited.

[10] 5ae5736e5542990ba0bbb2b3::doc_7::Tony Fabrizio: Tony Fabrizio. Anthony Fabrizio (born 1960) is an American Republican pollster and strategist.  He is the principal in Fabrizio, Lee & Associates, and was the pollster for Donald Trump's fall 2016 Presidential campaign, former Senator Bob Dole's 1996 Presidential campaign, U.S. Senator Rand Paul's U.S. Senate and 2016 Presidential campaign, and former Governor Rick Perry's 2012 Presidential campaign, among others.  He also served as a pollster for the U.S. Chamber of Commerce in the 2014 midterm elections.",1.0,1.0,1.0,1154,,,
hotpotqa_03_systema,hotpotqa_03,hotpotqa,HotpotQA,5a8979f4554299669944a52e,System A,Adaptive-k,What is the middle name of the actress who plays Bobbi Bacha in Suburban Madness?,Ann,insufficient evidence,"[""5a8979f4554299669944a52e::doc_2::Suburban Madness"", ""5a8979f4554299669944a52e::doc_6::Bobbi Bacha"", ""5a8979f4554299669944a52e::doc_9::Middle name"", ""5a8979f4554299669944a52e::doc_0::Barend"", ""5a8979f4554299669944a52e::doc_3::Latvian name"", ""5a77152355429966f1a36c2e::doc_9::What Are Little Girls Made Of?"", ""5a8979f4554299669944a52e::doc_8::Chris Funk""]","[1] 5a8979f4554299669944a52e::doc_2::Suburban Madness: Suburban Madness. Suburban Madness is an American crime drama television film, based on a true story, starring Sela Ward as PI Bobbi Bacha of Blue Moon Investigations.  It aired on CBS on October 3, 2004.

[2] 5a8979f4554299669944a52e::doc_6::Bobbi Bacha: Bobbi Bacha. Bobbi Bacha is a Texas Private Investigator portrayed in 2004 TV Sony Pictures Movie ""Suburban Madness"" played by actress Sela Ward.  Bobbi Bacha also was involved and worked on the case of New York millionaire Robert Durst who was charged with murder in Galveston, Texas for killing his neighbor Morris Black but was found not guilty by a Galveston County Jury.

[3] 5a8979f4554299669944a52e::doc_9::Middle name: Middle name. In several cultures, people's names usually include one or more names in addition to the portion that is usually considered adequate to identify them.  In a number of cultures where a given name is expected to precede the surname, such a name is likely to be placed after the given name and before the surname, and thus called a middle name.  In English-speaking American culture, that term is often applied (arguably mistakenly) to names, occupying that position, even if the bearer would insist that that name is being mistakenly called a ""middle name"", and is actually (to mention several types of atypical cases):

[4] 5a8979f4554299669944a52e::doc_0::Barend: Barend. Barend or (somewhat dated spelling) Barent is a Dutch male given name and occasional middle name.  As of 2014, there are over than 4,000 men in the Netherlands with this as their first name, and nearly 3,000 with it as their middle name.  It was likely derived from Bernard.  Notable people with the name include:

[5] 5a8979f4554299669944a52e::doc_3::Latvian name: Latvian name. Latvian names, like in most European cultures, consist of two main elements: the given name (""vārds"") followed by family name (""uzvārds"").  During the Soviet occupation (1940 - 1991) the practice of giving a middle name was discouraged, but since the restoration of Independence Latvian legislation again allows giving of up to two given names and it has become more common to give a middle name to children.

[6] 5a77152355429966f1a36c2e::doc_9::What Are Little Girls Made Of?: What Are Little Girls Made Of?. ""What Are Little Girls Made Of?""  is episode seven of the of the American science fiction television series, """".  It was first broadcast October 20, 1966, and repeated, two months later, on December 22, the first episode of the series to be repeated on NBC.  It was written by Robert Bloch and directed by James Goldstone.  The title of the episode is taken from the fourth line of the 19th century nursery rhyme, ""What Are Little Boys Made Of? .""

[7] 5a8979f4554299669944a52e::doc_8::Chris Funk: Chris Funk. Christopher Funk is an American musician and multi-instrumentalist best known as a member of the Portland, Oregon, indie rock band The Decemberists.  He plays guitar, pedal steel, piano, violin, dobro, hurdy-gurdy, mandolin, saxophone, the theremin and many other instruments.  According to Colin Meloy, as stated at the Pilgrimage Festival in Franklin, TN on September 27, 2015, Funk was originally given the middle name ""Ryman"" but a clerical error on his birth certificate resulted in his middle name being recorded as ""Lyman.""",0.0,0.0,0.077269,1027,,,
hotpotqa_03_systemb,hotpotqa_03,hotpotqa,HotpotQA,5a8979f4554299669944a52e,System B,Fixed Top-10,What is the middle name of the actress who plays Bobbi Bacha in Suburban Madness?,Ann,Ann,"[""5a8979f4554299669944a52e::doc_2::Suburban Madness"", ""5a8979f4554299669944a52e::doc_6::Bobbi Bacha"", ""5a8979f4554299669944a52e::doc_9::Middle name"", ""5a8979f4554299669944a52e::doc_0::Barend"", ""5a8979f4554299669944a52e::doc_3::Latvian name"", ""5a77152355429966f1a36c2e::doc_9::What Are Little Girls Made Of?"", ""5a8979f4554299669944a52e::doc_8::Chris Funk"", ""5a80721b554299485f5985ef::doc_0::Livesey Hall War Memorial"", ""5a77152355429966f1a36c2e::doc_8::What Are Little Boys Made Of?"", ""5ab6ba245542995eadef007f::doc_3::As the Music Plays""]","[1] 5a8979f4554299669944a52e::doc_2::Suburban Madness: Suburban Madness. Suburban Madness is an American crime drama television film, based on a true story, starring Sela Ward as PI Bobbi Bacha of Blue Moon Investigations.  It aired on CBS on October 3, 2004.

[2] 5a8979f4554299669944a52e::doc_6::Bobbi Bacha: Bobbi Bacha. Bobbi Bacha is a Texas Private Investigator portrayed in 2004 TV Sony Pictures Movie ""Suburban Madness"" played by actress Sela Ward.  Bobbi Bacha also was involved and worked on the case of New York millionaire Robert Durst who was charged with murder in Galveston, Texas for killing his neighbor Morris Black but was found not guilty by a Galveston County Jury.

[3] 5a8979f4554299669944a52e::doc_9::Middle name: Middle name. In several cultures, people's names usually include one or more names in addition to the portion that is usually considered adequate to identify them.  In a number of cultures where a given name is expected to precede the surname, such a name is likely to be placed after the given name and before the surname, and thus called a middle name.  In English-speaking American culture, that term is often applied (arguably mistakenly) to names, occupying that position, even if the bearer would insist that that name is being mistakenly called a ""middle name"", and is actually (to mention several types of atypical cases):

[4] 5a8979f4554299669944a52e::doc_0::Barend: Barend. Barend or (somewhat dated spelling) Barent is a Dutch male given name and occasional middle name.  As of 2014, there are over than 4,000 men in the Netherlands with this as their first name, and nearly 3,000 with it as their middle name.  It was likely derived from Bernard.  Notable people with the name include:

[5] 5a8979f4554299669944a52e::doc_3::Latvian name: Latvian name. Latvian names, like in most European cultures, consist of two main elements: the given name (""vārds"") followed by family name (""uzvārds"").  During the Soviet occupation (1940 - 1991) the practice of giving a middle name was discouraged, but since the restoration of Independence Latvian legislation again allows giving of up to two given names and it has become more common to give a middle name to children.

[6] 5a77152355429966f1a36c2e::doc_9::What Are Little Girls Made Of?: What Are Little Girls Made Of?. ""What Are Little Girls Made Of?""  is episode seven of the of the American science fiction television series, """".  It was first broadcast October 20, 1966, and repeated, two months later, on December 22, the first episode of the series to be repeated on NBC.  It was written by Robert Bloch and directed by James Goldstone.  The title of the episode is taken from the fourth line of the 19th century nursery rhyme, ""What Are Little Boys Made Of? .""

[7] 5a8979f4554299669944a52e::doc_8::Chris Funk: Chris Funk. Christopher Funk is an American musician and multi-instrumentalist best known as a member of the Portland, Oregon, indie rock band The Decemberists.  He plays guitar, pedal steel, piano, violin, dobro, hurdy-gurdy, mandolin, saxophone, the theremin and many other instruments.  According to Colin Meloy, as stated at the Pilgrimage Festival in Franklin, TN on September 27, 2015, Funk was originally given the middle name ""Ryman"" but a clerical error on his birth certificate resulted in his middle name being recorded as ""Lyman.""

[8] 5a80721b554299485f5985ef::doc_0::Livesey Hall War Memorial: Livesey Hall War Memorial. The Livesey Hall War Memorial commemorates the fallen of World War I and World War II who had been employed by the South Suburban Gas Company of London.  It is also a tribute to those employees who served in the wars.  The monument was designed and executed by British sculptor Sydney March, of the March family of artists.

[9] 5a77152355429966f1a36c2e::doc_8::What Are Little Boys Made Of?: What Are Little Boys Made Of?. ""What Are Little Boys Made Of?""  is a popular nursery rhyme dating from the early 19th century.  It has a Roud Folk Song Index number of 821.

[10] 5ab6ba245542995eadef007f::doc_3::As the Music Plays: As the Music Plays. As The Music Plays is the debut album released by Pinoy rock band Bamboo following the return of Bamboo Mañalac in the Philippine music scene after 5 years of hiatus in the United States.  Bamboo immediately gained fame for the track ""Noypi"" which captivated the hearts of the youth and sparked patriotism in the Philippines.  This album contains 10 tracks, with 3 in Tagalog, namely: ""Noypi"", ""Hudas"", and ""Masaya"".",1.0,1.0,1.0,1336,,,
hotpotqa_03_systemc,hotpotqa_03,hotpotqa,HotpotQA,5a8979f4554299669944a52e,System C,TACER,What is the middle name of the actress who plays Bobbi Bacha in Suburban Madness?,Ann,Ann,"[""5a8979f4554299669944a52e::doc_2::Suburban Madness"", ""5a8979f4554299669944a52e::doc_6::Bobbi Bacha"", ""5a8979f4554299669944a52e::doc_9::Middle name"", ""5a8979f4554299669944a52e::doc_0::Barend"", ""5a8979f4554299669944a52e::doc_3::Latvian name"", ""5a77152355429966f1a36c2e::doc_9::What Are Little Girls Made Of?"", ""5a8979f4554299669944a52e::doc_8::Chris Funk"", ""5a80721b554299485f5985ef::doc_0::Livesey Hall War Memorial"", ""5a77152355429966f1a36c2e::doc_8::What Are Little Boys Made Of?"", ""5ab6ba245542995eadef007f::doc_3::As the Music Plays""]","[1] 5a8979f4554299669944a52e::doc_2::Suburban Madness: Suburban Madness. Suburban Madness is an American crime drama television film, based on a true story, starring Sela Ward as PI Bobbi Bacha of Blue Moon Investigations.  It aired on CBS on October 3, 2004.

[2] 5a8979f4554299669944a52e::doc_6::Bobbi Bacha: Bobbi Bacha. Bobbi Bacha is a Texas Private Investigator portrayed in 2004 TV Sony Pictures Movie ""Suburban Madness"" played by actress Sela Ward.  Bobbi Bacha also was involved and worked on the case of New York millionaire Robert Durst who was charged with murder in Galveston, Texas for killing his neighbor Morris Black but was found not guilty by a Galveston County Jury.

[3] 5a8979f4554299669944a52e::doc_9::Middle name: Middle name. In several cultures, people's names usually include one or more names in addition to the portion that is usually considered adequate to identify them.  In a number of cultures where a given name is expected to precede the surname, such a name is likely to be placed after the given name and before the surname, and thus called a middle name.  In English-speaking American culture, that term is often applied (arguably mistakenly) to names, occupying that position, even if the bearer would insist that that name is being mistakenly called a ""middle name"", and is actually (to mention several types of atypical cases):

[4] 5a8979f4554299669944a52e::doc_0::Barend: Barend. Barend or (somewhat dated spelling) Barent is a Dutch male given name and occasional middle name.  As of 2014, there are over than 4,000 men in the Netherlands with this as their first name, and nearly 3,000 with it as their middle name.  It was likely derived from Bernard.  Notable people with the name include:

[5] 5a8979f4554299669944a52e::doc_3::Latvian name: Latvian name. Latvian names, like in most European cultures, consist of two main elements: the given name (""vārds"") followed by family name (""uzvārds"").  During the Soviet occupation (1940 - 1991) the practice of giving a middle name was discouraged, but since the restoration of Independence Latvian legislation again allows giving of up to two given names and it has become more common to give a middle name to children.

[6] 5a77152355429966f1a36c2e::doc_9::What Are Little Girls Made Of?: What Are Little Girls Made Of?. ""What Are Little Girls Made Of?""  is episode seven of the of the American science fiction television series, """".  It was first broadcast October 20, 1966, and repeated, two months later, on December 22, the first episode of the series to be repeated on NBC.  It was written by Robert Bloch and directed by James Goldstone.  The title of the episode is taken from the fourth line of the 19th century nursery rhyme, ""What Are Little Boys Made Of? .""

[7] 5a8979f4554299669944a52e::doc_8::Chris Funk: Chris Funk. Christopher Funk is an American musician and multi-instrumentalist best known as a member of the Portland, Oregon, indie rock band The Decemberists.  He plays guitar, pedal steel, piano, violin, dobro, hurdy-gurdy, mandolin, saxophone, the theremin and many other instruments.  According to Colin Meloy, as stated at the Pilgrimage Festival in Franklin, TN on September 27, 2015, Funk was originally given the middle name ""Ryman"" but a clerical error on his birth certificate resulted in his middle name being recorded as ""Lyman.""

[8] 5a80721b554299485f5985ef::doc_0::Livesey Hall War Memorial: Livesey Hall War Memorial. The Livesey Hall War Memorial commemorates the fallen of World War I and World War II who had been employed by the South Suburban Gas Company of London.  It is also a tribute to those employees who served in the wars.  The monument was designed and executed by British sculptor Sydney March, of the March family of artists.

[9] 5a77152355429966f1a36c2e::doc_8::What Are Little Boys Made Of?: What Are Little Boys Made Of?. ""What Are Little Boys Made Of?""  is a popular nursery rhyme dating from the early 19th century.  It has a Roud Folk Song Index number of 821.

[10] 5ab6ba245542995eadef007f::doc_3::As the Music Plays: As the Music Plays. As The Music Plays is the debut album released by Pinoy rock band Bamboo following the return of Bamboo Mañalac in the Philippine music scene after 5 years of hiatus in the United States.  Bamboo immediately gained fame for the track ""Noypi"" which captivated the hearts of the youth and sparked patriotism in the Philippines.  This album contains 10 tracks, with 3 in Tagalog, namely: ""Noypi"", ""Hudas"", and ""Masaya"".",1.0,1.0,1.0,1182,,,
hotpotqa_04_systema,hotpotqa_04,hotpotqa,HotpotQA,5a80071f5542992bc0c4a684,System A,Adaptive-k,Alice David is the voice of Lara Croft in a video game developed by which company ?,Crystal Dynamics,insufficient evidence,"[""5a80071f5542992bc0c4a684::doc_9::Alice David"", ""5a80071f5542992bc0c4a684::doc_4::Lara Croft and the Temple of Osiris"", ""5a80071f5542992bc0c4a684::doc_2::Lara Croft Go"", ""5a80071f5542992bc0c4a684::doc_5::Lara Croft: Tomb Raider"", ""5a80071f5542992bc0c4a684::doc_8::Lara Croft"", ""5a80071f5542992bc0c4a684::doc_6::Lara Croft and the Guardian of Light"", ""5a80071f5542992bc0c4a684::doc_0::List of Tomb Raider media"", ""5a80071f5542992bc0c4a684::doc_3::Tomb Raider III"", ""5a80071f5542992bc0c4a684::doc_1::Tomb Raider"", ""5a80071f5542992bc0c4a684::doc_7::Tomb Raider (2013 video game)""]","[1] 5a80071f5542992bc0c4a684::doc_9::Alice David: Alice David. Alice David (born 22 March 1987) is a French actress, known for the television series ""Bref"" (2011) and the film ""Babysitting"" (2014).  She is the voice of the French dub of Lara Croft in the video game ""Tomb Raider"".

[2] 5a80071f5542992bc0c4a684::doc_4::Lara Croft and the Temple of Osiris: Lara Croft and the Temple of Osiris. Lara Croft and the Temple of Osiris is an action-adventure game developed by Crystal Dynamics and published by Square Enix for Microsoft Windows, PlayStation 4 and Xbox One.  It is the sequel to the 2010 video game ""Lara Croft and the Guardian of Light"", and the second instalment in ""Lara Croft"" spin-off series of the ""Tomb Raider"" franchise.  The video game was announced at E3 2014 on 9 June.  ""Temple of Osiris"" stars ""Tomb Raider"" mainstay protagonist Lara Croft, voiced by English actress Keeley Hawes.

[3] 5a80071f5542992bc0c4a684::doc_2::Lara Croft Go: Lara Croft Go. Lara Croft Go is a 2015 turn-based puzzle video game in the ""Tomb Raider"" series.  The player moves Lara Croft as a puzzle piece through a board game while avoiding obstacles and manipulating the environment.  The developers distilled major series motifs, such as boulder chases and reaction-based gameplay, to suit ""Lara Croft Go""'s time-independent gameplay.  Square Enix Montreal developed the game as a spiritual successor to its 2014 ""Hitman Go"", based on another Square Enix franchise.  The company released ""Lara Croft Go"" in August 2015 for Android, iOS, Windows, and Windows Phone devices.  A version for PlayStation 4 and PlayStation Vita was unveiled in November 2016.

[4] 5a80071f5542992bc0c4a684::doc_5::Lara Croft: Tomb Raider: Lara Croft: Tomb Raider. Lara Croft: Tomb Raider (also known as simply Tomb Raider) is a 2001 action-adventure film based on the popular ""Tomb Raider"" video game series featuring the character Lara Croft portrayed by Angelina Jolie.  An international co-production between the United States, the United Kingdom, Japan, and Germany, it was directed by Simon West and revolves around Lara Croft trying to obtain ancient artifacts from the enemy, the Illuminati.

[5] 5a80071f5542992bc0c4a684::doc_8::Lara Croft: Lara Croft. Lara Croft is a fictional character and the main protagonist of the Square Enix (previously Eidos Interactive) video game franchise ""Tomb Raider"".  She is presented as a highly intelligent, athletic, and beautiful English archaeologist-adventurer who ventures into ancient, hazardous tombs and ruins around the world.  Created by a team at UK developer Core Design that included Toby Gard, the character first appeared in the 1996 video game ""Tomb Raider"".  She has also appeared in video game sequels, printed adaptations, a series of animated short films, feature films (portrayed by Angelina Jolie, later by Alicia Vikander), and merchandise related to the series.  Official promotion of the character includes a brand of apparel and accessories, action figures, and model portrayals.  Croft has also been licensed for third-party promotion, including television and print advertisements, music-related appearances, and as a spokesmodel.  As of June 2016, Lara Croft has been featured on over 1,100 magazine covers surpassing any supermodel.

[6] 5a80071f5542992bc0c4a684::doc_6::Lara Croft and the Guardian of Light: Lara Croft and the Guardian of Light. Lara Croft and the Guardian of Light is an action-adventure game developed by Crystal Dynamics and published by Square Enix for Microsoft Windows, PlayStation 3, Xbox 360, Android and, iOS through digital distribution.  It is part of the ""Tomb Raider"" series, but unlike previous games, the game does not carry the ""Tomb Raider"" brand and has a heavy emphasis on cooperative gameplay.  In multiplayer, players take the role as either Lara Croft or a 2,000-year-old Mayan warrior named Totec.  They must work together in order to stop the evil spirit Xolotl and retrieve the Mirror of Smoke.  A single-player campaign mode is available that does not include the non-playable character AI following or helping Lara.

[7] 5a80071f5542992bc0c4a684::doc_0::List of Tomb Raider media: List of Tomb Raider media. Tomb Raider is a media franchise consisting of action-adventure games, comic books, novels, theme park rides, and movies, centring on the adventures of the female fictional British archaeologist Lara Croft.  Since the release of the original ""Tomb Raider"" in 1996, the series developed into a lucrative franchise of related media, and Lara went on to become a major icon of the video game industry.  The ""Guinness Book of World Records"" has recognised Lara Croft as the ""Most Successful Human Videogame Heroine"" in 2006.  Six games in the series were developed by Core Design, and the latest four by Crystal Dynamics.  All the games were first published by Eidos Interactive, now Eidos officially became part of Square Enix on 22 April 2009, meaning Square Enix owns the rights to the ""Tomb Raider"" trademark and characters of the franchise.  To date two movies, """" and """", have been produced starring American actress Angelina Jolie as Lara Croft.  A reboot was announced in 2016.

[8] 5a80071f5542992bc0c4a684::doc_3::Tomb Raider III: Tomb Raider III. Tomb Raider III: Adventures of Lara Croft, or simply Tomb Raider III, is an action-adventure video game developed by Core Design and published by Eidos Interactive.  It was originally released for the PlayStation and Microsoft Windows platforms in 1998.  ""Tomb Raider III"" is the third title in the ""Tomb Raider"" video game series and a sequel to ""Tomb Raider II"".  The story of the game follows archaeologist-adventurer Lara Croft as she embarks upon a quest to recover four pieces of a meteorite that are scattered across the world.  To progress through the game, the player must explore five locations (India, South Pacific, London, Nevada, and Antarctica) and complete a series of levels that involve solving puzzles, jumping over obstacles, and defeating enemies.

[9] 5a80071f5542992bc0c4a684::doc_1::Tomb Raider: Tomb Raider. Tomb Raider, also known as Lara Croft: Tomb Raider between 2001 and 2007, is a media franchise that originated with an action-adventure video game series created by British gaming company Core Design.  Formerly owned by Eidos Interactive, then by Square Enix after their acquisition of Eidos in 2009, the franchise focuses on a fictional English archaeologist Lara Croft, who travels around the world searching for lost artifacts and infiltrating dangerous tombs and ruins.  The gameplay generally focuses around action-adventure exploration of environments, solving puzzles, navigating hostile environments filled with traps, and fighting numerous enemies.  Additional media has grown up around the theme in the form of film adaptations, comics and novels.

[10] 5a80071f5542992bc0c4a684::doc_7::Tomb Raider (2013 video game): Tomb Raider (2013 video game). Tomb Raider is an action-adventure video game developed by Crystal Dynamics and published by Square Enix.  ""Tomb Raider"" is the tenth title in the ""Tomb Raider"" franchise, and operates as a reboot that reconstructs the origins of Lara Croft.  ""Tomb Raider"" was released on 5 March 2013 for Microsoft Windows, PlayStation 3 and Xbox 360, and on 23 January 2014 for OS X, and on 27 April 2016 for Linux.",0.0,0.0,0.0,1981,,,
hotpotqa_04_systemb,hotpotqa_04,hotpotqa,HotpotQA,5a80071f5542992bc0c4a684,System B,Fixed Top-10,Alice David is the voice of Lara Croft in a video game developed by which company ?,Crystal Dynamics,insufficient evidence,"[""5a80071f5542992bc0c4a684::doc_9::Alice David"", ""5a80071f5542992bc0c4a684::doc_4::Lara Croft and the Temple of Osiris"", ""5a80071f5542992bc0c4a684::doc_2::Lara Croft Go"", ""5a80071f5542992bc0c4a684::doc_5::Lara Croft: Tomb Raider"", ""5a80071f5542992bc0c4a684::doc_8::Lara Croft"", ""5a80071f5542992bc0c4a684::doc_6::Lara Croft and the Guardian of Light"", ""5a80071f5542992bc0c4a684::doc_0::List of Tomb Raider media"", ""5a80071f5542992bc0c4a684::doc_3::Tomb Raider III"", ""5a80071f5542992bc0c4a684::doc_1::Tomb Raider"", ""5a80071f5542992bc0c4a684::doc_7::Tomb Raider (2013 video game)""]","[1] 5a80071f5542992bc0c4a684::doc_9::Alice David: Alice David. Alice David (born 22 March 1987) is a French actress, known for the television series ""Bref"" (2011) and the film ""Babysitting"" (2014).  She is the voice of the French dub of Lara Croft in the video game ""Tomb Raider"".

[2] 5a80071f5542992bc0c4a684::doc_4::Lara Croft and the Temple of Osiris: Lara Croft and the Temple of Osiris. Lara Croft and the Temple of Osiris is an action-adventure game developed by Crystal Dynamics and published by Square Enix for Microsoft Windows, PlayStation 4 and Xbox One.  It is the sequel to the 2010 video game ""Lara Croft and the Guardian of Light"", and the second instalment in ""Lara Croft"" spin-off series of the ""Tomb Raider"" franchise.  The video game was announced at E3 2014 on 9 June.  ""Temple of Osiris"" stars ""Tomb Raider"" mainstay protagonist Lara Croft, voiced by English actress Keeley Hawes.

[3] 5a80071f5542992bc0c4a684::doc_2::Lara Croft Go: Lara Croft Go. Lara Croft Go is a 2015 turn-based puzzle video game in the ""Tomb Raider"" series.  The player moves Lara Croft as a puzzle piece through a board game while avoiding obstacles and manipulating the environment.  The developers distilled major series motifs, such as boulder chases and reaction-based gameplay, to suit ""Lara Croft Go""'s time-independent gameplay.  Square Enix Montreal developed the game as a spiritual successor to its 2014 ""Hitman Go"", based on another Square Enix franchise.  The company released ""Lara Croft Go"" in August 2015 for Android, iOS, Windows, and Windows Phone devices.  A version for PlayStation 4 and PlayStation Vita was unveiled in November 2016.

[4] 5a80071f5542992bc0c4a684::doc_5::Lara Croft: Tomb Raider: Lara Croft: Tomb Raider. Lara Croft: Tomb Raider (also known as simply Tomb Raider) is a 2001 action-adventure film based on the popular ""Tomb Raider"" video game series featuring the character Lara Croft portrayed by Angelina Jolie.  An international co-production between the United States, the United Kingdom, Japan, and Germany, it was directed by Simon West and revolves around Lara Croft trying to obtain ancient artifacts from the enemy, the Illuminati.

[5] 5a80071f5542992bc0c4a684::doc_8::Lara Croft: Lara Croft. Lara Croft is a fictional character and the main protagonist of the Square Enix (previously Eidos Interactive) video game franchise ""Tomb Raider"".  She is presented as a highly intelligent, athletic, and beautiful English archaeologist-adventurer who ventures into ancient, hazardous tombs and ruins around the world.  Created by a team at UK developer Core Design that included Toby Gard, the character first appeared in the 1996 video game ""Tomb Raider"".  She has also appeared in video game sequels, printed adaptations, a series of animated short films, feature films (portrayed by Angelina Jolie, later by Alicia Vikander), and merchandise related to the series.  Official promotion of the character includes a brand of apparel and accessories, action figures, and model portrayals.  Croft has also been licensed for third-party promotion, including television and print advertisements, music-related appearances, and as a spokesmodel.  As of June 2016, Lara Croft has been featured on over 1,100 magazine covers surpassing any supermodel.

[6] 5a80071f5542992bc0c4a684::doc_6::Lara Croft and the Guardian of Light: Lara Croft and the Guardian of Light. Lara Croft and the Guardian of Light is an action-adventure game developed by Crystal Dynamics and published by Square Enix for Microsoft Windows, PlayStation 3, Xbox 360, Android and, iOS through digital distribution.  It is part of the ""Tomb Raider"" series, but unlike previous games, the game does not carry the ""Tomb Raider"" brand and has a heavy emphasis on cooperative gameplay.  In multiplayer, players take the role as either Lara Croft or a 2,000-year-old Mayan warrior named Totec.  They must work together in order to stop the evil spirit Xolotl and retrieve the Mirror of Smoke.  A single-player campaign mode is available that does not include the non-playable character AI following or helping Lara.

[7] 5a80071f5542992bc0c4a684::doc_0::List of Tomb Raider media: List of Tomb Raider media. Tomb Raider is a media franchise consisting of action-adventure games, comic books, novels, theme park rides, and movies, centring on the adventures of the female fictional British archaeologist Lara Croft.  Since the release of the original ""Tomb Raider"" in 1996, the series developed into a lucrative franchise of related media, and Lara went on to become a major icon of the video game industry.  The ""Guinness Book of World Records"" has recognised Lara Croft as the ""Most Successful Human Videogame Heroine"" in 2006.  Six games in the series were developed by Core Design, and the latest four by Crystal Dynamics.  All the games were first published by Eidos Interactive, now Eidos officially became part of Square Enix on 22 April 2009, meaning Square Enix owns the rights to the ""Tomb Raider"" trademark and characters of the franchise.  To date two movies, """" and """", have been produced starring American actress Angelina Jolie as Lara Croft.  A reboot was announced in 2016.

[8] 5a80071f5542992bc0c4a684::doc_3::Tomb Raider III: Tomb Raider III. Tomb Raider III: Adventures of Lara Croft, or simply Tomb Raider III, is an action-adventure video game developed by Core Design and published by Eidos Interactive.  It was originally released for the PlayStation and Microsoft Windows platforms in 1998.  ""Tomb Raider III"" is the third title in the ""Tomb Raider"" video game series and a sequel to ""Tomb Raider II"".  The story of the game follows archaeologist-adventurer Lara Croft as she embarks upon a quest to recover four pieces of a meteorite that are scattered across the world.  To progress through the game, the player must explore five locations (India, South Pacific, London, Nevada, and Antarctica) and complete a series of levels that involve solving puzzles, jumping over obstacles, and defeating enemies.

[9] 5a80071f5542992bc0c4a684::doc_1::Tomb Raider: Tomb Raider. Tomb Raider, also known as Lara Croft: Tomb Raider between 2001 and 2007, is a media franchise that originated with an action-adventure video game series created by British gaming company Core Design.  Formerly owned by Eidos Interactive, then by Square Enix after their acquisition of Eidos in 2009, the franchise focuses on a fictional English archaeologist Lara Croft, who travels around the world searching for lost artifacts and infiltrating dangerous tombs and ruins.  The gameplay generally focuses around action-adventure exploration of environments, solving puzzles, navigating hostile environments filled with traps, and fighting numerous enemies.  Additional media has grown up around the theme in the form of film adaptations, comics and novels.

[10] 5a80071f5542992bc0c4a684::doc_7::Tomb Raider (2013 video game): Tomb Raider (2013 video game). Tomb Raider is an action-adventure video game developed by Crystal Dynamics and published by Square Enix.  ""Tomb Raider"" is the tenth title in the ""Tomb Raider"" franchise, and operates as a reboot that reconstructs the origins of Lara Croft.  ""Tomb Raider"" was released on 5 March 2013 for Microsoft Windows, PlayStation 3 and Xbox 360, and on 23 January 2014 for OS X, and on 27 April 2016 for Linux.",0.0,0.0,0.0,1981,,,
hotpotqa_04_systemc,hotpotqa_04,hotpotqa,HotpotQA,5a80071f5542992bc0c4a684,System C,TACER,Alice David is the voice of Lara Croft in a video game developed by which company ?,Crystal Dynamics,Crystal Dynamics,"[""5a80071f5542992bc0c4a684::doc_9::Alice David"", ""5a80071f5542992bc0c4a684::doc_4::Lara Croft and the Temple of Osiris"", ""5a80071f5542992bc0c4a684::doc_2::Lara Croft Go"", ""5a80071f5542992bc0c4a684::doc_5::Lara Croft: Tomb Raider"", ""5a80071f5542992bc0c4a684::doc_8::Lara Croft"", ""5a80071f5542992bc0c4a684::doc_6::Lara Croft and the Guardian of Light"", ""5a80071f5542992bc0c4a684::doc_0::List of Tomb Raider media"", ""5a80071f5542992bc0c4a684::doc_3::Tomb Raider III"", ""5a80071f5542992bc0c4a684::doc_1::Tomb Raider"", ""5a80071f5542992bc0c4a684::doc_7::Tomb Raider (2013 video game)""]","[1] 5a80071f5542992bc0c4a684::doc_9::Alice David: Alice David. Alice David (born 22 March 1987) is a French actress, known for the television series ""Bref"" (2011) and the film ""Babysitting"" (2014).  She is the voice of the French dub of Lara Croft in the video game ""Tomb Raider"".

[2] 5a80071f5542992bc0c4a684::doc_4::Lara Croft and the Temple of Osiris: Lara Croft and the Temple of Osiris. Lara Croft and the Temple of Osiris is an action-adventure game developed by Crystal Dynamics and published by Square Enix for Microsoft Windows, PlayStation 4 and Xbox One.  It is the sequel to the 2010 video game ""Lara Croft and the Guardian of Light"", and the second instalment in ""Lara Croft"" spin-off series of the ""Tomb Raider"" franchise.  The video game was announced at E3 2014 on 9 June.  ""Temple of Osiris"" stars ""Tomb Raider"" mainstay protagonist Lara Croft, voiced by English actress Keeley Hawes.

[3] 5a80071f5542992bc0c4a684::doc_2::Lara Croft Go: Lara Croft Go. Lara Croft Go is a 2015 turn-based puzzle video game in the ""Tomb Raider"" series.  The player moves Lara Croft as a puzzle piece through a board game while avoiding obstacles and manipulating the environment.  The developers distilled major series motifs, such as boulder chases and reaction-based gameplay, to suit ""Lara Croft Go""'s time-independent gameplay.  Square Enix Montreal developed the game as a spiritual successor to its 2014 ""Hitman Go"", based on another Square Enix franchise.  The company released ""Lara Croft Go"" in August 2015 for Android, iOS, Windows, and Windows Phone devices.  A version for PlayStation 4 and PlayStation Vita was unveiled in November 2016.

[4] 5a80071f5542992bc0c4a684::doc_5::Lara Croft: Tomb Raider: Lara Croft: Tomb Raider. Lara Croft: Tomb Raider (also known as simply Tomb Raider) is a 2001 action-adventure film based on the popular ""Tomb Raider"" video game series featuring the character Lara Croft portrayed by Angelina Jolie.  An international co-production between the United States, the United Kingdom, Japan, and Germany, it was directed by Simon West and revolves around Lara Croft trying to obtain ancient artifacts from the enemy, the Illuminati.

[5] 5a80071f5542992bc0c4a684::doc_8::Lara Croft: Lara Croft. Lara Croft is a fictional character and the main protagonist of the Square Enix (previously Eidos Interactive) video game franchise ""Tomb Raider"".  She is presented as a highly intelligent, athletic, and beautiful English archaeologist-adventurer who ventures into ancient, hazardous tombs and ruins around the world.  Created by a team at UK developer Core Design that included Toby Gard, the character first appeared in the 1996 video game ""Tomb Raider"".  She has also appeared in video game sequels, printed adaptations, a series of animated short films, feature films (portrayed by Angelina Jolie, later by Alicia Vikander), and merchandise related to the series.  Official promotion of the character includes a brand of apparel and accessories, action figures, and model portrayals.  Croft has also been licensed for third-party promotion, including television and print advertisements, music-related appearances, and as a spokesmodel.  As of June 2016, Lara Croft has been featured on over 1,100 magazine covers surpassing any supermodel.

[6] 5a80071f5542992bc0c4a684::doc_6::Lara Croft and the Guardian of Light: Lara Croft and the Guardian of Light. Lara Croft and the Guardian of Light is an action-adventure game developed by Crystal Dynamics and published by Square Enix for Microsoft Windows, PlayStation 3, Xbox 360, Android and, iOS through digital distribution.  It is part of the ""Tomb Raider"" series, but unlike previous games, the game does not carry the ""Tomb Raider"" brand and has a heavy emphasis on cooperative gameplay.  In multiplayer, players take the role as either Lara Croft or a 2,000-year-old Mayan warrior named Totec.  They must work together in order to stop the evil spirit Xolotl and retrieve the Mirror of Smoke.  A single-player campaign mode is available that does not include the non-playable character AI following or helping Lara.

[7] 5a80071f5542992bc0c4a684::doc_0::List of Tomb Raider media: List of Tomb Raider media. Tomb Raider is a media franchise consisting of action-adventure games, comic books, novels, theme park rides, and movies, centring on the adventures of the female fictional British archaeologist Lara Croft.  Since the release of the original ""Tomb Raider"" in 1996, the series developed into a lucrative franchise of related media, and Lara went on to become a major icon of the video game industry.  The ""Guinness Book of World Records"" has recognised Lara Croft as the ""Most Successful Human Videogame Heroine"" in 2006.  Six games in the series were developed by Core Design, and the latest four by Crystal Dynamics.  All the games were first published by Eidos Interactive, now Eidos officially became part of Square Enix on 22 April 2009, meaning Square Enix owns the rights to the ""Tomb Raider"" trademark and characters of the franchise.  To date two movies, """" and """", have been produced starring American actress Angelina Jolie as Lara Croft.  A reboot was announced in 2016.

[8] 5a80071f5542992bc0c4a684::doc_3::Tomb Raider III: Tomb Raider III. Tomb Raider III: Adventures of Lara Croft, or simply Tomb Raider III, is an action-adventure video game developed by Core Design and published by Eidos Interactive.  It was originally released for the PlayStation and Microsoft Windows platforms in 1998.  ""Tomb Raider III"" is the third title in the ""Tomb Raider"" video game series and a sequel to ""Tomb Raider II"".  The story of the game follows archaeologist-adventurer Lara Croft as she embarks upon a quest to recover four pieces of a meteorite that are scattered across the world.  To progress through the game, the player must explore five locations (India, South Pacific, London, Nevada, and Antarctica) and complete a series of levels that involve solving puzzles, jumping over obstacles, and defeating enemies.

[9] 5a80071f5542992bc0c4a684::doc_1::Tomb Raider: Tomb Raider. Tomb Raider, also known as Lara Croft: Tomb Raider between 2001 and 2007, is a media franchise that originated with an action-adventure video game series created by British gaming company Core Design.  Formerly owned by Eidos Interactive, then by Square Enix after their acquisition of Eidos in 2009, the franchise focuses on a fictional English archaeologist Lara Croft, who travels around the world searching for lost artifacts and infiltrating dangerous tombs and ruins.  The gameplay generally focuses around action-adventure exploration of environments, solving puzzles, navigating hostile environments filled with traps, and fighting numerous enemies.  Additional media has grown up around the theme in the form of film adaptations, comics and novels.

[10] 5a80071f5542992bc0c4a684::doc_7::Tomb Raider (2013 video game): Tomb Raider (2013 video game). Tomb Raider is an action-adventure video game developed by Crystal Dynamics and published by Square Enix.  ""Tomb Raider"" is the tenth title in the ""Tomb Raider"" franchise, and operates as a reboot that reconstructs the origins of Lara Croft.  ""Tomb Raider"" was released on 5 March 2013 for Microsoft Windows, PlayStation 3 and Xbox 360, and on 23 January 2014 for OS X, and on 27 April 2016 for Linux.",1.0,1.0,1.0,1213,,,
hotpotqa_05_systema,hotpotqa_05,hotpotqa,HotpotQA,5a774e9c55429972597f14f3,System A,TACER,David Huntsinger has worked with this gospel singer born in the month of July?,Larnelle Harris,Larnelle Harris,"[""5a774e9c55429972597f14f3::doc_2::Just as I Am (Yolanda Adams album)"", ""5a774e9c55429972597f14f3::doc_9::Muyiwa Olarewaju"", ""5a774e9c55429972597f14f3::doc_0::Karen Clark Sheard"", ""5a774e9c55429972597f14f3::doc_8::Latice Crawford"", ""5a774e9c55429972597f14f3::doc_7::Charles Charamba"", ""5a774e9c55429972597f14f3::doc_6::Kierra Sheard"", ""5a774e9c55429972597f14f3::doc_3::Andraé Crouch"", ""5a774e9c55429972597f14f3::doc_1::David Huntsinger"", ""5a774e9c55429972597f14f3::doc_5::Larnelle Harris"", ""5a774e9c55429972597f14f3::doc_4::J-Shin""]","[1] 5a774e9c55429972597f14f3::doc_2::Just as I Am (Yolanda Adams album): Just as I Am (Yolanda Adams album). Just as I Am is the debut album by gospel singer Yolanda Adams, released on September 22, 1987 on the Sound of Gospel label and produced by Thomas Whitfield, who also worked with singer Vanessa Bell Armstrong on early 1980s gospel releases.  Though original pressings of the vinyl and cassette release are difficult to find, the album has since been re-released on CD along with another catalog album from Sound of Gospel by Wanda Nero Butler entitled ""New Born Soul"".

[2] 5a774e9c55429972597f14f3::doc_9::Muyiwa Olarewaju: Muyiwa Olarewaju. Muyiwa Olarewaju (born 26 November is a British Gospel singer and songwriter who mixes traditional gospel music with elements of world music (from Africa, the Caribbean and Asia), soul, R&B and pop.  He is also an experienced performer, broadcaster and presenter.  In 2009 he became the first-ever international act to perform on America's popular entertainment channel, BET, for the prestigious annual Celebration of Gospel show.  He has presented the Turning Point programme to an estimated global audience of 70 million.  With his group Riversongz, he sold out Indigo2 at the O2 in London, the first gospel act to do so, and he has played at the largest gospel music event in the world, The Experience, attracting a 500,000 strong audience.

[3] 5a774e9c55429972597f14f3::doc_0::Karen Clark Sheard: Karen Clark Sheard. Karen Clark-Sheard (born Karen Valencia Clark; November 15, 1960) also known as ""The Maestris Of Gospel"" is an American gospel four-time Grammy Award-winning singer, musician, and songwriter.  The youngest daughter of pioneering gospel choral director Mattie Moss Clark, Sheard began her career as a member of the legendary Grammy Award-winning female gospel group The Clark Sisters.  She is the mother of contemporary gospel singer and actress Kierra ""Kiki"" Sheard.

[4] 5a774e9c55429972597f14f3::doc_8::Latice Crawford: Latice Crawford. Latice Crawford (born July 22, 1982 as Latice Tenae Crawford) is an American urban contemporary gospel singer and composer.  She is best known for using her three-octave, contralto vocal range of to finish third on the second season of the competitive gospel singing television show ""Sunday Best"" on Black Entertainment Television.  Her self-titled debut album reached two ""Billboard"" charts, the Top Gospel Albums and the Top Heatseekers.  Her second album, ""Diary of a Church Girl"", also appeared on the Top Gospel Albums chart.

[5] 5a774e9c55429972597f14f3::doc_7::Charles Charamba: Charles Charamba. Charles Charamba (born 27 April 1971) is a Zimbabwean gospel musician and a pastor in the Apostolic Faith Mission Church of Zimbabwe.  Charamba's albums have been the top selling gospel music in Zimbabwe since the early 2000s.  He has toured both Great Britain and the United States, and throughout southern Africa.  One of Charamba's most famous songs is “Machira Chete”.  His wife, Olivia (née Maseko), is also a gospel singer, and appears with him on stage and on his albums; they are often called the ""First Family of Gospel"".

[6] 5a774e9c55429972597f14f3::doc_6::Kierra Sheard: Kierra Sheard. Kierra Valencia ""Kiki"" Sheard (born June 20, 1987 in Detroit, Michigan) is an American gospel singer, fashion designer, and radio host.  She is the daughter of gospel singer Karen Clark Sheard (member of gospel singing group The Clark Sisters) and the granddaughter of gospel choral director Mattie Moss Clark.  Sheard portrayed Litha in the 2010 Christian-drama film ""Preacher's Kid"".  After appearing on her mother's albums, Sheard broke onto the music scene with the release of her debut album ""I Owe You"" in 2004.  Her hit single ""You Don't Know"" was written about her mother's bout with an almost fatal blood clot.

[7] 5a774e9c55429972597f14f3::doc_3::Andraé Crouch: Andraé Crouch. Andraé Edward Crouch (July 1, 1942 – January 8, 2015) was an American gospel singer, songwriter, arranger, record producer and pastor.  Referred to as ""the father of modern gospel music"" by contemporary Christian and gospel music professionals, Crouch was known for his compositions ""The Blood Will Never Lose Its Power"", ""My Tribute (To God Be the Glory)"" and ""Soon and Very Soon"".  In secular music, he was known for his collaborative work during the 1980s and 1990s with Stevie Wonder, Elton John and Quincy Jones as well as conducting choirs that sang on the Michael Jackson hit ""Man in the Mirror"" and Madonna's ""Like a Prayer"".  Crouch was noted for his talent of incorporating contemporary secular music styles into the gospel music he grew up with.  His efforts in this area helped pave the way for early American contemporary Christian music during the 1960s and 1970s.

[8] 5a774e9c55429972597f14f3::doc_1::David Huntsinger: David Huntsinger. David Huntsinger is a pianist, composer, songwriter, and arranger who moved from his native California to Nashville, TN, in 1976 and played for the Rambos.  He co-wrote the song, ""Holy Spirit, Thou Art Welcome"", with Dottie Rambo, as well as the children’s musical, ""Down By The Creek Bank"".  In 1979 he left the Rambos to pursue a career as a studio pianist.  He wrote and arranged music for the 1989 Grammy-winning album ""A Child’s Gift of Lullabyes"", and arranged for and co-produced Andy Griffith’s 1996 Grammy-winning album, ""I Love To Tell The Story: 25 Timeless Hymns"".  He has worked with many artists, such as Sandi Patti, Steve Green, Kathy Troccoli, Michael Crawford, Glen Campbell, Carman, Larnelle Harris, Johnny Cash and Dolly Parton.  He toured with Vince Gill for a Christmas tour in 1999, and in 2001 for the Amy Grant/Vince Gill Christmas tour.  He has also written a number of children’s musicals, as well as produced many albums of his own original works and arrangements.  He played the piano for ""An Unfinished Life"", and contributed to two songs heard in ""The Great Debaters"".  He arranged for and played piano in the 1997 Christmas album ""Piano Winterlude"" (Unison).  He has done several projects for Discovery House Music.  In 2010 he composed a number of pieces for a special 25th Anniversary concert for the international television network 3ABN called ""Pillars of Our Faith"".

[9] 5a774e9c55429972597f14f3::doc_5::Larnelle Harris: Larnelle Harris. Larnelle Steward Harris (born July 6, 1947) is an American gospel singer and songwriter.  During his 30-plus years of ministry, Harris has recorded 18 albums, won five Grammy Awards and 11 Dove Awards, and has had several number one songs on the inspirational music charts.

[10] 5a774e9c55429972597f14f3::doc_4::J-Shin: J-Shin. Jonathan ""J-Shin"" Shinoster is a contemporary R&B/gospel singer born in Liberty City, Florida, who was signed to Slip-n-Slide Records/Atlantic Records and is best known for his hit single ""One Night Stand"" with LaTocha Scott of Xscape.",1.0,1.0,1.0,1257,,,
hotpotqa_05_systemb,hotpotqa_05,hotpotqa,HotpotQA,5a774e9c55429972597f14f3,System B,Fixed Top-10,David Huntsinger has worked with this gospel singer born in the month of July?,Larnelle Harris,Andraé Crouch,"[""5a774e9c55429972597f14f3::doc_2::Just as I Am (Yolanda Adams album)"", ""5a774e9c55429972597f14f3::doc_9::Muyiwa Olarewaju"", ""5a774e9c55429972597f14f3::doc_0::Karen Clark Sheard"", ""5a774e9c55429972597f14f3::doc_8::Latice Crawford"", ""5a774e9c55429972597f14f3::doc_7::Charles Charamba"", ""5a774e9c55429972597f14f3::doc_6::Kierra Sheard"", ""5a774e9c55429972597f14f3::doc_3::Andraé Crouch"", ""5a774e9c55429972597f14f3::doc_1::David Huntsinger"", ""5a774e9c55429972597f14f3::doc_5::Larnelle Harris"", ""5a774e9c55429972597f14f3::doc_4::J-Shin""]","[1] 5a774e9c55429972597f14f3::doc_2::Just as I Am (Yolanda Adams album): Just as I Am (Yolanda Adams album). Just as I Am is the debut album by gospel singer Yolanda Adams, released on September 22, 1987 on the Sound of Gospel label and produced by Thomas Whitfield, who also worked with singer Vanessa Bell Armstrong on early 1980s gospel releases.  Though original pressings of the vinyl and cassette release are difficult to find, the album has since been re-released on CD along with another catalog album from Sound of Gospel by Wanda Nero Butler entitled ""New Born Soul"".

[2] 5a774e9c55429972597f14f3::doc_9::Muyiwa Olarewaju: Muyiwa Olarewaju. Muyiwa Olarewaju (born 26 November is a British Gospel singer and songwriter who mixes traditional gospel music with elements of world music (from Africa, the Caribbean and Asia), soul, R&B and pop.  He is also an experienced performer, broadcaster and presenter.  In 2009 he became the first-ever international act to perform on America's popular entertainment channel, BET, for the prestigious annual Celebration of Gospel show.  He has presented the Turning Point programme to an estimated global audience of 70 million.  With his group Riversongz, he sold out Indigo2 at the O2 in London, the first gospel act to do so, and he has played at the largest gospel music event in the world, The Experience, attracting a 500,000 strong audience.

[3] 5a774e9c55429972597f14f3::doc_0::Karen Clark Sheard: Karen Clark Sheard. Karen Clark-Sheard (born Karen Valencia Clark; November 15, 1960) also known as ""The Maestris Of Gospel"" is an American gospel four-time Grammy Award-winning singer, musician, and songwriter.  The youngest daughter of pioneering gospel choral director Mattie Moss Clark, Sheard began her career as a member of the legendary Grammy Award-winning female gospel group The Clark Sisters.  She is the mother of contemporary gospel singer and actress Kierra ""Kiki"" Sheard.

[4] 5a774e9c55429972597f14f3::doc_8::Latice Crawford: Latice Crawford. Latice Crawford (born July 22, 1982 as Latice Tenae Crawford) is an American urban contemporary gospel singer and composer.  She is best known for using her three-octave, contralto vocal range of to finish third on the second season of the competitive gospel singing television show ""Sunday Best"" on Black Entertainment Television.  Her self-titled debut album reached two ""Billboard"" charts, the Top Gospel Albums and the Top Heatseekers.  Her second album, ""Diary of a Church Girl"", also appeared on the Top Gospel Albums chart.

[5] 5a774e9c55429972597f14f3::doc_7::Charles Charamba: Charles Charamba. Charles Charamba (born 27 April 1971) is a Zimbabwean gospel musician and a pastor in the Apostolic Faith Mission Church of Zimbabwe.  Charamba's albums have been the top selling gospel music in Zimbabwe since the early 2000s.  He has toured both Great Britain and the United States, and throughout southern Africa.  One of Charamba's most famous songs is “Machira Chete”.  His wife, Olivia (née Maseko), is also a gospel singer, and appears with him on stage and on his albums; they are often called the ""First Family of Gospel"".

[6] 5a774e9c55429972597f14f3::doc_6::Kierra Sheard: Kierra Sheard. Kierra Valencia ""Kiki"" Sheard (born June 20, 1987 in Detroit, Michigan) is an American gospel singer, fashion designer, and radio host.  She is the daughter of gospel singer Karen Clark Sheard (member of gospel singing group The Clark Sisters) and the granddaughter of gospel choral director Mattie Moss Clark.  Sheard portrayed Litha in the 2010 Christian-drama film ""Preacher's Kid"".  After appearing on her mother's albums, Sheard broke onto the music scene with the release of her debut album ""I Owe You"" in 2004.  Her hit single ""You Don't Know"" was written about her mother's bout with an almost fatal blood clot.

[7] 5a774e9c55429972597f14f3::doc_3::Andraé Crouch: Andraé Crouch. Andraé Edward Crouch (July 1, 1942 – January 8, 2015) was an American gospel singer, songwriter, arranger, record producer and pastor.  Referred to as ""the father of modern gospel music"" by contemporary Christian and gospel music professionals, Crouch was known for his compositions ""The Blood Will Never Lose Its Power"", ""My Tribute (To God Be the Glory)"" and ""Soon and Very Soon"".  In secular music, he was known for his collaborative work during the 1980s and 1990s with Stevie Wonder, Elton John and Quincy Jones as well as conducting choirs that sang on the Michael Jackson hit ""Man in the Mirror"" and Madonna's ""Like a Prayer"".  Crouch was noted for his talent of incorporating contemporary secular music styles into the gospel music he grew up with.  His efforts in this area helped pave the way for early American contemporary Christian music during the 1960s and 1970s.

[8] 5a774e9c55429972597f14f3::doc_1::David Huntsinger: David Huntsinger. David Huntsinger is a pianist, composer, songwriter, and arranger who moved from his native California to Nashville, TN, in 1976 and played for the Rambos.  He co-wrote the song, ""Holy Spirit, Thou Art Welcome"", with Dottie Rambo, as well as the children’s musical, ""Down By The Creek Bank"".  In 1979 he left the Rambos to pursue a career as a studio pianist.  He wrote and arranged music for the 1989 Grammy-winning album ""A Child’s Gift of Lullabyes"", and arranged for and co-produced Andy Griffith’s 1996 Grammy-winning album, ""I Love To Tell The Story: 25 Timeless Hymns"".  He has worked with many artists, such as Sandi Patti, Steve Green, Kathy Troccoli, Michael Crawford, Glen Campbell, Carman, Larnelle Harris, Johnny Cash and Dolly Parton.  He toured with Vince Gill for a Christmas tour in 1999, and in 2001 for the Amy Grant/Vince Gill Christmas tour.  He has also written a number of children’s musicals, as well as produced many albums of his own original works and arrangements.  He played the piano for ""An Unfinished Life"", and contributed to two songs heard in ""The Great Debaters"".  He arranged for and played piano in the 1997 Christmas album ""Piano Winterlude"" (Unison).  He has done several projects for Discovery House Music.  In 2010 he composed a number of pieces for a special 25th Anniversary concert for the international television network 3ABN called ""Pillars of Our Faith"".

[9] 5a774e9c55429972597f14f3::doc_5::Larnelle Harris: Larnelle Harris. Larnelle Steward Harris (born July 6, 1947) is an American gospel singer and songwriter.  During his 30-plus years of ministry, Harris has recorded 18 albums, won five Grammy Awards and 11 Dove Awards, and has had several number one songs on the inspirational music charts.

[10] 5a774e9c55429972597f14f3::doc_4::J-Shin: J-Shin. Jonathan ""J-Shin"" Shinoster is a contemporary R&B/gospel singer born in Liberty City, Florida, who was signed to Slip-n-Slide Records/Atlantic Records and is best known for his hit single ""One Night Stand"" with LaTocha Scott of Xscape.",0.0,0.0,0.286875,1950,,,
hotpotqa_05_systemc,hotpotqa_05,hotpotqa,HotpotQA,5a774e9c55429972597f14f3,System C,Adaptive-k,David Huntsinger has worked with this gospel singer born in the month of July?,Larnelle Harris,Andraé Crouch,"[""5a774e9c55429972597f14f3::doc_2::Just as I Am (Yolanda Adams album)"", ""5a774e9c55429972597f14f3::doc_9::Muyiwa Olarewaju"", ""5a774e9c55429972597f14f3::doc_0::Karen Clark Sheard"", ""5a774e9c55429972597f14f3::doc_8::Latice Crawford"", ""5a774e9c55429972597f14f3::doc_7::Charles Charamba"", ""5a774e9c55429972597f14f3::doc_6::Kierra Sheard"", ""5a774e9c55429972597f14f3::doc_3::Andraé Crouch"", ""5a774e9c55429972597f14f3::doc_1::David Huntsinger"", ""5a774e9c55429972597f14f3::doc_5::Larnelle Harris"", ""5a774e9c55429972597f14f3::doc_4::J-Shin""]","[1] 5a774e9c55429972597f14f3::doc_2::Just as I Am (Yolanda Adams album): Just as I Am (Yolanda Adams album). Just as I Am is the debut album by gospel singer Yolanda Adams, released on September 22, 1987 on the Sound of Gospel label and produced by Thomas Whitfield, who also worked with singer Vanessa Bell Armstrong on early 1980s gospel releases.  Though original pressings of the vinyl and cassette release are difficult to find, the album has since been re-released on CD along with another catalog album from Sound of Gospel by Wanda Nero Butler entitled ""New Born Soul"".

[2] 5a774e9c55429972597f14f3::doc_9::Muyiwa Olarewaju: Muyiwa Olarewaju. Muyiwa Olarewaju (born 26 November is a British Gospel singer and songwriter who mixes traditional gospel music with elements of world music (from Africa, the Caribbean and Asia), soul, R&B and pop.  He is also an experienced performer, broadcaster and presenter.  In 2009 he became the first-ever international act to perform on America's popular entertainment channel, BET, for the prestigious annual Celebration of Gospel show.  He has presented the Turning Point programme to an estimated global audience of 70 million.  With his group Riversongz, he sold out Indigo2 at the O2 in London, the first gospel act to do so, and he has played at the largest gospel music event in the world, The Experience, attracting a 500,000 strong audience.

[3] 5a774e9c55429972597f14f3::doc_0::Karen Clark Sheard: Karen Clark Sheard. Karen Clark-Sheard (born Karen Valencia Clark; November 15, 1960) also known as ""The Maestris Of Gospel"" is an American gospel four-time Grammy Award-winning singer, musician, and songwriter.  The youngest daughter of pioneering gospel choral director Mattie Moss Clark, Sheard began her career as a member of the legendary Grammy Award-winning female gospel group The Clark Sisters.  She is the mother of contemporary gospel singer and actress Kierra ""Kiki"" Sheard.

[4] 5a774e9c55429972597f14f3::doc_8::Latice Crawford: Latice Crawford. Latice Crawford (born July 22, 1982 as Latice Tenae Crawford) is an American urban contemporary gospel singer and composer.  She is best known for using her three-octave, contralto vocal range of to finish third on the second season of the competitive gospel singing television show ""Sunday Best"" on Black Entertainment Television.  Her self-titled debut album reached two ""Billboard"" charts, the Top Gospel Albums and the Top Heatseekers.  Her second album, ""Diary of a Church Girl"", also appeared on the Top Gospel Albums chart.

[5] 5a774e9c55429972597f14f3::doc_7::Charles Charamba: Charles Charamba. Charles Charamba (born 27 April 1971) is a Zimbabwean gospel musician and a pastor in the Apostolic Faith Mission Church of Zimbabwe.  Charamba's albums have been the top selling gospel music in Zimbabwe since the early 2000s.  He has toured both Great Britain and the United States, and throughout southern Africa.  One of Charamba's most famous songs is “Machira Chete”.  His wife, Olivia (née Maseko), is also a gospel singer, and appears with him on stage and on his albums; they are often called the ""First Family of Gospel"".

[6] 5a774e9c55429972597f14f3::doc_6::Kierra Sheard: Kierra Sheard. Kierra Valencia ""Kiki"" Sheard (born June 20, 1987 in Detroit, Michigan) is an American gospel singer, fashion designer, and radio host.  She is the daughter of gospel singer Karen Clark Sheard (member of gospel singing group The Clark Sisters) and the granddaughter of gospel choral director Mattie Moss Clark.  Sheard portrayed Litha in the 2010 Christian-drama film ""Preacher's Kid"".  After appearing on her mother's albums, Sheard broke onto the music scene with the release of her debut album ""I Owe You"" in 2004.  Her hit single ""You Don't Know"" was written about her mother's bout with an almost fatal blood clot.

[7] 5a774e9c55429972597f14f3::doc_3::Andraé Crouch: Andraé Crouch. Andraé Edward Crouch (July 1, 1942 – January 8, 2015) was an American gospel singer, songwriter, arranger, record producer and pastor.  Referred to as ""the father of modern gospel music"" by contemporary Christian and gospel music professionals, Crouch was known for his compositions ""The Blood Will Never Lose Its Power"", ""My Tribute (To God Be the Glory)"" and ""Soon and Very Soon"".  In secular music, he was known for his collaborative work during the 1980s and 1990s with Stevie Wonder, Elton John and Quincy Jones as well as conducting choirs that sang on the Michael Jackson hit ""Man in the Mirror"" and Madonna's ""Like a Prayer"".  Crouch was noted for his talent of incorporating contemporary secular music styles into the gospel music he grew up with.  His efforts in this area helped pave the way for early American contemporary Christian music during the 1960s and 1970s.

[8] 5a774e9c55429972597f14f3::doc_1::David Huntsinger: David Huntsinger. David Huntsinger is a pianist, composer, songwriter, and arranger who moved from his native California to Nashville, TN, in 1976 and played for the Rambos.  He co-wrote the song, ""Holy Spirit, Thou Art Welcome"", with Dottie Rambo, as well as the children’s musical, ""Down By The Creek Bank"".  In 1979 he left the Rambos to pursue a career as a studio pianist.  He wrote and arranged music for the 1989 Grammy-winning album ""A Child’s Gift of Lullabyes"", and arranged for and co-produced Andy Griffith’s 1996 Grammy-winning album, ""I Love To Tell The Story: 25 Timeless Hymns"".  He has worked with many artists, such as Sandi Patti, Steve Green, Kathy Troccoli, Michael Crawford, Glen Campbell, Carman, Larnelle Harris, Johnny Cash and Dolly Parton.  He toured with Vince Gill for a Christmas tour in 1999, and in 2001 for the Amy Grant/Vince Gill Christmas tour.  He has also written a number of children’s musicals, as well as produced many albums of his own original works and arrangements.  He played the piano for ""An Unfinished Life"", and contributed to two songs heard in ""The Great Debaters"".  He arranged for and played piano in the 1997 Christmas album ""Piano Winterlude"" (Unison).  He has done several projects for Discovery House Music.  In 2010 he composed a number of pieces for a special 25th Anniversary concert for the international television network 3ABN called ""Pillars of Our Faith"".

[9] 5a774e9c55429972597f14f3::doc_5::Larnelle Harris: Larnelle Harris. Larnelle Steward Harris (born July 6, 1947) is an American gospel singer and songwriter.  During his 30-plus years of ministry, Harris has recorded 18 albums, won five Grammy Awards and 11 Dove Awards, and has had several number one songs on the inspirational music charts.

[10] 5a774e9c55429972597f14f3::doc_4::J-Shin: J-Shin. Jonathan ""J-Shin"" Shinoster is a contemporary R&B/gospel singer born in Liberty City, Florida, who was signed to Slip-n-Slide Records/Atlantic Records and is best known for his hit single ""One Night Stand"" with LaTocha Scott of Xscape.",0.0,0.0,0.286875,1950,,,
hotpotqa_06_systema,hotpotqa_06,hotpotqa,HotpotQA,5a7b12a355429927d897bf2a,System A,TACER,When was the palace founded at which Columba de Dunbar died in 1435?,the late 12th Century,Late 12th Century,"[""5a7b12a355429927d897bf2a::doc_0::Columba de Dunbar"", ""5a7b12a355429927d897bf2a::doc_9::Bishop Dunbar's Hospital"", ""5a7b12a355429927d897bf2a::doc_7::Mike Dunbar"", ""5a7b12a355429927d897bf2a::doc_4::Gospatric, Earl of Northumbria"", ""5a7a5b3a5542996c55b2dd71::doc_9::St James's Palace"", ""5a7b12a355429927d897bf2a::doc_2::George II, Earl of March"", ""5a7b12a355429927d897bf2a::doc_1::Earl of Dunbar"", ""5a7b12a355429927d897bf2a::doc_6::George I, Earl of March"", ""5a7b12a355429927d897bf2a::doc_8::Spynie Palace"", ""5a7b12a355429927d897bf2a::doc_3::Haripur Barabari""]","[1] 5a7b12a355429927d897bf2a::doc_0::Columba de Dunbar: Columba de Dunbar. Columba de Dunbar ( 1386 – 1435) was Bishop of Moray from 1422 until his death at Spynie Palace near Elgin sometime before 7 November 1435.

[2] 5a7b12a355429927d897bf2a::doc_9::Bishop Dunbar's Hospital: Bishop Dunbar's Hospital. Bishop Dunbar's Hospital was founded in 1531 by Bishop Gavin Dunbar, the Elder.  The hospital was endowed by a mortification just before his death.  Dunbar petitioned the King, James V of Scotland, and the charter, signed on 24 February 1531 records the King’s approval that ‘[Dunbar shall] ... ""found an hospital near the cathedral church, but outside the cemetery""...’ It was also known as St Mary's Hospital.  In the mortification, Dunbar's charitable purpose is recorded.  Bedesmen were supported by a charitable foundation that emerged from the original church control until the twenty-first century.  Bedesmen drew their name from the word ""bede"" - a prayer.  The residents of Dunbar's Hospital said prayers in a cycle of Divine Office.  The Bede House, Old Aberdeen was used by the Bedesmen from the hospital from 1789 to the end of the nineteenth century.  The only remains of the 1531 building can be seen in a perimeter wall for Seaton Park in Old Aberdeen.  The last Bedesman died in 1988.  The Managers of the Hospital constituted a Charity, Bishop Dunbar Hospital Trust.  The Charity ceased active operation in 2012.

[3] 5a7b12a355429927d897bf2a::doc_7::Mike Dunbar: Mike Dunbar. Mike Dunbar (December 31, 1948 – September 13, 2013) was an American football and baseball coach.  He served as the head football coach at Central Washington University in 1983 and from 1987 to 1991 and at the University of Northern Iowa from 1997 to 2000, compiling a career college football coaching record of 83–24–1.  Dunbar was also the head baseball coach at Central Washington for one season, in 1983, tallying mark of 25–20–1.  He graduated from the University of Washington in 1972 with a B.A. in education and from Pacific Lutheran University in 1979 with an M.A. in education.  Dunbar died of cancer on September 13, 2013, in his hometown of Dupont, Washington, at the age of 64.

[4] 5a7b12a355429927d897bf2a::doc_4::Gospatric, Earl of Northumbria: Gospatric, Earl of Northumbria. Gospatric or Cospatric (from the Cumbric ""Servant of Saint Patrick""), (died after 1073), was Earl of Northumbria, or of Bernicia, and later lord of sizable estates around Dunbar.  While his paternal ancestry is uncertain, his descendants held the Earldom of Dunbar, later known as the Earldom of March, in south-east Scotland until 1435.

[5] 5a7a5b3a5542996c55b2dd71::doc_9::St James's Palace: St James's Palace. St James's Palace is the most senior royal palace in the United Kingdom.  Located in the City of Westminster, although no longer the principal residence of the monarch, it is the ceremonial meeting place of the Accession Council and the London residence of several members of the royal family.

[6] 5a7b12a355429927d897bf2a::doc_2::George II, Earl of March: George II, Earl of March. George de Dunbar, 11th Earl of Dunbar & March Lord of Annandale and the Isle of Man, (c. 1370 – after 1457) was the last of his family to hold these titles.

[7] 5a7b12a355429927d897bf2a::doc_1::Earl of Dunbar: Earl of Dunbar. The title Earl of Dunbar, also called Earl of Lothian or Earl of March, was the head of a comital lordship in south-eastern Scotland between the early 12th century and the early 15th century.  The first man to use the title of Earl in this earldom was Gospatric II, Earl of Lothian, son of Gospatric, Earl of Northumbria.  It descended to George de Dunbar, 11th Earl of March, who was forfeited by parliament of his titles & estates in 1435, and retired into obscurity in England.  His son Patrick retained a barony at Kilconquhar in Fife.

[8] 5a7b12a355429927d897bf2a::doc_6::George I, Earl of March: George I, Earl of March. George de Dunbar, 10th Earl of Dunbar and March (1338–1420), 12th Lord of Annandale and Lord of the Isle of Man, was ""one of the most powerful nobles in Scotland of his time, and the rival of the Douglases.""

[9] 5a7b12a355429927d897bf2a::doc_8::Spynie Palace: Spynie Palace. Spynie Palace, also known as Spynie Castle, was the fortified seat of the Bishops of Moray for about 500 years.  The founding of the palace dates back to the late 12th Century.  It is situated at Grid Ref NJ 230658, about 500m from the location of the first officially settled Cathedral Church of the Diocese of Moray, in present-day Spynie Churchyard.  For most of its occupied history, the castle was not described as a ""palace"" — this term first appeared in the Registry of Moray in a writ of 1524.

[10] 5a7b12a355429927d897bf2a::doc_3::Haripur Barabari: Haripur Barabari. Haripur Barabari (Bengali: হরিপুর বড়বাড়ি ), is a palace in Horipur Union of Nasirnagar Upazila at Brahmanbaria district, Bangladesh earlier known as East Bengal.  This palace founded by Jamindar Krishna Prasad Roy Choudhury(1870-1936) in eighteenth century.",0.857143,0.75,0.986117,1239,,,
hotpotqa_06_systemb,hotpotqa_06,hotpotqa,HotpotQA,5a7b12a355429927d897bf2a,System B,Fixed Top-10,When was the palace founded at which Columba de Dunbar died in 1435?,the late 12th Century,Late 12th Century,"[""5a7b12a355429927d897bf2a::doc_0::Columba de Dunbar"", ""5a7b12a355429927d897bf2a::doc_9::Bishop Dunbar's Hospital"", ""5a7b12a355429927d897bf2a::doc_7::Mike Dunbar"", ""5a7b12a355429927d897bf2a::doc_4::Gospatric, Earl of Northumbria"", ""5a7a5b3a5542996c55b2dd71::doc_9::St James's Palace"", ""5a7b12a355429927d897bf2a::doc_2::George II, Earl of March"", ""5a7b12a355429927d897bf2a::doc_1::Earl of Dunbar"", ""5a7b12a355429927d897bf2a::doc_6::George I, Earl of March"", ""5a7b12a355429927d897bf2a::doc_8::Spynie Palace"", ""5a7b12a355429927d897bf2a::doc_3::Haripur Barabari""]","[1] 5a7b12a355429927d897bf2a::doc_0::Columba de Dunbar: Columba de Dunbar. Columba de Dunbar ( 1386 – 1435) was Bishop of Moray from 1422 until his death at Spynie Palace near Elgin sometime before 7 November 1435.

[2] 5a7b12a355429927d897bf2a::doc_9::Bishop Dunbar's Hospital: Bishop Dunbar's Hospital. Bishop Dunbar's Hospital was founded in 1531 by Bishop Gavin Dunbar, the Elder.  The hospital was endowed by a mortification just before his death.  Dunbar petitioned the King, James V of Scotland, and the charter, signed on 24 February 1531 records the King’s approval that ‘[Dunbar shall] ... ""found an hospital near the cathedral church, but outside the cemetery""...’ It was also known as St Mary's Hospital.  In the mortification, Dunbar's charitable purpose is recorded.  Bedesmen were supported by a charitable foundation that emerged from the original church control until the twenty-first century.  Bedesmen drew their name from the word ""bede"" - a prayer.  The residents of Dunbar's Hospital said prayers in a cycle of Divine Office.  The Bede House, Old Aberdeen was used by the Bedesmen from the hospital from 1789 to the end of the nineteenth century.  The only remains of the 1531 building can be seen in a perimeter wall for Seaton Park in Old Aberdeen.  The last Bedesman died in 1988.  The Managers of the Hospital constituted a Charity, Bishop Dunbar Hospital Trust.  The Charity ceased active operation in 2012.

[3] 5a7b12a355429927d897bf2a::doc_7::Mike Dunbar: Mike Dunbar. Mike Dunbar (December 31, 1948 – September 13, 2013) was an American football and baseball coach.  He served as the head football coach at Central Washington University in 1983 and from 1987 to 1991 and at the University of Northern Iowa from 1997 to 2000, compiling a career college football coaching record of 83–24–1.  Dunbar was also the head baseball coach at Central Washington for one season, in 1983, tallying mark of 25–20–1.  He graduated from the University of Washington in 1972 with a B.A. in education and from Pacific Lutheran University in 1979 with an M.A. in education.  Dunbar died of cancer on September 13, 2013, in his hometown of Dupont, Washington, at the age of 64.

[4] 5a7b12a355429927d897bf2a::doc_4::Gospatric, Earl of Northumbria: Gospatric, Earl of Northumbria. Gospatric or Cospatric (from the Cumbric ""Servant of Saint Patrick""), (died after 1073), was Earl of Northumbria, or of Bernicia, and later lord of sizable estates around Dunbar.  While his paternal ancestry is uncertain, his descendants held the Earldom of Dunbar, later known as the Earldom of March, in south-east Scotland until 1435.

[5] 5a7a5b3a5542996c55b2dd71::doc_9::St James's Palace: St James's Palace. St James's Palace is the most senior royal palace in the United Kingdom.  Located in the City of Westminster, although no longer the principal residence of the monarch, it is the ceremonial meeting place of the Accession Council and the London residence of several members of the royal family.

[6] 5a7b12a355429927d897bf2a::doc_2::George II, Earl of March: George II, Earl of March. George de Dunbar, 11th Earl of Dunbar & March Lord of Annandale and the Isle of Man, (c. 1370 – after 1457) was the last of his family to hold these titles.

[7] 5a7b12a355429927d897bf2a::doc_1::Earl of Dunbar: Earl of Dunbar. The title Earl of Dunbar, also called Earl of Lothian or Earl of March, was the head of a comital lordship in south-eastern Scotland between the early 12th century and the early 15th century.  The first man to use the title of Earl in this earldom was Gospatric II, Earl of Lothian, son of Gospatric, Earl of Northumbria.  It descended to George de Dunbar, 11th Earl of March, who was forfeited by parliament of his titles & estates in 1435, and retired into obscurity in England.  His son Patrick retained a barony at Kilconquhar in Fife.

[8] 5a7b12a355429927d897bf2a::doc_6::George I, Earl of March: George I, Earl of March. George de Dunbar, 10th Earl of Dunbar and March (1338–1420), 12th Lord of Annandale and Lord of the Isle of Man, was ""one of the most powerful nobles in Scotland of his time, and the rival of the Douglases.""

[9] 5a7b12a355429927d897bf2a::doc_8::Spynie Palace: Spynie Palace. Spynie Palace, also known as Spynie Castle, was the fortified seat of the Bishops of Moray for about 500 years.  The founding of the palace dates back to the late 12th Century.  It is situated at Grid Ref NJ 230658, about 500m from the location of the first officially settled Cathedral Church of the Diocese of Moray, in present-day Spynie Churchyard.  For most of its occupied history, the castle was not described as a ""palace"" — this term first appeared in the Registry of Moray in a writ of 1524.

[10] 5a7b12a355429927d897bf2a::doc_3::Haripur Barabari: Haripur Barabari. Haripur Barabari (Bengali: হরিপুর বড়বাড়ি ), is a palace in Horipur Union of Nasirnagar Upazila at Brahmanbaria district, Bangladesh earlier known as East Bengal.  This palace founded by Jamindar Krishna Prasad Roy Choudhury(1870-1936) in eighteenth century.",0.857143,0.75,0.986117,1632,,,
hotpotqa_06_systemc,hotpotqa_06,hotpotqa,HotpotQA,5a7b12a355429927d897bf2a,System C,Adaptive-k,When was the palace founded at which Columba de Dunbar died in 1435?,the late 12th Century,insufficient evidence,"[""5a7b12a355429927d897bf2a::doc_0::Columba de Dunbar"", ""5a7b12a355429927d897bf2a::doc_9::Bishop Dunbar's Hospital"", ""5a7b12a355429927d897bf2a::doc_7::Mike Dunbar"", ""5a7b12a355429927d897bf2a::doc_4::Gospatric, Earl of Northumbria"", ""5a7a5b3a5542996c55b2dd71::doc_9::St James's Palace"", ""5a7b12a355429927d897bf2a::doc_2::George II, Earl of March""]","[1] 5a7b12a355429927d897bf2a::doc_0::Columba de Dunbar: Columba de Dunbar. Columba de Dunbar ( 1386 – 1435) was Bishop of Moray from 1422 until his death at Spynie Palace near Elgin sometime before 7 November 1435.

[2] 5a7b12a355429927d897bf2a::doc_9::Bishop Dunbar's Hospital: Bishop Dunbar's Hospital. Bishop Dunbar's Hospital was founded in 1531 by Bishop Gavin Dunbar, the Elder.  The hospital was endowed by a mortification just before his death.  Dunbar petitioned the King, James V of Scotland, and the charter, signed on 24 February 1531 records the King’s approval that ‘[Dunbar shall] ... ""found an hospital near the cathedral church, but outside the cemetery""...’ It was also known as St Mary's Hospital.  In the mortification, Dunbar's charitable purpose is recorded.  Bedesmen were supported by a charitable foundation that emerged from the original church control until the twenty-first century.  Bedesmen drew their name from the word ""bede"" - a prayer.  The residents of Dunbar's Hospital said prayers in a cycle of Divine Office.  The Bede House, Old Aberdeen was used by the Bedesmen from the hospital from 1789 to the end of the nineteenth century.  The only remains of the 1531 building can be seen in a perimeter wall for Seaton Park in Old Aberdeen.  The last Bedesman died in 1988.  The Managers of the Hospital constituted a Charity, Bishop Dunbar Hospital Trust.  The Charity ceased active operation in 2012.

[3] 5a7b12a355429927d897bf2a::doc_7::Mike Dunbar: Mike Dunbar. Mike Dunbar (December 31, 1948 – September 13, 2013) was an American football and baseball coach.  He served as the head football coach at Central Washington University in 1983 and from 1987 to 1991 and at the University of Northern Iowa from 1997 to 2000, compiling a career college football coaching record of 83–24–1.  Dunbar was also the head baseball coach at Central Washington for one season, in 1983, tallying mark of 25–20–1.  He graduated from the University of Washington in 1972 with a B.A. in education and from Pacific Lutheran University in 1979 with an M.A. in education.  Dunbar died of cancer on September 13, 2013, in his hometown of Dupont, Washington, at the age of 64.

[4] 5a7b12a355429927d897bf2a::doc_4::Gospatric, Earl of Northumbria: Gospatric, Earl of Northumbria. Gospatric or Cospatric (from the Cumbric ""Servant of Saint Patrick""), (died after 1073), was Earl of Northumbria, or of Bernicia, and later lord of sizable estates around Dunbar.  While his paternal ancestry is uncertain, his descendants held the Earldom of Dunbar, later known as the Earldom of March, in south-east Scotland until 1435.

[5] 5a7a5b3a5542996c55b2dd71::doc_9::St James's Palace: St James's Palace. St James's Palace is the most senior royal palace in the United Kingdom.  Located in the City of Westminster, although no longer the principal residence of the monarch, it is the ceremonial meeting place of the Accession Council and the London residence of several members of the royal family.

[6] 5a7b12a355429927d897bf2a::doc_2::George II, Earl of March: George II, Earl of March. George de Dunbar, 11th Earl of Dunbar & March Lord of Annandale and the Isle of Man, (c. 1370 – after 1457) was the last of his family to hold these titles.",0.0,0.0,0.035982,1061,,,
hotpotqa_07_systema,hotpotqa_07,hotpotqa,HotpotQA,5a8704f8554299211dda2ba4,System A,Adaptive-k,What is the name of the Isles who were led by Aonghus Mór and covered a total land area of over 8300 km2?,Kingdom of the Isles,Isles,"[""5a8704f8554299211dda2ba4::doc_1::Aonghus Mór"", ""5a8704f8554299211dda2ba4::doc_8::Kingdom of the Isles"", ""5a8704f8554299211dda2ba4::doc_9::List of rulers of the Kingdom of the Isles"", ""5a8704f8554299211dda2ba4::doc_4::List of islands of Tasmania"", ""5a8704f8554299211dda2ba4::doc_6::Geography of the Philippines"", ""5a8704f8554299211dda2ba4::doc_7::National parks of Taiwan"", ""5a8704f8554299211dda2ba4::doc_3::Ashanti Region"", ""5a8704f8554299211dda2ba4::doc_5::Jaluit Atoll"", ""5a8704f8554299211dda2ba4::doc_0::Lord of Islay"", ""5a8704f8554299211dda2ba4::doc_2::Protected areas of Himachal Pradesh""]","[1] 5a8704f8554299211dda2ba4::doc_1::Aonghus Mór: Aonghus Mór. Aonghus Mór mac Domhnaill (died c.1293) was a leading figure in the thirteenth-century kingdoms of the Isles and Scotland.  He was a son of Domhnall mac Raghnaill, the eponym of Clann Domhnaill, a branch of Clann Somhairle.  Aonghus Mór appears to have succeeded his father in the mid part of the thirteenth century.  At the time, the rulers of the Isles were fiercely independent of the Scottish Crown, and owed nominal allegiance to the distant Norwegian Crown.  Aonghus Mór's first certain appearance in the historical record seems to evince his involvement in aiding native Irish kindreds against the consolidation of Anglo-Irish authority in the north-west Ireland.  Such cooperation could have been undertaken in the context of overseas kindreds like Clann Domhnaill constructing Irish alliances to gain assistance against Scottish encroachment.

[2] 5a8704f8554299211dda2ba4::doc_8::Kingdom of the Isles: Kingdom of the Isles. The Kingdom of the Isles comprised the Hebrides, the islands of the Firth of Clyde and the Isle of Man from the 9th to the 13th centuries AD.  The islands were known to the Norse as the ""Suðreyjar"", or ""Southern Isles"" as distinct from the ""Norðreyjar"" or Northern Isles of Orkney and Shetland.  The historical record is incomplete, and the kingdom was not a continuous entity throughout the entire period.  The islands concerned are sometimes referred to as the Kingdom of Mann and the Isles, although only some of the later rulers claimed that title.  At times the rulers were independent of external control, although for much of the period they had overlords in Norway, Ireland, England, Scotland or Orkney.  At times there also appear to have been competing claims for all or parts of the territory.  The islands involved have a total land area of over 8300 km2 and extend for more than 500 km from north to south.

[3] 5a8704f8554299211dda2ba4::doc_9::List of rulers of the Kingdom of the Isles: List of rulers of the Kingdom of the Isles. The Kingdom of the Isles comprised the Hebrides, the islands of the Firth of Clyde and the Isle of Man from the 9th to the 13th centuries AD.  The islands were known to the Norse as the ""Suðreyjar"", or ""Southern Isles"" as distinct from the ""Norðreyjar"" or Northern Isles of Orkney and Shetland.  The historical record is incomplete and the kingdom was probably not a continuous entity throughout the entire period.  The islands concerned are sometimes referred to as the ""Kingdom of Mann and the Isles"", although only some of the later rulers claimed that title.  At times the rulers were independent of external control, although for much of the period they had overlords in Norway, Ireland, England, Scotland or Orkney.  At times there also appear to have been competing claims for all or parts of the territory.  The islands involved have a total land area of over 8300 km2 and extend for more than 500 km from north to south.

[4] 5a8704f8554299211dda2ba4::doc_4::List of islands of Tasmania: List of islands of Tasmania. This is a list of islands of Tasmania, the smallest and southernmost state of Australia.  The Tasmanian mainland itself is an island, with an area of 64,103 km2 - 94.1% of the total land area of the state of Tasmania.  The eleven next largest islands have a combined area of 3,826 km2 , for a cumulative total of 99.75% of the state.  Over 300 smaller islands make up the remaining 173 km2 of total land area.

[5] 5a8704f8554299211dda2ba4::doc_6::Geography of the Philippines: Geography of the Philippines. The Philippines is an archipelago that consists of 7,641 islands with a total land area of 301780 km2 .  The 11 largest islands contain 95% of the total land area.  The largest of these islands is Luzon at about 105000 km2 .  The next largest island is Mindanao at about 95000 km2 .  The archipelago is around 800 km from the Asian mainland and is located between Taiwan and Borneo.

[6] 5a8704f8554299211dda2ba4::doc_7::National parks of Taiwan: National parks of Taiwan. National parks of Taiwan are protected spaces for their nature, wildlife, and history in its current jurisdiction.  Currently there are nine national parks in Taiwan, all are under the administration of the Ministry of the Interior.  These national parks covers 7489.49 km2 .  The 3103.76 km2 total land area constitutes around 8.6% of the entire land area of the country.

[7] 5a8704f8554299211dda2ba4::doc_3::Ashanti Region: Ashanti Region. The Ashanti Region is located in south Ghana and is third largest of 10 administrative regions, occupying a total land surface of 24389 km2 or 10.2 per cent of the total land area of Ghana.  In terms of population, however, it is the most populated region with a population of 4,780,380 according to the 2010 census, accounting for 19.4% of Ghana’s total population.  The Ashanti Region is known for its major gold bar and cocoa production.  The largest city and regional capital is Kumasi.

[8] 5a8704f8554299211dda2ba4::doc_5::Jaluit Atoll: Jaluit Atoll. Jaluit Atoll (Marshallese: Jālwōj , , or Jālooj , ) is a large coral atoll of 91 islands in the Pacific Ocean and forms a legislative district of the Ralik Chain of the Marshall Islands.  Its total land area is 11.34 km2 , and it encloses a lagoon with an area of 690 km2 .  Most of the land area is on the largest islet (motu) of Jaluit (10.4 km²).  Jaluit is approximately 220 km southwest of Majuro.  Jaluit Atoll is a designated conservation area and Ramsar Wetland.

[9] 5a8704f8554299211dda2ba4::doc_0::Lord of Islay: Lord of Islay. Lord of Islay was a thirteenth- and fourteenth-century title borne by the chiefs of Clann Domhnaill before they assumed the title ""Lord of the Isles"" in the late fourteenth century.  The first person regarded to have styled themself ""Lord of Islay"" is Aonghus Mór, son of the eponymous ancestor of the clan, Domhnall mac Raghnaill.  The designation ""of Islay"" was frequently used by these lords and later members of the clan.

[10] 5a8704f8554299211dda2ba4::doc_2::Protected areas of Himachal Pradesh: Protected areas of Himachal Pradesh. Forests in Himachal Pradesh currently cover an area of nearly 37,691 sqkm , which is about 38.3% of the total land area of the state.  The forests were once considered to be the main source of income of the state and most of the original forests were clear felled.  The emphasis has shifted, however, from exploitation to conservation.  The state government aims to increase forest cover to 50% of the total land area.  There have been various projects, including the establishment of protected areas such as National Parks, designed to preserve and expand the forests.",0.4,0.25,0.691923,1912,,,
hotpotqa_07_systemb,hotpotqa_07,hotpotqa,HotpotQA,5a8704f8554299211dda2ba4,System B,Fixed Top-10,What is the name of the Isles who were led by Aonghus Mór and covered a total land area of over 8300 km2?,Kingdom of the Isles,Isles,"[""5a8704f8554299211dda2ba4::doc_1::Aonghus Mór"", ""5a8704f8554299211dda2ba4::doc_8::Kingdom of the Isles"", ""5a8704f8554299211dda2ba4::doc_9::List of rulers of the Kingdom of the Isles"", ""5a8704f8554299211dda2ba4::doc_4::List of islands of Tasmania"", ""5a8704f8554299211dda2ba4::doc_6::Geography of the Philippines"", ""5a8704f8554299211dda2ba4::doc_7::National parks of Taiwan"", ""5a8704f8554299211dda2ba4::doc_3::Ashanti Region"", ""5a8704f8554299211dda2ba4::doc_5::Jaluit Atoll"", ""5a8704f8554299211dda2ba4::doc_0::Lord of Islay"", ""5a8704f8554299211dda2ba4::doc_2::Protected areas of Himachal Pradesh""]","[1] 5a8704f8554299211dda2ba4::doc_1::Aonghus Mór: Aonghus Mór. Aonghus Mór mac Domhnaill (died c.1293) was a leading figure in the thirteenth-century kingdoms of the Isles and Scotland.  He was a son of Domhnall mac Raghnaill, the eponym of Clann Domhnaill, a branch of Clann Somhairle.  Aonghus Mór appears to have succeeded his father in the mid part of the thirteenth century.  At the time, the rulers of the Isles were fiercely independent of the Scottish Crown, and owed nominal allegiance to the distant Norwegian Crown.  Aonghus Mór's first certain appearance in the historical record seems to evince his involvement in aiding native Irish kindreds against the consolidation of Anglo-Irish authority in the north-west Ireland.  Such cooperation could have been undertaken in the context of overseas kindreds like Clann Domhnaill constructing Irish alliances to gain assistance against Scottish encroachment.

[2] 5a8704f8554299211dda2ba4::doc_8::Kingdom of the Isles: Kingdom of the Isles. The Kingdom of the Isles comprised the Hebrides, the islands of the Firth of Clyde and the Isle of Man from the 9th to the 13th centuries AD.  The islands were known to the Norse as the ""Suðreyjar"", or ""Southern Isles"" as distinct from the ""Norðreyjar"" or Northern Isles of Orkney and Shetland.  The historical record is incomplete, and the kingdom was not a continuous entity throughout the entire period.  The islands concerned are sometimes referred to as the Kingdom of Mann and the Isles, although only some of the later rulers claimed that title.  At times the rulers were independent of external control, although for much of the period they had overlords in Norway, Ireland, England, Scotland or Orkney.  At times there also appear to have been competing claims for all or parts of the territory.  The islands involved have a total land area of over 8300 km2 and extend for more than 500 km from north to south.

[3] 5a8704f8554299211dda2ba4::doc_9::List of rulers of the Kingdom of the Isles: List of rulers of the Kingdom of the Isles. The Kingdom of the Isles comprised the Hebrides, the islands of the Firth of Clyde and the Isle of Man from the 9th to the 13th centuries AD.  The islands were known to the Norse as the ""Suðreyjar"", or ""Southern Isles"" as distinct from the ""Norðreyjar"" or Northern Isles of Orkney and Shetland.  The historical record is incomplete and the kingdom was probably not a continuous entity throughout the entire period.  The islands concerned are sometimes referred to as the ""Kingdom of Mann and the Isles"", although only some of the later rulers claimed that title.  At times the rulers were independent of external control, although for much of the period they had overlords in Norway, Ireland, England, Scotland or Orkney.  At times there also appear to have been competing claims for all or parts of the territory.  The islands involved have a total land area of over 8300 km2 and extend for more than 500 km from north to south.

[4] 5a8704f8554299211dda2ba4::doc_4::List of islands of Tasmania: List of islands of Tasmania. This is a list of islands of Tasmania, the smallest and southernmost state of Australia.  The Tasmanian mainland itself is an island, with an area of 64,103 km2 - 94.1% of the total land area of the state of Tasmania.  The eleven next largest islands have a combined area of 3,826 km2 , for a cumulative total of 99.75% of the state.  Over 300 smaller islands make up the remaining 173 km2 of total land area.

[5] 5a8704f8554299211dda2ba4::doc_6::Geography of the Philippines: Geography of the Philippines. The Philippines is an archipelago that consists of 7,641 islands with a total land area of 301780 km2 .  The 11 largest islands contain 95% of the total land area.  The largest of these islands is Luzon at about 105000 km2 .  The next largest island is Mindanao at about 95000 km2 .  The archipelago is around 800 km from the Asian mainland and is located between Taiwan and Borneo.

[6] 5a8704f8554299211dda2ba4::doc_7::National parks of Taiwan: National parks of Taiwan. National parks of Taiwan are protected spaces for their nature, wildlife, and history in its current jurisdiction.  Currently there are nine national parks in Taiwan, all are under the administration of the Ministry of the Interior.  These national parks covers 7489.49 km2 .  The 3103.76 km2 total land area constitutes around 8.6% of the entire land area of the country.

[7] 5a8704f8554299211dda2ba4::doc_3::Ashanti Region: Ashanti Region. The Ashanti Region is located in south Ghana and is third largest of 10 administrative regions, occupying a total land surface of 24389 km2 or 10.2 per cent of the total land area of Ghana.  In terms of population, however, it is the most populated region with a population of 4,780,380 according to the 2010 census, accounting for 19.4% of Ghana’s total population.  The Ashanti Region is known for its major gold bar and cocoa production.  The largest city and regional capital is Kumasi.

[8] 5a8704f8554299211dda2ba4::doc_5::Jaluit Atoll: Jaluit Atoll. Jaluit Atoll (Marshallese: Jālwōj , , or Jālooj , ) is a large coral atoll of 91 islands in the Pacific Ocean and forms a legislative district of the Ralik Chain of the Marshall Islands.  Its total land area is 11.34 km2 , and it encloses a lagoon with an area of 690 km2 .  Most of the land area is on the largest islet (motu) of Jaluit (10.4 km²).  Jaluit is approximately 220 km southwest of Majuro.  Jaluit Atoll is a designated conservation area and Ramsar Wetland.

[9] 5a8704f8554299211dda2ba4::doc_0::Lord of Islay: Lord of Islay. Lord of Islay was a thirteenth- and fourteenth-century title borne by the chiefs of Clann Domhnaill before they assumed the title ""Lord of the Isles"" in the late fourteenth century.  The first person regarded to have styled themself ""Lord of Islay"" is Aonghus Mór, son of the eponymous ancestor of the clan, Domhnall mac Raghnaill.  The designation ""of Islay"" was frequently used by these lords and later members of the clan.

[10] 5a8704f8554299211dda2ba4::doc_2::Protected areas of Himachal Pradesh: Protected areas of Himachal Pradesh. Forests in Himachal Pradesh currently cover an area of nearly 37,691 sqkm , which is about 38.3% of the total land area of the state.  The forests were once considered to be the main source of income of the state and most of the original forests were clear felled.  The emphasis has shifted, however, from exploitation to conservation.  The state government aims to increase forest cover to 50% of the total land area.  There have been various projects, including the establishment of protected areas such as National Parks, designed to preserve and expand the forests.",0.4,0.25,0.691923,1912,,,
hotpotqa_07_systemc,hotpotqa_07,hotpotqa,HotpotQA,5a8704f8554299211dda2ba4,System C,TACER,What is the name of the Isles who were led by Aonghus Mór and covered a total land area of over 8300 km2?,Kingdom of the Isles,Kingdom of the Isles,"[""5a8704f8554299211dda2ba4::doc_1::Aonghus Mór"", ""5a8704f8554299211dda2ba4::doc_8::Kingdom of the Isles"", ""5a8704f8554299211dda2ba4::doc_9::List of rulers of the Kingdom of the Isles"", ""5a8704f8554299211dda2ba4::doc_4::List of islands of Tasmania"", ""5a8704f8554299211dda2ba4::doc_6::Geography of the Philippines"", ""5a8704f8554299211dda2ba4::doc_7::National parks of Taiwan"", ""5a8704f8554299211dda2ba4::doc_3::Ashanti Region"", ""5a8704f8554299211dda2ba4::doc_5::Jaluit Atoll"", ""5a8704f8554299211dda2ba4::doc_0::Lord of Islay"", ""5a8704f8554299211dda2ba4::doc_2::Protected areas of Himachal Pradesh""]","[1] 5a8704f8554299211dda2ba4::doc_1::Aonghus Mór: Aonghus Mór. Aonghus Mór mac Domhnaill (died c.1293) was a leading figure in the thirteenth-century kingdoms of the Isles and Scotland.  He was a son of Domhnall mac Raghnaill, the eponym of Clann Domhnaill, a branch of Clann Somhairle.  Aonghus Mór appears to have succeeded his father in the mid part of the thirteenth century.  At the time, the rulers of the Isles were fiercely independent of the Scottish Crown, and owed nominal allegiance to the distant Norwegian Crown.  Aonghus Mór's first certain appearance in the historical record seems to evince his involvement in aiding native Irish kindreds against the consolidation of Anglo-Irish authority in the north-west Ireland.  Such cooperation could have been undertaken in the context of overseas kindreds like Clann Domhnaill constructing Irish alliances to gain assistance against Scottish encroachment.

[2] 5a8704f8554299211dda2ba4::doc_8::Kingdom of the Isles: Kingdom of the Isles. The Kingdom of the Isles comprised the Hebrides, the islands of the Firth of Clyde and the Isle of Man from the 9th to the 13th centuries AD.  The islands were known to the Norse as the ""Suðreyjar"", or ""Southern Isles"" as distinct from the ""Norðreyjar"" or Northern Isles of Orkney and Shetland.  The historical record is incomplete, and the kingdom was not a continuous entity throughout the entire period.  The islands concerned are sometimes referred to as the Kingdom of Mann and the Isles, although only some of the later rulers claimed that title.  At times the rulers were independent of external control, although for much of the period they had overlords in Norway, Ireland, England, Scotland or Orkney.  At times there also appear to have been competing claims for all or parts of the territory.  The islands involved have a total land area of over 8300 km2 and extend for more than 500 km from north to south.

[3] 5a8704f8554299211dda2ba4::doc_9::List of rulers of the Kingdom of the Isles: List of rulers of the Kingdom of the Isles. The Kingdom of the Isles comprised the Hebrides, the islands of the Firth of Clyde and the Isle of Man from the 9th to the 13th centuries AD.  The islands were known to the Norse as the ""Suðreyjar"", or ""Southern Isles"" as distinct from the ""Norðreyjar"" or Northern Isles of Orkney and Shetland.  The historical record is incomplete and the kingdom was probably not a continuous entity throughout the entire period.  The islands concerned are sometimes referred to as the ""Kingdom of Mann and the Isles"", although only some of the later rulers claimed that title.  At times the rulers were independent of external control, although for much of the period they had overlords in Norway, Ireland, England, Scotland or Orkney.  At times there also appear to have been competing claims for all or parts of the territory.  The islands involved have a total land area of over 8300 km2 and extend for more than 500 km from north to south.

[4] 5a8704f8554299211dda2ba4::doc_4::List of islands of Tasmania: List of islands of Tasmania. This is a list of islands of Tasmania, the smallest and southernmost state of Australia.  The Tasmanian mainland itself is an island, with an area of 64,103 km2 - 94.1% of the total land area of the state of Tasmania.  The eleven next largest islands have a combined area of 3,826 km2 , for a cumulative total of 99.75% of the state.  Over 300 smaller islands make up the remaining 173 km2 of total land area.

[5] 5a8704f8554299211dda2ba4::doc_6::Geography of the Philippines: Geography of the Philippines. The Philippines is an archipelago that consists of 7,641 islands with a total land area of 301780 km2 .  The 11 largest islands contain 95% of the total land area.  The largest of these islands is Luzon at about 105000 km2 .  The next largest island is Mindanao at about 95000 km2 .  The archipelago is around 800 km from the Asian mainland and is located between Taiwan and Borneo.

[6] 5a8704f8554299211dda2ba4::doc_7::National parks of Taiwan: National parks of Taiwan. National parks of Taiwan are protected spaces for their nature, wildlife, and history in its current jurisdiction.  Currently there are nine national parks in Taiwan, all are under the administration of the Ministry of the Interior.  These national parks covers 7489.49 km2 .  The 3103.76 km2 total land area constitutes around 8.6% of the entire land area of the country.

[7] 5a8704f8554299211dda2ba4::doc_3::Ashanti Region: Ashanti Region. The Ashanti Region is located in south Ghana and is third largest of 10 administrative regions, occupying a total land surface of 24389 km2 or 10.2 per cent of the total land area of Ghana.  In terms of population, however, it is the most populated region with a population of 4,780,380 according to the 2010 census, accounting for 19.4% of Ghana’s total population.  The Ashanti Region is known for its major gold bar and cocoa production.  The largest city and regional capital is Kumasi.

[8] 5a8704f8554299211dda2ba4::doc_5::Jaluit Atoll: Jaluit Atoll. Jaluit Atoll (Marshallese: Jālwōj , , or Jālooj , ) is a large coral atoll of 91 islands in the Pacific Ocean and forms a legislative district of the Ralik Chain of the Marshall Islands.  Its total land area is 11.34 km2 , and it encloses a lagoon with an area of 690 km2 .  Most of the land area is on the largest islet (motu) of Jaluit (10.4 km²).  Jaluit is approximately 220 km southwest of Majuro.  Jaluit Atoll is a designated conservation area and Ramsar Wetland.

[9] 5a8704f8554299211dda2ba4::doc_0::Lord of Islay: Lord of Islay. Lord of Islay was a thirteenth- and fourteenth-century title borne by the chiefs of Clann Domhnaill before they assumed the title ""Lord of the Isles"" in the late fourteenth century.  The first person regarded to have styled themself ""Lord of Islay"" is Aonghus Mór, son of the eponymous ancestor of the clan, Domhnall mac Raghnaill.  The designation ""of Islay"" was frequently used by these lords and later members of the clan.

[10] 5a8704f8554299211dda2ba4::doc_2::Protected areas of Himachal Pradesh: Protected areas of Himachal Pradesh. Forests in Himachal Pradesh currently cover an area of nearly 37,691 sqkm , which is about 38.3% of the total land area of the state.  The forests were once considered to be the main source of income of the state and most of the original forests were clear felled.  The emphasis has shifted, however, from exploitation to conservation.  The state government aims to increase forest cover to 50% of the total land area.  There have been various projects, including the establishment of protected areas such as National Parks, designed to preserve and expand the forests.",1.0,1.0,1.0,1165,,,
hotpotqa_08_systema,hotpotqa_08,hotpotqa,HotpotQA,5a8e1027554299653c1aa15f,System A,Fixed Top-10,Which year and which conference was the 14th season for this conference as part of the NCAA Division that the Colorado Buffaloes played in with a record of 2-6 in conference play?,2009 Big 12 Conference,2009 Big 12,"[""5ab3e45655429976abd1bcd4::doc_3::America East Conference"", ""5a8e1027554299653c1aa15f::doc_2::2009 Colorado Buffaloes football team"", ""5a8e1027554299653c1aa15f::doc_6::2011 Colorado Buffaloes football team"", ""5a8e1027554299653c1aa15f::doc_7::2014 Colorado Buffaloes football team"", ""5a8e1027554299653c1aa15f::doc_3::2015 Colorado Buffaloes football team"", ""5a8e1027554299653c1aa15f::doc_4::2012 Colorado Buffaloes football team"", ""5a8e1027554299653c1aa15f::doc_8::2009 Big 12 Conference football season"", ""5a8e1027554299653c1aa15f::doc_5::1989 Colorado Buffaloes football team"", ""5a8e1027554299653c1aa15f::doc_1::2015–16 Colorado Buffaloes men's basketball team"", ""5a8e1027554299653c1aa15f::doc_9::2014–15 Colorado Buffaloes men's basketball team""]","[1] 5ab3e45655429976abd1bcd4::doc_3::America East Conference: America East Conference. The America East Conference is a collegiate athletic conference affiliated with the NCAA Division I, whose members are located mainly in the Northeastern United States.  The conference was known as the Eastern College Athletic Conference-North from 1979 to 1988 and the North Atlantic Conference from 1988 to 1996.

[2] 5a8e1027554299653c1aa15f::doc_2::2009 Colorado Buffaloes football team: 2009 Colorado Buffaloes football team. The 2009 Colorado Buffaloes football team represented the University of Colorado in the 2009 NCAA Division I FBS college football season.  The Buffaloes were led by fourth year head coach Dan Hawkins and played their home games at Folsom Field.  The Buffaloes finished the season with a record of 3–9 and 2–6 in Big 12 play.

[3] 5a8e1027554299653c1aa15f::doc_6::2011 Colorado Buffaloes football team: 2011 Colorado Buffaloes football team. The 2011 Colorado Buffaloes football team represented the University of Colorado at Boulder in the 2011 NCAA Division I FBS football season.  Led by first-year head coach and alumnus Jon Embree, the Buffaloes played their home games on-campus at Folsom Field in Boulder and were first-year members of the newly expanded Pac-12 Conference.  They finished with a record of 3–10, 2–7 in Pac-12 play, in a tie for last place in the South Division.

[4] 5a8e1027554299653c1aa15f::doc_7::2014 Colorado Buffaloes football team: 2014 Colorado Buffaloes football team. The 2014 Colorado Buffaloes football team represented the University of Colorado at Boulder during the 2014 NCAA Division I FBS football season.  Led by second-year head coach Mike MacIntyre, the Buffaloes played their home games on-campus at Folsom Field in Boulder and were members of the South Division of the Pac-12 Conference.  They finished the season 2–10, 0–9 in Pac-12 play to finish in last place in the South Division.

[5] 5a8e1027554299653c1aa15f::doc_3::2015 Colorado Buffaloes football team: 2015 Colorado Buffaloes football team. The 2015 Colorado Buffaloes football team represented the University of Colorado at Boulder during the 2015 NCAA Division I FBS football season.  Led by third-year head coach Mike MacIntyre, the Buffaloes played their home games on-campus at Folsom Field in Boulder and were members of the South Division of the Pac-12 Conference.  They finished the season 4–9, 1–8 in Pac-12 play to finish in last place in the South Division.

[6] 5a8e1027554299653c1aa15f::doc_4::2012 Colorado Buffaloes football team: 2012 Colorado Buffaloes football team. The 2012 Colorado Buffaloes football team represented the University of Colorado Boulder during the 2012 NCAA Division I FBS football season.  Led by second-year head coach and alumnus Jon Embree, the Buffaloes played their home games on-campus at Folsom Field in Boulder and were members of the Pac-12 Conference.  On November 25, 2012, head coach Jon Embree was fired after compiling a 4–21 record including 1–11 in his final year, the worst year in the history of Colorado Buffaloes football.

[7] 5a8e1027554299653c1aa15f::doc_8::2009 Big 12 Conference football season: 2009 Big 12 Conference football season. The 2009 Big 12 Conference football season was the 14th season for the Big 12, as part of the 2009 NCAA Division I FBS football season.

[8] 5a8e1027554299653c1aa15f::doc_5::1989 Colorado Buffaloes football team: 1989 Colorado Buffaloes football team. The 1989 Colorado Buffaloes football team represented the University of Colorado at Boulder during the 1989 NCAA Division I-A football season.  Colorado finished with the most wins in school history, surpassing the 1971 team, and their first conference championship since 1976.  The Buffaloes played for the national title but lost to Notre Dame in the Orange Bowl.  The team dedicated the season to senior and former starting quarterback Sal Aunese, who was diagnosed with stomach cancer in February and died on September 23 due to complications from the disease.

[9] 5a8e1027554299653c1aa15f::doc_1::2015–16 Colorado Buffaloes men's basketball team: 2015–16 Colorado Buffaloes men's basketball team. The 2015–16 Colorado Buffaloes men's basketball team represented the University of Colorado in the 2015–16 NCAA Division I men's basketball season.  This was Tad Boyle's sixth season as head coach at Colorado.  The Buffaloes played their home games at Coors Events Center in Boulder, Colorado and were members of the Pac-12 Conference.  They finished the season 22–12, 10–8 in Pac-12 play to finish in fifth place.  The defeated Washington State in the first round of the Pac-12 Tournament to advance to the quarterfinals where they lost to Arizona.  They received an at-large bid to the NCAA Tournament where they lost in the first round to Connecticut.

[10] 5a8e1027554299653c1aa15f::doc_9::2014–15 Colorado Buffaloes men's basketball team: 2014–15 Colorado Buffaloes men's basketball team. The 2014–15 Colorado Buffaloes men's basketball team represented the University of Colorado in the 2014–15 NCAA Division I men's basketball season.  This was Tad Boyle's fifth year as head coach at Colorado.  The Buffaloes played their home games at the Coors Events Center in Boulder, Colorado as members of the Pac-12 Conference.  They finished the season 16–18, 7–11 in Pac-12 play to finish in a three way tie for eighth place.  They advanced to the quarterfinals of the Pac-12 Tournament where they lost to Oregon.  They were invited to the College Basketball Invitational where they defeated Gardner–Webb in the first round before losing in the second round to Seattle.",0.857143,0.75,0.801323,1639,,,
hotpotqa_08_systemb,hotpotqa_08,hotpotqa,HotpotQA,5a8e1027554299653c1aa15f,System B,Adaptive-k,Which year and which conference was the 14th season for this conference as part of the NCAA Division that the Colorado Buffaloes played in with a record of 2-6 in conference play?,2009 Big 12 Conference,2011 Pac-12,"[""5ab3e45655429976abd1bcd4::doc_3::America East Conference"", ""5a8e1027554299653c1aa15f::doc_2::2009 Colorado Buffaloes football team"", ""5a8e1027554299653c1aa15f::doc_6::2011 Colorado Buffaloes football team"", ""5a8e1027554299653c1aa15f::doc_7::2014 Colorado Buffaloes football team"", ""5a8e1027554299653c1aa15f::doc_3::2015 Colorado Buffaloes football team"", ""5a8e1027554299653c1aa15f::doc_4::2012 Colorado Buffaloes football team""]","[1] 5ab3e45655429976abd1bcd4::doc_3::America East Conference: America East Conference. The America East Conference is a collegiate athletic conference affiliated with the NCAA Division I, whose members are located mainly in the Northeastern United States.  The conference was known as the Eastern College Athletic Conference-North from 1979 to 1988 and the North Atlantic Conference from 1988 to 1996.

[2] 5a8e1027554299653c1aa15f::doc_2::2009 Colorado Buffaloes football team: 2009 Colorado Buffaloes football team. The 2009 Colorado Buffaloes football team represented the University of Colorado in the 2009 NCAA Division I FBS college football season.  The Buffaloes were led by fourth year head coach Dan Hawkins and played their home games at Folsom Field.  The Buffaloes finished the season with a record of 3–9 and 2–6 in Big 12 play.

[3] 5a8e1027554299653c1aa15f::doc_6::2011 Colorado Buffaloes football team: 2011 Colorado Buffaloes football team. The 2011 Colorado Buffaloes football team represented the University of Colorado at Boulder in the 2011 NCAA Division I FBS football season.  Led by first-year head coach and alumnus Jon Embree, the Buffaloes played their home games on-campus at Folsom Field in Boulder and were first-year members of the newly expanded Pac-12 Conference.  They finished with a record of 3–10, 2–7 in Pac-12 play, in a tie for last place in the South Division.

[4] 5a8e1027554299653c1aa15f::doc_7::2014 Colorado Buffaloes football team: 2014 Colorado Buffaloes football team. The 2014 Colorado Buffaloes football team represented the University of Colorado at Boulder during the 2014 NCAA Division I FBS football season.  Led by second-year head coach Mike MacIntyre, the Buffaloes played their home games on-campus at Folsom Field in Boulder and were members of the South Division of the Pac-12 Conference.  They finished the season 2–10, 0–9 in Pac-12 play to finish in last place in the South Division.

[5] 5a8e1027554299653c1aa15f::doc_3::2015 Colorado Buffaloes football team: 2015 Colorado Buffaloes football team. The 2015 Colorado Buffaloes football team represented the University of Colorado at Boulder during the 2015 NCAA Division I FBS football season.  Led by third-year head coach Mike MacIntyre, the Buffaloes played their home games on-campus at Folsom Field in Boulder and were members of the South Division of the Pac-12 Conference.  They finished the season 4–9, 1–8 in Pac-12 play to finish in last place in the South Division.

[6] 5a8e1027554299653c1aa15f::doc_4::2012 Colorado Buffaloes football team: 2012 Colorado Buffaloes football team. The 2012 Colorado Buffaloes football team represented the University of Colorado Boulder during the 2012 NCAA Division I FBS football season.  Led by second-year head coach and alumnus Jon Embree, the Buffaloes played their home games on-campus at Folsom Field in Boulder and were members of the Pac-12 Conference.  On November 25, 2012, head coach Jon Embree was fired after compiling a 4–21 record including 1–11 in his final year, the worst year in the history of Colorado Buffaloes football.",0.285714,0.25,0.704662,990,,,
hotpotqa_08_systemc,hotpotqa_08,hotpotqa,HotpotQA,5a8e1027554299653c1aa15f,System C,TACER,Which year and which conference was the 14th season for this conference as part of the NCAA Division that the Colorado Buffaloes played in with a record of 2-6 in conference play?,2009 Big 12 Conference,2009 Big 12,"[""5ab3e45655429976abd1bcd4::doc_3::America East Conference"", ""5a8e1027554299653c1aa15f::doc_2::2009 Colorado Buffaloes football team"", ""5a8e1027554299653c1aa15f::doc_6::2011 Colorado Buffaloes football team"", ""5a8e1027554299653c1aa15f::doc_7::2014 Colorado Buffaloes football team"", ""5a8e1027554299653c1aa15f::doc_3::2015 Colorado Buffaloes football team"", ""5a8e1027554299653c1aa15f::doc_4::2012 Colorado Buffaloes football team"", ""5a8e1027554299653c1aa15f::doc_8::2009 Big 12 Conference football season"", ""5a8e1027554299653c1aa15f::doc_5::1989 Colorado Buffaloes football team"", ""5a8e1027554299653c1aa15f::doc_1::2015–16 Colorado Buffaloes men's basketball team"", ""5a8e1027554299653c1aa15f::doc_9::2014–15 Colorado Buffaloes men's basketball team""]","[1] 5ab3e45655429976abd1bcd4::doc_3::America East Conference: America East Conference. The America East Conference is a collegiate athletic conference affiliated with the NCAA Division I, whose members are located mainly in the Northeastern United States.  The conference was known as the Eastern College Athletic Conference-North from 1979 to 1988 and the North Atlantic Conference from 1988 to 1996.

[2] 5a8e1027554299653c1aa15f::doc_2::2009 Colorado Buffaloes football team: 2009 Colorado Buffaloes football team. The 2009 Colorado Buffaloes football team represented the University of Colorado in the 2009 NCAA Division I FBS college football season.  The Buffaloes were led by fourth year head coach Dan Hawkins and played their home games at Folsom Field.  The Buffaloes finished the season with a record of 3–9 and 2–6 in Big 12 play.

[3] 5a8e1027554299653c1aa15f::doc_6::2011 Colorado Buffaloes football team: 2011 Colorado Buffaloes football team. The 2011 Colorado Buffaloes football team represented the University of Colorado at Boulder in the 2011 NCAA Division I FBS football season.  Led by first-year head coach and alumnus Jon Embree, the Buffaloes played their home games on-campus at Folsom Field in Boulder and were first-year members of the newly expanded Pac-12 Conference.  They finished with a record of 3–10, 2–7 in Pac-12 play, in a tie for last place in the South Division.

[4] 5a8e1027554299653c1aa15f::doc_7::2014 Colorado Buffaloes football team: 2014 Colorado Buffaloes football team. The 2014 Colorado Buffaloes football team represented the University of Colorado at Boulder during the 2014 NCAA Division I FBS football season.  Led by second-year head coach Mike MacIntyre, the Buffaloes played their home games on-campus at Folsom Field in Boulder and were members of the South Division of the Pac-12 Conference.  They finished the season 2–10, 0–9 in Pac-12 play to finish in last place in the South Division.

[5] 5a8e1027554299653c1aa15f::doc_3::2015 Colorado Buffaloes football team: 2015 Colorado Buffaloes football team. The 2015 Colorado Buffaloes football team represented the University of Colorado at Boulder during the 2015 NCAA Division I FBS football season.  Led by third-year head coach Mike MacIntyre, the Buffaloes played their home games on-campus at Folsom Field in Boulder and were members of the South Division of the Pac-12 Conference.  They finished the season 4–9, 1–8 in Pac-12 play to finish in last place in the South Division.

[6] 5a8e1027554299653c1aa15f::doc_4::2012 Colorado Buffaloes football team: 2012 Colorado Buffaloes football team. The 2012 Colorado Buffaloes football team represented the University of Colorado Boulder during the 2012 NCAA Division I FBS football season.  Led by second-year head coach and alumnus Jon Embree, the Buffaloes played their home games on-campus at Folsom Field in Boulder and were members of the Pac-12 Conference.  On November 25, 2012, head coach Jon Embree was fired after compiling a 4–21 record including 1–11 in his final year, the worst year in the history of Colorado Buffaloes football.

[7] 5a8e1027554299653c1aa15f::doc_8::2009 Big 12 Conference football season: 2009 Big 12 Conference football season. The 2009 Big 12 Conference football season was the 14th season for the Big 12, as part of the 2009 NCAA Division I FBS football season.

[8] 5a8e1027554299653c1aa15f::doc_5::1989 Colorado Buffaloes football team: 1989 Colorado Buffaloes football team. The 1989 Colorado Buffaloes football team represented the University of Colorado at Boulder during the 1989 NCAA Division I-A football season.  Colorado finished with the most wins in school history, surpassing the 1971 team, and their first conference championship since 1976.  The Buffaloes played for the national title but lost to Notre Dame in the Orange Bowl.  The team dedicated the season to senior and former starting quarterback Sal Aunese, who was diagnosed with stomach cancer in February and died on September 23 due to complications from the disease.

[9] 5a8e1027554299653c1aa15f::doc_1::2015–16 Colorado Buffaloes men's basketball team: 2015–16 Colorado Buffaloes men's basketball team. The 2015–16 Colorado Buffaloes men's basketball team represented the University of Colorado in the 2015–16 NCAA Division I men's basketball season.  This was Tad Boyle's sixth season as head coach at Colorado.  The Buffaloes played their home games at Coors Events Center in Boulder, Colorado and were members of the Pac-12 Conference.  They finished the season 22–12, 10–8 in Pac-12 play to finish in fifth place.  The defeated Washington State in the first round of the Pac-12 Tournament to advance to the quarterfinals where they lost to Arizona.  They received an at-large bid to the NCAA Tournament where they lost in the first round to Connecticut.

[10] 5a8e1027554299653c1aa15f::doc_9::2014–15 Colorado Buffaloes men's basketball team: 2014–15 Colorado Buffaloes men's basketball team. The 2014–15 Colorado Buffaloes men's basketball team represented the University of Colorado in the 2014–15 NCAA Division I men's basketball season.  This was Tad Boyle's fifth year as head coach at Colorado.  The Buffaloes played their home games at the Coors Events Center in Boulder, Colorado as members of the Pac-12 Conference.  They finished the season 16–18, 7–11 in Pac-12 play to finish in a three way tie for eighth place.  They advanced to the quarterfinals of the Pac-12 Tournament where they lost to Oregon.  They were invited to the College Basketball Invitational where they defeated Gardner–Webb in the first round before losing in the second round to Seattle.",0.857143,0.75,0.801323,1230,,,
hotpotqa_09_systema,hotpotqa_09,hotpotqa,HotpotQA,5a8361b65542992ef85e22a0,System A,TACER,Vince Phillips held a junior welterweight title by an organization recognized by what larger Hall of Fame?,International Boxing Hall of Fame,International Boxing Hall of Fame,"[""5a8361b65542992ef85e22a0::doc_2::Vince Phillips"", ""5a8361b65542992ef85e22a0::doc_6::Jeff Malcolm"", ""5a8361b65542992ef85e22a0::doc_4::Fatai Onikeke"", ""5a8361b65542992ef85e22a0::doc_5::Julian Holland (boxer)"", ""5a8361b65542992ef85e22a0::doc_7::Zab Judah"", ""5a8361b65542992ef85e22a0::doc_1::Bunny Grant"", ""5a8361b65542992ef85e22a0::doc_0::Ralph Charles"", ""5a8361b65542992ef85e22a0::doc_9::Lawrence Austin"", ""5a8361b65542992ef85e22a0::doc_3::Andrew Murray (Guyanese boxer)"", ""5adf65555542992d7e9f9334::doc_2::New York State Writers Hall of Fame""]","[1] 5a8361b65542992ef85e22a0::doc_2::Vince Phillips: Vince Phillips. Vincent Edwards ""Vince"" Phillips (born July 23, 1963) is an American former professional boxer who competed from 1989 to 2007.  He held the IBF junior welterweight title from 1997 to 1999, notably scoring an upset victory against then-undefeated Kostya Tszyu to become champion.

[2] 5a8361b65542992ef85e22a0::doc_6::Jeff Malcolm: Jeff Malcolm. Jeff ""Flash"" Malcolm (born 9 May 1956 in Cowra, New South Wales), is an Australian professional boxer who fought from 1971 until 2002.  He won the Australian light welterweight title, New South Wales (Australia) State lightweight title, Australasian light welterweight title, South Pacific light welterweight title, Queensland (Australia) State welterweight title, International Boxing Council (IBC) welterweight title, South Pacific welterweight title, World Boxing Federation (WBF) Intercontinental welterweight title, WBF welterweight title, Pan Asian Boxing Association (PABA) welterweight title, World Boxing Association (WBA) Fedelatin welterweight title, PABA light middleweight title, and Commonwealth light welterweight title.  He was also a challenger for the South Seas light welterweight title against Pat Leglise, Australian welterweight title against Wilf Gentzen, and World Boxing Organization (WBO) welterweight title against Manning Galloway.  His professional fighting weight varied from 135 lb , i.e. lightweight to 165+1/4 lb , i.e. super middleweight.  He was inducted into the Australian National Boxing Hall of Fame in 2007.

[3] 5a8361b65542992ef85e22a0::doc_4::Fatai Onikeke: Fatai Onikeke. Fatai ""Kid Dynamite"" Onikeke ( (1983--) 02 1983 (age (2017)-(1983)-((11)<(04)or(11)==(04)and(30)<(02)) ) ) is a Nigerian/Australian professional light welter/welterweight boxer of the 2000s and 2010s who won the Nigerian welterweight title, African Boxing Union (ABU) welterweight title, World Boxing Foundation (WBFo) Intercontinental light welterweight title, International Boxing Federation (IBF) Pan Pacific light welterweight title, and Commonwealth welterweight title, and was a challenger for the World Boxing Organization (WBO) Africa light welterweight title, WBFo light welterweight title, and World Boxing Organization (WBO) Oriental light welterweight title against Lance Gostelow , his professional fighting weight varied from 138+1/2 lb , i.e. light welterweight to 146+1/2 lb , i.e. welterweight.

[4] 5a8361b65542992ef85e22a0::doc_5::Julian Holland (boxer): Julian Holland (boxer). Julian ""Fighting Farrier"" Holland ( (1972--) 13 1972 (age 45 ) ) born in Bendigo is an Australian professional welter/light middleweight boxer of the 1990s and 2000s who won the Queensland (Australia) State welterweight title, Pan Pacific welterweight title, Australian welterweight title, Oceanic Boxing Association welterweight title, Australasian welterweight title, Pan Pacific light middleweight title, World Boxing Organization (WBO) Asia Pacific welterweight title, and Commonwealth light welterweight title, his professional fighting weight varied from 143 lb , i.e. welterweight to 154 lb , i.e. light middleweight.

[5] 5a8361b65542992ef85e22a0::doc_7::Zab Judah: Zab Judah. Zabdiel Judah (born October 27, 1977) is an American professional boxer.  He is a four-time former world champion in two weight classes, having held the IBF and WBO junior welterweight titles between 2000 and 2004; the IBF junior welterweight title again in 2011; and the undisputed welterweight title in 2005, which included a reign as the lineal champion from 2005 to 2006.

[6] 5a8361b65542992ef85e22a0::doc_1::Bunny Grant: Bunny Grant. George Leslie ""Bunny"" Grant (born 29 September 1940) is a Jamaican professional feather/super feather/light/light welter/welterweight/light middleweight boxer of the 1950s, '60s and '70s who won the Jamaican lightweight title, Jamaican welterweight title, Central American light welterweight Title, Latin American junior welterweight title, and British Commonwealth lightweight title, and was a challenger for the World Boxing Council (WBC) light welterweight title and World Boxing Association (WBA) World light welterweight title against Eddie Perkins, Commonwealth welterweight title against Clyde Gray, his professional fighting weight varied from 125+1/2 lb , i.e. featherweight to 152+1/2 lb , i.e. light middleweight.  Bunny Grant was managed by Jacques Deschamps, and Pancho Rankine (circa 1962), and trained by Harry Wiley (circa 1962).

[7] 5a8361b65542992ef85e22a0::doc_0::Ralph Charles: Ralph Charles. Ralph Charles (born 5 February 1943) is an English amateur welterweight and professional light welter/welter/light middle/middleweight boxer of the 1960s and '70s who as an amateur won the Amateur Boxing Association of England (ABAE) 1959 Junior Class-A title against Kenneth ""Ken""/""Kenny"" J. Cooper  (Warley ABC), boxing out of West Ham Boys & ABC, won the Amateur Boxing Association of England (ABAE) 1960 Junior Class-B title against J. Harwood (National Association of Boys Clubs), boxing out of West Ham Boys & ABC, and was runner-up for the 1963 Amateur Boxing Association of England welterweight title, against Johnny Pritchett (Bingham & District ABC), boxing out of West Ham ABC, and as a professional won the British Boxing Board of Control (BBBofC) Southern Area welterweight title, BBBofC British welterweight title, European Boxing Union (EBU) welterweight title, and Commonwealth welterweight title, and was a challenger for the World Boxing Council (WBC) welterweight title, and World Boxing Association (WBA) World welterweight title against José Nápoles, his professional fighting weight varied from 140 lb , i.e. light welterweight to 157 lb , i.e. middleweight.

[8] 5a8361b65542992ef85e22a0::doc_9::Lawrence Austin: Lawrence Austin. Lawrence ""Baby Casius"" Austin ( (1956--) 22 1956 (age (2017)-(1956)-((11)<(01)or(11)==(01)and(30)<(22)) ) ) born in Warrnambool is an Australian professional super feather/light/light welter/welter/light middle/middleweight boxer of the 1970s and '80s who won the West Australia State welterweight title, West Australia State light middleweight title, Victoria State light middleweight title, Australian lightweight title, Australian light welterweight title, Australian welterweight title, South Seas Light Middleweight Title, and Commonwealth light welterweight title (twice), and was a challenger for the Australian light middleweight title against Russell Sands, and Commonwealth light welterweight title against Jeff Malcolm, his professional fighting weight varied from 128 lb , i.e. super featherweight to 159 lb , i.e. middleweight.  He was inducted into the Australian National Boxing Hall of Fame in 2008.

[9] 5a8361b65542992ef85e22a0::doc_3::Andrew Murray (Guyanese boxer): Andrew Murray (Guyanese boxer). Andrew ""The Eagle"" Murray (1 July 1971 — 26 January 2002 (aged 30)) born in Georgetown was a Guyanese professional welter/light middle/middleweight boxer of the 1990s and 2000s who won the World Boxing Council (WBC) FECARBOX welterweight title, World Boxing Association (WBA) Fedelatin welterweight title, and Commonwealth welterweight title, and was a challenger for the World Boxing Association (WBA) World welterweight title against Ike Quartey, World Boxing Union (WBU) welterweight title against Michele Piccirillo, and World Boxing Organization (WBO) North American Boxing Organization (NABO) light middleweight title against Fathi Missaoui, his professional fighting weight varied from 145 lb , i.e. welterweight to 156 lb , i.e. middleweight.  Andrew Murray was trained by Emanuel Steward, and was the Vice-President of the Guyana Amateur Boxing Board and was training several young boxers, and he had coached Hugo Lewis to the Guyanese super featherweight title on 26 December 2001.  Andrew Murray died in a traffic collision on the Soesdyke-Linden Highway early in the morning of Sunday 27 January 2002, he had been in Linden promoting a fight card and was on his way back to Georgetown.

[10] 5adf65555542992d7e9f9334::doc_2::New York State Writers Hall of Fame: New York State Writers Hall of Fame. The New York State Writers Hall of Fame or NYS Writers Hall of Fame is a project established in 2010 by the Empire State Center for the Book and the Empire State Book Festival and headquartered at the New York State Library in Albany, New York.  The Hall of Fame was established ""to highlight the rich literary heritage of the New York State and to recognize the legacy of individual New York State writers.""",1.0,1.0,1.0,1265,,,
hotpotqa_09_systemb,hotpotqa_09,hotpotqa,HotpotQA,5a8361b65542992ef85e22a0,System B,Adaptive-k,Vince Phillips held a junior welterweight title by an organization recognized by what larger Hall of Fame?,International Boxing Hall of Fame,International Boxing Federation,"[""5a8361b65542992ef85e22a0::doc_2::Vince Phillips"", ""5a8361b65542992ef85e22a0::doc_6::Jeff Malcolm"", ""5a8361b65542992ef85e22a0::doc_4::Fatai Onikeke"", ""5a8361b65542992ef85e22a0::doc_5::Julian Holland (boxer)"", ""5a8361b65542992ef85e22a0::doc_7::Zab Judah"", ""5a8361b65542992ef85e22a0::doc_1::Bunny Grant""]","[1] 5a8361b65542992ef85e22a0::doc_2::Vince Phillips: Vince Phillips. Vincent Edwards ""Vince"" Phillips (born July 23, 1963) is an American former professional boxer who competed from 1989 to 2007.  He held the IBF junior welterweight title from 1997 to 1999, notably scoring an upset victory against then-undefeated Kostya Tszyu to become champion.

[2] 5a8361b65542992ef85e22a0::doc_6::Jeff Malcolm: Jeff Malcolm. Jeff ""Flash"" Malcolm (born 9 May 1956 in Cowra, New South Wales), is an Australian professional boxer who fought from 1971 until 2002.  He won the Australian light welterweight title, New South Wales (Australia) State lightweight title, Australasian light welterweight title, South Pacific light welterweight title, Queensland (Australia) State welterweight title, International Boxing Council (IBC) welterweight title, South Pacific welterweight title, World Boxing Federation (WBF) Intercontinental welterweight title, WBF welterweight title, Pan Asian Boxing Association (PABA) welterweight title, World Boxing Association (WBA) Fedelatin welterweight title, PABA light middleweight title, and Commonwealth light welterweight title.  He was also a challenger for the South Seas light welterweight title against Pat Leglise, Australian welterweight title against Wilf Gentzen, and World Boxing Organization (WBO) welterweight title against Manning Galloway.  His professional fighting weight varied from 135 lb , i.e. lightweight to 165+1/4 lb , i.e. super middleweight.  He was inducted into the Australian National Boxing Hall of Fame in 2007.

[3] 5a8361b65542992ef85e22a0::doc_4::Fatai Onikeke: Fatai Onikeke. Fatai ""Kid Dynamite"" Onikeke ( (1983--) 02 1983 (age (2017)-(1983)-((11)<(04)or(11)==(04)and(30)<(02)) ) ) is a Nigerian/Australian professional light welter/welterweight boxer of the 2000s and 2010s who won the Nigerian welterweight title, African Boxing Union (ABU) welterweight title, World Boxing Foundation (WBFo) Intercontinental light welterweight title, International Boxing Federation (IBF) Pan Pacific light welterweight title, and Commonwealth welterweight title, and was a challenger for the World Boxing Organization (WBO) Africa light welterweight title, WBFo light welterweight title, and World Boxing Organization (WBO) Oriental light welterweight title against Lance Gostelow , his professional fighting weight varied from 138+1/2 lb , i.e. light welterweight to 146+1/2 lb , i.e. welterweight.

[4] 5a8361b65542992ef85e22a0::doc_5::Julian Holland (boxer): Julian Holland (boxer). Julian ""Fighting Farrier"" Holland ( (1972--) 13 1972 (age 45 ) ) born in Bendigo is an Australian professional welter/light middleweight boxer of the 1990s and 2000s who won the Queensland (Australia) State welterweight title, Pan Pacific welterweight title, Australian welterweight title, Oceanic Boxing Association welterweight title, Australasian welterweight title, Pan Pacific light middleweight title, World Boxing Organization (WBO) Asia Pacific welterweight title, and Commonwealth light welterweight title, his professional fighting weight varied from 143 lb , i.e. welterweight to 154 lb , i.e. light middleweight.

[5] 5a8361b65542992ef85e22a0::doc_7::Zab Judah: Zab Judah. Zabdiel Judah (born October 27, 1977) is an American professional boxer.  He is a four-time former world champion in two weight classes, having held the IBF and WBO junior welterweight titles between 2000 and 2004; the IBF junior welterweight title again in 2011; and the undisputed welterweight title in 2005, which included a reign as the lineal champion from 2005 to 2006.

[6] 5a8361b65542992ef85e22a0::doc_1::Bunny Grant: Bunny Grant. George Leslie ""Bunny"" Grant (born 29 September 1940) is a Jamaican professional feather/super feather/light/light welter/welterweight/light middleweight boxer of the 1950s, '60s and '70s who won the Jamaican lightweight title, Jamaican welterweight title, Central American light welterweight Title, Latin American junior welterweight title, and British Commonwealth lightweight title, and was a challenger for the World Boxing Council (WBC) light welterweight title and World Boxing Association (WBA) World light welterweight title against Eddie Perkins, Commonwealth welterweight title against Clyde Gray, his professional fighting weight varied from 125+1/2 lb , i.e. featherweight to 152+1/2 lb , i.e. light middleweight.  Bunny Grant was managed by Jacques Deschamps, and Pancho Rankine (circa 1962), and trained by Harry Wiley (circa 1962).",0.5,0.4,0.716827,1373,,,
hotpotqa_09_systemc,hotpotqa_09,hotpotqa,HotpotQA,5a8361b65542992ef85e22a0,System C,Fixed Top-10,Vince Phillips held a junior welterweight title by an organization recognized by what larger Hall of Fame?,International Boxing Hall of Fame,International Boxing Hall of Fame,"[""5a8361b65542992ef85e22a0::doc_2::Vince Phillips"", ""5a8361b65542992ef85e22a0::doc_6::Jeff Malcolm"", ""5a8361b65542992ef85e22a0::doc_4::Fatai Onikeke"", ""5a8361b65542992ef85e22a0::doc_5::Julian Holland (boxer)"", ""5a8361b65542992ef85e22a0::doc_7::Zab Judah"", ""5a8361b65542992ef85e22a0::doc_1::Bunny Grant"", ""5a8361b65542992ef85e22a0::doc_0::Ralph Charles"", ""5a8361b65542992ef85e22a0::doc_9::Lawrence Austin"", ""5a8361b65542992ef85e22a0::doc_3::Andrew Murray (Guyanese boxer)"", ""5adf65555542992d7e9f9334::doc_2::New York State Writers Hall of Fame""]","[1] 5a8361b65542992ef85e22a0::doc_2::Vince Phillips: Vince Phillips. Vincent Edwards ""Vince"" Phillips (born July 23, 1963) is an American former professional boxer who competed from 1989 to 2007.  He held the IBF junior welterweight title from 1997 to 1999, notably scoring an upset victory against then-undefeated Kostya Tszyu to become champion.

[2] 5a8361b65542992ef85e22a0::doc_6::Jeff Malcolm: Jeff Malcolm. Jeff ""Flash"" Malcolm (born 9 May 1956 in Cowra, New South Wales), is an Australian professional boxer who fought from 1971 until 2002.  He won the Australian light welterweight title, New South Wales (Australia) State lightweight title, Australasian light welterweight title, South Pacific light welterweight title, Queensland (Australia) State welterweight title, International Boxing Council (IBC) welterweight title, South Pacific welterweight title, World Boxing Federation (WBF) Intercontinental welterweight title, WBF welterweight title, Pan Asian Boxing Association (PABA) welterweight title, World Boxing Association (WBA) Fedelatin welterweight title, PABA light middleweight title, and Commonwealth light welterweight title.  He was also a challenger for the South Seas light welterweight title against Pat Leglise, Australian welterweight title against Wilf Gentzen, and World Boxing Organization (WBO) welterweight title against Manning Galloway.  His professional fighting weight varied from 135 lb , i.e. lightweight to 165+1/4 lb , i.e. super middleweight.  He was inducted into the Australian National Boxing Hall of Fame in 2007.

[3] 5a8361b65542992ef85e22a0::doc_4::Fatai Onikeke: Fatai Onikeke. Fatai ""Kid Dynamite"" Onikeke ( (1983--) 02 1983 (age (2017)-(1983)-((11)<(04)or(11)==(04)and(30)<(02)) ) ) is a Nigerian/Australian professional light welter/welterweight boxer of the 2000s and 2010s who won the Nigerian welterweight title, African Boxing Union (ABU) welterweight title, World Boxing Foundation (WBFo) Intercontinental light welterweight title, International Boxing Federation (IBF) Pan Pacific light welterweight title, and Commonwealth welterweight title, and was a challenger for the World Boxing Organization (WBO) Africa light welterweight title, WBFo light welterweight title, and World Boxing Organization (WBO) Oriental light welterweight title against Lance Gostelow , his professional fighting weight varied from 138+1/2 lb , i.e. light welterweight to 146+1/2 lb , i.e. welterweight.

[4] 5a8361b65542992ef85e22a0::doc_5::Julian Holland (boxer): Julian Holland (boxer). Julian ""Fighting Farrier"" Holland ( (1972--) 13 1972 (age 45 ) ) born in Bendigo is an Australian professional welter/light middleweight boxer of the 1990s and 2000s who won the Queensland (Australia) State welterweight title, Pan Pacific welterweight title, Australian welterweight title, Oceanic Boxing Association welterweight title, Australasian welterweight title, Pan Pacific light middleweight title, World Boxing Organization (WBO) Asia Pacific welterweight title, and Commonwealth light welterweight title, his professional fighting weight varied from 143 lb , i.e. welterweight to 154 lb , i.e. light middleweight.

[5] 5a8361b65542992ef85e22a0::doc_7::Zab Judah: Zab Judah. Zabdiel Judah (born October 27, 1977) is an American professional boxer.  He is a four-time former world champion in two weight classes, having held the IBF and WBO junior welterweight titles between 2000 and 2004; the IBF junior welterweight title again in 2011; and the undisputed welterweight title in 2005, which included a reign as the lineal champion from 2005 to 2006.

[6] 5a8361b65542992ef85e22a0::doc_1::Bunny Grant: Bunny Grant. George Leslie ""Bunny"" Grant (born 29 September 1940) is a Jamaican professional feather/super feather/light/light welter/welterweight/light middleweight boxer of the 1950s, '60s and '70s who won the Jamaican lightweight title, Jamaican welterweight title, Central American light welterweight Title, Latin American junior welterweight title, and British Commonwealth lightweight title, and was a challenger for the World Boxing Council (WBC) light welterweight title and World Boxing Association (WBA) World light welterweight title against Eddie Perkins, Commonwealth welterweight title against Clyde Gray, his professional fighting weight varied from 125+1/2 lb , i.e. featherweight to 152+1/2 lb , i.e. light middleweight.  Bunny Grant was managed by Jacques Deschamps, and Pancho Rankine (circa 1962), and trained by Harry Wiley (circa 1962).

[7] 5a8361b65542992ef85e22a0::doc_0::Ralph Charles: Ralph Charles. Ralph Charles (born 5 February 1943) is an English amateur welterweight and professional light welter/welter/light middle/middleweight boxer of the 1960s and '70s who as an amateur won the Amateur Boxing Association of England (ABAE) 1959 Junior Class-A title against Kenneth ""Ken""/""Kenny"" J. Cooper  (Warley ABC), boxing out of West Ham Boys & ABC, won the Amateur Boxing Association of England (ABAE) 1960 Junior Class-B title against J. Harwood (National Association of Boys Clubs), boxing out of West Ham Boys & ABC, and was runner-up for the 1963 Amateur Boxing Association of England welterweight title, against Johnny Pritchett (Bingham & District ABC), boxing out of West Ham ABC, and as a professional won the British Boxing Board of Control (BBBofC) Southern Area welterweight title, BBBofC British welterweight title, European Boxing Union (EBU) welterweight title, and Commonwealth welterweight title, and was a challenger for the World Boxing Council (WBC) welterweight title, and World Boxing Association (WBA) World welterweight title against José Nápoles, his professional fighting weight varied from 140 lb , i.e. light welterweight to 157 lb , i.e. middleweight.

[8] 5a8361b65542992ef85e22a0::doc_9::Lawrence Austin: Lawrence Austin. Lawrence ""Baby Casius"" Austin ( (1956--) 22 1956 (age (2017)-(1956)-((11)<(01)or(11)==(01)and(30)<(22)) ) ) born in Warrnambool is an Australian professional super feather/light/light welter/welter/light middle/middleweight boxer of the 1970s and '80s who won the West Australia State welterweight title, West Australia State light middleweight title, Victoria State light middleweight title, Australian lightweight title, Australian light welterweight title, Australian welterweight title, South Seas Light Middleweight Title, and Commonwealth light welterweight title (twice), and was a challenger for the Australian light middleweight title against Russell Sands, and Commonwealth light welterweight title against Jeff Malcolm, his professional fighting weight varied from 128 lb , i.e. super featherweight to 159 lb , i.e. middleweight.  He was inducted into the Australian National Boxing Hall of Fame in 2008.

[9] 5a8361b65542992ef85e22a0::doc_3::Andrew Murray (Guyanese boxer): Andrew Murray (Guyanese boxer). Andrew ""The Eagle"" Murray (1 July 1971 — 26 January 2002 (aged 30)) born in Georgetown was a Guyanese professional welter/light middle/middleweight boxer of the 1990s and 2000s who won the World Boxing Council (WBC) FECARBOX welterweight title, World Boxing Association (WBA) Fedelatin welterweight title, and Commonwealth welterweight title, and was a challenger for the World Boxing Association (WBA) World welterweight title against Ike Quartey, World Boxing Union (WBU) welterweight title against Michele Piccirillo, and World Boxing Organization (WBO) North American Boxing Organization (NABO) light middleweight title against Fathi Missaoui, his professional fighting weight varied from 145 lb , i.e. welterweight to 156 lb , i.e. middleweight.  Andrew Murray was trained by Emanuel Steward, and was the Vice-President of the Guyana Amateur Boxing Board and was training several young boxers, and he had coached Hugo Lewis to the Guyanese super featherweight title on 26 December 2001.  Andrew Murray died in a traffic collision on the Soesdyke-Linden Highway early in the morning of Sunday 27 January 2002, he had been in Linden promoting a fight card and was on his way back to Georgetown.

[10] 5adf65555542992d7e9f9334::doc_2::New York State Writers Hall of Fame: New York State Writers Hall of Fame. The New York State Writers Hall of Fame or NYS Writers Hall of Fame is a project established in 2010 by the Empire State Center for the Book and the Empire State Book Festival and headquartered at the New York State Library in Albany, New York.  The Hall of Fame was established ""to highlight the rich literary heritage of the New York State and to recognize the legacy of individual New York State writers.""",1.0,1.0,1.0,2391,,,
hotpotqa_10_systema,hotpotqa_10,hotpotqa,HotpotQA,5a85eed75542996432c5713b,System A,TACER,Where did the descendants of the group of black Indians associated with the Seminole people settle?,"Coahuila, Mexico",Oklahoma and Mexico,"[""5a85eed75542996432c5713b::doc_9::Black Seminoles"", ""5a85eed75542996432c5713b::doc_8::Seminole Nation of Oklahoma"", ""5a85eed75542996432c5713b::doc_3::Seminole"", ""5a85eed75542996432c5713b::doc_2::Seminole music"", ""5a85eed75542996432c5713b::doc_6::Seminole County, Oklahoma"", ""5a85eed75542996432c5713b::doc_7::Battle of Jupiter Inlet"", ""5a85eed75542996432c5713b::doc_0::Mascogos"", ""5a8c65a1554299585d9e3680::doc_3::Black Bermudian"", ""5a713ea95542994082a3e6e4::doc_9::Indigenous peoples of Florida"", ""5a7a5b3a5542996c55b2dd71::doc_2::Great Hall of the People""]","[1] 5a85eed75542996432c5713b::doc_9::Black Seminoles: Black Seminoles. The Black Seminoles are black Indians associated with the Seminole people in Florida and Oklahoma.  They are the descendants of free blacks and of escaped slaves (called maroons) who allied with Seminole groups in Spanish Florida.  Historically, the Black Seminoles lived mostly in distinct bands near the Native American Seminole.  Some were held as slaves of particular Seminole leaders; but they had more freedom than did slaves held by whites in the South and by other Native American tribes, including the right to bear arms.

[2] 5a85eed75542996432c5713b::doc_8::Seminole Nation of Oklahoma: Seminole Nation of Oklahoma. The Seminole Nation of Oklahoma is a federally recognized Native American tribe based in the U.S. state of Oklahoma.  It is the largest of the three federally recognized Seminole governments, which include the Seminole Tribe of Florida and the Miccosukee Tribe of Indians of Florida.  Its members are descendants of the 3,000 Seminoles who were forcibly removed from Florida to Indian Territory, along with 800 Black Seminoles, after the Second Seminole War.  The Seminole Nation of Oklahoma is headquartered in Wewoka within Seminole County, Oklahoma.  Of 18,800 enrolled tribal members, 13,533 live within the state of Oklahoma.  The tribe began to revive its government in 1936 under the Indian Reorganization Act.  While its reservation was originally larger, today the tribal jurisdictional area covers Seminole County, Oklahoma, within which it has a variety of properties.

[3] 5a85eed75542996432c5713b::doc_3::Seminole: Seminole. The Seminole are a Native American people originally from Florida.  Today, they principally live in Oklahoma with a minority in Florida, and comprise three federally recognized tribes: the Seminole Tribe of Oklahoma, the Seminole Tribe of Florida, and Miccosukee Tribe of Indians of Florida, as well as independent groups.  The Seminole nation emerged in a process of ethnogenesis from various Native American groups who settled in Florida in the 18th century, most significantly northern Muscogee (Creeks) from what is now Georgia and Alabama.  The word ""Seminole"" is derived from the Creek word ""simanó-li"", which may be itself be derived from the Spanish word ""cimarrón"", menaning ""runaway"" or ""wild one"".

[4] 5a85eed75542996432c5713b::doc_2::Seminole music: Seminole music. Seminole music is the music of the Seminole people, an indigenous people of the Americas who formed in Florida in the 18th century.  Today most live in Oklahoma, but a minority continue in Florida.  They have three federally recognized tribes, and some people belong to bands outside those groups.  Their traditional music includes extensive use of rattles, hand drums, water drums, and flutes.

[5] 5a85eed75542996432c5713b::doc_6::Seminole County, Oklahoma: Seminole County, Oklahoma. Seminole County is a county located in the U.S. state of Oklahoma.  As of the 2010 census, the population was 25,482.  Its county seat is Wewoka.  Before Oklahoma's admission as a state, the county was the entire small portion of Indian Territory allocated to the Seminole people, who were removed from Florida in the 1820s.

[6] 5a85eed75542996432c5713b::doc_7::Battle of Jupiter Inlet: Battle of Jupiter Inlet. The Battle of Jupiter Inlet occurred on January 15, 1838, between the Seminole Indians - Seminole Negro and the United States Navy.  This was the first of a series of battles led by the US Navy in the area, also referred to as the First Battle of Loxahatchee.  The battle started when Lt. Levin Powell led an expedition of 200 soldiers, sailors and marines, down the east coast of Florida.  The Navy spotted a trail alongside the Jupiter Inlet, and seventy-five men were landed to find the Seminole camp nearby.  The camp was led by Sam Jones, Ar-pi-uck-i, the spiritual medicine and war chief of the Miccosukee and Seminole people during the war.  The officers that advanced on the camp were outnumbered and ambushed.  After a long fight, the US retreated with five men killed in action and about twenty others wounded.  Ltn.  Powell was one of those killed in battle.

[7] 5a85eed75542996432c5713b::doc_0::Mascogos: Mascogos. The Mascogos (also known as ""negros mascagos"") are an afrodescendant group in Coahuila, Mexico.  Centered on the town of El Nacimiento in Múzquiz Municipality, the group are descendants of Black Seminoles escaping the threat of slavery in the United States.

[8] 5a8c65a1554299585d9e3680::doc_3::Black Bermudian: Black Bermudian. African Bermudians or Bermudians of African descent are Bermudians whose ancestry lies within the continent of Africa.  The population descented from Black Africans, exported to Bermuda as slaves.  Some Black Bermudians were Free Blacks who chose to immigrate to the island to work as indentured servants during the 17th century.  By the 19th century the Black population surpassed the White population and became Bermuda's largest ethnic group, which was initially classed as being ""Coloured"" alongside all other non-white ethnicities of Bermuda.  ""Black Bermudian"" became a recognised ethnic group in Bermuda in the 20th century, by which time it was the largest ethnic group on the island.

[9] 5a713ea95542994082a3e6e4::doc_9::Indigenous peoples of Florida: Indigenous peoples of Florida. The Indigenous peoples of Florida lived in what is now known as Florida for more than 12,000 years before the time of first contact with Europeans.  However, the indigenous Floridians had largely died out by the early 18th century.  Some Apalachees migrated to Louisiana, where their descendants now live, some were taken to Cuba and Mexico by the Spanish in the 18th century, and a few may have been absorbed into the Seminole and Miccosukee tribes.

[10] 5a7a5b3a5542996c55b2dd71::doc_2::Great Hall of the People: Great Hall of the People. The Great Hall of the People is a state building located at the western edge of Tiananmen Square in Beijing.  It is used for legislative and ceremonial activities by the People's Republic of China (PRC) government and the ruling Communist Party of China.  The Great Hall functions as the meeting place for the full sessions of the Chinese parliament, the National People's Congress (NPC), which occurs every year during March along with the national session of the Chinese People's Political Consultative Conference (CPPCC), a political advisory body.  It is also the meeting place of the National Congress of the Communist Party of China, which, since 1982, has occurred once every five years.",0.4,0.5,0.492545,1167,,,
hotpotqa_10_systemb,hotpotqa_10,hotpotqa,HotpotQA,5a85eed75542996432c5713b,System B,Fixed Top-10,Where did the descendants of the group of black Indians associated with the Seminole people settle?,"Coahuila, Mexico",Oklahoma and Mexico,"[""5a85eed75542996432c5713b::doc_9::Black Seminoles"", ""5a85eed75542996432c5713b::doc_8::Seminole Nation of Oklahoma"", ""5a85eed75542996432c5713b::doc_3::Seminole"", ""5a85eed75542996432c5713b::doc_2::Seminole music"", ""5a85eed75542996432c5713b::doc_6::Seminole County, Oklahoma"", ""5a85eed75542996432c5713b::doc_7::Battle of Jupiter Inlet"", ""5a85eed75542996432c5713b::doc_0::Mascogos"", ""5a8c65a1554299585d9e3680::doc_3::Black Bermudian"", ""5a713ea95542994082a3e6e4::doc_9::Indigenous peoples of Florida"", ""5a7a5b3a5542996c55b2dd71::doc_2::Great Hall of the People""]","[1] 5a85eed75542996432c5713b::doc_9::Black Seminoles: Black Seminoles. The Black Seminoles are black Indians associated with the Seminole people in Florida and Oklahoma.  They are the descendants of free blacks and of escaped slaves (called maroons) who allied with Seminole groups in Spanish Florida.  Historically, the Black Seminoles lived mostly in distinct bands near the Native American Seminole.  Some were held as slaves of particular Seminole leaders; but they had more freedom than did slaves held by whites in the South and by other Native American tribes, including the right to bear arms.

[2] 5a85eed75542996432c5713b::doc_8::Seminole Nation of Oklahoma: Seminole Nation of Oklahoma. The Seminole Nation of Oklahoma is a federally recognized Native American tribe based in the U.S. state of Oklahoma.  It is the largest of the three federally recognized Seminole governments, which include the Seminole Tribe of Florida and the Miccosukee Tribe of Indians of Florida.  Its members are descendants of the 3,000 Seminoles who were forcibly removed from Florida to Indian Territory, along with 800 Black Seminoles, after the Second Seminole War.  The Seminole Nation of Oklahoma is headquartered in Wewoka within Seminole County, Oklahoma.  Of 18,800 enrolled tribal members, 13,533 live within the state of Oklahoma.  The tribe began to revive its government in 1936 under the Indian Reorganization Act.  While its reservation was originally larger, today the tribal jurisdictional area covers Seminole County, Oklahoma, within which it has a variety of properties.

[3] 5a85eed75542996432c5713b::doc_3::Seminole: Seminole. The Seminole are a Native American people originally from Florida.  Today, they principally live in Oklahoma with a minority in Florida, and comprise three federally recognized tribes: the Seminole Tribe of Oklahoma, the Seminole Tribe of Florida, and Miccosukee Tribe of Indians of Florida, as well as independent groups.  The Seminole nation emerged in a process of ethnogenesis from various Native American groups who settled in Florida in the 18th century, most significantly northern Muscogee (Creeks) from what is now Georgia and Alabama.  The word ""Seminole"" is derived from the Creek word ""simanó-li"", which may be itself be derived from the Spanish word ""cimarrón"", menaning ""runaway"" or ""wild one"".

[4] 5a85eed75542996432c5713b::doc_2::Seminole music: Seminole music. Seminole music is the music of the Seminole people, an indigenous people of the Americas who formed in Florida in the 18th century.  Today most live in Oklahoma, but a minority continue in Florida.  They have three federally recognized tribes, and some people belong to bands outside those groups.  Their traditional music includes extensive use of rattles, hand drums, water drums, and flutes.

[5] 5a85eed75542996432c5713b::doc_6::Seminole County, Oklahoma: Seminole County, Oklahoma. Seminole County is a county located in the U.S. state of Oklahoma.  As of the 2010 census, the population was 25,482.  Its county seat is Wewoka.  Before Oklahoma's admission as a state, the county was the entire small portion of Indian Territory allocated to the Seminole people, who were removed from Florida in the 1820s.

[6] 5a85eed75542996432c5713b::doc_7::Battle of Jupiter Inlet: Battle of Jupiter Inlet. The Battle of Jupiter Inlet occurred on January 15, 1838, between the Seminole Indians - Seminole Negro and the United States Navy.  This was the first of a series of battles led by the US Navy in the area, also referred to as the First Battle of Loxahatchee.  The battle started when Lt. Levin Powell led an expedition of 200 soldiers, sailors and marines, down the east coast of Florida.  The Navy spotted a trail alongside the Jupiter Inlet, and seventy-five men were landed to find the Seminole camp nearby.  The camp was led by Sam Jones, Ar-pi-uck-i, the spiritual medicine and war chief of the Miccosukee and Seminole people during the war.  The officers that advanced on the camp were outnumbered and ambushed.  After a long fight, the US retreated with five men killed in action and about twenty others wounded.  Ltn.  Powell was one of those killed in battle.

[7] 5a85eed75542996432c5713b::doc_0::Mascogos: Mascogos. The Mascogos (also known as ""negros mascagos"") are an afrodescendant group in Coahuila, Mexico.  Centered on the town of El Nacimiento in Múzquiz Municipality, the group are descendants of Black Seminoles escaping the threat of slavery in the United States.

[8] 5a8c65a1554299585d9e3680::doc_3::Black Bermudian: Black Bermudian. African Bermudians or Bermudians of African descent are Bermudians whose ancestry lies within the continent of Africa.  The population descented from Black Africans, exported to Bermuda as slaves.  Some Black Bermudians were Free Blacks who chose to immigrate to the island to work as indentured servants during the 17th century.  By the 19th century the Black population surpassed the White population and became Bermuda's largest ethnic group, which was initially classed as being ""Coloured"" alongside all other non-white ethnicities of Bermuda.  ""Black Bermudian"" became a recognised ethnic group in Bermuda in the 20th century, by which time it was the largest ethnic group on the island.

[9] 5a713ea95542994082a3e6e4::doc_9::Indigenous peoples of Florida: Indigenous peoples of Florida. The Indigenous peoples of Florida lived in what is now known as Florida for more than 12,000 years before the time of first contact with Europeans.  However, the indigenous Floridians had largely died out by the early 18th century.  Some Apalachees migrated to Louisiana, where their descendants now live, some were taken to Cuba and Mexico by the Spanish in the 18th century, and a few may have been absorbed into the Seminole and Miccosukee tribes.

[10] 5a7a5b3a5542996c55b2dd71::doc_2::Great Hall of the People: Great Hall of the People. The Great Hall of the People is a state building located at the western edge of Tiananmen Square in Beijing.  It is used for legislative and ceremonial activities by the People's Republic of China (PRC) government and the ruling Communist Party of China.  The Great Hall functions as the meeting place for the full sessions of the Chinese parliament, the National People's Congress (NPC), which occurs every year during March along with the national session of the Chinese People's Political Consultative Conference (CPPCC), a political advisory body.  It is also the meeting place of the National Congress of the Communist Party of China, which, since 1982, has occurred once every five years.",0.4,0.5,0.492545,1794,,,
hotpotqa_10_systemc,hotpotqa_10,hotpotqa,HotpotQA,5a85eed75542996432c5713b,System C,Adaptive-k,Where did the descendants of the group of black Indians associated with the Seminole people settle?,"Coahuila, Mexico",Oklahoma and Florida,"[""5a85eed75542996432c5713b::doc_9::Black Seminoles"", ""5a85eed75542996432c5713b::doc_8::Seminole Nation of Oklahoma"", ""5a85eed75542996432c5713b::doc_3::Seminole"", ""5a85eed75542996432c5713b::doc_2::Seminole music"", ""5a85eed75542996432c5713b::doc_6::Seminole County, Oklahoma"", ""5a85eed75542996432c5713b::doc_7::Battle of Jupiter Inlet""]","[1] 5a85eed75542996432c5713b::doc_9::Black Seminoles: Black Seminoles. The Black Seminoles are black Indians associated with the Seminole people in Florida and Oklahoma.  They are the descendants of free blacks and of escaped slaves (called maroons) who allied with Seminole groups in Spanish Florida.  Historically, the Black Seminoles lived mostly in distinct bands near the Native American Seminole.  Some were held as slaves of particular Seminole leaders; but they had more freedom than did slaves held by whites in the South and by other Native American tribes, including the right to bear arms.

[2] 5a85eed75542996432c5713b::doc_8::Seminole Nation of Oklahoma: Seminole Nation of Oklahoma. The Seminole Nation of Oklahoma is a federally recognized Native American tribe based in the U.S. state of Oklahoma.  It is the largest of the three federally recognized Seminole governments, which include the Seminole Tribe of Florida and the Miccosukee Tribe of Indians of Florida.  Its members are descendants of the 3,000 Seminoles who were forcibly removed from Florida to Indian Territory, along with 800 Black Seminoles, after the Second Seminole War.  The Seminole Nation of Oklahoma is headquartered in Wewoka within Seminole County, Oklahoma.  Of 18,800 enrolled tribal members, 13,533 live within the state of Oklahoma.  The tribe began to revive its government in 1936 under the Indian Reorganization Act.  While its reservation was originally larger, today the tribal jurisdictional area covers Seminole County, Oklahoma, within which it has a variety of properties.

[3] 5a85eed75542996432c5713b::doc_3::Seminole: Seminole. The Seminole are a Native American people originally from Florida.  Today, they principally live in Oklahoma with a minority in Florida, and comprise three federally recognized tribes: the Seminole Tribe of Oklahoma, the Seminole Tribe of Florida, and Miccosukee Tribe of Indians of Florida, as well as independent groups.  The Seminole nation emerged in a process of ethnogenesis from various Native American groups who settled in Florida in the 18th century, most significantly northern Muscogee (Creeks) from what is now Georgia and Alabama.  The word ""Seminole"" is derived from the Creek word ""simanó-li"", which may be itself be derived from the Spanish word ""cimarrón"", menaning ""runaway"" or ""wild one"".

[4] 5a85eed75542996432c5713b::doc_2::Seminole music: Seminole music. Seminole music is the music of the Seminole people, an indigenous people of the Americas who formed in Florida in the 18th century.  Today most live in Oklahoma, but a minority continue in Florida.  They have three federally recognized tribes, and some people belong to bands outside those groups.  Their traditional music includes extensive use of rattles, hand drums, water drums, and flutes.

[5] 5a85eed75542996432c5713b::doc_6::Seminole County, Oklahoma: Seminole County, Oklahoma. Seminole County is a county located in the U.S. state of Oklahoma.  As of the 2010 census, the population was 25,482.  Its county seat is Wewoka.  Before Oklahoma's admission as a state, the county was the entire small portion of Indian Territory allocated to the Seminole people, who were removed from Florida in the 1820s.

[6] 5a85eed75542996432c5713b::doc_7::Battle of Jupiter Inlet: Battle of Jupiter Inlet. The Battle of Jupiter Inlet occurred on January 15, 1838, between the Seminole Indians - Seminole Negro and the United States Navy.  This was the first of a series of battles led by the US Navy in the area, also referred to as the First Battle of Loxahatchee.  The battle started when Lt. Levin Powell led an expedition of 200 soldiers, sailors and marines, down the east coast of Florida.  The Navy spotted a trail alongside the Jupiter Inlet, and seventy-five men were landed to find the Seminole camp nearby.  The camp was led by Sam Jones, Ar-pi-uck-i, the spiritual medicine and war chief of the Miccosukee and Seminole people during the war.  The officers that advanced on the camp were outnumbered and ambushed.  After a long fight, the US retreated with five men killed in action and about twenty others wounded.  Ltn.  Powell was one of those killed in battle.",0.0,0.0,0.304945,1196,,,
hotpotqa_11_systema,hotpotqa_11,hotpotqa,HotpotQA,5ab96ab755429970cfb8eacd,System A,Adaptive-k,"Ellie Goulding worked with what other writers on her third studio album, Delirium?","Max Martin, Savan Kotecha and Ilya Salmanzadeh",Insufficient evidence,"[""5ab96ab755429970cfb8eacd::doc_4::Army (Ellie Goulding song)"", ""5ab96ab755429970cfb8eacd::doc_7::Delirium (Ellie Goulding album)"", ""5ab96ab755429970cfb8eacd::doc_2::Outside (Calvin Harris song)"", ""5ab96ab755429970cfb8eacd::doc_9::List of songs recorded by Ellie Goulding"", ""5ab96ab755429970cfb8eacd::doc_5::Delirium World Tour"", ""5ab96ab755429970cfb8eacd::doc_6::Flashlight (DJ Fresh song)""]","[1] 5ab96ab755429970cfb8eacd::doc_4::Army (Ellie Goulding song): Army (Ellie Goulding song). ""Army"" is a song by English singer and songwriter Ellie Goulding from her third studio album, ""Delirium"" (2015).  The song was released on 9 January 2016 as the album's second single.

[2] 5ab96ab755429970cfb8eacd::doc_7::Delirium (Ellie Goulding album): Delirium (Ellie Goulding album). Delirium is the third studio album by English singer and songwriter Ellie Goulding, released on 6 November 2015 by Polydor Records.  Music critics were generally impressed by the overall production of the record, although they were ambivalent in regards to its originality.  It debuted at number three on the UK Albums Chart and the US ""Billboard"" 200, earning Goulding her highest-charting record in the latter country and her highest first-week sales figures in both territories.  The album spawned three singles: ""On My Mind"", ""Army"" and ""Something in the Way You Move"".

[3] 5ab96ab755429970cfb8eacd::doc_2::Outside (Calvin Harris song): Outside (Calvin Harris song). ""Outside"" is a song by Scottish DJ and record producer Calvin Harris from his fourth studio album, ""Motion"" (2014).  The song features English singer Ellie Goulding and was released on 20 October 2014 as the fourth single from the album.  It marks the second collaboration between Harris and Goulding, following the single ""I Need Your Love"" (2013).  ""Outside"" is also included on the deluxe edition of Goulding's third studio album, ""Delirium"".

[4] 5ab96ab755429970cfb8eacd::doc_9::List of songs recorded by Ellie Goulding: List of songs recorded by Ellie Goulding. English singer and songwriter Ellie Goulding has recorded songs for three studio albums and guest features.  After signing a contract with record label Polydor Records in July 2009, Goulding began to work on her debut studio album, ""Lights"", which was ultimately released in February 2010.  The first single released from the album was ""Under the Sheets"", which Goulding wrote in collaboration with Starsmith.  Starsmith co-wrote four other songs and served as the album's primary producer.  Goulding also collaborated with Jonny Lattimer on the singles ""Starry Eyed"" and ""The Writer"", and shared writing credits with Fraser T Smith on ""Your Biggest Mistake"".  In November 2010, the singer re-released ""Lights"" as ""Bright Lights"", which included the standard version of the album and several new songs.  She collaborated with Richard Stannard and Ash Howes on ""Lights"" and recorded a cover version of Elton John's ""Your Song"".  At this time, Goulding also contributed guest vocals on the song ""Wonderman"" for Tinie Tempah's debut studio album ""Disc-Overy"" (2010).

[5] 5ab96ab755429970cfb8eacd::doc_5::Delirium World Tour: Delirium World Tour. The Delirium World Tour is the third headlining concert tour by British singer and songwriter Ellie Goulding to promote her third studio album, ""Delirium"" (2015).  The tour consists of 4 legs, European, North American, Summer Festivals and Oceanic.  Including 89 dates, 88 cities, The tour commenced on 21 January 2016, at Barclaycard Arena in Hamburg, Germany and concluded on 12 May 2017, at OLM Souissi in Rabat, Morocco as a part of the Mawazine Festival.

[6] 5ab96ab755429970cfb8eacd::doc_6::Flashlight (DJ Fresh song): Flashlight (DJ Fresh song). ""Flashlight"" is a song by English singer and songwriter Ellie Goulding featuring production work from DJ Fresh, released as the fourth single from Fresh's forthcoming fourth studio album.  It was released on 28 September 2014 in the United Kingdom as a single, although it was previously out on Goulding's album from 2013.  The song features English singer and songwriter Ellie Goulding and also included as one of the tracks on Goulding's ""Halcyon Days"" (2013), the reissue of her second studio album, ""Halcyon"" (2012).  The Invisible Men assisted the artists in writing the song.",0.0,0.0,0.035419,1145,,,
hotpotqa_11_systemb,hotpotqa_11,hotpotqa,HotpotQA,5ab96ab755429970cfb8eacd,System B,TACER,"Ellie Goulding worked with what other writers on her third studio album, Delirium?","Max Martin, Savan Kotecha and Ilya Salmanzadeh","Max Martin, others.","[""5ab96ab755429970cfb8eacd::doc_4::Army (Ellie Goulding song)"", ""5ab96ab755429970cfb8eacd::doc_7::Delirium (Ellie Goulding album)"", ""5ab96ab755429970cfb8eacd::doc_2::Outside (Calvin Harris song)"", ""5ab96ab755429970cfb8eacd::doc_9::List of songs recorded by Ellie Goulding"", ""5ab96ab755429970cfb8eacd::doc_5::Delirium World Tour"", ""5ab96ab755429970cfb8eacd::doc_6::Flashlight (DJ Fresh song)"", ""5ab96ab755429970cfb8eacd::doc_3::On My Mind (Ellie Goulding song)"", ""5ab96ab755429970cfb8eacd::doc_8::Something in the Way You Move"", ""5ab96ab755429970cfb8eacd::doc_0::Halcyon (album)"", ""5ab96ab755429970cfb8eacd::doc_1::Love Me like You Do""]","[1] 5ab96ab755429970cfb8eacd::doc_4::Army (Ellie Goulding song): Army (Ellie Goulding song). ""Army"" is a song by English singer and songwriter Ellie Goulding from her third studio album, ""Delirium"" (2015).  The song was released on 9 January 2016 as the album's second single.

[2] 5ab96ab755429970cfb8eacd::doc_7::Delirium (Ellie Goulding album): Delirium (Ellie Goulding album). Delirium is the third studio album by English singer and songwriter Ellie Goulding, released on 6 November 2015 by Polydor Records.  Music critics were generally impressed by the overall production of the record, although they were ambivalent in regards to its originality.  It debuted at number three on the UK Albums Chart and the US ""Billboard"" 200, earning Goulding her highest-charting record in the latter country and her highest first-week sales figures in both territories.  The album spawned three singles: ""On My Mind"", ""Army"" and ""Something in the Way You Move"".

[3] 5ab96ab755429970cfb8eacd::doc_2::Outside (Calvin Harris song): Outside (Calvin Harris song). ""Outside"" is a song by Scottish DJ and record producer Calvin Harris from his fourth studio album, ""Motion"" (2014).  The song features English singer Ellie Goulding and was released on 20 October 2014 as the fourth single from the album.  It marks the second collaboration between Harris and Goulding, following the single ""I Need Your Love"" (2013).  ""Outside"" is also included on the deluxe edition of Goulding's third studio album, ""Delirium"".

[4] 5ab96ab755429970cfb8eacd::doc_9::List of songs recorded by Ellie Goulding: List of songs recorded by Ellie Goulding. English singer and songwriter Ellie Goulding has recorded songs for three studio albums and guest features.  After signing a contract with record label Polydor Records in July 2009, Goulding began to work on her debut studio album, ""Lights"", which was ultimately released in February 2010.  The first single released from the album was ""Under the Sheets"", which Goulding wrote in collaboration with Starsmith.  Starsmith co-wrote four other songs and served as the album's primary producer.  Goulding also collaborated with Jonny Lattimer on the singles ""Starry Eyed"" and ""The Writer"", and shared writing credits with Fraser T Smith on ""Your Biggest Mistake"".  In November 2010, the singer re-released ""Lights"" as ""Bright Lights"", which included the standard version of the album and several new songs.  She collaborated with Richard Stannard and Ash Howes on ""Lights"" and recorded a cover version of Elton John's ""Your Song"".  At this time, Goulding also contributed guest vocals on the song ""Wonderman"" for Tinie Tempah's debut studio album ""Disc-Overy"" (2010).

[5] 5ab96ab755429970cfb8eacd::doc_5::Delirium World Tour: Delirium World Tour. The Delirium World Tour is the third headlining concert tour by British singer and songwriter Ellie Goulding to promote her third studio album, ""Delirium"" (2015).  The tour consists of 4 legs, European, North American, Summer Festivals and Oceanic.  Including 89 dates, 88 cities, The tour commenced on 21 January 2016, at Barclaycard Arena in Hamburg, Germany and concluded on 12 May 2017, at OLM Souissi in Rabat, Morocco as a part of the Mawazine Festival.

[6] 5ab96ab755429970cfb8eacd::doc_6::Flashlight (DJ Fresh song): Flashlight (DJ Fresh song). ""Flashlight"" is a song by English singer and songwriter Ellie Goulding featuring production work from DJ Fresh, released as the fourth single from Fresh's forthcoming fourth studio album.  It was released on 28 September 2014 in the United Kingdom as a single, although it was previously out on Goulding's album from 2013.  The song features English singer and songwriter Ellie Goulding and also included as one of the tracks on Goulding's ""Halcyon Days"" (2013), the reissue of her second studio album, ""Halcyon"" (2012).  The Invisible Men assisted the artists in writing the song.

[7] 5ab96ab755429970cfb8eacd::doc_3::On My Mind (Ellie Goulding song): On My Mind (Ellie Goulding song). ""On My Mind"" is a song by English singer Ellie Goulding from her third studio album ""Delirium"" (2015).  It was released as the album's lead single on 17 September 2015.  It was written by Goulding, Max Martin, Savan Kotecha and Ilya Salmanzadeh.  ""On My Mind"" is an electropop and R&B song whose instrumentation consists of scratchy guitars, trap drums, slapped beats and sharp, syncopated electronica.  Lyrically, ""On My Mind"" talks about a one-night stand with someone the protagonist shouldn't be with, having a dichotomy between heart and head.  Though firmly denied by Goulding, many critics considered it an answer song to Ed Sheeran's ""Don't"".

[8] 5ab96ab755429970cfb8eacd::doc_8::Something in the Way You Move: Something in the Way You Move. ""Something in the Way You Move"" is a song by English singer and songwriter Ellie Goulding from her third studio album, ""Delirium"" (2015).  The song was serviced to contemporary hit radio in the United States on 19 January 2016 as the album's second single in North America, and third overall.  It reached number 51 on the UK Singles Chart and number 43 on the US ""Billboard"" Hot 100.

[9] 5ab96ab755429970cfb8eacd::doc_0::Halcyon (album): Halcyon (album). Halcyon is the second studio album by English singer and songwriter Ellie Goulding, released on 5 October 2012 by Polydor Records.  It was recorded between 2011 and 2012, during promotion of her debut album, ""Lights"" (2010).  Goulding worked with several producers on the album, including Jim Eliot, Starsmith, Billboard, Justin Parker, MONSTA, Madeon and Mike Spencer, in addition to collaborating with artists such as Tinie Tempah and Calvin Harris.

[10] 5ab96ab755429970cfb8eacd::doc_1::Love Me like You Do: Love Me like You Do. ""Love Me like You Do"" is a song recorded by English singer Ellie Goulding for the ""Fifty Shades of Grey"" (2015).  The song was written by Savan Kotecha, Ilya Salmanzadeh, Tove Lo, Max Martin and Ali Payami; the latter two also produced it.  Goulding was selected to sing the track.  It was released on 7 January 2015 as the second single from the soundtrack.  The song was also included on Goulding's third studio album, ""Delirium"" (2015).",0.4,0.285714,0.632438,1200,,,
hotpotqa_11_systemc,hotpotqa_11,hotpotqa,HotpotQA,5ab96ab755429970cfb8eacd,System C,Fixed Top-10,"Ellie Goulding worked with what other writers on her third studio album, Delirium?","Max Martin, Savan Kotecha and Ilya Salmanzadeh","Max Martin, Savan Kotecha, Ilya Salmanzadeh.","[""5ab96ab755429970cfb8eacd::doc_4::Army (Ellie Goulding song)"", ""5ab96ab755429970cfb8eacd::doc_7::Delirium (Ellie Goulding album)"", ""5ab96ab755429970cfb8eacd::doc_2::Outside (Calvin Harris song)"", ""5ab96ab755429970cfb8eacd::doc_9::List of songs recorded by Ellie Goulding"", ""5ab96ab755429970cfb8eacd::doc_5::Delirium World Tour"", ""5ab96ab755429970cfb8eacd::doc_6::Flashlight (DJ Fresh song)"", ""5ab96ab755429970cfb8eacd::doc_3::On My Mind (Ellie Goulding song)"", ""5ab96ab755429970cfb8eacd::doc_8::Something in the Way You Move"", ""5ab96ab755429970cfb8eacd::doc_0::Halcyon (album)"", ""5ab96ab755429970cfb8eacd::doc_1::Love Me like You Do""]","[1] 5ab96ab755429970cfb8eacd::doc_4::Army (Ellie Goulding song): Army (Ellie Goulding song). ""Army"" is a song by English singer and songwriter Ellie Goulding from her third studio album, ""Delirium"" (2015).  The song was released on 9 January 2016 as the album's second single.

[2] 5ab96ab755429970cfb8eacd::doc_7::Delirium (Ellie Goulding album): Delirium (Ellie Goulding album). Delirium is the third studio album by English singer and songwriter Ellie Goulding, released on 6 November 2015 by Polydor Records.  Music critics were generally impressed by the overall production of the record, although they were ambivalent in regards to its originality.  It debuted at number three on the UK Albums Chart and the US ""Billboard"" 200, earning Goulding her highest-charting record in the latter country and her highest first-week sales figures in both territories.  The album spawned three singles: ""On My Mind"", ""Army"" and ""Something in the Way You Move"".

[3] 5ab96ab755429970cfb8eacd::doc_2::Outside (Calvin Harris song): Outside (Calvin Harris song). ""Outside"" is a song by Scottish DJ and record producer Calvin Harris from his fourth studio album, ""Motion"" (2014).  The song features English singer Ellie Goulding and was released on 20 October 2014 as the fourth single from the album.  It marks the second collaboration between Harris and Goulding, following the single ""I Need Your Love"" (2013).  ""Outside"" is also included on the deluxe edition of Goulding's third studio album, ""Delirium"".

[4] 5ab96ab755429970cfb8eacd::doc_9::List of songs recorded by Ellie Goulding: List of songs recorded by Ellie Goulding. English singer and songwriter Ellie Goulding has recorded songs for three studio albums and guest features.  After signing a contract with record label Polydor Records in July 2009, Goulding began to work on her debut studio album, ""Lights"", which was ultimately released in February 2010.  The first single released from the album was ""Under the Sheets"", which Goulding wrote in collaboration with Starsmith.  Starsmith co-wrote four other songs and served as the album's primary producer.  Goulding also collaborated with Jonny Lattimer on the singles ""Starry Eyed"" and ""The Writer"", and shared writing credits with Fraser T Smith on ""Your Biggest Mistake"".  In November 2010, the singer re-released ""Lights"" as ""Bright Lights"", which included the standard version of the album and several new songs.  She collaborated with Richard Stannard and Ash Howes on ""Lights"" and recorded a cover version of Elton John's ""Your Song"".  At this time, Goulding also contributed guest vocals on the song ""Wonderman"" for Tinie Tempah's debut studio album ""Disc-Overy"" (2010).

[5] 5ab96ab755429970cfb8eacd::doc_5::Delirium World Tour: Delirium World Tour. The Delirium World Tour is the third headlining concert tour by British singer and songwriter Ellie Goulding to promote her third studio album, ""Delirium"" (2015).  The tour consists of 4 legs, European, North American, Summer Festivals and Oceanic.  Including 89 dates, 88 cities, The tour commenced on 21 January 2016, at Barclaycard Arena in Hamburg, Germany and concluded on 12 May 2017, at OLM Souissi in Rabat, Morocco as a part of the Mawazine Festival.

[6] 5ab96ab755429970cfb8eacd::doc_6::Flashlight (DJ Fresh song): Flashlight (DJ Fresh song). ""Flashlight"" is a song by English singer and songwriter Ellie Goulding featuring production work from DJ Fresh, released as the fourth single from Fresh's forthcoming fourth studio album.  It was released on 28 September 2014 in the United Kingdom as a single, although it was previously out on Goulding's album from 2013.  The song features English singer and songwriter Ellie Goulding and also included as one of the tracks on Goulding's ""Halcyon Days"" (2013), the reissue of her second studio album, ""Halcyon"" (2012).  The Invisible Men assisted the artists in writing the song.

[7] 5ab96ab755429970cfb8eacd::doc_3::On My Mind (Ellie Goulding song): On My Mind (Ellie Goulding song). ""On My Mind"" is a song by English singer Ellie Goulding from her third studio album ""Delirium"" (2015).  It was released as the album's lead single on 17 September 2015.  It was written by Goulding, Max Martin, Savan Kotecha and Ilya Salmanzadeh.  ""On My Mind"" is an electropop and R&B song whose instrumentation consists of scratchy guitars, trap drums, slapped beats and sharp, syncopated electronica.  Lyrically, ""On My Mind"" talks about a one-night stand with someone the protagonist shouldn't be with, having a dichotomy between heart and head.  Though firmly denied by Goulding, many critics considered it an answer song to Ed Sheeran's ""Don't"".

[8] 5ab96ab755429970cfb8eacd::doc_8::Something in the Way You Move: Something in the Way You Move. ""Something in the Way You Move"" is a song by English singer and songwriter Ellie Goulding from her third studio album, ""Delirium"" (2015).  The song was serviced to contemporary hit radio in the United States on 19 January 2016 as the album's second single in North America, and third overall.  It reached number 51 on the UK Singles Chart and number 43 on the US ""Billboard"" Hot 100.

[9] 5ab96ab755429970cfb8eacd::doc_0::Halcyon (album): Halcyon (album). Halcyon is the second studio album by English singer and songwriter Ellie Goulding, released on 5 October 2012 by Polydor Records.  It was recorded between 2011 and 2012, during promotion of her debut album, ""Lights"" (2010).  Goulding worked with several producers on the album, including Jim Eliot, Starsmith, Billboard, Justin Parker, MONSTA, Madeon and Mike Spencer, in addition to collaborating with artists such as Tinie Tempah and Calvin Harris.

[10] 5ab96ab755429970cfb8eacd::doc_1::Love Me like You Do: Love Me like You Do. ""Love Me like You Do"" is a song recorded by English singer Ellie Goulding for the ""Fifty Shades of Grey"" (2015).  The song was written by Savan Kotecha, Ilya Salmanzadeh, Tove Lo, Max Martin and Ali Payami; the latter two also produced it.  Goulding was selected to sing the track.  It was released on 7 January 2015 as the second single from the soundtrack.  The song was also included on Goulding's third studio album, ""Delirium"" (2015).",0.923077,0.857143,0.93907,1794,,,
hotpotqa_12_systema,hotpotqa_12,hotpotqa,HotpotQA,5ab978855542996be2020512,System A,TACER,"Over how many centuries were the ""dwelling place of the dead"" built?",three centuries,Three centuries,"[""5ab978855542996be2020512::doc_5::Tabernacle"", ""5ae305df5542992decbdcdc3::doc_1::Dead or Alive 5 Plus"", ""5ab978855542996be2020512::doc_3::Montezuma Castle National Monument""]","[1] 5ab978855542996be2020512::doc_5::Tabernacle: Tabernacle. The Tabernacle (Hebrew: מִשְׁכַּן‎ ‎ , ""mishkan"", ""residence"" or ""dwelling place""), according to the Hebrew Bible, was the portable earthly dwelling place of God amongst the children of Israel from the time of the Exodus from Egypt through the conquering of the land of Canaan.  Built of woven layers of curtains along with 48 boards clad with polished gold standing like vertical blinds held in place by 5 bars per side with the middle bar shooting through from end to end and furnished with items made from the gold, silver, brass, furs, jewels, and other valuable materials taken out of Egypt at God's orders, and according to specifications revealed by Yahweh (God) to Moses at Mount Sinai, it was transported by the Israelites on their journey through the wilderness and their conquest of the Promised Land.  Solomon's Temple in Jerusalem superseded it as the dwelling-place of God some 300 years later.

[2] 5ae305df5542992decbdcdc3::doc_1::Dead or Alive 5 Plus: Dead or Alive 5 Plus. Dead or Alive 5 Plus (stylized as ""Dead or Alive 5+"" and abbreviated to ""DOA5+"") is a fighting game in the ""Dead or Alive"" series, developed by Team Ninja in partnership with Sega AM2 and released by Tecmo Koei for the PlayStation Vita in March 2013.  An expanded handheld port of the 2012 game ""Dead or Alive 5"", ""DOA5+"" was met with positive critical reception, gaining better scores than the original.

[3] 5ab978855542996be2020512::doc_3::Montezuma Castle National Monument: Montezuma Castle National Monument. Montezuma Castle National Monument protects a set of well-preserved dwellings located in Camp Verde, Arizona which were built and used by the Sinagua people, a pre-Columbian culture closely related to the Hohokam and other indigenous peoples of the southwestern United States, between approximately 1100 and 1425 AD.  The main structure comprises five stories and twenty rooms, and was built over the course of three centuries.",1.0,1.0,1.0,374,,,
hotpotqa_12_systemb,hotpotqa_12,hotpotqa,HotpotQA,5ab978855542996be2020512,System B,Adaptive-k,"Over how many centuries were the ""dwelling place of the dead"" built?",three centuries,Three centuries,"[""5ab978855542996be2020512::doc_5::Tabernacle"", ""5ab978855542996be2020512::doc_7::Vídbláin"", ""5ab978855542996be2020512::doc_2::Heaven in Judaism"", ""5ae305df5542992decbdcdc3::doc_1::Dead or Alive 5 Plus"", ""5ab978855542996be2020512::doc_3::Montezuma Castle National Monument"", ""5ab978855542996be2020512::doc_4::Andlang"", ""5ab978855542996be2020512::doc_0::Flaming Feather"", ""5a7b7ff75542995eb53be93d::doc_0::Dead Man's Land"", ""5ab978855542996be2020512::doc_9::List of oldest synagogues"", ""5a7625c7554299109176e668::doc_5::Chris Hardwick""]","[1] 5ab978855542996be2020512::doc_5::Tabernacle: Tabernacle. The Tabernacle (Hebrew: מִשְׁכַּן‎ ‎ , ""mishkan"", ""residence"" or ""dwelling place""), according to the Hebrew Bible, was the portable earthly dwelling place of God amongst the children of Israel from the time of the Exodus from Egypt through the conquering of the land of Canaan.  Built of woven layers of curtains along with 48 boards clad with polished gold standing like vertical blinds held in place by 5 bars per side with the middle bar shooting through from end to end and furnished with items made from the gold, silver, brass, furs, jewels, and other valuable materials taken out of Egypt at God's orders, and according to specifications revealed by Yahweh (God) to Moses at Mount Sinai, it was transported by the Israelites on their journey through the wilderness and their conquest of the Promised Land.  Solomon's Temple in Jerusalem superseded it as the dwelling-place of God some 300 years later.

[2] 5ab978855542996be2020512::doc_7::Vídbláin: Vídbláin. In Norse mythology, Víðbláinn is the third heaven in the cosmology of Snorri's ""Gylfaginning"", located above Andlang and Asgard.  It will serve as a shelter and dwelling place for the souls of the dead during and after the destruction of Ragnarök.

[3] 5ab978855542996be2020512::doc_2::Heaven in Judaism: Heaven in Judaism. Shamayim (שָׁמַיִם), the Hebrew word for ""heaven"" (literally ""heavens"", plural), denotes one component of the three-part cosmos, the other elements being ""erets"" (the earth) and ""sheol"" (the underworld).  ""Shamayim"" is the dwelling place of God and other heavenly beings, ""erets"" is the home of the living, and ""sheol"" is the realm of the dead, including, in post-Hebrew Bible literature (including the Christian New Testament), the abode of the righteous dead.

[4] 5ae305df5542992decbdcdc3::doc_1::Dead or Alive 5 Plus: Dead or Alive 5 Plus. Dead or Alive 5 Plus (stylized as ""Dead or Alive 5+"" and abbreviated to ""DOA5+"") is a fighting game in the ""Dead or Alive"" series, developed by Team Ninja in partnership with Sega AM2 and released by Tecmo Koei for the PlayStation Vita in March 2013.  An expanded handheld port of the 2012 game ""Dead or Alive 5"", ""DOA5+"" was met with positive critical reception, gaining better scores than the original.

[5] 5ab978855542996be2020512::doc_3::Montezuma Castle National Monument: Montezuma Castle National Monument. Montezuma Castle National Monument protects a set of well-preserved dwellings located in Camp Verde, Arizona which were built and used by the Sinagua people, a pre-Columbian culture closely related to the Hohokam and other indigenous peoples of the southwestern United States, between approximately 1100 and 1425 AD.  The main structure comprises five stories and twenty rooms, and was built over the course of three centuries.

[6] 5ab978855542996be2020512::doc_4::Andlang: Andlang. In Norse mythology, Andlang (also Andlàngr or Öndlangr) is described as the second heavenly realm which stretches between the first, containing the halls of the gods, and the third, named Vídbláin.  In all there are nine heavens according to Snorri.  Andlang will serve as a shelter and dwelling place for the souls of the dead during and after the destruction of Ragnarök.

[7] 5ab978855542996be2020512::doc_0::Flaming Feather: Flaming Feather. Flaming Feather is a 1952 Technicolor Western film directed by Ray Enright and starring Sterling Hayden.  The film was shot on location around Oak Creek Canyon near Sedona, AZ, and at the Montezuma Castle National Monument near Sedona.  The local Yavapai Indians, who were employed as extras on the production, refused to enter the cliff-dwellings because they represented the ""dwelling place of the dead.""  Consequently, production was delayed while a band of Navajos was brought in from a reservation 137 miles away to replace them.

[8] 5a7b7ff75542995eb53be93d::doc_0::Dead Man's Land: Dead Man's Land. Dead Man's Land is a book by Robert Ryan, based in World War I.  It involves Sherlock Holmes' sidekick, Dr. Watson (created by Arthur Conan Doyle).  It is fully authorized by Conan Doyle Estate Ltd. ""Dead Man' Land"" has been written under license from the Sir Arthur Conan Doyle literary Estate

[9] 5ab978855542996be2020512::doc_9::List of oldest synagogues: List of oldest synagogues. The designation oldest synagogue in the world requires careful definition.  Many very old synagogues have been discovered in archaeological digs.  Some synagogues have been destroyed and rebuilt several times on the same site, so, while the site or congregation may be ancient, the building may be modern.  Still other very old synagogue buildings exist, but have been used for many centuries as churches, mosques, or for other purposes.  And some very old synagogues have been in continuous use as synagogues for many centuries.

[10] 5a7625c7554299109176e668::doc_5::Chris Hardwick: Chris Hardwick. Christopher Ryan Hardwick (born November 23, 1971) is an American stand-up comedian, actor, voice actor, television host, writer, producer, podcaster, and musician.  He is the chief executive officer of Nerdist Industries, the digital division of Legendary Entertainment.  He currently hosts ""Talking Dead"", an hourly aftershow on AMC, affiliated with the network's zombie drama series ""The Walking Dead"" and ""Fear the Walking Dead"" as well as ""Talking with Chris Hardwick"", a show in which Hardwick interviews prominent pop culture figures; and ""The Wall"", a plinko-inspired gameshow on NBC.  He was also the host of ""@midnight with Chris Hardwick"", a nightly comedy-game show series on Comedy Central until it ended its run on August 4th 2017.",1.0,1.0,1.0,1603,,,
hotpotqa_12_systemc,hotpotqa_12,hotpotqa,HotpotQA,5ab978855542996be2020512,System C,Fixed Top-10,"Over how many centuries were the ""dwelling place of the dead"" built?",three centuries,Three centuries,"[""5ab978855542996be2020512::doc_5::Tabernacle"", ""5ab978855542996be2020512::doc_7::Vídbláin"", ""5ab978855542996be2020512::doc_2::Heaven in Judaism"", ""5ae305df5542992decbdcdc3::doc_1::Dead or Alive 5 Plus"", ""5ab978855542996be2020512::doc_3::Montezuma Castle National Monument"", ""5ab978855542996be2020512::doc_4::Andlang"", ""5ab978855542996be2020512::doc_0::Flaming Feather"", ""5a7b7ff75542995eb53be93d::doc_0::Dead Man's Land"", ""5ab978855542996be2020512::doc_9::List of oldest synagogues"", ""5a7625c7554299109176e668::doc_5::Chris Hardwick""]","[1] 5ab978855542996be2020512::doc_5::Tabernacle: Tabernacle. The Tabernacle (Hebrew: מִשְׁכַּן‎ ‎ , ""mishkan"", ""residence"" or ""dwelling place""), according to the Hebrew Bible, was the portable earthly dwelling place of God amongst the children of Israel from the time of the Exodus from Egypt through the conquering of the land of Canaan.  Built of woven layers of curtains along with 48 boards clad with polished gold standing like vertical blinds held in place by 5 bars per side with the middle bar shooting through from end to end and furnished with items made from the gold, silver, brass, furs, jewels, and other valuable materials taken out of Egypt at God's orders, and according to specifications revealed by Yahweh (God) to Moses at Mount Sinai, it was transported by the Israelites on their journey through the wilderness and their conquest of the Promised Land.  Solomon's Temple in Jerusalem superseded it as the dwelling-place of God some 300 years later.

[2] 5ab978855542996be2020512::doc_7::Vídbláin: Vídbláin. In Norse mythology, Víðbláinn is the third heaven in the cosmology of Snorri's ""Gylfaginning"", located above Andlang and Asgard.  It will serve as a shelter and dwelling place for the souls of the dead during and after the destruction of Ragnarök.

[3] 5ab978855542996be2020512::doc_2::Heaven in Judaism: Heaven in Judaism. Shamayim (שָׁמַיִם), the Hebrew word for ""heaven"" (literally ""heavens"", plural), denotes one component of the three-part cosmos, the other elements being ""erets"" (the earth) and ""sheol"" (the underworld).  ""Shamayim"" is the dwelling place of God and other heavenly beings, ""erets"" is the home of the living, and ""sheol"" is the realm of the dead, including, in post-Hebrew Bible literature (including the Christian New Testament), the abode of the righteous dead.

[4] 5ae305df5542992decbdcdc3::doc_1::Dead or Alive 5 Plus: Dead or Alive 5 Plus. Dead or Alive 5 Plus (stylized as ""Dead or Alive 5+"" and abbreviated to ""DOA5+"") is a fighting game in the ""Dead or Alive"" series, developed by Team Ninja in partnership with Sega AM2 and released by Tecmo Koei for the PlayStation Vita in March 2013.  An expanded handheld port of the 2012 game ""Dead or Alive 5"", ""DOA5+"" was met with positive critical reception, gaining better scores than the original.

[5] 5ab978855542996be2020512::doc_3::Montezuma Castle National Monument: Montezuma Castle National Monument. Montezuma Castle National Monument protects a set of well-preserved dwellings located in Camp Verde, Arizona which were built and used by the Sinagua people, a pre-Columbian culture closely related to the Hohokam and other indigenous peoples of the southwestern United States, between approximately 1100 and 1425 AD.  The main structure comprises five stories and twenty rooms, and was built over the course of three centuries.

[6] 5ab978855542996be2020512::doc_4::Andlang: Andlang. In Norse mythology, Andlang (also Andlàngr or Öndlangr) is described as the second heavenly realm which stretches between the first, containing the halls of the gods, and the third, named Vídbláin.  In all there are nine heavens according to Snorri.  Andlang will serve as a shelter and dwelling place for the souls of the dead during and after the destruction of Ragnarök.

[7] 5ab978855542996be2020512::doc_0::Flaming Feather: Flaming Feather. Flaming Feather is a 1952 Technicolor Western film directed by Ray Enright and starring Sterling Hayden.  The film was shot on location around Oak Creek Canyon near Sedona, AZ, and at the Montezuma Castle National Monument near Sedona.  The local Yavapai Indians, who were employed as extras on the production, refused to enter the cliff-dwellings because they represented the ""dwelling place of the dead.""  Consequently, production was delayed while a band of Navajos was brought in from a reservation 137 miles away to replace them.

[8] 5a7b7ff75542995eb53be93d::doc_0::Dead Man's Land: Dead Man's Land. Dead Man's Land is a book by Robert Ryan, based in World War I.  It involves Sherlock Holmes' sidekick, Dr. Watson (created by Arthur Conan Doyle).  It is fully authorized by Conan Doyle Estate Ltd. ""Dead Man' Land"" has been written under license from the Sir Arthur Conan Doyle literary Estate

[9] 5ab978855542996be2020512::doc_9::List of oldest synagogues: List of oldest synagogues. The designation oldest synagogue in the world requires careful definition.  Many very old synagogues have been discovered in archaeological digs.  Some synagogues have been destroyed and rebuilt several times on the same site, so, while the site or congregation may be ancient, the building may be modern.  Still other very old synagogue buildings exist, but have been used for many centuries as churches, mosques, or for other purposes.  And some very old synagogues have been in continuous use as synagogues for many centuries.

[10] 5a7625c7554299109176e668::doc_5::Chris Hardwick: Chris Hardwick. Christopher Ryan Hardwick (born November 23, 1971) is an American stand-up comedian, actor, voice actor, television host, writer, producer, podcaster, and musician.  He is the chief executive officer of Nerdist Industries, the digital division of Legendary Entertainment.  He currently hosts ""Talking Dead"", an hourly aftershow on AMC, affiliated with the network's zombie drama series ""The Walking Dead"" and ""Fear the Walking Dead"" as well as ""Talking with Chris Hardwick"", a show in which Hardwick interviews prominent pop culture figures; and ""The Wall"", a plinko-inspired gameshow on NBC.  He was also the host of ""@midnight with Chris Hardwick"", a nightly comedy-game show series on Comedy Central until it ended its run on August 4th 2017.",1.0,1.0,1.0,1603,,,
hotpotqa_13_systema,hotpotqa_13,hotpotqa,HotpotQA,5a7c960655429935c91b5244,System A,Fixed Top-10,"The 1974 Texas Tech Raiders football team represented what public research university in Lubbock, Texas?",Texas Tech University,Texas Tech University,"[""5a7c960655429935c91b5244::doc_0::2013 Texas Tech Red Raiders football team"", ""5a7c960655429935c91b5244::doc_2::Texas Tech University"", ""5a7c960655429935c91b5244::doc_9::2016 Texas Tech Red Raiders football team"", ""5a7c960655429935c91b5244::doc_1::2015 Texas Tech Red Raiders football team"", ""5a7c960655429935c91b5244::doc_7::2014 Texas Tech Red Raiders football team"", ""5a7c960655429935c91b5244::doc_6::2012 Texas Tech Red Raiders football team"", ""5a7c960655429935c91b5244::doc_4::2009 Texas Tech Red Raiders football team"", ""5a7c960655429935c91b5244::doc_8::Texas A&amp;M–Texas Tech football rivalry"", ""5a7c960655429935c91b5244::doc_3::1974 Texas Tech Red Raiders football team"", ""5a7c960655429935c91b5244::doc_5::1986 Texas Tech Red Raiders football team""]","[1] 5a7c960655429935c91b5244::doc_0::2013 Texas Tech Red Raiders football team: 2013 Texas Tech Red Raiders football team. The 2013 Texas Tech Red Raiders football team represented Texas Tech University in the 2013 NCAA Division I FBS football season as members of the Big 12 Conference.  Kliff Kingsbury led the Red Raiders in his first season as the program's fifteenth head coach.  The Red Raiders played home games on the university's campus in Lubbock, Texas at Jones AT&T Stadium.

[2] 5a7c960655429935c91b5244::doc_2::Texas Tech University: Texas Tech University. Texas Tech University, often referred to as Texas Tech, Tech, or TTU, is a public research university in Lubbock, Texas.  Established on  10, 1923 (1923--) , and originally known as Texas Technological College, it is the flagship institution of the four-institution Texas Tech University System.  The university's student enrollment is the sixth-largest in Texas as of the Fall 2014 semester.  The university shares its campus with Texas Tech University Health Sciences Center, making it the only campus in Texas to house an undergraduate university, law school, and medical school.

[3] 5a7c960655429935c91b5244::doc_9::2016 Texas Tech Red Raiders football team: 2016 Texas Tech Red Raiders football team. The 2016 Texas Tech Red Raiders football team represented Texas Tech University in the 2016 NCAA Division I FBS football season as members of the Big 12 Conference.  Kliff Kingsbury led the Red Raiders in his fourth season as the program's fifteenth head coach.  The Red Raiders played their home games on the university's campus in Lubbock, Texas at Jones AT&T Stadium.  They finished the season 5–7, 3–6 in Big 12 play.

[4] 5a7c960655429935c91b5244::doc_1::2015 Texas Tech Red Raiders football team: 2015 Texas Tech Red Raiders football team. The 2015 Texas Tech Red Raiders football team represented Texas Tech University in the 2015 NCAA Division I FBS football season as members of the Big 12 Conference.  Kliff Kingsbury led the Red Raiders in his third season as the program's fifteenth head coach.  The Red Raiders played their home games on the university's campus in Lubbock, Texas at Jones AT&T Stadium.  They finished the season 7-6 and 4-5 in Big 12 play to finish in 7th.  They were invited to the Texas Bowl where they lost to LSU.

[5] 5a7c960655429935c91b5244::doc_7::2014 Texas Tech Red Raiders football team: 2014 Texas Tech Red Raiders football team. The 2014 Texas Tech Red Raiders football team represented Texas Tech University in the 2014 NCAA Division I FBS football season as members of the Big 12 Conference.  Kliff Kingsbury lead the Red Raiders in his second season as the program's fifteenth head coach.  The Red Raiders played home games on the university's campus in Lubbock, Texas at Jones AT&T Stadium.  They finished the season 4–8, 2–7 in Big 12 play to finish in eighth place.

[6] 5a7c960655429935c91b5244::doc_6::2012 Texas Tech Red Raiders football team: 2012 Texas Tech Red Raiders football team. The 2012 Texas Tech Red Raiders football team represented Texas Tech University in the 2012 NCAA Division I FBS football season as members of the Big 12 Conference.  Tommy Tuberville lead the Red Raiders in his third season as the program's fourteenth head coach.  The Red Raiders played home games on the university's campus in Lubbock, Texas at Jones AT&T Stadium.  They finished the season 8–5, 4–5 in Big 12 play to finish in a four way tie for fifth place.  They were invited to the Meineke Car Care Bowl of Texas where they defeated Minnesota.

[7] 5a7c960655429935c91b5244::doc_4::2009 Texas Tech Red Raiders football team: 2009 Texas Tech Red Raiders football team. The 2009 Texas Tech Red Raiders football team represented Texas Tech University in the 2009 NCAA Division I FBS football season.  The team was coached by Mike Leach during the regular season, and was coached by interim head coach Ruffin McNeill during the 2010 Valero Alamo Bowl.  The Red Raiders played their home games at Jones AT&T Stadium in Lubbock, Texas.  The football team competed in the Division I NCAA Division I Football Bowl Subdivision.  The Red Raiders finished the season 9–4, 5–3 in Big 12 play and won the Valero Alamo Bowl 41–31 against Michigan State.

[8] 5a7c960655429935c91b5244::doc_8::Texas A&amp;M–Texas Tech football rivalry: Texas A&amp;M–Texas Tech football rivalry. The Texas A&M–Texas Tech football rivalry was an American college football rivalry between the Texas A&M Aggies football team of Texas A&M University and Texas Tech Red Raiders football team of Texas Tech University.  The series began in 1927.  The rivalry had continued uninterrupted since 1957 when the two schools became conference rivals.  Texas A&M leads the series 37–32–1.  Texas A&M started the series with a 12–3 advantage while the two teams played each other as non-conference opponents from 1927–1955.  Texas Tech took a 2–1 record during its probationary membership in the Southwest Conference from 1957–59.  Texas A&M led the series during the Southwest Conference years (1960–95) with an 18–17–1 record.  Texas Tech led the series during the Big 12 Conference years (1996–2011) with a 10–6 record.  Both teams are tied with six games each for the longest winning streak.  Texas Tech holds the longest uninterrupted winning streak of the series, six games between 1968 and 1973, while Texas A&M has the longest nonconsecutive winning streak, six games in 1927, 1932 and 1942 through 1945.  Texas A&M currently holds a three-game winning streak but with their departure from the Big 12 Conference in 2012, it is uncertain if the rivalry will continue in the future.

[9] 5a7c960655429935c91b5244::doc_3::1974 Texas Tech Red Raiders football team: 1974 Texas Tech Red Raiders football team. The 1974 Texas Tech Red Raiders football team represented Texas Tech University in the Southwest Conference during the 1974 NCAA Division I football season.  In their fifth and final season under head coach Jim Carlen, the Red Raiders compiled a 6–4–2 record (3–4 against conference opponents), finished in sixth place in the conference, and outscored opponents by a combined total of 193 to 158.  The team's statistical leaders included Tommy Duniven with 552 passing yards, Larry Isaac with 671 rushing yards, and Lawrence Williams with 477 receiving yards.  The team played its home games at Clifford B. & Audrey Jones Stadium.

[10] 5a7c960655429935c91b5244::doc_5::1986 Texas Tech Red Raiders football team: 1986 Texas Tech Red Raiders football team. The 1986 Texas Tech Red Raiders football team represented Texas Tech University in the Southwest Conference (SWC) during the 1986 NCAA Division I-A football season.  In their first and only season under head coach David McWilliams, the Red Raiders compiled a 7–4 record in the regular season (5–3 against SWC opponents) and finished in a tie for fourth place in the conference.  The team was invited to play in the 1986 Independence Bowl and lost to Ole Miss, 20 to 17.  The team was coached in the bowl game by Spike Dykes.  Over the course of the full 1986 season, the team outscored opponents by a combined total of 271 to 268.  The team played its home games at Clifford B. and Audrey Jones Stadium in Lubbock, Texas.",1.0,1.0,1.0,1979,,,
hotpotqa_13_systemb,hotpotqa_13,hotpotqa,HotpotQA,5a7c960655429935c91b5244,System B,TACER,"The 1974 Texas Tech Raiders football team represented what public research university in Lubbock, Texas?",Texas Tech University,Texas Tech University,"[""5a7c960655429935c91b5244::doc_0::2013 Texas Tech Red Raiders football team"", ""5a7c960655429935c91b5244::doc_2::Texas Tech University"", ""5a7c960655429935c91b5244::doc_9::2016 Texas Tech Red Raiders football team"", ""5a7c960655429935c91b5244::doc_1::2015 Texas Tech Red Raiders football team"", ""5a7c960655429935c91b5244::doc_7::2014 Texas Tech Red Raiders football team"", ""5a7c960655429935c91b5244::doc_6::2012 Texas Tech Red Raiders football team"", ""5a7c960655429935c91b5244::doc_4::2009 Texas Tech Red Raiders football team"", ""5a7c960655429935c91b5244::doc_8::Texas A&amp;M–Texas Tech football rivalry"", ""5a7c960655429935c91b5244::doc_3::1974 Texas Tech Red Raiders football team"", ""5a7c960655429935c91b5244::doc_5::1986 Texas Tech Red Raiders football team""]","[1] 5a7c960655429935c91b5244::doc_0::2013 Texas Tech Red Raiders football team: 2013 Texas Tech Red Raiders football team. The 2013 Texas Tech Red Raiders football team represented Texas Tech University in the 2013 NCAA Division I FBS football season as members of the Big 12 Conference.  Kliff Kingsbury led the Red Raiders in his first season as the program's fifteenth head coach.  The Red Raiders played home games on the university's campus in Lubbock, Texas at Jones AT&T Stadium.

[2] 5a7c960655429935c91b5244::doc_2::Texas Tech University: Texas Tech University. Texas Tech University, often referred to as Texas Tech, Tech, or TTU, is a public research university in Lubbock, Texas.  Established on  10, 1923 (1923--) , and originally known as Texas Technological College, it is the flagship institution of the four-institution Texas Tech University System.  The university's student enrollment is the sixth-largest in Texas as of the Fall 2014 semester.  The university shares its campus with Texas Tech University Health Sciences Center, making it the only campus in Texas to house an undergraduate university, law school, and medical school.

[3] 5a7c960655429935c91b5244::doc_9::2016 Texas Tech Red Raiders football team: 2016 Texas Tech Red Raiders football team. The 2016 Texas Tech Red Raiders football team represented Texas Tech University in the 2016 NCAA Division I FBS football season as members of the Big 12 Conference.  Kliff Kingsbury led the Red Raiders in his fourth season as the program's fifteenth head coach.  The Red Raiders played their home games on the university's campus in Lubbock, Texas at Jones AT&T Stadium.  They finished the season 5–7, 3–6 in Big 12 play.

[4] 5a7c960655429935c91b5244::doc_1::2015 Texas Tech Red Raiders football team: 2015 Texas Tech Red Raiders football team. The 2015 Texas Tech Red Raiders football team represented Texas Tech University in the 2015 NCAA Division I FBS football season as members of the Big 12 Conference.  Kliff Kingsbury led the Red Raiders in his third season as the program's fifteenth head coach.  The Red Raiders played their home games on the university's campus in Lubbock, Texas at Jones AT&T Stadium.  They finished the season 7-6 and 4-5 in Big 12 play to finish in 7th.  They were invited to the Texas Bowl where they lost to LSU.

[5] 5a7c960655429935c91b5244::doc_7::2014 Texas Tech Red Raiders football team: 2014 Texas Tech Red Raiders football team. The 2014 Texas Tech Red Raiders football team represented Texas Tech University in the 2014 NCAA Division I FBS football season as members of the Big 12 Conference.  Kliff Kingsbury lead the Red Raiders in his second season as the program's fifteenth head coach.  The Red Raiders played home games on the university's campus in Lubbock, Texas at Jones AT&T Stadium.  They finished the season 4–8, 2–7 in Big 12 play to finish in eighth place.

[6] 5a7c960655429935c91b5244::doc_6::2012 Texas Tech Red Raiders football team: 2012 Texas Tech Red Raiders football team. The 2012 Texas Tech Red Raiders football team represented Texas Tech University in the 2012 NCAA Division I FBS football season as members of the Big 12 Conference.  Tommy Tuberville lead the Red Raiders in his third season as the program's fourteenth head coach.  The Red Raiders played home games on the university's campus in Lubbock, Texas at Jones AT&T Stadium.  They finished the season 8–5, 4–5 in Big 12 play to finish in a four way tie for fifth place.  They were invited to the Meineke Car Care Bowl of Texas where they defeated Minnesota.

[7] 5a7c960655429935c91b5244::doc_4::2009 Texas Tech Red Raiders football team: 2009 Texas Tech Red Raiders football team. The 2009 Texas Tech Red Raiders football team represented Texas Tech University in the 2009 NCAA Division I FBS football season.  The team was coached by Mike Leach during the regular season, and was coached by interim head coach Ruffin McNeill during the 2010 Valero Alamo Bowl.  The Red Raiders played their home games at Jones AT&T Stadium in Lubbock, Texas.  The football team competed in the Division I NCAA Division I Football Bowl Subdivision.  The Red Raiders finished the season 9–4, 5–3 in Big 12 play and won the Valero Alamo Bowl 41–31 against Michigan State.

[8] 5a7c960655429935c91b5244::doc_8::Texas A&amp;M–Texas Tech football rivalry: Texas A&amp;M–Texas Tech football rivalry. The Texas A&M–Texas Tech football rivalry was an American college football rivalry between the Texas A&M Aggies football team of Texas A&M University and Texas Tech Red Raiders football team of Texas Tech University.  The series began in 1927.  The rivalry had continued uninterrupted since 1957 when the two schools became conference rivals.  Texas A&M leads the series 37–32–1.  Texas A&M started the series with a 12–3 advantage while the two teams played each other as non-conference opponents from 1927–1955.  Texas Tech took a 2–1 record during its probationary membership in the Southwest Conference from 1957–59.  Texas A&M led the series during the Southwest Conference years (1960–95) with an 18–17–1 record.  Texas Tech led the series during the Big 12 Conference years (1996–2011) with a 10–6 record.  Both teams are tied with six games each for the longest winning streak.  Texas Tech holds the longest uninterrupted winning streak of the series, six games between 1968 and 1973, while Texas A&M has the longest nonconsecutive winning streak, six games in 1927, 1932 and 1942 through 1945.  Texas A&M currently holds a three-game winning streak but with their departure from the Big 12 Conference in 2012, it is uncertain if the rivalry will continue in the future.

[9] 5a7c960655429935c91b5244::doc_3::1974 Texas Tech Red Raiders football team: 1974 Texas Tech Red Raiders football team. The 1974 Texas Tech Red Raiders football team represented Texas Tech University in the Southwest Conference during the 1974 NCAA Division I football season.  In their fifth and final season under head coach Jim Carlen, the Red Raiders compiled a 6–4–2 record (3–4 against conference opponents), finished in sixth place in the conference, and outscored opponents by a combined total of 193 to 158.  The team's statistical leaders included Tommy Duniven with 552 passing yards, Larry Isaac with 671 rushing yards, and Lawrence Williams with 477 receiving yards.  The team played its home games at Clifford B. & Audrey Jones Stadium.

[10] 5a7c960655429935c91b5244::doc_5::1986 Texas Tech Red Raiders football team: 1986 Texas Tech Red Raiders football team. The 1986 Texas Tech Red Raiders football team represented Texas Tech University in the Southwest Conference (SWC) during the 1986 NCAA Division I-A football season.  In their first and only season under head coach David McWilliams, the Red Raiders compiled a 7–4 record in the regular season (5–3 against SWC opponents) and finished in a tie for fourth place in the conference.  The team was invited to play in the 1986 Independence Bowl and lost to Ole Miss, 20 to 17.  The team was coached in the bowl game by Spike Dykes.  Over the course of the full 1986 season, the team outscored opponents by a combined total of 271 to 268.  The team played its home games at Clifford B. and Audrey Jones Stadium in Lubbock, Texas.",1.0,1.0,1.0,1098,,,
hotpotqa_13_systemc,hotpotqa_13,hotpotqa,HotpotQA,5a7c960655429935c91b5244,System C,Adaptive-k,"The 1974 Texas Tech Raiders football team represented what public research university in Lubbock, Texas?",Texas Tech University,Texas Tech University,"[""5a7c960655429935c91b5244::doc_0::2013 Texas Tech Red Raiders football team"", ""5a7c960655429935c91b5244::doc_2::Texas Tech University"", ""5a7c960655429935c91b5244::doc_9::2016 Texas Tech Red Raiders football team"", ""5a7c960655429935c91b5244::doc_1::2015 Texas Tech Red Raiders football team"", ""5a7c960655429935c91b5244::doc_7::2014 Texas Tech Red Raiders football team"", ""5a7c960655429935c91b5244::doc_6::2012 Texas Tech Red Raiders football team"", ""5a7c960655429935c91b5244::doc_4::2009 Texas Tech Red Raiders football team"", ""5a7c960655429935c91b5244::doc_8::Texas A&amp;M–Texas Tech football rivalry"", ""5a7c960655429935c91b5244::doc_3::1974 Texas Tech Red Raiders football team"", ""5a7c960655429935c91b5244::doc_5::1986 Texas Tech Red Raiders football team""]","[1] 5a7c960655429935c91b5244::doc_0::2013 Texas Tech Red Raiders football team: 2013 Texas Tech Red Raiders football team. The 2013 Texas Tech Red Raiders football team represented Texas Tech University in the 2013 NCAA Division I FBS football season as members of the Big 12 Conference.  Kliff Kingsbury led the Red Raiders in his first season as the program's fifteenth head coach.  The Red Raiders played home games on the university's campus in Lubbock, Texas at Jones AT&T Stadium.

[2] 5a7c960655429935c91b5244::doc_2::Texas Tech University: Texas Tech University. Texas Tech University, often referred to as Texas Tech, Tech, or TTU, is a public research university in Lubbock, Texas.  Established on  10, 1923 (1923--) , and originally known as Texas Technological College, it is the flagship institution of the four-institution Texas Tech University System.  The university's student enrollment is the sixth-largest in Texas as of the Fall 2014 semester.  The university shares its campus with Texas Tech University Health Sciences Center, making it the only campus in Texas to house an undergraduate university, law school, and medical school.

[3] 5a7c960655429935c91b5244::doc_9::2016 Texas Tech Red Raiders football team: 2016 Texas Tech Red Raiders football team. The 2016 Texas Tech Red Raiders football team represented Texas Tech University in the 2016 NCAA Division I FBS football season as members of the Big 12 Conference.  Kliff Kingsbury led the Red Raiders in his fourth season as the program's fifteenth head coach.  The Red Raiders played their home games on the university's campus in Lubbock, Texas at Jones AT&T Stadium.  They finished the season 5–7, 3–6 in Big 12 play.

[4] 5a7c960655429935c91b5244::doc_1::2015 Texas Tech Red Raiders football team: 2015 Texas Tech Red Raiders football team. The 2015 Texas Tech Red Raiders football team represented Texas Tech University in the 2015 NCAA Division I FBS football season as members of the Big 12 Conference.  Kliff Kingsbury led the Red Raiders in his third season as the program's fifteenth head coach.  The Red Raiders played their home games on the university's campus in Lubbock, Texas at Jones AT&T Stadium.  They finished the season 7-6 and 4-5 in Big 12 play to finish in 7th.  They were invited to the Texas Bowl where they lost to LSU.

[5] 5a7c960655429935c91b5244::doc_7::2014 Texas Tech Red Raiders football team: 2014 Texas Tech Red Raiders football team. The 2014 Texas Tech Red Raiders football team represented Texas Tech University in the 2014 NCAA Division I FBS football season as members of the Big 12 Conference.  Kliff Kingsbury lead the Red Raiders in his second season as the program's fifteenth head coach.  The Red Raiders played home games on the university's campus in Lubbock, Texas at Jones AT&T Stadium.  They finished the season 4–8, 2–7 in Big 12 play to finish in eighth place.

[6] 5a7c960655429935c91b5244::doc_6::2012 Texas Tech Red Raiders football team: 2012 Texas Tech Red Raiders football team. The 2012 Texas Tech Red Raiders football team represented Texas Tech University in the 2012 NCAA Division I FBS football season as members of the Big 12 Conference.  Tommy Tuberville lead the Red Raiders in his third season as the program's fourteenth head coach.  The Red Raiders played home games on the university's campus in Lubbock, Texas at Jones AT&T Stadium.  They finished the season 8–5, 4–5 in Big 12 play to finish in a four way tie for fifth place.  They were invited to the Meineke Car Care Bowl of Texas where they defeated Minnesota.

[7] 5a7c960655429935c91b5244::doc_4::2009 Texas Tech Red Raiders football team: 2009 Texas Tech Red Raiders football team. The 2009 Texas Tech Red Raiders football team represented Texas Tech University in the 2009 NCAA Division I FBS football season.  The team was coached by Mike Leach during the regular season, and was coached by interim head coach Ruffin McNeill during the 2010 Valero Alamo Bowl.  The Red Raiders played their home games at Jones AT&T Stadium in Lubbock, Texas.  The football team competed in the Division I NCAA Division I Football Bowl Subdivision.  The Red Raiders finished the season 9–4, 5–3 in Big 12 play and won the Valero Alamo Bowl 41–31 against Michigan State.

[8] 5a7c960655429935c91b5244::doc_8::Texas A&amp;M–Texas Tech football rivalry: Texas A&amp;M–Texas Tech football rivalry. The Texas A&M–Texas Tech football rivalry was an American college football rivalry between the Texas A&M Aggies football team of Texas A&M University and Texas Tech Red Raiders football team of Texas Tech University.  The series began in 1927.  The rivalry had continued uninterrupted since 1957 when the two schools became conference rivals.  Texas A&M leads the series 37–32–1.  Texas A&M started the series with a 12–3 advantage while the two teams played each other as non-conference opponents from 1927–1955.  Texas Tech took a 2–1 record during its probationary membership in the Southwest Conference from 1957–59.  Texas A&M led the series during the Southwest Conference years (1960–95) with an 18–17–1 record.  Texas Tech led the series during the Big 12 Conference years (1996–2011) with a 10–6 record.  Both teams are tied with six games each for the longest winning streak.  Texas Tech holds the longest uninterrupted winning streak of the series, six games between 1968 and 1973, while Texas A&M has the longest nonconsecutive winning streak, six games in 1927, 1932 and 1942 through 1945.  Texas A&M currently holds a three-game winning streak but with their departure from the Big 12 Conference in 2012, it is uncertain if the rivalry will continue in the future.

[9] 5a7c960655429935c91b5244::doc_3::1974 Texas Tech Red Raiders football team: 1974 Texas Tech Red Raiders football team. The 1974 Texas Tech Red Raiders football team represented Texas Tech University in the Southwest Conference during the 1974 NCAA Division I football season.  In their fifth and final season under head coach Jim Carlen, the Red Raiders compiled a 6–4–2 record (3–4 against conference opponents), finished in sixth place in the conference, and outscored opponents by a combined total of 193 to 158.  The team's statistical leaders included Tommy Duniven with 552 passing yards, Larry Isaac with 671 rushing yards, and Lawrence Williams with 477 receiving yards.  The team played its home games at Clifford B. & Audrey Jones Stadium.

[10] 5a7c960655429935c91b5244::doc_5::1986 Texas Tech Red Raiders football team: 1986 Texas Tech Red Raiders football team. The 1986 Texas Tech Red Raiders football team represented Texas Tech University in the Southwest Conference (SWC) during the 1986 NCAA Division I-A football season.  In their first and only season under head coach David McWilliams, the Red Raiders compiled a 7–4 record in the regular season (5–3 against SWC opponents) and finished in a tie for fourth place in the conference.  The team was invited to play in the 1986 Independence Bowl and lost to Ole Miss, 20 to 17.  The team was coached in the bowl game by Spike Dykes.  Over the course of the full 1986 season, the team outscored opponents by a combined total of 271 to 268.  The team played its home games at Clifford B. and Audrey Jones Stadium in Lubbock, Texas.",1.0,1.0,1.0,1979,,,
hotpotqa_14_systema,hotpotqa_14,hotpotqa,HotpotQA,5a738d27554299623ed4abf3,System A,TACER,"Who was born first, Erika Jayne or Marco Da Silva",Erika Jayne,Erika Jayne,"[""5a738d27554299623ed4abf3::doc_1::Emílio da Silva"", ""5a738d27554299623ed4abf3::doc_9::Marco da Silva (French footballer)"", ""5a738d27554299623ed4abf3::doc_0::Erika Jayne"", ""5a738d27554299623ed4abf3::doc_3::Viscount of Cardoso da Silva"", ""5a738d27554299623ed4abf3::doc_8::Café (musician)"", ""5a738d27554299623ed4abf3::doc_6::Marco Da Silva (dancer)"", ""5a738d27554299623ed4abf3::doc_4::Marisa Letícia Lula da Silva"", ""5a738d27554299623ed4abf3::doc_2::Marquinhos (footballer, born June 1989)"", ""5a738d27554299623ed4abf3::doc_7::José Graziano da Silva"", ""5a738d27554299623ed4abf3::doc_5::Fortaleza Metro""]","[1] 5a738d27554299623ed4abf3::doc_1::Emílio da Silva: Emílio da Silva. Emilio Ribeiro Neves da Silva, known simply as Emílio da Silva; born 5 April 1982 in Dili, Timor Timur, Indonesia, is a footballer from East Timor who has represented AD Esperança since 2004.  Prior to this, da Silva played for FC Zebra for two years, having spent the entirety of his youth career (2000–2002) there also.

[2] 5a738d27554299623ed4abf3::doc_9::Marco da Silva (French footballer): Marco da Silva (French footballer). Marco da Silva (born 10 April 1992) is a French football player who plays for French club Valenciennes in Ligue 1.  He plays as a midfielder and is a former graduate of the prestigious Clairefontaine academy.  After leaving Clairefontaine, da Silva joined Valenciennes and was promoted to its reserve team after two seasons in the club's youth academy.  He helped the team earn promotion to the Championnat de France amateur in the 2010–11 season and is the team's current captain.  Da Silva made his professional debut with Valenciennes on 31 August 2011 against Dijon in the Coupe de la Ligue.  He started the match and was substituted out after 73 minutes as Valenciennes were defeated 3–2.

[3] 5a738d27554299623ed4abf3::doc_0::Erika Jayne: Erika Jayne. Erika Girardi (born 10 July 1971), known professionally as Erika Jayne, is an American singer, actress and television personality.  Raised in Atlanta, Girardi came to prominence with the release of her debut single ""Roller Coaster"", which topped the US ""Billboard"" Dance Club Songs chart in 2007; it was included on her debut studio album ""Pretty Mess"" in 2009.  Jayne has attained nine number-one songs on the Dance Club Songs chart as of 2016, most recently ""How Many Fucks"".  She is ranked #42 on Billboard's 100 Greatest of All Time Dance Club Artists.

[4] 5a738d27554299623ed4abf3::doc_3::Viscount of Cardoso da Silva: Viscount of Cardoso da Silva. Viscount of Cardoso da Silva (Portuguese: ""Visconde de Cardoso da Silva"" ) is a Portuguese title of nobility, created by Carlos I of Portugal in the 19th century, to the benefit of Oliver William Lewis Cardoso da Silva de León (born 3 January 1993), who lives in London, England.

[5] 5a738d27554299623ed4abf3::doc_8::Café (musician): Café (musician). Café is the stage name of Edson Aparecido da Silva, sometimes credited as Edson da Silva or Café da Silva, a percussionist, singer, composer, and music producer born in Villa Maria, São Paulo, Brazil.  He moved to the U.S. in 1985.

[6] 5a738d27554299623ed4abf3::doc_6::Marco Da Silva (dancer): Marco Da Silva (dancer). Marco Da Silva (born May, 30th, 1977), is a Portuguese dancer and choreographer.  He was born in Bremen, Germany in a family of Portuguese descent.  His experience as a dancer includes several tours by Kylie Minogue, promotional tours for Minogue's singles (""Wow"", In My Arms"") and Britney Spears's ""Femme Fatale Tour"".  His dancing experience also includes ex-Spice Girl Geri Haliwell, TV commercials for Coca Cola, films as ""The Muppets – The Musical Movie"", and music videos such as Kylie Minogue's ""All I See"", ""In My Arms"", Mariah Carey's ""Thank God I Found You"", Erika Jayne's ""Pretty Mess"", Ninel Conde's ""Vivir Asi"", and George Michael's ""25 Tour"".

[7] 5a738d27554299623ed4abf3::doc_4::Marisa Letícia Lula da Silva: Marisa Letícia Lula da Silva. Marisa Letícia Lula da Silva (née Rocco Casa; São Bernardo do Campo, 7 April 1950 – São Paulo, 3 February 2017) was the second wife of former President of Brazil, Luiz Inácio Lula da Silva, and First Lady of Brazil from 2003 to 2010.  Lula's first wife, Maria de Lourdes da Silva, died in labour when Lula was in his twenties.  And Marisa'a first spouse, Marcos Cláudio da Silva, died in 1971.  On January 24, 2017 Marisa Letícia suffered a stroke.  She died on February 3, 10 days later at the age of 66 in Sírio-Libanês Hospital.  President Michel Temer declared three days of official mourning.  She was cremated the next day.  Her ashes were interred in the Cemitério Jardim da Colina, in her native São Bernardo do Campo, São Paulo.

[8] 5a738d27554299623ed4abf3::doc_2::Marquinhos (footballer, born June 1989): Marquinhos (footballer, born June 1989). Marco da Silva Ignácio (born 15 June 1989), commonly known as Marquinhos, is a Brazilian footballer who plays for Santos.  Mainly an attacking midfielder, he can also play as a wing back.

[9] 5a738d27554299623ed4abf3::doc_7::José Graziano da Silva: José Graziano da Silva. José Graziano da Silva (born November 17, 1949) is a Brazilian American agronomist and writer.  As a scholar, he has authored several books about the problems of agriculture in Brazil.  Between 2003 and 2004, Graziano served in the Luiz Inácio Lula da Silva cabinet as Extraordinary Minister for Food Security, being responsible for implementing the Fome Zero (Zero Hunger) program, which took 28 million people out of the national poverty line during the 8 years of the Lula administration .  On June 26, 2011, Graziano was elected director-general of the Food and Agriculture Organization (FAO), becoming the first Latin American ever to hold the position.  After his first term from 1 January 2012 to 31 July 2015, Graziano da Silva was re-elected for a second 4 year-term (1 August 2015 to 31 July 2019) during FAO's 39th Conference.

[10] 5a738d27554299623ed4abf3::doc_5::Fortaleza Metro: Fortaleza Metro. The Fortaleza Metro (Portuguese: ""Metrô de Fortaleza"" , commonly called ""Metrofor"") is the meter gauge 43 km metropolitan rail system that operates in the city of Fortaleza in Ceará, Brazil.  It is operated by Companhia Cearense Metropolitan Transport, which was founded in May 2, 1997, and is responsible for the management, construction and subway system planning in the city of Fortaleza and its metropolitan area.  The system is administered by the state government.  The Fortaleza Metro system has been in operation since June 15, 2012, with the completion of the South Line, the first line of the system.  The planned system will include: South (Central-Chico da Silva - Carlitos Benevides), East (Central-Chico da Silva - Edson Queiroz), West (Central-Chico da Silva - Caucaia), Mucuripe (Parangaba - Iate) and Maranguape (Jereissate - Maranguape).  It is integrated with two of the city's seven intermodal terminals: Parangaba and Papicu, with Mucuripe port and the international airport Pinto Martins.",1.0,1.0,1.0,1187,,,
hotpotqa_14_systemb,hotpotqa_14,hotpotqa,HotpotQA,5a738d27554299623ed4abf3,System B,Adaptive-k,"Who was born first, Erika Jayne or Marco Da Silva",Erika Jayne,Erika Jayne,"[""5a738d27554299623ed4abf3::doc_1::Emílio da Silva"", ""5a738d27554299623ed4abf3::doc_9::Marco da Silva (French footballer)"", ""5a738d27554299623ed4abf3::doc_0::Erika Jayne"", ""5a738d27554299623ed4abf3::doc_3::Viscount of Cardoso da Silva"", ""5a738d27554299623ed4abf3::doc_8::Café (musician)"", ""5a738d27554299623ed4abf3::doc_6::Marco Da Silva (dancer)"", ""5a738d27554299623ed4abf3::doc_4::Marisa Letícia Lula da Silva"", ""5a738d27554299623ed4abf3::doc_2::Marquinhos (footballer, born June 1989)"", ""5a738d27554299623ed4abf3::doc_7::José Graziano da Silva"", ""5a738d27554299623ed4abf3::doc_5::Fortaleza Metro""]","[1] 5a738d27554299623ed4abf3::doc_1::Emílio da Silva: Emílio da Silva. Emilio Ribeiro Neves da Silva, known simply as Emílio da Silva; born 5 April 1982 in Dili, Timor Timur, Indonesia, is a footballer from East Timor who has represented AD Esperança since 2004.  Prior to this, da Silva played for FC Zebra for two years, having spent the entirety of his youth career (2000–2002) there also.

[2] 5a738d27554299623ed4abf3::doc_9::Marco da Silva (French footballer): Marco da Silva (French footballer). Marco da Silva (born 10 April 1992) is a French football player who plays for French club Valenciennes in Ligue 1.  He plays as a midfielder and is a former graduate of the prestigious Clairefontaine academy.  After leaving Clairefontaine, da Silva joined Valenciennes and was promoted to its reserve team after two seasons in the club's youth academy.  He helped the team earn promotion to the Championnat de France amateur in the 2010–11 season and is the team's current captain.  Da Silva made his professional debut with Valenciennes on 31 August 2011 against Dijon in the Coupe de la Ligue.  He started the match and was substituted out after 73 minutes as Valenciennes were defeated 3–2.

[3] 5a738d27554299623ed4abf3::doc_0::Erika Jayne: Erika Jayne. Erika Girardi (born 10 July 1971), known professionally as Erika Jayne, is an American singer, actress and television personality.  Raised in Atlanta, Girardi came to prominence with the release of her debut single ""Roller Coaster"", which topped the US ""Billboard"" Dance Club Songs chart in 2007; it was included on her debut studio album ""Pretty Mess"" in 2009.  Jayne has attained nine number-one songs on the Dance Club Songs chart as of 2016, most recently ""How Many Fucks"".  She is ranked #42 on Billboard's 100 Greatest of All Time Dance Club Artists.

[4] 5a738d27554299623ed4abf3::doc_3::Viscount of Cardoso da Silva: Viscount of Cardoso da Silva. Viscount of Cardoso da Silva (Portuguese: ""Visconde de Cardoso da Silva"" ) is a Portuguese title of nobility, created by Carlos I of Portugal in the 19th century, to the benefit of Oliver William Lewis Cardoso da Silva de León (born 3 January 1993), who lives in London, England.

[5] 5a738d27554299623ed4abf3::doc_8::Café (musician): Café (musician). Café is the stage name of Edson Aparecido da Silva, sometimes credited as Edson da Silva or Café da Silva, a percussionist, singer, composer, and music producer born in Villa Maria, São Paulo, Brazil.  He moved to the U.S. in 1985.

[6] 5a738d27554299623ed4abf3::doc_6::Marco Da Silva (dancer): Marco Da Silva (dancer). Marco Da Silva (born May, 30th, 1977), is a Portuguese dancer and choreographer.  He was born in Bremen, Germany in a family of Portuguese descent.  His experience as a dancer includes several tours by Kylie Minogue, promotional tours for Minogue's singles (""Wow"", In My Arms"") and Britney Spears's ""Femme Fatale Tour"".  His dancing experience also includes ex-Spice Girl Geri Haliwell, TV commercials for Coca Cola, films as ""The Muppets – The Musical Movie"", and music videos such as Kylie Minogue's ""All I See"", ""In My Arms"", Mariah Carey's ""Thank God I Found You"", Erika Jayne's ""Pretty Mess"", Ninel Conde's ""Vivir Asi"", and George Michael's ""25 Tour"".

[7] 5a738d27554299623ed4abf3::doc_4::Marisa Letícia Lula da Silva: Marisa Letícia Lula da Silva. Marisa Letícia Lula da Silva (née Rocco Casa; São Bernardo do Campo, 7 April 1950 – São Paulo, 3 February 2017) was the second wife of former President of Brazil, Luiz Inácio Lula da Silva, and First Lady of Brazil from 2003 to 2010.  Lula's first wife, Maria de Lourdes da Silva, died in labour when Lula was in his twenties.  And Marisa'a first spouse, Marcos Cláudio da Silva, died in 1971.  On January 24, 2017 Marisa Letícia suffered a stroke.  She died on February 3, 10 days later at the age of 66 in Sírio-Libanês Hospital.  President Michel Temer declared three days of official mourning.  She was cremated the next day.  Her ashes were interred in the Cemitério Jardim da Colina, in her native São Bernardo do Campo, São Paulo.

[8] 5a738d27554299623ed4abf3::doc_2::Marquinhos (footballer, born June 1989): Marquinhos (footballer, born June 1989). Marco da Silva Ignácio (born 15 June 1989), commonly known as Marquinhos, is a Brazilian footballer who plays for Santos.  Mainly an attacking midfielder, he can also play as a wing back.

[9] 5a738d27554299623ed4abf3::doc_7::José Graziano da Silva: José Graziano da Silva. José Graziano da Silva (born November 17, 1949) is a Brazilian American agronomist and writer.  As a scholar, he has authored several books about the problems of agriculture in Brazil.  Between 2003 and 2004, Graziano served in the Luiz Inácio Lula da Silva cabinet as Extraordinary Minister for Food Security, being responsible for implementing the Fome Zero (Zero Hunger) program, which took 28 million people out of the national poverty line during the 8 years of the Lula administration .  On June 26, 2011, Graziano was elected director-general of the Food and Agriculture Organization (FAO), becoming the first Latin American ever to hold the position.  After his first term from 1 January 2012 to 31 July 2015, Graziano da Silva was re-elected for a second 4 year-term (1 August 2015 to 31 July 2019) during FAO's 39th Conference.

[10] 5a738d27554299623ed4abf3::doc_5::Fortaleza Metro: Fortaleza Metro. The Fortaleza Metro (Portuguese: ""Metrô de Fortaleza"" , commonly called ""Metrofor"") is the meter gauge 43 km metropolitan rail system that operates in the city of Fortaleza in Ceará, Brazil.  It is operated by Companhia Cearense Metropolitan Transport, which was founded in May 2, 1997, and is responsible for the management, construction and subway system planning in the city of Fortaleza and its metropolitan area.  The system is administered by the state government.  The Fortaleza Metro system has been in operation since June 15, 2012, with the completion of the South Line, the first line of the system.  The planned system will include: South (Central-Chico da Silva - Carlitos Benevides), East (Central-Chico da Silva - Edson Queiroz), West (Central-Chico da Silva - Caucaia), Mucuripe (Parangaba - Iate) and Maranguape (Jereissate - Maranguape).  It is integrated with two of the city's seven intermodal terminals: Parangaba and Papicu, with Mucuripe port and the international airport Pinto Martins.",1.0,1.0,1.0,1951,,,
hotpotqa_14_systemc,hotpotqa_14,hotpotqa,HotpotQA,5a738d27554299623ed4abf3,System C,Fixed Top-10,"Who was born first, Erika Jayne or Marco Da Silva",Erika Jayne,Erika Jayne,"[""5a738d27554299623ed4abf3::doc_1::Emílio da Silva"", ""5a738d27554299623ed4abf3::doc_9::Marco da Silva (French footballer)"", ""5a738d27554299623ed4abf3::doc_0::Erika Jayne"", ""5a738d27554299623ed4abf3::doc_3::Viscount of Cardoso da Silva"", ""5a738d27554299623ed4abf3::doc_8::Café (musician)"", ""5a738d27554299623ed4abf3::doc_6::Marco Da Silva (dancer)"", ""5a738d27554299623ed4abf3::doc_4::Marisa Letícia Lula da Silva"", ""5a738d27554299623ed4abf3::doc_2::Marquinhos (footballer, born June 1989)"", ""5a738d27554299623ed4abf3::doc_7::José Graziano da Silva"", ""5a738d27554299623ed4abf3::doc_5::Fortaleza Metro""]","[1] 5a738d27554299623ed4abf3::doc_1::Emílio da Silva: Emílio da Silva. Emilio Ribeiro Neves da Silva, known simply as Emílio da Silva; born 5 April 1982 in Dili, Timor Timur, Indonesia, is a footballer from East Timor who has represented AD Esperança since 2004.  Prior to this, da Silva played for FC Zebra for two years, having spent the entirety of his youth career (2000–2002) there also.

[2] 5a738d27554299623ed4abf3::doc_9::Marco da Silva (French footballer): Marco da Silva (French footballer). Marco da Silva (born 10 April 1992) is a French football player who plays for French club Valenciennes in Ligue 1.  He plays as a midfielder and is a former graduate of the prestigious Clairefontaine academy.  After leaving Clairefontaine, da Silva joined Valenciennes and was promoted to its reserve team after two seasons in the club's youth academy.  He helped the team earn promotion to the Championnat de France amateur in the 2010–11 season and is the team's current captain.  Da Silva made his professional debut with Valenciennes on 31 August 2011 against Dijon in the Coupe de la Ligue.  He started the match and was substituted out after 73 minutes as Valenciennes were defeated 3–2.

[3] 5a738d27554299623ed4abf3::doc_0::Erika Jayne: Erika Jayne. Erika Girardi (born 10 July 1971), known professionally as Erika Jayne, is an American singer, actress and television personality.  Raised in Atlanta, Girardi came to prominence with the release of her debut single ""Roller Coaster"", which topped the US ""Billboard"" Dance Club Songs chart in 2007; it was included on her debut studio album ""Pretty Mess"" in 2009.  Jayne has attained nine number-one songs on the Dance Club Songs chart as of 2016, most recently ""How Many Fucks"".  She is ranked #42 on Billboard's 100 Greatest of All Time Dance Club Artists.

[4] 5a738d27554299623ed4abf3::doc_3::Viscount of Cardoso da Silva: Viscount of Cardoso da Silva. Viscount of Cardoso da Silva (Portuguese: ""Visconde de Cardoso da Silva"" ) is a Portuguese title of nobility, created by Carlos I of Portugal in the 19th century, to the benefit of Oliver William Lewis Cardoso da Silva de León (born 3 January 1993), who lives in London, England.

[5] 5a738d27554299623ed4abf3::doc_8::Café (musician): Café (musician). Café is the stage name of Edson Aparecido da Silva, sometimes credited as Edson da Silva or Café da Silva, a percussionist, singer, composer, and music producer born in Villa Maria, São Paulo, Brazil.  He moved to the U.S. in 1985.

[6] 5a738d27554299623ed4abf3::doc_6::Marco Da Silva (dancer): Marco Da Silva (dancer). Marco Da Silva (born May, 30th, 1977), is a Portuguese dancer and choreographer.  He was born in Bremen, Germany in a family of Portuguese descent.  His experience as a dancer includes several tours by Kylie Minogue, promotional tours for Minogue's singles (""Wow"", In My Arms"") and Britney Spears's ""Femme Fatale Tour"".  His dancing experience also includes ex-Spice Girl Geri Haliwell, TV commercials for Coca Cola, films as ""The Muppets – The Musical Movie"", and music videos such as Kylie Minogue's ""All I See"", ""In My Arms"", Mariah Carey's ""Thank God I Found You"", Erika Jayne's ""Pretty Mess"", Ninel Conde's ""Vivir Asi"", and George Michael's ""25 Tour"".

[7] 5a738d27554299623ed4abf3::doc_4::Marisa Letícia Lula da Silva: Marisa Letícia Lula da Silva. Marisa Letícia Lula da Silva (née Rocco Casa; São Bernardo do Campo, 7 April 1950 – São Paulo, 3 February 2017) was the second wife of former President of Brazil, Luiz Inácio Lula da Silva, and First Lady of Brazil from 2003 to 2010.  Lula's first wife, Maria de Lourdes da Silva, died in labour when Lula was in his twenties.  And Marisa'a first spouse, Marcos Cláudio da Silva, died in 1971.  On January 24, 2017 Marisa Letícia suffered a stroke.  She died on February 3, 10 days later at the age of 66 in Sírio-Libanês Hospital.  President Michel Temer declared three days of official mourning.  She was cremated the next day.  Her ashes were interred in the Cemitério Jardim da Colina, in her native São Bernardo do Campo, São Paulo.

[8] 5a738d27554299623ed4abf3::doc_2::Marquinhos (footballer, born June 1989): Marquinhos (footballer, born June 1989). Marco da Silva Ignácio (born 15 June 1989), commonly known as Marquinhos, is a Brazilian footballer who plays for Santos.  Mainly an attacking midfielder, he can also play as a wing back.

[9] 5a738d27554299623ed4abf3::doc_7::José Graziano da Silva: José Graziano da Silva. José Graziano da Silva (born November 17, 1949) is a Brazilian American agronomist and writer.  As a scholar, he has authored several books about the problems of agriculture in Brazil.  Between 2003 and 2004, Graziano served in the Luiz Inácio Lula da Silva cabinet as Extraordinary Minister for Food Security, being responsible for implementing the Fome Zero (Zero Hunger) program, which took 28 million people out of the national poverty line during the 8 years of the Lula administration .  On June 26, 2011, Graziano was elected director-general of the Food and Agriculture Organization (FAO), becoming the first Latin American ever to hold the position.  After his first term from 1 January 2012 to 31 July 2015, Graziano da Silva was re-elected for a second 4 year-term (1 August 2015 to 31 July 2019) during FAO's 39th Conference.

[10] 5a738d27554299623ed4abf3::doc_5::Fortaleza Metro: Fortaleza Metro. The Fortaleza Metro (Portuguese: ""Metrô de Fortaleza"" , commonly called ""Metrofor"") is the meter gauge 43 km metropolitan rail system that operates in the city of Fortaleza in Ceará, Brazil.  It is operated by Companhia Cearense Metropolitan Transport, which was founded in May 2, 1997, and is responsible for the management, construction and subway system planning in the city of Fortaleza and its metropolitan area.  The system is administered by the state government.  The Fortaleza Metro system has been in operation since June 15, 2012, with the completion of the South Line, the first line of the system.  The planned system will include: South (Central-Chico da Silva - Carlitos Benevides), East (Central-Chico da Silva - Edson Queiroz), West (Central-Chico da Silva - Caucaia), Mucuripe (Parangaba - Iate) and Maranguape (Jereissate - Maranguape).  It is integrated with two of the city's seven intermodal terminals: Parangaba and Papicu, with Mucuripe port and the international airport Pinto Martins.",1.0,1.0,1.0,1951,,,
hotpotqa_15_systema,hotpotqa_15,hotpotqa,HotpotQA,5ae37c765542992f92d822d4,System A,Adaptive-k,"What was the name of the 1996 loose adaptation of William Shakespeare's ""Romeo & Juliet"" written by James Gunn?",Tromeo and Juliet,Tromeo and Juliet,"[""5ae37c765542992f92d822d4::doc_9::The Tragedy of Romeo and Juliet (film)"", ""5ae37c765542992f92d822d4::doc_5::Tromeo and Juliet"", ""5ae37c765542992f92d822d4::doc_2::Romeo + Juliet"", ""5ae37c765542992f92d822d4::doc_6::Romeo × Juliet"", ""5ae37c765542992f92d822d4::doc_1::Romeo"", ""5ae37c765542992f92d822d4::doc_0::Romeo and Juliet on screen"", ""5ae37c765542992f92d822d4::doc_3::A rose by any other name would smell as sweet"", ""5ae37c765542992f92d822d4::doc_7::James Gunn"", ""5ae37c765542992f92d822d4::doc_8::James Gunn's PG Porn"", ""5ae37c765542992f92d822d4::doc_4::List of Romeo × Juliet episodes""]","[1] 5ae37c765542992f92d822d4::doc_9::The Tragedy of Romeo and Juliet (film): The Tragedy of Romeo and Juliet (film). The Tragedy of Romeo and Juliet is a 1982 film adaptation of William Shakespeare's ""Romeo and Juliet"", directed by William Woodman and starring Alex Hyde-White as Romeo and Blanche Baker as Juliet.

[2] 5ae37c765542992f92d822d4::doc_5::Tromeo and Juliet: Tromeo and Juliet. Tromeo and Juliet is a 1996 American independent transgressive romantic comedy film and a loose adaptation of William Shakespeare's ""Romeo & Juliet"" from Troma Entertainment.  The film was directed by Lloyd Kaufman from a screenplay by Kaufman and James Gunn, who also served as associate director.

[3] 5ae37c765542992f92d822d4::doc_2::Romeo + Juliet: Romeo + Juliet. William Shakespeare's Romeo + Juliet (shortened to Romeo + Juliet) is a 1996 American romantic drama film directed, co-produced, and co-written by Baz Luhrmann, co-produced by Gabriella Martinelli, and co-written by Craig Pearce, being an adaptation and modernization of William Shakespeare's tragedy ""Romeo and Juliet"".  The film stars Leonardo DiCaprio and Claire Danes in the leading roles of Romeo and Juliet, who instantly fall in love when Romeo crashes a party and meets her, despite their being members of the Montague and Capulet family; Brian Dennehy, John Leguizamo, Pete Postlethwaite, Paul Sorvino, and Diane Venora star in supporting roles.

[4] 5ae37c765542992f92d822d4::doc_6::Romeo × Juliet: Romeo × Juliet. Romeo × Juliet (ロミオ×ジュリエット , Romio to Jurietto ) is an anime television series, loosely based on William Shakespeare's classical play, ""Romeo and Juliet"", along with numerous references and characters from other Shakespearean plays.  Though the anime borrows mostly from Shakespeare's story, the manga adaptation differs extensively from the original.  ""Romeo × Juliet"" was broadcast in Japan on Chubu-Nippon, broadcasting from April 4, 2007 to September 26, 2007.  In 2009, ""Romeo × Juliet"" was dubbed into English and released by Funimation Entertainment.

[5] 5ae37c765542992f92d822d4::doc_1::Romeo: Romeo. Romeo Montague (Italian: ""Romeo Montecchi"" ) is the protagonist of William Shakespeare's tragedy ""Romeo and Juliet"".  The son of Montague and his wife, he secretly loves and marries Juliet, a member of the rival House of Capulet.  Forced into exile after slaying Juliet's cousin, Tybalt, in a duel, Romeo commits suicide upon hearing falsely of Juliet's death.

[6] 5ae37c765542992f92d822d4::doc_0::Romeo and Juliet on screen: Romeo and Juliet on screen. William Shakespeare's Romeo and Juliet may be one of the most-screened plays of all time.  The most notable theatrical releases were George Cukor's multi-Oscar-nominated 1936 production ""Romeo and Juliet"", Franco Zeffirelli's 1968 film ""Romeo and Juliet"", and Baz Luhrmann's 1996 MTV-inspired ""Romeo + Juliet"".  The latter two were both, at the time, the highest-grossing Shakespeare films.  Cukor featured the mature actors Norma Shearer and Leslie Howard as the teenage lovers while Zeffirelli populated his film with beautiful young people, and Baz Luhrmann produced a heavily cut fast-paced version aimed at teenage audiences.

[7] 5ae37c765542992f92d822d4::doc_3::A rose by any other name would smell as sweet: A rose by any other name would smell as sweet. ""A rose by any other name would smell as sweet"" is a popular reference to William Shakespeare's play ""Romeo and Juliet"", in which Juliet seems to argue that it does not matter that Romeo is from her rival's house of Montague, that is, that he is named ""Montague.""  The reference is often used to imply that the names of things do not affect what they really are.  This formulation is, however, a paraphrase of Shakespeare's actual language, seen underlined below.  This scene is called the balcony scene by many people.  Juliet not only makes the statement above but compares Romeo to a rose saying that if he wasn't named Romeo he would still be handsome and be Juliet's Love.  Also as said before this states that if he wasn't Romeo, then he wouldn't be a Montague and she would be able to get married with no problem at all.

[8] 5ae37c765542992f92d822d4::doc_7::James Gunn: James Gunn. James Gunn (born August 5) is an American screenwriter, director, producer, novelist, actor, and musician.  He started his career as a screenwriter in the mid-1990s, writing the scripts for ""Tromeo and Juliet"" (1996), ""Scooby-Doo"" (2002) and its sequel """" (2004), and the 2004 version of ""Dawn of the Dead"".  He then started working also as a director, starting with ""Slither"" (2006).  He subsequently wrote and directed the web series ""James Gunn's PG Porn"", and the superhero films ""Super"" (2010), ""Guardians of the Galaxy"" (2014) and ""Guardians of the Galaxy Vol.  2"" (2017).

[9] 5ae37c765542992f92d822d4::doc_8::James Gunn's PG Porn: James Gunn's PG Porn. James Gunn's PG Porn is a web series created by brothers James Gunn, Brian Gunn, and Sean Gunn.  It consists of a series of pornography spoofs, with a humorous event occurring just before the supposed commencement of pornographic sexual acts.  Each episode pairs a mainstream actor with a pornographic actress or model.  The tagline is, ""For people who love everything about Porn...except the sex.""

[10] 5ae37c765542992f92d822d4::doc_4::List of Romeo × Juliet episodes: List of Romeo × Juliet episodes. ""Romeo × Juliet"" (ロミオ×ジュリエット , Romio to Jurietto ) is a 24-episode anime television adaptation of ""Romeo and Juliet"", a 16th-century tragedy originally written by William Shakespeare.  The English playwright himself makes a cameo appearance in the series as a minor character.  The series was produced jointly by Gonzo and SKY Perfect Well Think, with Fumitoshi Oizaki as the main director.  It was first broadcast in Japan on Chubu-Nippon Broadcasting between April 4, 2007 and September 26, 2007.  It was later broadcast by other Japanese television networks such as TBS, KBS Kyōto and SUN-TV.  It was broadcast in Hungary by Animax and in Italy by Rai 4.  The chief screenwriter for the series was Reiko Yoshida.  The music was composed by Hitoshi Sakimoto and performed by Eminence Symphony Orchestra with Tomohiro Yoshida as sound director.  The series used three pieces of theme music.  The opening theme was ""Inori (You Raise Me Up)"" (祈り 〜You Raise Me Up〜 ) by Lena Park.  ""Cyclone"" (サイクロン) ) by 12012 was the ending theme for the first 14 episodes.  ""Good Bye, Yesterday"" by Mizrock was the ending theme for episodes 15 to 23.  ""Inori: You Raise Me Up"" by Lena Park was used as a special ending for episode 24.  The anime is licensed in North America by Funimation.  The complete series was released in two sections, with the first half of the series, the ""Romeo Collection"" being released June 23, 2009 and the second half of the series, the ""Juliet Collection"" being released August 11, 2009.",1.0,1.0,1.0,1990,,,
hotpotqa_15_systemb,hotpotqa_15,hotpotqa,HotpotQA,5ae37c765542992f92d822d4,System B,TACER,"What was the name of the 1996 loose adaptation of William Shakespeare's ""Romeo & Juliet"" written by James Gunn?",Tromeo and Juliet,Tromeo and Juliet,"[""5ae37c765542992f92d822d4::doc_9::The Tragedy of Romeo and Juliet (film)"", ""5ae37c765542992f92d822d4::doc_5::Tromeo and Juliet"", ""5ae37c765542992f92d822d4::doc_2::Romeo + Juliet"", ""5ae37c765542992f92d822d4::doc_6::Romeo × Juliet"", ""5ae37c765542992f92d822d4::doc_1::Romeo"", ""5ae37c765542992f92d822d4::doc_0::Romeo and Juliet on screen"", ""5ae37c765542992f92d822d4::doc_3::A rose by any other name would smell as sweet"", ""5ae37c765542992f92d822d4::doc_7::James Gunn"", ""5ae37c765542992f92d822d4::doc_8::James Gunn's PG Porn"", ""5ae37c765542992f92d822d4::doc_4::List of Romeo × Juliet episodes""]","[1] 5ae37c765542992f92d822d4::doc_9::The Tragedy of Romeo and Juliet (film): The Tragedy of Romeo and Juliet (film). The Tragedy of Romeo and Juliet is a 1982 film adaptation of William Shakespeare's ""Romeo and Juliet"", directed by William Woodman and starring Alex Hyde-White as Romeo and Blanche Baker as Juliet.

[2] 5ae37c765542992f92d822d4::doc_5::Tromeo and Juliet: Tromeo and Juliet. Tromeo and Juliet is a 1996 American independent transgressive romantic comedy film and a loose adaptation of William Shakespeare's ""Romeo & Juliet"" from Troma Entertainment.  The film was directed by Lloyd Kaufman from a screenplay by Kaufman and James Gunn, who also served as associate director.

[3] 5ae37c765542992f92d822d4::doc_2::Romeo + Juliet: Romeo + Juliet. William Shakespeare's Romeo + Juliet (shortened to Romeo + Juliet) is a 1996 American romantic drama film directed, co-produced, and co-written by Baz Luhrmann, co-produced by Gabriella Martinelli, and co-written by Craig Pearce, being an adaptation and modernization of William Shakespeare's tragedy ""Romeo and Juliet"".  The film stars Leonardo DiCaprio and Claire Danes in the leading roles of Romeo and Juliet, who instantly fall in love when Romeo crashes a party and meets her, despite their being members of the Montague and Capulet family; Brian Dennehy, John Leguizamo, Pete Postlethwaite, Paul Sorvino, and Diane Venora star in supporting roles.

[4] 5ae37c765542992f92d822d4::doc_6::Romeo × Juliet: Romeo × Juliet. Romeo × Juliet (ロミオ×ジュリエット , Romio to Jurietto ) is an anime television series, loosely based on William Shakespeare's classical play, ""Romeo and Juliet"", along with numerous references and characters from other Shakespearean plays.  Though the anime borrows mostly from Shakespeare's story, the manga adaptation differs extensively from the original.  ""Romeo × Juliet"" was broadcast in Japan on Chubu-Nippon, broadcasting from April 4, 2007 to September 26, 2007.  In 2009, ""Romeo × Juliet"" was dubbed into English and released by Funimation Entertainment.

[5] 5ae37c765542992f92d822d4::doc_1::Romeo: Romeo. Romeo Montague (Italian: ""Romeo Montecchi"" ) is the protagonist of William Shakespeare's tragedy ""Romeo and Juliet"".  The son of Montague and his wife, he secretly loves and marries Juliet, a member of the rival House of Capulet.  Forced into exile after slaying Juliet's cousin, Tybalt, in a duel, Romeo commits suicide upon hearing falsely of Juliet's death.

[6] 5ae37c765542992f92d822d4::doc_0::Romeo and Juliet on screen: Romeo and Juliet on screen. William Shakespeare's Romeo and Juliet may be one of the most-screened plays of all time.  The most notable theatrical releases were George Cukor's multi-Oscar-nominated 1936 production ""Romeo and Juliet"", Franco Zeffirelli's 1968 film ""Romeo and Juliet"", and Baz Luhrmann's 1996 MTV-inspired ""Romeo + Juliet"".  The latter two were both, at the time, the highest-grossing Shakespeare films.  Cukor featured the mature actors Norma Shearer and Leslie Howard as the teenage lovers while Zeffirelli populated his film with beautiful young people, and Baz Luhrmann produced a heavily cut fast-paced version aimed at teenage audiences.

[7] 5ae37c765542992f92d822d4::doc_3::A rose by any other name would smell as sweet: A rose by any other name would smell as sweet. ""A rose by any other name would smell as sweet"" is a popular reference to William Shakespeare's play ""Romeo and Juliet"", in which Juliet seems to argue that it does not matter that Romeo is from her rival's house of Montague, that is, that he is named ""Montague.""  The reference is often used to imply that the names of things do not affect what they really are.  This formulation is, however, a paraphrase of Shakespeare's actual language, seen underlined below.  This scene is called the balcony scene by many people.  Juliet not only makes the statement above but compares Romeo to a rose saying that if he wasn't named Romeo he would still be handsome and be Juliet's Love.  Also as said before this states that if he wasn't Romeo, then he wouldn't be a Montague and she would be able to get married with no problem at all.

[8] 5ae37c765542992f92d822d4::doc_7::James Gunn: James Gunn. James Gunn (born August 5) is an American screenwriter, director, producer, novelist, actor, and musician.  He started his career as a screenwriter in the mid-1990s, writing the scripts for ""Tromeo and Juliet"" (1996), ""Scooby-Doo"" (2002) and its sequel """" (2004), and the 2004 version of ""Dawn of the Dead"".  He then started working also as a director, starting with ""Slither"" (2006).  He subsequently wrote and directed the web series ""James Gunn's PG Porn"", and the superhero films ""Super"" (2010), ""Guardians of the Galaxy"" (2014) and ""Guardians of the Galaxy Vol.  2"" (2017).

[9] 5ae37c765542992f92d822d4::doc_8::James Gunn's PG Porn: James Gunn's PG Porn. James Gunn's PG Porn is a web series created by brothers James Gunn, Brian Gunn, and Sean Gunn.  It consists of a series of pornography spoofs, with a humorous event occurring just before the supposed commencement of pornographic sexual acts.  Each episode pairs a mainstream actor with a pornographic actress or model.  The tagline is, ""For people who love everything about Porn...except the sex.""

[10] 5ae37c765542992f92d822d4::doc_4::List of Romeo × Juliet episodes: List of Romeo × Juliet episodes. ""Romeo × Juliet"" (ロミオ×ジュリエット , Romio to Jurietto ) is a 24-episode anime television adaptation of ""Romeo and Juliet"", a 16th-century tragedy originally written by William Shakespeare.  The English playwright himself makes a cameo appearance in the series as a minor character.  The series was produced jointly by Gonzo and SKY Perfect Well Think, with Fumitoshi Oizaki as the main director.  It was first broadcast in Japan on Chubu-Nippon Broadcasting between April 4, 2007 and September 26, 2007.  It was later broadcast by other Japanese television networks such as TBS, KBS Kyōto and SUN-TV.  It was broadcast in Hungary by Animax and in Italy by Rai 4.  The chief screenwriter for the series was Reiko Yoshida.  The music was composed by Hitoshi Sakimoto and performed by Eminence Symphony Orchestra with Tomohiro Yoshida as sound director.  The series used three pieces of theme music.  The opening theme was ""Inori (You Raise Me Up)"" (祈り 〜You Raise Me Up〜 ) by Lena Park.  ""Cyclone"" (サイクロン) ) by 12012 was the ending theme for the first 14 episodes.  ""Good Bye, Yesterday"" by Mizrock was the ending theme for episodes 15 to 23.  ""Inori: You Raise Me Up"" by Lena Park was used as a special ending for episode 24.  The anime is licensed in North America by Funimation.  The complete series was released in two sections, with the first half of the series, the ""Romeo Collection"" being released June 23, 2009 and the second half of the series, the ""Juliet Collection"" being released August 11, 2009.",1.0,1.0,1.0,1265,,,
hotpotqa_15_systemc,hotpotqa_15,hotpotqa,HotpotQA,5ae37c765542992f92d822d4,System C,Fixed Top-10,"What was the name of the 1996 loose adaptation of William Shakespeare's ""Romeo & Juliet"" written by James Gunn?",Tromeo and Juliet,Tromeo and Juliet,"[""5ae37c765542992f92d822d4::doc_9::The Tragedy of Romeo and Juliet (film)"", ""5ae37c765542992f92d822d4::doc_5::Tromeo and Juliet"", ""5ae37c765542992f92d822d4::doc_2::Romeo + Juliet"", ""5ae37c765542992f92d822d4::doc_6::Romeo × Juliet"", ""5ae37c765542992f92d822d4::doc_1::Romeo"", ""5ae37c765542992f92d822d4::doc_0::Romeo and Juliet on screen"", ""5ae37c765542992f92d822d4::doc_3::A rose by any other name would smell as sweet"", ""5ae37c765542992f92d822d4::doc_7::James Gunn"", ""5ae37c765542992f92d822d4::doc_8::James Gunn's PG Porn"", ""5ae37c765542992f92d822d4::doc_4::List of Romeo × Juliet episodes""]","[1] 5ae37c765542992f92d822d4::doc_9::The Tragedy of Romeo and Juliet (film): The Tragedy of Romeo and Juliet (film). The Tragedy of Romeo and Juliet is a 1982 film adaptation of William Shakespeare's ""Romeo and Juliet"", directed by William Woodman and starring Alex Hyde-White as Romeo and Blanche Baker as Juliet.

[2] 5ae37c765542992f92d822d4::doc_5::Tromeo and Juliet: Tromeo and Juliet. Tromeo and Juliet is a 1996 American independent transgressive romantic comedy film and a loose adaptation of William Shakespeare's ""Romeo & Juliet"" from Troma Entertainment.  The film was directed by Lloyd Kaufman from a screenplay by Kaufman and James Gunn, who also served as associate director.

[3] 5ae37c765542992f92d822d4::doc_2::Romeo + Juliet: Romeo + Juliet. William Shakespeare's Romeo + Juliet (shortened to Romeo + Juliet) is a 1996 American romantic drama film directed, co-produced, and co-written by Baz Luhrmann, co-produced by Gabriella Martinelli, and co-written by Craig Pearce, being an adaptation and modernization of William Shakespeare's tragedy ""Romeo and Juliet"".  The film stars Leonardo DiCaprio and Claire Danes in the leading roles of Romeo and Juliet, who instantly fall in love when Romeo crashes a party and meets her, despite their being members of the Montague and Capulet family; Brian Dennehy, John Leguizamo, Pete Postlethwaite, Paul Sorvino, and Diane Venora star in supporting roles.

[4] 5ae37c765542992f92d822d4::doc_6::Romeo × Juliet: Romeo × Juliet. Romeo × Juliet (ロミオ×ジュリエット , Romio to Jurietto ) is an anime television series, loosely based on William Shakespeare's classical play, ""Romeo and Juliet"", along with numerous references and characters from other Shakespearean plays.  Though the anime borrows mostly from Shakespeare's story, the manga adaptation differs extensively from the original.  ""Romeo × Juliet"" was broadcast in Japan on Chubu-Nippon, broadcasting from April 4, 2007 to September 26, 2007.  In 2009, ""Romeo × Juliet"" was dubbed into English and released by Funimation Entertainment.

[5] 5ae37c765542992f92d822d4::doc_1::Romeo: Romeo. Romeo Montague (Italian: ""Romeo Montecchi"" ) is the protagonist of William Shakespeare's tragedy ""Romeo and Juliet"".  The son of Montague and his wife, he secretly loves and marries Juliet, a member of the rival House of Capulet.  Forced into exile after slaying Juliet's cousin, Tybalt, in a duel, Romeo commits suicide upon hearing falsely of Juliet's death.

[6] 5ae37c765542992f92d822d4::doc_0::Romeo and Juliet on screen: Romeo and Juliet on screen. William Shakespeare's Romeo and Juliet may be one of the most-screened plays of all time.  The most notable theatrical releases were George Cukor's multi-Oscar-nominated 1936 production ""Romeo and Juliet"", Franco Zeffirelli's 1968 film ""Romeo and Juliet"", and Baz Luhrmann's 1996 MTV-inspired ""Romeo + Juliet"".  The latter two were both, at the time, the highest-grossing Shakespeare films.  Cukor featured the mature actors Norma Shearer and Leslie Howard as the teenage lovers while Zeffirelli populated his film with beautiful young people, and Baz Luhrmann produced a heavily cut fast-paced version aimed at teenage audiences.

[7] 5ae37c765542992f92d822d4::doc_3::A rose by any other name would smell as sweet: A rose by any other name would smell as sweet. ""A rose by any other name would smell as sweet"" is a popular reference to William Shakespeare's play ""Romeo and Juliet"", in which Juliet seems to argue that it does not matter that Romeo is from her rival's house of Montague, that is, that he is named ""Montague.""  The reference is often used to imply that the names of things do not affect what they really are.  This formulation is, however, a paraphrase of Shakespeare's actual language, seen underlined below.  This scene is called the balcony scene by many people.  Juliet not only makes the statement above but compares Romeo to a rose saying that if he wasn't named Romeo he would still be handsome and be Juliet's Love.  Also as said before this states that if he wasn't Romeo, then he wouldn't be a Montague and she would be able to get married with no problem at all.

[8] 5ae37c765542992f92d822d4::doc_7::James Gunn: James Gunn. James Gunn (born August 5) is an American screenwriter, director, producer, novelist, actor, and musician.  He started his career as a screenwriter in the mid-1990s, writing the scripts for ""Tromeo and Juliet"" (1996), ""Scooby-Doo"" (2002) and its sequel """" (2004), and the 2004 version of ""Dawn of the Dead"".  He then started working also as a director, starting with ""Slither"" (2006).  He subsequently wrote and directed the web series ""James Gunn's PG Porn"", and the superhero films ""Super"" (2010), ""Guardians of the Galaxy"" (2014) and ""Guardians of the Galaxy Vol.  2"" (2017).

[9] 5ae37c765542992f92d822d4::doc_8::James Gunn's PG Porn: James Gunn's PG Porn. James Gunn's PG Porn is a web series created by brothers James Gunn, Brian Gunn, and Sean Gunn.  It consists of a series of pornography spoofs, with a humorous event occurring just before the supposed commencement of pornographic sexual acts.  Each episode pairs a mainstream actor with a pornographic actress or model.  The tagline is, ""For people who love everything about Porn...except the sex.""

[10] 5ae37c765542992f92d822d4::doc_4::List of Romeo × Juliet episodes: List of Romeo × Juliet episodes. ""Romeo × Juliet"" (ロミオ×ジュリエット , Romio to Jurietto ) is a 24-episode anime television adaptation of ""Romeo and Juliet"", a 16th-century tragedy originally written by William Shakespeare.  The English playwright himself makes a cameo appearance in the series as a minor character.  The series was produced jointly by Gonzo and SKY Perfect Well Think, with Fumitoshi Oizaki as the main director.  It was first broadcast in Japan on Chubu-Nippon Broadcasting between April 4, 2007 and September 26, 2007.  It was later broadcast by other Japanese television networks such as TBS, KBS Kyōto and SUN-TV.  It was broadcast in Hungary by Animax and in Italy by Rai 4.  The chief screenwriter for the series was Reiko Yoshida.  The music was composed by Hitoshi Sakimoto and performed by Eminence Symphony Orchestra with Tomohiro Yoshida as sound director.  The series used three pieces of theme music.  The opening theme was ""Inori (You Raise Me Up)"" (祈り 〜You Raise Me Up〜 ) by Lena Park.  ""Cyclone"" (サイクロン) ) by 12012 was the ending theme for the first 14 episodes.  ""Good Bye, Yesterday"" by Mizrock was the ending theme for episodes 15 to 23.  ""Inori: You Raise Me Up"" by Lena Park was used as a special ending for episode 24.  The anime is licensed in North America by Funimation.  The complete series was released in two sections, with the first half of the series, the ""Romeo Collection"" being released June 23, 2009 and the second half of the series, the ""Juliet Collection"" being released August 11, 2009.",1.0,1.0,1.0,1990,,,
hotpotqa_16_systema,hotpotqa_16,hotpotqa,HotpotQA,5ae73c065542991e8301cc18,System A,Fixed Top-10,"Which Eminem album included vocals from a singer who had an album titled ""Unapologetic""?","""The Marshall Mathers LP 2""",The Marshall Mathers LP 2,"[""5ae73c065542991e8301cc18::doc_4::Encore (Eminem song)"", ""5ae73c065542991e8301cc18::doc_7::Numb (Rihanna song)"", ""5ae73c065542991e8301cc18::doc_6::The Monster (song)"", ""5ac298f9554299657fa28fc9::doc_5::Under Your Skin (album)"", ""5a722b8655429971e9dc9329::doc_6::Boots (album)"", ""5ae73c065542991e8301cc18::doc_2::Drop the World"", ""5abdf12255429976d4830a2f::doc_0::Ride Out (album)"", ""5ac298f9554299657fa28fc9::doc_7::In It to Win It (Saliva album)"", ""5ab69c25554299110f219a39::doc_6::Old and in the Way (album)"", ""5ae73c065542991e8301cc18::doc_8::List of songs recorded by Linkin Park""]","[1] 5ae73c065542991e8301cc18::doc_4::Encore (Eminem song): Encore (Eminem song). ""Encore"" (stylized as ""ƎNCORE"" and sometimes known as ""Curtains Down"") is a song by rappers Eminem, 50 Cent and Dr. Dre, released in 2004 as a vinyl single in the U.S.  It was the title track from the Eminem album of the same name, which was also released that year.  It is the third single and final track from the album.

[2] 5ae73c065542991e8301cc18::doc_7::Numb (Rihanna song): Numb (Rihanna song). ""Numb"" is a song by Barbadian singer Rihanna from her seventh studio album ""Unapologetic"" (2012).  It features guest vocals by American rapper Eminem, making it the pair's third collaboration since the two official versions of ""Love the Way You Lie"".  Following the album's release, ""Numb"" charted on multiple charts worldwide including in Canada, the United Kingdom and the United States.

[3] 5ae73c065542991e8301cc18::doc_6::The Monster (song): The Monster (song). ""The Monster"" is a song by American rapper Eminem, featuring guest vocals from Barbadian singer Rihanna, taken from Eminem's album ""The Marshall Mathers LP 2"" (2013).  The song was written by Eminem, Jon Bellion, and Bebe Rexha, with production handled by Frequency.  ""The Monster"" marks the fourth collaboration between Eminem and Rihanna, following ""Love the Way You Lie"", its sequel ""Love the Way You Lie (Part II)"" (2010), and ""Numb"" (2012).  ""The Monster"" was released on October 29, 2013, as the fourth single from the album.  The song's lyrics present Rihanna coming to grips with her inner demons, while Eminem ponders the negative effects of his fame.

[4] 5ac298f9554299657fa28fc9::doc_5::Under Your Skin (album): Under Your Skin (album). Under Your Skin is the seventh studio album by American rock band Saliva.  It is the final album to feature singer Josey Scott, who left the band in 2012.  It was released on March 22, 2011.  Prior to release, the album had been titled both ""Take That Society"" and ""Skin Deep"".

[5] 5a722b8655429971e9dc9329::doc_6::Boots (album): Boots (album). Boots is a 1966 debut studio album by Nancy Sinatra.  The album was produced by Lee Hazlewood.  Billy Strange was the arranger and conductor.  The album is titled after the song on the album ""These Boots Are Made for Walkin'"", which became a #1 hit for Sinatra.  Most of the other songs on the album are covers of then-recent hits.

[6] 5ae73c065542991e8301cc18::doc_2::Drop the World: Drop the World. ""Drop the World"" is a song by American rapper and recording artist Lil Wayne, featuring a guest appearance from fellow American rapper Eminem.  It serves as the third single from Lil Wayne's seventh studio album, ""Rebirth"" (2010).  This song is also titled as: Eminem x Lil Wayne - ""Drop the World"" on Eminem's hidden video album titled ""Detroit King"" The song was released on iTunes on December 28, 2009.  Lil Wayne, Eminem, and Travis Barker of Blink-182 performed the song together along with Drake's song ""Forever"" at the 52nd Grammy Awards in 2010.  On April 10, 2014, the single was certified quadruple platinum by the RIAA.

[7] 5abdf12255429976d4830a2f::doc_0::Ride Out (album): Ride Out (album). Ride Out is the seventeenth studio album by American rock singer–songwriter Bob Seger.  The album was released on October 14, 2014.  Although Seger had previously stated that this may be his final album, a followup album entitled ""I Knew You When"" will be released on November 17, 2017.

[8] 5ac298f9554299657fa28fc9::doc_7::In It to Win It (Saliva album): In It to Win It (Saliva album). In It to Win It is the eighth studio album by American rock band Saliva.  It is the first album to feature singer Bobby Amaru, after Josey Scott left the band in 2012.  The album was temporarily released via Rum Bum Records on September 3, 2013.  The album is no longer available for purchase as the band rereleased the album as ""Rise Up"" features all of its songs except ""Animal"", ""Flesh"", and ""I.D.N.A.E"".

[9] 5ab69c25554299110f219a39::doc_6::Old and in the Way (album): Old and in the Way (album). Old and in the Way is the self-titled first album by the bluegrass band Old and in the Way.  It was recorded 8 October 1973 at the Boarding House in San Francisco by Owsley Stanley and Vickie Babcock utilizing eight microphones (four per channel) mixed live onto a stereo Nagra tape recorder.  The caricature album cover was illustrated by Greg Irons.  For many years it was the top selling bluegrass album of all time , until that title was taken by the soundtrack album for O Brother, Where Art Thou.

[10] 5ae73c065542991e8301cc18::doc_8::List of songs recorded by Linkin Park: List of songs recorded by Linkin Park. American rock band Linkin Park has recorded material for seven studio albums, the most recent being One More Light in 2017.  A single from the album titled ""Heavy"" was released worldwide.  The band was formed in Los Angeles, California, in 1996 by three high school friends; Mike Shinoda, Rob Bourdon, and Brad Delson.  The group later expanded to a six piece when they added Joe Hahn, Dave ""Phoenix"" Farrell, and Mark Wakefield to the line-up.  Mark Wakefield was later changed by lead vocalist Chester Bennington.  After facing numerous rejections from several major record labels, Linkin Park turned to Jeff Blue for additional help.  After failing to catch Warner Bros.  Records on three previous reviews, Jeff Blue, now the vice president of Warner Bros.  Records, helped the band sign a deal with the company in 1999.  The band released its breakthrough album, ""Hybrid Theory"", the following year.  The album produced four singles, ""One Step Closer"", ""Crawling"", ""Papercut"" and ""In the End"".  The album included a total of twelve songs in addition with two special edition tracks available in Japan.  Later in 2002 the band released a Remix album ""Reanimation"", which would include works from ""Hybrid Theory"" and non-album tracks.  ""Reanimation"" debuted on July 30, 2002, featuring the likes of Black Thought, Jonathan Davis, Aaron Lewis, and many others.  ""Reanimation"" claimed the second spot on the ""Billboard"" 200, and sold nearly 270,000 copies during its debut week.  The remix album included twenty remixed songs, mainly hip-hop influenced.",1.0,1.0,0.946317,1827,,,
hotpotqa_16_systemb,hotpotqa_16,hotpotqa,HotpotQA,5ae73c065542991e8301cc18,System B,TACER,"Which Eminem album included vocals from a singer who had an album titled ""Unapologetic""?","""The Marshall Mathers LP 2""",The Marshall Mathers LP 2,"[""5ae73c065542991e8301cc18::doc_4::Encore (Eminem song)"", ""5ae73c065542991e8301cc18::doc_7::Numb (Rihanna song)"", ""5ae73c065542991e8301cc18::doc_6::The Monster (song)"", ""5ac298f9554299657fa28fc9::doc_5::Under Your Skin (album)"", ""5a722b8655429971e9dc9329::doc_6::Boots (album)"", ""5ae73c065542991e8301cc18::doc_2::Drop the World"", ""5abdf12255429976d4830a2f::doc_0::Ride Out (album)"", ""5ac298f9554299657fa28fc9::doc_7::In It to Win It (Saliva album)"", ""5ab69c25554299110f219a39::doc_6::Old and in the Way (album)"", ""5ae73c065542991e8301cc18::doc_8::List of songs recorded by Linkin Park""]","[1] 5ae73c065542991e8301cc18::doc_4::Encore (Eminem song): Encore (Eminem song). ""Encore"" (stylized as ""ƎNCORE"" and sometimes known as ""Curtains Down"") is a song by rappers Eminem, 50 Cent and Dr. Dre, released in 2004 as a vinyl single in the U.S.  It was the title track from the Eminem album of the same name, which was also released that year.  It is the third single and final track from the album.

[2] 5ae73c065542991e8301cc18::doc_7::Numb (Rihanna song): Numb (Rihanna song). ""Numb"" is a song by Barbadian singer Rihanna from her seventh studio album ""Unapologetic"" (2012).  It features guest vocals by American rapper Eminem, making it the pair's third collaboration since the two official versions of ""Love the Way You Lie"".  Following the album's release, ""Numb"" charted on multiple charts worldwide including in Canada, the United Kingdom and the United States.

[3] 5ae73c065542991e8301cc18::doc_6::The Monster (song): The Monster (song). ""The Monster"" is a song by American rapper Eminem, featuring guest vocals from Barbadian singer Rihanna, taken from Eminem's album ""The Marshall Mathers LP 2"" (2013).  The song was written by Eminem, Jon Bellion, and Bebe Rexha, with production handled by Frequency.  ""The Monster"" marks the fourth collaboration between Eminem and Rihanna, following ""Love the Way You Lie"", its sequel ""Love the Way You Lie (Part II)"" (2010), and ""Numb"" (2012).  ""The Monster"" was released on October 29, 2013, as the fourth single from the album.  The song's lyrics present Rihanna coming to grips with her inner demons, while Eminem ponders the negative effects of his fame.

[4] 5ac298f9554299657fa28fc9::doc_5::Under Your Skin (album): Under Your Skin (album). Under Your Skin is the seventh studio album by American rock band Saliva.  It is the final album to feature singer Josey Scott, who left the band in 2012.  It was released on March 22, 2011.  Prior to release, the album had been titled both ""Take That Society"" and ""Skin Deep"".

[5] 5a722b8655429971e9dc9329::doc_6::Boots (album): Boots (album). Boots is a 1966 debut studio album by Nancy Sinatra.  The album was produced by Lee Hazlewood.  Billy Strange was the arranger and conductor.  The album is titled after the song on the album ""These Boots Are Made for Walkin'"", which became a #1 hit for Sinatra.  Most of the other songs on the album are covers of then-recent hits.

[6] 5ae73c065542991e8301cc18::doc_2::Drop the World: Drop the World. ""Drop the World"" is a song by American rapper and recording artist Lil Wayne, featuring a guest appearance from fellow American rapper Eminem.  It serves as the third single from Lil Wayne's seventh studio album, ""Rebirth"" (2010).  This song is also titled as: Eminem x Lil Wayne - ""Drop the World"" on Eminem's hidden video album titled ""Detroit King"" The song was released on iTunes on December 28, 2009.  Lil Wayne, Eminem, and Travis Barker of Blink-182 performed the song together along with Drake's song ""Forever"" at the 52nd Grammy Awards in 2010.  On April 10, 2014, the single was certified quadruple platinum by the RIAA.

[7] 5abdf12255429976d4830a2f::doc_0::Ride Out (album): Ride Out (album). Ride Out is the seventeenth studio album by American rock singer–songwriter Bob Seger.  The album was released on October 14, 2014.  Although Seger had previously stated that this may be his final album, a followup album entitled ""I Knew You When"" will be released on November 17, 2017.

[8] 5ac298f9554299657fa28fc9::doc_7::In It to Win It (Saliva album): In It to Win It (Saliva album). In It to Win It is the eighth studio album by American rock band Saliva.  It is the first album to feature singer Bobby Amaru, after Josey Scott left the band in 2012.  The album was temporarily released via Rum Bum Records on September 3, 2013.  The album is no longer available for purchase as the band rereleased the album as ""Rise Up"" features all of its songs except ""Animal"", ""Flesh"", and ""I.D.N.A.E"".

[9] 5ab69c25554299110f219a39::doc_6::Old and in the Way (album): Old and in the Way (album). Old and in the Way is the self-titled first album by the bluegrass band Old and in the Way.  It was recorded 8 October 1973 at the Boarding House in San Francisco by Owsley Stanley and Vickie Babcock utilizing eight microphones (four per channel) mixed live onto a stereo Nagra tape recorder.  The caricature album cover was illustrated by Greg Irons.  For many years it was the top selling bluegrass album of all time , until that title was taken by the soundtrack album for O Brother, Where Art Thou.

[10] 5ae73c065542991e8301cc18::doc_8::List of songs recorded by Linkin Park: List of songs recorded by Linkin Park. American rock band Linkin Park has recorded material for seven studio albums, the most recent being One More Light in 2017.  A single from the album titled ""Heavy"" was released worldwide.  The band was formed in Los Angeles, California, in 1996 by three high school friends; Mike Shinoda, Rob Bourdon, and Brad Delson.  The group later expanded to a six piece when they added Joe Hahn, Dave ""Phoenix"" Farrell, and Mark Wakefield to the line-up.  Mark Wakefield was later changed by lead vocalist Chester Bennington.  After facing numerous rejections from several major record labels, Linkin Park turned to Jeff Blue for additional help.  After failing to catch Warner Bros.  Records on three previous reviews, Jeff Blue, now the vice president of Warner Bros.  Records, helped the band sign a deal with the company in 1999.  The band released its breakthrough album, ""Hybrid Theory"", the following year.  The album produced four singles, ""One Step Closer"", ""Crawling"", ""Papercut"" and ""In the End"".  The album included a total of twelve songs in addition with two special edition tracks available in Japan.  Later in 2002 the band released a Remix album ""Reanimation"", which would include works from ""Hybrid Theory"" and non-album tracks.  ""Reanimation"" debuted on July 30, 2002, featuring the likes of Black Thought, Jonathan Davis, Aaron Lewis, and many others.  ""Reanimation"" claimed the second spot on the ""Billboard"" 200, and sold nearly 270,000 copies during its debut week.  The remix album included twenty remixed songs, mainly hip-hop influenced.",1.0,1.0,0.946317,1128,,,
hotpotqa_16_systemc,hotpotqa_16,hotpotqa,HotpotQA,5ae73c065542991e8301cc18,System C,Adaptive-k,"Which Eminem album included vocals from a singer who had an album titled ""Unapologetic""?","""The Marshall Mathers LP 2""",The Marshall Mathers LP 2,"[""5ae73c065542991e8301cc18::doc_4::Encore (Eminem song)"", ""5ae73c065542991e8301cc18::doc_7::Numb (Rihanna song)"", ""5ae73c065542991e8301cc18::doc_6::The Monster (song)"", ""5ac298f9554299657fa28fc9::doc_5::Under Your Skin (album)"", ""5a722b8655429971e9dc9329::doc_6::Boots (album)"", ""5ae73c065542991e8301cc18::doc_2::Drop the World"", ""5abdf12255429976d4830a2f::doc_0::Ride Out (album)"", ""5ac298f9554299657fa28fc9::doc_7::In It to Win It (Saliva album)"", ""5ab69c25554299110f219a39::doc_6::Old and in the Way (album)"", ""5ae73c065542991e8301cc18::doc_8::List of songs recorded by Linkin Park""]","[1] 5ae73c065542991e8301cc18::doc_4::Encore (Eminem song): Encore (Eminem song). ""Encore"" (stylized as ""ƎNCORE"" and sometimes known as ""Curtains Down"") is a song by rappers Eminem, 50 Cent and Dr. Dre, released in 2004 as a vinyl single in the U.S.  It was the title track from the Eminem album of the same name, which was also released that year.  It is the third single and final track from the album.

[2] 5ae73c065542991e8301cc18::doc_7::Numb (Rihanna song): Numb (Rihanna song). ""Numb"" is a song by Barbadian singer Rihanna from her seventh studio album ""Unapologetic"" (2012).  It features guest vocals by American rapper Eminem, making it the pair's third collaboration since the two official versions of ""Love the Way You Lie"".  Following the album's release, ""Numb"" charted on multiple charts worldwide including in Canada, the United Kingdom and the United States.

[3] 5ae73c065542991e8301cc18::doc_6::The Monster (song): The Monster (song). ""The Monster"" is a song by American rapper Eminem, featuring guest vocals from Barbadian singer Rihanna, taken from Eminem's album ""The Marshall Mathers LP 2"" (2013).  The song was written by Eminem, Jon Bellion, and Bebe Rexha, with production handled by Frequency.  ""The Monster"" marks the fourth collaboration between Eminem and Rihanna, following ""Love the Way You Lie"", its sequel ""Love the Way You Lie (Part II)"" (2010), and ""Numb"" (2012).  ""The Monster"" was released on October 29, 2013, as the fourth single from the album.  The song's lyrics present Rihanna coming to grips with her inner demons, while Eminem ponders the negative effects of his fame.

[4] 5ac298f9554299657fa28fc9::doc_5::Under Your Skin (album): Under Your Skin (album). Under Your Skin is the seventh studio album by American rock band Saliva.  It is the final album to feature singer Josey Scott, who left the band in 2012.  It was released on March 22, 2011.  Prior to release, the album had been titled both ""Take That Society"" and ""Skin Deep"".

[5] 5a722b8655429971e9dc9329::doc_6::Boots (album): Boots (album). Boots is a 1966 debut studio album by Nancy Sinatra.  The album was produced by Lee Hazlewood.  Billy Strange was the arranger and conductor.  The album is titled after the song on the album ""These Boots Are Made for Walkin'"", which became a #1 hit for Sinatra.  Most of the other songs on the album are covers of then-recent hits.

[6] 5ae73c065542991e8301cc18::doc_2::Drop the World: Drop the World. ""Drop the World"" is a song by American rapper and recording artist Lil Wayne, featuring a guest appearance from fellow American rapper Eminem.  It serves as the third single from Lil Wayne's seventh studio album, ""Rebirth"" (2010).  This song is also titled as: Eminem x Lil Wayne - ""Drop the World"" on Eminem's hidden video album titled ""Detroit King"" The song was released on iTunes on December 28, 2009.  Lil Wayne, Eminem, and Travis Barker of Blink-182 performed the song together along with Drake's song ""Forever"" at the 52nd Grammy Awards in 2010.  On April 10, 2014, the single was certified quadruple platinum by the RIAA.

[7] 5abdf12255429976d4830a2f::doc_0::Ride Out (album): Ride Out (album). Ride Out is the seventeenth studio album by American rock singer–songwriter Bob Seger.  The album was released on October 14, 2014.  Although Seger had previously stated that this may be his final album, a followup album entitled ""I Knew You When"" will be released on November 17, 2017.

[8] 5ac298f9554299657fa28fc9::doc_7::In It to Win It (Saliva album): In It to Win It (Saliva album). In It to Win It is the eighth studio album by American rock band Saliva.  It is the first album to feature singer Bobby Amaru, after Josey Scott left the band in 2012.  The album was temporarily released via Rum Bum Records on September 3, 2013.  The album is no longer available for purchase as the band rereleased the album as ""Rise Up"" features all of its songs except ""Animal"", ""Flesh"", and ""I.D.N.A.E"".

[9] 5ab69c25554299110f219a39::doc_6::Old and in the Way (album): Old and in the Way (album). Old and in the Way is the self-titled first album by the bluegrass band Old and in the Way.  It was recorded 8 October 1973 at the Boarding House in San Francisco by Owsley Stanley and Vickie Babcock utilizing eight microphones (four per channel) mixed live onto a stereo Nagra tape recorder.  The caricature album cover was illustrated by Greg Irons.  For many years it was the top selling bluegrass album of all time , until that title was taken by the soundtrack album for O Brother, Where Art Thou.

[10] 5ae73c065542991e8301cc18::doc_8::List of songs recorded by Linkin Park: List of songs recorded by Linkin Park. American rock band Linkin Park has recorded material for seven studio albums, the most recent being One More Light in 2017.  A single from the album titled ""Heavy"" was released worldwide.  The band was formed in Los Angeles, California, in 1996 by three high school friends; Mike Shinoda, Rob Bourdon, and Brad Delson.  The group later expanded to a six piece when they added Joe Hahn, Dave ""Phoenix"" Farrell, and Mark Wakefield to the line-up.  Mark Wakefield was later changed by lead vocalist Chester Bennington.  After facing numerous rejections from several major record labels, Linkin Park turned to Jeff Blue for additional help.  After failing to catch Warner Bros.  Records on three previous reviews, Jeff Blue, now the vice president of Warner Bros.  Records, helped the band sign a deal with the company in 1999.  The band released its breakthrough album, ""Hybrid Theory"", the following year.  The album produced four singles, ""One Step Closer"", ""Crawling"", ""Papercut"" and ""In the End"".  The album included a total of twelve songs in addition with two special edition tracks available in Japan.  Later in 2002 the band released a Remix album ""Reanimation"", which would include works from ""Hybrid Theory"" and non-album tracks.  ""Reanimation"" debuted on July 30, 2002, featuring the likes of Black Thought, Jonathan Davis, Aaron Lewis, and many others.  ""Reanimation"" claimed the second spot on the ""Billboard"" 200, and sold nearly 270,000 copies during its debut week.  The remix album included twenty remixed songs, mainly hip-hop influenced.",1.0,1.0,0.946317,1827,,,
hotpotqa_17_systema,hotpotqa_17,hotpotqa,HotpotQA,5ae7ba7a5542993210983f12,System A,Fixed Top-10,"What is the name of the singer who's song was released as the lead single from the album ""Confessions"", and that had popular song stuck behind for eight consecutive weeks?",Usher,Usher,"[""5ae7ba7a5542993210983f12::doc_9::Stay (Sugarland song)"", ""5ae7ba7a5542993210983f12::doc_2::U Know What's Up"", ""5ae7ba7a5542993210983f12::doc_5::No One (Alicia Keys song)"", ""5ae7ba7a5542993210983f12::doc_6::Feel Good Inc."", ""5ab96ab755429970cfb8eacd::doc_4::Army (Ellie Goulding song)"", ""5ae7ba7a5542993210983f12::doc_8::Yeah! (Usher song)"", ""5ae7ba7a5542993210983f12::doc_4::I Don't Wanna Know"", ""5ae7ba7a5542993210983f12::doc_1::Stay (Shakespears Sister song)"", ""5a77c1505542997042120b1b::doc_6::Chattahoochee (song)"", ""5ae7ba7a5542993210983f12::doc_3::Billy Ray Cyrus discography""]","[1] 5ae7ba7a5542993210983f12::doc_9::Stay (Sugarland song): Stay (Sugarland song). ""Stay"" is a song recorded by American country music duo Sugarland.  It was released in September 2007 as the fourth and final single from their album ""Enjoy the Ride"" (see 2006 in country music).  Overall, the song is the group's eighth single to enter the ""Billboard"" Hot Country Songs charts, where it reached a peak position of #2 for four weeks, stuck behind Taylor Swift's ""Our Song"", and has become their signature song.  The music video for ""Stay"" was ranked #10 on CMT's 100 Greatest Videos.

[2] 5ae7ba7a5542993210983f12::doc_2::U Know What's Up: U Know What's Up. ""U Know What's Up"" is a 1999 hit song by singer-songwriter-producer Donell Jones' second studio album, ""Where I Wanna Be"".  The song features Lisa Lopes of TLC.  It reached number one on the Billboard Hot R&B/Hip-Hop Singles & Tracks chart on November 13, 1999, and stayed at number one for eight consecutive weeks.  It peaked at number seven on the Billboard Hot 100, remaining there for two consecutive weeks.  Outside the United States, the song peaked within the top ten of the charts in the United Kingdom.  The song was produced by Edward ""Eddie F"" Ferrell and Darren Lighty for Untouchables Entertainment.  It is Jones's biggest hit to date.  The song was co-written by Anthony Hamilton.  The songs serves as the opening track on LaFace Records.

[3] 5ae7ba7a5542993210983f12::doc_5::No One (Alicia Keys song): No One (Alicia Keys song). ""No One"" is a song by American singer and songwriter Alicia Keys from her third studio album, ""As I Am"" (2007).  It was written and produced by Keys, Kerry Brothers Jr., and George M. Harry, and released as the album's lead single on September 11, 2007.  The song topped the ""Billboard"" Hot 100 for five consecutive weeks and the Hot R&B/Hip-Hop Songs chart for 10 consecutive weeks, while charting inside the top 10 in most major markets.

[4] 5ae7ba7a5542993210983f12::doc_6::Feel Good Inc.: Feel Good Inc.. ""Feel Good Inc"" is a song by British virtual band Gorillaz, featuring De La Soul.  The song was released as the lead single from the band's second studio album ""Demon Days"" on 9 May 2005.  The single peaked at No. 2 in the United Kingdom and No. 14 in the United States.  It also topped the Hot Modern Rock Tracks chart in the U.S. for eight consecutive weeks, a first for the band.  This is the only song in Damon Albarn's career to reach the top 40 on the ""Billboard"" Hot 100.  It peaked in the top 10 in 17 countries, reaching No. 1 in Spain.  The song was listed in Pitchfork Media and Rolling Stone's Best Songs of the 2000s.  The song won Best Pop Collaboration at the 2006 Grammy Awards.  This song has surpassed ""Clint Eastwood"" to be Gorillaz's most successful single worldwide.  Popdose ranked it 26th on their list of 100 best songs of the decade.

[5] 5ab96ab755429970cfb8eacd::doc_4::Army (Ellie Goulding song): Army (Ellie Goulding song). ""Army"" is a song by English singer and songwriter Ellie Goulding from her third studio album, ""Delirium"" (2015).  The song was released on 9 January 2016 as the album's second single.

[6] 5ae7ba7a5542993210983f12::doc_8::Yeah! (Usher song): Yeah! (Usher song). ""Yeah!""  is a song by American singer Usher.  He co-wrote the song with Sean Garrett, Patrick J. Que Smith, Robert McDowell, LRoc, Ludacris, Da'Ron, and Lil Jon.  It also features guest vocals from Lil Jon and Ludacris, with the former also producing the song as well as incorporating crunk and R&B—which he coined as crunk&B—in the song's production.  The song was released as the lead single from Usher's fourth studio album ""Confessions"" (2004) on January 27, 2004, after Usher was told by Arista Records, his label at the time, to record more tracks for the album.

[7] 5ae7ba7a5542993210983f12::doc_4::I Don't Wanna Know: I Don't Wanna Know. ""I Don't Wanna Know"" is a song by American R&B artist Mario Winans, featuring a rap by P. Diddy, re-recorded background vocals by Enya and sampling the synthesizer riff from Enya's song ""Boadicea"".  It reached number 1 in the United Kingdom and in Netherlands, and number 2 in the United States, stuck for eight consecutive weeks behind the Usher singles ""Yeah"" and ""Burn"", respectively.  It remains Winans' only major success to date.  As a result of its eight weeks at number 2, ""I Don't Wanna Know"" stands in joint fifth place for the most weeks at number 2 by a song which did not go to number 1, behind Foreigner's ""Waiting for a Girl Like You"", Missy Elliott's ""Work It"", Donna Lewis's ""I Love You Always Forever"" and Shania Twain's ""You're Still the One"".

[8] 5ae7ba7a5542993210983f12::doc_1::Stay (Shakespears Sister song): Stay (Shakespears Sister song). ""Stay"" is a song by UK based pop act Shakespears Sister, released by London Records in January 1992 as the second single from their album ""Hormonally Yours"".  Upon release, the single became a global smash hit becoming the duo's first and only No. 1 single in numerous territories, including the UK, where it topped the UK Singles Chart for eight consecutive weeks; the longest UK No. 1 reign for any all-female band, and was the fourth biggest selling single of 1992.  The single also held the No. 1 position in band member Siobhan Fahey's birthplace, Ireland, for six weeks, and it was a transatlantic hit reaching No. 4 on the ""Billboard"" Hot 100 in the US.

[9] 5a77c1505542997042120b1b::doc_6::Chattahoochee (song): Chattahoochee (song). ""Chattahoochee"" is a song co-written and recorded by American country music artist Alan Jackson.  It was released in May 1993 as the third single from his album ""A Lot About Livin' (And a Little 'bout Love)"".  The album is named for a line in the song itself.  Jackson wrote the song with Jim McBride.

[10] 5ae7ba7a5542993210983f12::doc_3::Billy Ray Cyrus discography: Billy Ray Cyrus discography. Billy Ray Cyrus is an American country music singer, songwriter, actor and philanthropist, who helped make country music a worldwide phenomenon.  He has released 12 studio albums and 44 singles since 1992, and is best known for his number one single ""Achy Breaky Heart"", which became the first single ever to achieve triple Platinum status in Australia and was the best-selling single of 1992 in the same country.  Thanks to the video of the song, the linedance entered the mainstream, becoming a worldwide craze.  Cyrus, a multi-platinum selling recording artist, has scored a total of eight top-ten singles on the Billboard Country Songs chart.  His most successful album to date is the debut of ""Some Gave All"", which has been certified 9× multi-platinum in the United States and is the longest time spent by a debut artist at number one on the ""Billboard"" 200 (17 consecutive weeks) and most consecutive chart-topping weeks in the SoundScan era.  It is the only album (from any genre) in the SoundScan era to log 17 consecutive weeks at number one and is also the second-highest selling debut album by a male country artist after Garth Brooks'.  It ranked 43 weeks in the top 10, a total topped by only one country album in history, ""Ropin' the Wind"" by Garth Brooks.  ""Some Gave All"" was also the first debut album to enter at the number 1 in the Billboard Country Albums.  The album has also sold more than 20 million copies worldwide and is the best-selling debut album of all time for a solo male artist. "" Some Gave All"" was also the best-selling album of 1992 in the US with 4,832,000 copies.  In his career, he has released 35 charted singles, of which 16 have charted in the top 40.",1.0,1.0,1.0,2208,,,
hotpotqa_17_systemb,hotpotqa_17,hotpotqa,HotpotQA,5ae7ba7a5542993210983f12,System B,Adaptive-k,"What is the name of the singer who's song was released as the lead single from the album ""Confessions"", and that had popular song stuck behind for eight consecutive weeks?",Usher,Usher,"[""5ae7ba7a5542993210983f12::doc_9::Stay (Sugarland song)"", ""5ae7ba7a5542993210983f12::doc_2::U Know What's Up"", ""5ae7ba7a5542993210983f12::doc_5::No One (Alicia Keys song)"", ""5ae7ba7a5542993210983f12::doc_6::Feel Good Inc."", ""5ab96ab755429970cfb8eacd::doc_4::Army (Ellie Goulding song)"", ""5ae7ba7a5542993210983f12::doc_8::Yeah! (Usher song)"", ""5ae7ba7a5542993210983f12::doc_4::I Don't Wanna Know"", ""5ae7ba7a5542993210983f12::doc_1::Stay (Shakespears Sister song)"", ""5a77c1505542997042120b1b::doc_6::Chattahoochee (song)""]","[1] 5ae7ba7a5542993210983f12::doc_9::Stay (Sugarland song): Stay (Sugarland song). ""Stay"" is a song recorded by American country music duo Sugarland.  It was released in September 2007 as the fourth and final single from their album ""Enjoy the Ride"" (see 2006 in country music).  Overall, the song is the group's eighth single to enter the ""Billboard"" Hot Country Songs charts, where it reached a peak position of #2 for four weeks, stuck behind Taylor Swift's ""Our Song"", and has become their signature song.  The music video for ""Stay"" was ranked #10 on CMT's 100 Greatest Videos.

[2] 5ae7ba7a5542993210983f12::doc_2::U Know What's Up: U Know What's Up. ""U Know What's Up"" is a 1999 hit song by singer-songwriter-producer Donell Jones' second studio album, ""Where I Wanna Be"".  The song features Lisa Lopes of TLC.  It reached number one on the Billboard Hot R&B/Hip-Hop Singles & Tracks chart on November 13, 1999, and stayed at number one for eight consecutive weeks.  It peaked at number seven on the Billboard Hot 100, remaining there for two consecutive weeks.  Outside the United States, the song peaked within the top ten of the charts in the United Kingdom.  The song was produced by Edward ""Eddie F"" Ferrell and Darren Lighty for Untouchables Entertainment.  It is Jones's biggest hit to date.  The song was co-written by Anthony Hamilton.  The songs serves as the opening track on LaFace Records.

[3] 5ae7ba7a5542993210983f12::doc_5::No One (Alicia Keys song): No One (Alicia Keys song). ""No One"" is a song by American singer and songwriter Alicia Keys from her third studio album, ""As I Am"" (2007).  It was written and produced by Keys, Kerry Brothers Jr., and George M. Harry, and released as the album's lead single on September 11, 2007.  The song topped the ""Billboard"" Hot 100 for five consecutive weeks and the Hot R&B/Hip-Hop Songs chart for 10 consecutive weeks, while charting inside the top 10 in most major markets.

[4] 5ae7ba7a5542993210983f12::doc_6::Feel Good Inc.: Feel Good Inc.. ""Feel Good Inc"" is a song by British virtual band Gorillaz, featuring De La Soul.  The song was released as the lead single from the band's second studio album ""Demon Days"" on 9 May 2005.  The single peaked at No. 2 in the United Kingdom and No. 14 in the United States.  It also topped the Hot Modern Rock Tracks chart in the U.S. for eight consecutive weeks, a first for the band.  This is the only song in Damon Albarn's career to reach the top 40 on the ""Billboard"" Hot 100.  It peaked in the top 10 in 17 countries, reaching No. 1 in Spain.  The song was listed in Pitchfork Media and Rolling Stone's Best Songs of the 2000s.  The song won Best Pop Collaboration at the 2006 Grammy Awards.  This song has surpassed ""Clint Eastwood"" to be Gorillaz's most successful single worldwide.  Popdose ranked it 26th on their list of 100 best songs of the decade.

[5] 5ab96ab755429970cfb8eacd::doc_4::Army (Ellie Goulding song): Army (Ellie Goulding song). ""Army"" is a song by English singer and songwriter Ellie Goulding from her third studio album, ""Delirium"" (2015).  The song was released on 9 January 2016 as the album's second single.

[6] 5ae7ba7a5542993210983f12::doc_8::Yeah! (Usher song): Yeah! (Usher song). ""Yeah!""  is a song by American singer Usher.  He co-wrote the song with Sean Garrett, Patrick J. Que Smith, Robert McDowell, LRoc, Ludacris, Da'Ron, and Lil Jon.  It also features guest vocals from Lil Jon and Ludacris, with the former also producing the song as well as incorporating crunk and R&B—which he coined as crunk&B—in the song's production.  The song was released as the lead single from Usher's fourth studio album ""Confessions"" (2004) on January 27, 2004, after Usher was told by Arista Records, his label at the time, to record more tracks for the album.

[7] 5ae7ba7a5542993210983f12::doc_4::I Don't Wanna Know: I Don't Wanna Know. ""I Don't Wanna Know"" is a song by American R&B artist Mario Winans, featuring a rap by P. Diddy, re-recorded background vocals by Enya and sampling the synthesizer riff from Enya's song ""Boadicea"".  It reached number 1 in the United Kingdom and in Netherlands, and number 2 in the United States, stuck for eight consecutive weeks behind the Usher singles ""Yeah"" and ""Burn"", respectively.  It remains Winans' only major success to date.  As a result of its eight weeks at number 2, ""I Don't Wanna Know"" stands in joint fifth place for the most weeks at number 2 by a song which did not go to number 1, behind Foreigner's ""Waiting for a Girl Like You"", Missy Elliott's ""Work It"", Donna Lewis's ""I Love You Always Forever"" and Shania Twain's ""You're Still the One"".

[8] 5ae7ba7a5542993210983f12::doc_1::Stay (Shakespears Sister song): Stay (Shakespears Sister song). ""Stay"" is a song by UK based pop act Shakespears Sister, released by London Records in January 1992 as the second single from their album ""Hormonally Yours"".  Upon release, the single became a global smash hit becoming the duo's first and only No. 1 single in numerous territories, including the UK, where it topped the UK Singles Chart for eight consecutive weeks; the longest UK No. 1 reign for any all-female band, and was the fourth biggest selling single of 1992.  The single also held the No. 1 position in band member Siobhan Fahey's birthplace, Ireland, for six weeks, and it was a transatlantic hit reaching No. 4 on the ""Billboard"" Hot 100 in the US.

[9] 5a77c1505542997042120b1b::doc_6::Chattahoochee (song): Chattahoochee (song). ""Chattahoochee"" is a song co-written and recorded by American country music artist Alan Jackson.  It was released in May 1993 as the third single from his album ""A Lot About Livin' (And a Little 'bout Love)"".  The album is named for a line in the song itself.  Jackson wrote the song with Jim McBride.",1.0,1.0,1.0,1773,,,
hotpotqa_17_systemc,hotpotqa_17,hotpotqa,HotpotQA,5ae7ba7a5542993210983f12,System C,TACER,"What is the name of the singer who's song was released as the lead single from the album ""Confessions"", and that had popular song stuck behind for eight consecutive weeks?",Usher,Usher,"[""5ae7ba7a5542993210983f12::doc_9::Stay (Sugarland song)"", ""5ae7ba7a5542993210983f12::doc_2::U Know What's Up"", ""5ae7ba7a5542993210983f12::doc_5::No One (Alicia Keys song)"", ""5ae7ba7a5542993210983f12::doc_6::Feel Good Inc."", ""5ab96ab755429970cfb8eacd::doc_4::Army (Ellie Goulding song)"", ""5ae7ba7a5542993210983f12::doc_8::Yeah! (Usher song)"", ""5ae7ba7a5542993210983f12::doc_4::I Don't Wanna Know"", ""5ae7ba7a5542993210983f12::doc_1::Stay (Shakespears Sister song)"", ""5a77c1505542997042120b1b::doc_6::Chattahoochee (song)"", ""5ae7ba7a5542993210983f12::doc_3::Billy Ray Cyrus discography""]","[1] 5ae7ba7a5542993210983f12::doc_9::Stay (Sugarland song): Stay (Sugarland song). ""Stay"" is a song recorded by American country music duo Sugarland.  It was released in September 2007 as the fourth and final single from their album ""Enjoy the Ride"" (see 2006 in country music).  Overall, the song is the group's eighth single to enter the ""Billboard"" Hot Country Songs charts, where it reached a peak position of #2 for four weeks, stuck behind Taylor Swift's ""Our Song"", and has become their signature song.  The music video for ""Stay"" was ranked #10 on CMT's 100 Greatest Videos.

[2] 5ae7ba7a5542993210983f12::doc_2::U Know What's Up: U Know What's Up. ""U Know What's Up"" is a 1999 hit song by singer-songwriter-producer Donell Jones' second studio album, ""Where I Wanna Be"".  The song features Lisa Lopes of TLC.  It reached number one on the Billboard Hot R&B/Hip-Hop Singles & Tracks chart on November 13, 1999, and stayed at number one for eight consecutive weeks.  It peaked at number seven on the Billboard Hot 100, remaining there for two consecutive weeks.  Outside the United States, the song peaked within the top ten of the charts in the United Kingdom.  The song was produced by Edward ""Eddie F"" Ferrell and Darren Lighty for Untouchables Entertainment.  It is Jones's biggest hit to date.  The song was co-written by Anthony Hamilton.  The songs serves as the opening track on LaFace Records.

[3] 5ae7ba7a5542993210983f12::doc_5::No One (Alicia Keys song): No One (Alicia Keys song). ""No One"" is a song by American singer and songwriter Alicia Keys from her third studio album, ""As I Am"" (2007).  It was written and produced by Keys, Kerry Brothers Jr., and George M. Harry, and released as the album's lead single on September 11, 2007.  The song topped the ""Billboard"" Hot 100 for five consecutive weeks and the Hot R&B/Hip-Hop Songs chart for 10 consecutive weeks, while charting inside the top 10 in most major markets.

[4] 5ae7ba7a5542993210983f12::doc_6::Feel Good Inc.: Feel Good Inc.. ""Feel Good Inc"" is a song by British virtual band Gorillaz, featuring De La Soul.  The song was released as the lead single from the band's second studio album ""Demon Days"" on 9 May 2005.  The single peaked at No. 2 in the United Kingdom and No. 14 in the United States.  It also topped the Hot Modern Rock Tracks chart in the U.S. for eight consecutive weeks, a first for the band.  This is the only song in Damon Albarn's career to reach the top 40 on the ""Billboard"" Hot 100.  It peaked in the top 10 in 17 countries, reaching No. 1 in Spain.  The song was listed in Pitchfork Media and Rolling Stone's Best Songs of the 2000s.  The song won Best Pop Collaboration at the 2006 Grammy Awards.  This song has surpassed ""Clint Eastwood"" to be Gorillaz's most successful single worldwide.  Popdose ranked it 26th on their list of 100 best songs of the decade.

[5] 5ab96ab755429970cfb8eacd::doc_4::Army (Ellie Goulding song): Army (Ellie Goulding song). ""Army"" is a song by English singer and songwriter Ellie Goulding from her third studio album, ""Delirium"" (2015).  The song was released on 9 January 2016 as the album's second single.

[6] 5ae7ba7a5542993210983f12::doc_8::Yeah! (Usher song): Yeah! (Usher song). ""Yeah!""  is a song by American singer Usher.  He co-wrote the song with Sean Garrett, Patrick J. Que Smith, Robert McDowell, LRoc, Ludacris, Da'Ron, and Lil Jon.  It also features guest vocals from Lil Jon and Ludacris, with the former also producing the song as well as incorporating crunk and R&B—which he coined as crunk&B—in the song's production.  The song was released as the lead single from Usher's fourth studio album ""Confessions"" (2004) on January 27, 2004, after Usher was told by Arista Records, his label at the time, to record more tracks for the album.

[7] 5ae7ba7a5542993210983f12::doc_4::I Don't Wanna Know: I Don't Wanna Know. ""I Don't Wanna Know"" is a song by American R&B artist Mario Winans, featuring a rap by P. Diddy, re-recorded background vocals by Enya and sampling the synthesizer riff from Enya's song ""Boadicea"".  It reached number 1 in the United Kingdom and in Netherlands, and number 2 in the United States, stuck for eight consecutive weeks behind the Usher singles ""Yeah"" and ""Burn"", respectively.  It remains Winans' only major success to date.  As a result of its eight weeks at number 2, ""I Don't Wanna Know"" stands in joint fifth place for the most weeks at number 2 by a song which did not go to number 1, behind Foreigner's ""Waiting for a Girl Like You"", Missy Elliott's ""Work It"", Donna Lewis's ""I Love You Always Forever"" and Shania Twain's ""You're Still the One"".

[8] 5ae7ba7a5542993210983f12::doc_1::Stay (Shakespears Sister song): Stay (Shakespears Sister song). ""Stay"" is a song by UK based pop act Shakespears Sister, released by London Records in January 1992 as the second single from their album ""Hormonally Yours"".  Upon release, the single became a global smash hit becoming the duo's first and only No. 1 single in numerous territories, including the UK, where it topped the UK Singles Chart for eight consecutive weeks; the longest UK No. 1 reign for any all-female band, and was the fourth biggest selling single of 1992.  The single also held the No. 1 position in band member Siobhan Fahey's birthplace, Ireland, for six weeks, and it was a transatlantic hit reaching No. 4 on the ""Billboard"" Hot 100 in the US.

[9] 5a77c1505542997042120b1b::doc_6::Chattahoochee (song): Chattahoochee (song). ""Chattahoochee"" is a song co-written and recorded by American country music artist Alan Jackson.  It was released in May 1993 as the third single from his album ""A Lot About Livin' (And a Little 'bout Love)"".  The album is named for a line in the song itself.  Jackson wrote the song with Jim McBride.

[10] 5ae7ba7a5542993210983f12::doc_3::Billy Ray Cyrus discography: Billy Ray Cyrus discography. Billy Ray Cyrus is an American country music singer, songwriter, actor and philanthropist, who helped make country music a worldwide phenomenon.  He has released 12 studio albums and 44 singles since 1992, and is best known for his number one single ""Achy Breaky Heart"", which became the first single ever to achieve triple Platinum status in Australia and was the best-selling single of 1992 in the same country.  Thanks to the video of the song, the linedance entered the mainstream, becoming a worldwide craze.  Cyrus, a multi-platinum selling recording artist, has scored a total of eight top-ten singles on the Billboard Country Songs chart.  His most successful album to date is the debut of ""Some Gave All"", which has been certified 9× multi-platinum in the United States and is the longest time spent by a debut artist at number one on the ""Billboard"" 200 (17 consecutive weeks) and most consecutive chart-topping weeks in the SoundScan era.  It is the only album (from any genre) in the SoundScan era to log 17 consecutive weeks at number one and is also the second-highest selling debut album by a male country artist after Garth Brooks'.  It ranked 43 weeks in the top 10, a total topped by only one country album in history, ""Ropin' the Wind"" by Garth Brooks.  ""Some Gave All"" was also the first debut album to enter at the number 1 in the Billboard Country Albums.  The album has also sold more than 20 million copies worldwide and is the best-selling debut album of all time for a solo male artist. "" Some Gave All"" was also the best-selling album of 1992 in the US with 4,832,000 copies.  In his career, he has released 35 charted singles, of which 16 have charted in the top 40.",1.0,1.0,1.0,1168,,,
hotpotqa_18_systema,hotpotqa_18,hotpotqa,HotpotQA,5a7332935542991f9a20c67d,System A,Fixed Top-10,"Which board game was published most recently, Pirate's Cove or Catan?",Pirate's Cove,Rivals for Catan,"[""5a7332935542991f9a20c67d::doc_3::Pirate's Cove"", ""5a7332935542991f9a20c67d::doc_2::The Rivals for Catan"", ""5a7332935542991f9a20c67d::doc_1::The Kids of Catan"", ""5a7332935542991f9a20c67d::doc_8::Catan Dice Game"", ""5a7332935542991f9a20c67d::doc_0::Struggle for Rome (board game)"", ""5a7332935542991f9a20c67d::doc_5::Catan Card Game"", ""5a7332935542991f9a20c67d::doc_4::Catan: Seafarers"", ""5a7332935542991f9a20c67d::doc_7::Catan"", ""5a7332935542991f9a20c67d::doc_9::Elasund"", ""5a7332935542991f9a20c67d::doc_6::Catan: Cities &amp; Knights""]","[1] 5a7332935542991f9a20c67d::doc_3::Pirate's Cove: Pirate's Cove. Pirate's Cove (in German, Piratenbucht) is a board game designed by Paul Randles and Daniel Stahl, originally published in Germany in 2002 by Amigo Spiele, illustrated by Markus Wagner and Swen Papenbrock.  In 2003, Days of Wonder republished the game with a new graphic design from Julien Delval and Cyrille Daujean.  In the game, players play pirate ship captains seeking treasure from islands and bragging rights from defeating other pirates in naval combat.

[2] 5a7332935542991f9a20c67d::doc_2::The Rivals for Catan: The Rivals for Catan. The Rivals for Catan (German: ""Die Fürsten von Catan"" ) is an updated revision of the ""Catan Card Game"", a card game adaptation of ""The Settlers of Catan"".  The game was released in 2010.  It is a member of the ""Catan"" series of games, and is published by Kosmos in German and Mayfair Games in English.  Like its predecessor, ""The Rivals for Catan"" is a two-player game.  As with the ""Catan Adventures"" series of games, the theme is based on the Rebecca Gablé novel ""The Settlers of Catan"", a novel based on the original board game.

[3] 5a7332935542991f9a20c67d::doc_1::The Kids of Catan: The Kids of Catan. The Kids of Catan is a German board game designed for children using the theme from ""The Settlers of Catan"".  Like other Catan titles, the game is created by Klaus Teuber and published by Kosmos in German and Mayfair Games in English.

[4] 5a7332935542991f9a20c67d::doc_8::Catan Dice Game: Catan Dice Game. Catan Dice Game is a German-style board game, developed by Klaus Teuber and published in 2007 by Catan GmbH and its licensors, Kosmos in Germany and Mayfair Games in English-speaking countries.  It is a dice game re-imagining of Teuber's most notable title, ""Settlers of Catan"".  ""Catan Dice Game"" can be played by any number of players, but is ideally suited for up to four.  A variation, known as ""Catan Dice Game Plus"", is freely available from the ""Catan"" website, whose gameplay is closer to its ""Settlers"" origins.

[5] 5a7332935542991f9a20c67d::doc_0::Struggle for Rome (board game): Struggle for Rome (board game). Catan Histories: Struggle for Rome is a 2006 German-style board game based on the game mechanics of ""Settlers of Catan"", depicting the fall of the Western Roman Empire.  The game is created by Klaus Teuber, the creator of ""Settlers"", and is published under license from Catan GmbH by Kosmos in German and Mayfair Games in English.  It is the second game in the ""Catan Histories"" series of board games.  Often games produced in different languages by different publishers have slight rule differences between the versions.  Catan Histories: Struggle for Rome is no exception.

[6] 5a7332935542991f9a20c67d::doc_5::Catan Card Game: Catan Card Game. The Catan Card Game, originally named The Settlers of Catan: The Card Game, is a card game adaptation of ""The Settlers of Catan"".  It is a member of the ""Catan"" series of games, and is published by Kosmos in German, and Mayfair Games in English.  The ""Catan Card Game"" is a two-player game, although the rules can be accommodated as to allow players to share a set or for each player to have their own.  Seven expansions of the ""Catan Card Game"" have been released.

[7] 5a7332935542991f9a20c67d::doc_4::Catan: Seafarers: Catan: Seafarers. Catan: Seafarers, or Seafarers of Catan in older editions, (German: ""Die Seefahrer von Catan"" ) is an expansion of the board game ""The Settlers of Catan"" for three to four players (five-to-six-player play is also possible with both of the respective five-to-six-player extensions).  The main feature of this expansion is the addition of ships, gold rivers, and the pirate to the game, allowing play between multiple islands.  The expansion also provides numerous scenarios, some of which have custom rules.  The ""Seafarers"" rules and scenarios are also, for the most part, compatible with """" and """".

[8] 5a7332935542991f9a20c67d::doc_7::Catan: Catan. The Settlers of Catan, sometimes shortened to Catan or Settlers, is a multiplayer board game designed by Klaus Teuber and first published in 1995 in Germany by Franckh-Kosmos Verlag (Kosmos) as Die Siedler von Catan.  Players assume the roles of settlers, each attempting to build and develop holdings while trading and acquiring resources.  Players are awarded points as their settlements grow; the first to reach a set number of points, typically 10, is the winner.  The game and its many expansions are also published by Mayfair Games, Filosofia, Capcom, 999 Games, Κάισσα, and Devir.

[9] 5a7332935542991f9a20c67d::doc_9::Elasund: Elasund. Elasund: The First City (German: ""Elasund - Die erste Stadt"" ; ] ) is a German-style board game designed by Klaus Teuber.  It is the second game in the ""Catan Adventures"" series (the first being """"), a series of spinoff games based on the theme from Teuber's hit game ""The Settlers of Catan"" as well as its German-language novelization by Rebecca Gablé.  As a game in the ""Catan"" series, it is published by Kosmos in German and Mayfair Games in English.  Despite the thematic connection between ""Elasund"" and ""Settlers"", the two games have completely different mechanics.

[10] 5a7332935542991f9a20c67d::doc_6::Catan: Cities &amp; Knights: Catan: Cities &amp; Knights. Catan: Cities & Knights (German: ""Städte und Ritter"" ), formerly ""The Cities and Knights of Catan"" is an expansion to the board game ""The Settlers of Catan"" for three to four players (five to six player play is also possible with the ""Settlers"" and ""Cities & Knights"" five to six player extensions; two-player play is possible with the """" expansion).  It contains features taken from ""The Settlers of Catan"", with emphasis on city development and the use of knights, which are used as a method of attacking other players as well as helping opponents defend Catan against a common foe.  ""Cities & Knights"" can also be combined with the """" expansion or with scenarios (again, five to six player play only possible with the applicable five to six player extension(s)).",0.0,0.0,0.234245,1804,,,
hotpotqa_18_systemb,hotpotqa_18,hotpotqa,HotpotQA,5a7332935542991f9a20c67d,System B,TACER,"Which board game was published most recently, Pirate's Cove or Catan?",Pirate's Cove,Rivals for Catan,"[""5a7332935542991f9a20c67d::doc_3::Pirate's Cove"", ""5a7332935542991f9a20c67d::doc_2::The Rivals for Catan"", ""5a7332935542991f9a20c67d::doc_1::The Kids of Catan"", ""5a7332935542991f9a20c67d::doc_8::Catan Dice Game"", ""5a7332935542991f9a20c67d::doc_0::Struggle for Rome (board game)"", ""5a7332935542991f9a20c67d::doc_5::Catan Card Game"", ""5a7332935542991f9a20c67d::doc_4::Catan: Seafarers"", ""5a7332935542991f9a20c67d::doc_7::Catan"", ""5a7332935542991f9a20c67d::doc_9::Elasund"", ""5a7332935542991f9a20c67d::doc_6::Catan: Cities &amp; Knights""]","[1] 5a7332935542991f9a20c67d::doc_3::Pirate's Cove: Pirate's Cove. Pirate's Cove (in German, Piratenbucht) is a board game designed by Paul Randles and Daniel Stahl, originally published in Germany in 2002 by Amigo Spiele, illustrated by Markus Wagner and Swen Papenbrock.  In 2003, Days of Wonder republished the game with a new graphic design from Julien Delval and Cyrille Daujean.  In the game, players play pirate ship captains seeking treasure from islands and bragging rights from defeating other pirates in naval combat.

[2] 5a7332935542991f9a20c67d::doc_2::The Rivals for Catan: The Rivals for Catan. The Rivals for Catan (German: ""Die Fürsten von Catan"" ) is an updated revision of the ""Catan Card Game"", a card game adaptation of ""The Settlers of Catan"".  The game was released in 2010.  It is a member of the ""Catan"" series of games, and is published by Kosmos in German and Mayfair Games in English.  Like its predecessor, ""The Rivals for Catan"" is a two-player game.  As with the ""Catan Adventures"" series of games, the theme is based on the Rebecca Gablé novel ""The Settlers of Catan"", a novel based on the original board game.

[3] 5a7332935542991f9a20c67d::doc_1::The Kids of Catan: The Kids of Catan. The Kids of Catan is a German board game designed for children using the theme from ""The Settlers of Catan"".  Like other Catan titles, the game is created by Klaus Teuber and published by Kosmos in German and Mayfair Games in English.

[4] 5a7332935542991f9a20c67d::doc_8::Catan Dice Game: Catan Dice Game. Catan Dice Game is a German-style board game, developed by Klaus Teuber and published in 2007 by Catan GmbH and its licensors, Kosmos in Germany and Mayfair Games in English-speaking countries.  It is a dice game re-imagining of Teuber's most notable title, ""Settlers of Catan"".  ""Catan Dice Game"" can be played by any number of players, but is ideally suited for up to four.  A variation, known as ""Catan Dice Game Plus"", is freely available from the ""Catan"" website, whose gameplay is closer to its ""Settlers"" origins.

[5] 5a7332935542991f9a20c67d::doc_0::Struggle for Rome (board game): Struggle for Rome (board game). Catan Histories: Struggle for Rome is a 2006 German-style board game based on the game mechanics of ""Settlers of Catan"", depicting the fall of the Western Roman Empire.  The game is created by Klaus Teuber, the creator of ""Settlers"", and is published under license from Catan GmbH by Kosmos in German and Mayfair Games in English.  It is the second game in the ""Catan Histories"" series of board games.  Often games produced in different languages by different publishers have slight rule differences between the versions.  Catan Histories: Struggle for Rome is no exception.

[6] 5a7332935542991f9a20c67d::doc_5::Catan Card Game: Catan Card Game. The Catan Card Game, originally named The Settlers of Catan: The Card Game, is a card game adaptation of ""The Settlers of Catan"".  It is a member of the ""Catan"" series of games, and is published by Kosmos in German, and Mayfair Games in English.  The ""Catan Card Game"" is a two-player game, although the rules can be accommodated as to allow players to share a set or for each player to have their own.  Seven expansions of the ""Catan Card Game"" have been released.

[7] 5a7332935542991f9a20c67d::doc_4::Catan: Seafarers: Catan: Seafarers. Catan: Seafarers, or Seafarers of Catan in older editions, (German: ""Die Seefahrer von Catan"" ) is an expansion of the board game ""The Settlers of Catan"" for three to four players (five-to-six-player play is also possible with both of the respective five-to-six-player extensions).  The main feature of this expansion is the addition of ships, gold rivers, and the pirate to the game, allowing play between multiple islands.  The expansion also provides numerous scenarios, some of which have custom rules.  The ""Seafarers"" rules and scenarios are also, for the most part, compatible with """" and """".

[8] 5a7332935542991f9a20c67d::doc_7::Catan: Catan. The Settlers of Catan, sometimes shortened to Catan or Settlers, is a multiplayer board game designed by Klaus Teuber and first published in 1995 in Germany by Franckh-Kosmos Verlag (Kosmos) as Die Siedler von Catan.  Players assume the roles of settlers, each attempting to build and develop holdings while trading and acquiring resources.  Players are awarded points as their settlements grow; the first to reach a set number of points, typically 10, is the winner.  The game and its many expansions are also published by Mayfair Games, Filosofia, Capcom, 999 Games, Κάισσα, and Devir.

[9] 5a7332935542991f9a20c67d::doc_9::Elasund: Elasund. Elasund: The First City (German: ""Elasund - Die erste Stadt"" ; ] ) is a German-style board game designed by Klaus Teuber.  It is the second game in the ""Catan Adventures"" series (the first being """"), a series of spinoff games based on the theme from Teuber's hit game ""The Settlers of Catan"" as well as its German-language novelization by Rebecca Gablé.  As a game in the ""Catan"" series, it is published by Kosmos in German and Mayfair Games in English.  Despite the thematic connection between ""Elasund"" and ""Settlers"", the two games have completely different mechanics.

[10] 5a7332935542991f9a20c67d::doc_6::Catan: Cities &amp; Knights: Catan: Cities &amp; Knights. Catan: Cities & Knights (German: ""Städte und Ritter"" ), formerly ""The Cities and Knights of Catan"" is an expansion to the board game ""The Settlers of Catan"" for three to four players (five to six player play is also possible with the ""Settlers"" and ""Cities & Knights"" five to six player extensions; two-player play is possible with the """" expansion).  It contains features taken from ""The Settlers of Catan"", with emphasis on city development and the use of knights, which are used as a method of attacking other players as well as helping opponents defend Catan against a common foe.  ""Cities & Knights"" can also be combined with the """" expansion or with scenarios (again, five to six player play only possible with the applicable five to six player extension(s)).",0.0,0.0,0.234245,1258,,,
hotpotqa_18_systemc,hotpotqa_18,hotpotqa,HotpotQA,5a7332935542991f9a20c67d,System C,Adaptive-k,"Which board game was published most recently, Pirate's Cove or Catan?",Pirate's Cove,Rivals for Catan,"[""5a7332935542991f9a20c67d::doc_3::Pirate's Cove"", ""5a7332935542991f9a20c67d::doc_2::The Rivals for Catan"", ""5a7332935542991f9a20c67d::doc_1::The Kids of Catan"", ""5a7332935542991f9a20c67d::doc_8::Catan Dice Game"", ""5a7332935542991f9a20c67d::doc_0::Struggle for Rome (board game)"", ""5a7332935542991f9a20c67d::doc_5::Catan Card Game"", ""5a7332935542991f9a20c67d::doc_4::Catan: Seafarers"", ""5a7332935542991f9a20c67d::doc_7::Catan"", ""5a7332935542991f9a20c67d::doc_9::Elasund"", ""5a7332935542991f9a20c67d::doc_6::Catan: Cities &amp; Knights""]","[1] 5a7332935542991f9a20c67d::doc_3::Pirate's Cove: Pirate's Cove. Pirate's Cove (in German, Piratenbucht) is a board game designed by Paul Randles and Daniel Stahl, originally published in Germany in 2002 by Amigo Spiele, illustrated by Markus Wagner and Swen Papenbrock.  In 2003, Days of Wonder republished the game with a new graphic design from Julien Delval and Cyrille Daujean.  In the game, players play pirate ship captains seeking treasure from islands and bragging rights from defeating other pirates in naval combat.

[2] 5a7332935542991f9a20c67d::doc_2::The Rivals for Catan: The Rivals for Catan. The Rivals for Catan (German: ""Die Fürsten von Catan"" ) is an updated revision of the ""Catan Card Game"", a card game adaptation of ""The Settlers of Catan"".  The game was released in 2010.  It is a member of the ""Catan"" series of games, and is published by Kosmos in German and Mayfair Games in English.  Like its predecessor, ""The Rivals for Catan"" is a two-player game.  As with the ""Catan Adventures"" series of games, the theme is based on the Rebecca Gablé novel ""The Settlers of Catan"", a novel based on the original board game.

[3] 5a7332935542991f9a20c67d::doc_1::The Kids of Catan: The Kids of Catan. The Kids of Catan is a German board game designed for children using the theme from ""The Settlers of Catan"".  Like other Catan titles, the game is created by Klaus Teuber and published by Kosmos in German and Mayfair Games in English.

[4] 5a7332935542991f9a20c67d::doc_8::Catan Dice Game: Catan Dice Game. Catan Dice Game is a German-style board game, developed by Klaus Teuber and published in 2007 by Catan GmbH and its licensors, Kosmos in Germany and Mayfair Games in English-speaking countries.  It is a dice game re-imagining of Teuber's most notable title, ""Settlers of Catan"".  ""Catan Dice Game"" can be played by any number of players, but is ideally suited for up to four.  A variation, known as ""Catan Dice Game Plus"", is freely available from the ""Catan"" website, whose gameplay is closer to its ""Settlers"" origins.

[5] 5a7332935542991f9a20c67d::doc_0::Struggle for Rome (board game): Struggle for Rome (board game). Catan Histories: Struggle for Rome is a 2006 German-style board game based on the game mechanics of ""Settlers of Catan"", depicting the fall of the Western Roman Empire.  The game is created by Klaus Teuber, the creator of ""Settlers"", and is published under license from Catan GmbH by Kosmos in German and Mayfair Games in English.  It is the second game in the ""Catan Histories"" series of board games.  Often games produced in different languages by different publishers have slight rule differences between the versions.  Catan Histories: Struggle for Rome is no exception.

[6] 5a7332935542991f9a20c67d::doc_5::Catan Card Game: Catan Card Game. The Catan Card Game, originally named The Settlers of Catan: The Card Game, is a card game adaptation of ""The Settlers of Catan"".  It is a member of the ""Catan"" series of games, and is published by Kosmos in German, and Mayfair Games in English.  The ""Catan Card Game"" is a two-player game, although the rules can be accommodated as to allow players to share a set or for each player to have their own.  Seven expansions of the ""Catan Card Game"" have been released.

[7] 5a7332935542991f9a20c67d::doc_4::Catan: Seafarers: Catan: Seafarers. Catan: Seafarers, or Seafarers of Catan in older editions, (German: ""Die Seefahrer von Catan"" ) is an expansion of the board game ""The Settlers of Catan"" for three to four players (five-to-six-player play is also possible with both of the respective five-to-six-player extensions).  The main feature of this expansion is the addition of ships, gold rivers, and the pirate to the game, allowing play between multiple islands.  The expansion also provides numerous scenarios, some of which have custom rules.  The ""Seafarers"" rules and scenarios are also, for the most part, compatible with """" and """".

[8] 5a7332935542991f9a20c67d::doc_7::Catan: Catan. The Settlers of Catan, sometimes shortened to Catan or Settlers, is a multiplayer board game designed by Klaus Teuber and first published in 1995 in Germany by Franckh-Kosmos Verlag (Kosmos) as Die Siedler von Catan.  Players assume the roles of settlers, each attempting to build and develop holdings while trading and acquiring resources.  Players are awarded points as their settlements grow; the first to reach a set number of points, typically 10, is the winner.  The game and its many expansions are also published by Mayfair Games, Filosofia, Capcom, 999 Games, Κάισσα, and Devir.

[9] 5a7332935542991f9a20c67d::doc_9::Elasund: Elasund. Elasund: The First City (German: ""Elasund - Die erste Stadt"" ; ] ) is a German-style board game designed by Klaus Teuber.  It is the second game in the ""Catan Adventures"" series (the first being """"), a series of spinoff games based on the theme from Teuber's hit game ""The Settlers of Catan"" as well as its German-language novelization by Rebecca Gablé.  As a game in the ""Catan"" series, it is published by Kosmos in German and Mayfair Games in English.  Despite the thematic connection between ""Elasund"" and ""Settlers"", the two games have completely different mechanics.

[10] 5a7332935542991f9a20c67d::doc_6::Catan: Cities &amp; Knights: Catan: Cities &amp; Knights. Catan: Cities & Knights (German: ""Städte und Ritter"" ), formerly ""The Cities and Knights of Catan"" is an expansion to the board game ""The Settlers of Catan"" for three to four players (five to six player play is also possible with the ""Settlers"" and ""Cities & Knights"" five to six player extensions; two-player play is possible with the """" expansion).  It contains features taken from ""The Settlers of Catan"", with emphasis on city development and the use of knights, which are used as a method of attacking other players as well as helping opponents defend Catan against a common foe.  ""Cities & Knights"" can also be combined with the """" expansion or with scenarios (again, five to six player play only possible with the applicable five to six player extension(s)).",0.0,0.0,0.234245,1804,,,
hotpotqa_19_systema,hotpotqa_19,hotpotqa,HotpotQA,5a887bc0554299206df2b2b6,System A,Adaptive-k,The Argentine PGA Championship record holder has won how many tournaments worldwide?,230,230 tournaments,"[""5a887bc0554299206df2b2b6::doc_3::Argentine PGA Championship"", ""5a887bc0554299206df2b2b6::doc_0::1939 PGA Championship"", ""5a887bc0554299206df2b2b6::doc_6::2018 PGA Championship"", ""5a887bc0554299206df2b2b6::doc_1::Middle Atlantic PGA Championship"", ""5a887bc0554299206df2b2b6::doc_8::1940 PGA Championship"", ""5a887bc0554299206df2b2b6::doc_4::Northern California PGA Championship"", ""5a887bc0554299206df2b2b6::doc_2::2000 PGA Championship"", ""5a887bc0554299206df2b2b6::doc_7::1977 PGA Championship"", ""5a887bc0554299206df2b2b6::doc_5::2006 PGA Championship"", ""5a887bc0554299206df2b2b6::doc_9::Roberto De Vicenzo""]","[1] 5a887bc0554299206df2b2b6::doc_3::Argentine PGA Championship: Argentine PGA Championship. The Argentine PGA Championship is a golf tournament played in Argentina since 1920.  It was generally supported by the leading Argentine golfers and its list of champions includes Eduardo Romero (8 times), José Jurado (7 times), Vicente Fernández (5 times), José Cóceres (twice) and Ángel Cabrera.  However, the record holder is former British Open champion Roberto De Vicenzo, who recorded 16 victories between 1944 and 1985.

[2] 5a887bc0554299206df2b2b6::doc_0::1939 PGA Championship: 1939 PGA Championship. The 1939 PGA Championship was the 22nd PGA Championship, held July 9–15 at Pomonok Country Club in Queens, New York.  Then a match play championship, Henry Picard won his only PGA Championship, defeating Byron Nelson with a birdie at the 37th hole.  It was the second of his two major titles; he won the Masters in 1938.  Nelson won the U.S. Open three months earlier and the next PGA Championship in 1940.  Beginning in 1939, he made five finals in six PGA Championships, and won his second title in 1945.

[3] 5a887bc0554299206df2b2b6::doc_6::2018 PGA Championship: 2018 PGA Championship. The 2018 PGA Championship is the forthcoming 100th PGA Championship that will take place from August 9–12 at Bellerive Country Club in Town and Country, Missouri.  This will be the second PGA Championship at Bellerive.  This will also be the last PGA Championship to be held in the month of August; just before the 2017 tournament, the PGA announced that the Championship would be held in May beginning in 2019.

[4] 5a887bc0554299206df2b2b6::doc_1::Middle Atlantic PGA Championship: Middle Atlantic PGA Championship. The Middle Atlantic PGA Championship is a golf tournament that is the championship of the Middle Atlantic section of the PGA of America.  The tournament has been played annually since 1932 in Virginia, Maryland, or Washington, DC.  Fred Funk, eight-time winner on the PGA Tour, holds the record with six Middle Atlantic PGA victories.  Other PGA Tour winners who have also won the Middle Atlantic PGA Championship include Chandler Harper (seven time PGA tour winner and 1950 PGA Championship winner), Bobby Cruickshank (17-time PGA tour winner), Lew Worsham (four-time PGA tour winner), and George Fazio (two-time PGA tour winner and golf course designer).

[5] 5a887bc0554299206df2b2b6::doc_8::1940 PGA Championship: 1940 PGA Championship. The 1940 PGA Championship was the 23rd PGA Championship, held August 26 to September 2 at Hershey Country Club in Hershey, Pennsylvania, east of Harrisburg.  Then a match play championship, Byron Nelson won his first PGA Championship, defeating Sam Snead 1 up in the 36-hole final.  It was the third of Nelson's five major titles; he won the PGA Championship again in 1945.  From 1939 to 1945, Nelson made five of the six finals, missing only in 1942 (not held in 1943).

[6] 5a887bc0554299206df2b2b6::doc_4::Northern California PGA Championship: Northern California PGA Championship. The Northern California PGA Championship is a golf tournament that is the championship of the Northern California section of the PGA of America.  Mark Fry, long-time pro at Sequoyah Country Club in Oakland, California, holds the record for most victories with 10.  Tony Lema, British Open winner in 1964 and 12-time PGA Tour winner, won three consecutive Northern California PGA championships from 1962–64.  Other PGA Tour winners who were also victorious in the Northern California PGA Championship include Bob Lunn (six-time PGA tour winner), Dick Lotz (three-time PGA tour winner), Bruce Summerhays (three-time PGA tour winner, Bob Wynn, and John McMullin.

[7] 5a887bc0554299206df2b2b6::doc_2::2000 PGA Championship: 2000 PGA Championship. The 2000 PGA Championship was the 82nd PGA Championship, held August 17–20 at the Valhalla Golf Club in Louisville, Kentucky.  It was the second time for the event at Valhalla, which hosted four years earlier in 1996.  Tiger Woods won his second straight PGA Championship and fifth major in a three-hole playoff over Bob May.  Woods and May finished at 18 under par to set the PGA Championship record to par, later equaled by Woods in 2006.  It was the first time since 1937 that a PGA Championship title was successfully defended, and the first ever as a stroke play event.  Woods and May were five shots ahead of third-place finisher Thomas Bjørn.

[8] 5a887bc0554299206df2b2b6::doc_7::1977 PGA Championship: 1977 PGA Championship. The 1977 PGA Championship was the 59th PGA Championship, played August 11–14 at Pebble Beach Golf Links in Pebble Beach, California.  Lanny Wadkins, 27, won his only major championship in a sudden-death playoff over Gene Littler.  It was the first playoff at the PGA Championship in ten years and was the first-ever sudden-death playoff in a stroke-play major championship.  The last was 36 years earlier at the 1941 PGA Championship, when the 36-hole final match went to two extra holes.

[9] 5a887bc0554299206df2b2b6::doc_5::2006 PGA Championship: 2006 PGA Championship. The 2006 PGA Championship was the 88th PGA Championship, played August 17–20 at Medinah Country Club in Medinah, Illinois, a suburb northwest of Chicago.  Tiger Woods won his third PGA Championship, five shots ahead of runner-up Shaun Micheel, the 2003 champion.  Woods' victory was his 12th major championship.  The No. 3 Course was the longest to date in major championship history.  Medinah previously hosted the tournament in 1999, when Woods captured his first PGA Championship.  The purse was $6.8 million with a winner's share of $1.224 million.

[10] 5a887bc0554299206df2b2b6::doc_9::Roberto De Vicenzo: Roberto De Vicenzo. Roberto De Vicenzo (14 April 1923 – 1 June 2017) was a professional golfer from Argentina.  He won more than 230 tournaments worldwide in his career including eight on the PGA Tour and most famously the 1967 Open Championship.",0.666667,1.0,0.470017,1674,,,
hotpotqa_19_systemb,hotpotqa_19,hotpotqa,HotpotQA,5a887bc0554299206df2b2b6,System B,Fixed Top-10,The Argentine PGA Championship record holder has won how many tournaments worldwide?,230,230 tournaments,"[""5a887bc0554299206df2b2b6::doc_3::Argentine PGA Championship"", ""5a887bc0554299206df2b2b6::doc_0::1939 PGA Championship"", ""5a887bc0554299206df2b2b6::doc_6::2018 PGA Championship"", ""5a887bc0554299206df2b2b6::doc_1::Middle Atlantic PGA Championship"", ""5a887bc0554299206df2b2b6::doc_8::1940 PGA Championship"", ""5a887bc0554299206df2b2b6::doc_4::Northern California PGA Championship"", ""5a887bc0554299206df2b2b6::doc_2::2000 PGA Championship"", ""5a887bc0554299206df2b2b6::doc_7::1977 PGA Championship"", ""5a887bc0554299206df2b2b6::doc_5::2006 PGA Championship"", ""5a887bc0554299206df2b2b6::doc_9::Roberto De Vicenzo""]","[1] 5a887bc0554299206df2b2b6::doc_3::Argentine PGA Championship: Argentine PGA Championship. The Argentine PGA Championship is a golf tournament played in Argentina since 1920.  It was generally supported by the leading Argentine golfers and its list of champions includes Eduardo Romero (8 times), José Jurado (7 times), Vicente Fernández (5 times), José Cóceres (twice) and Ángel Cabrera.  However, the record holder is former British Open champion Roberto De Vicenzo, who recorded 16 victories between 1944 and 1985.

[2] 5a887bc0554299206df2b2b6::doc_0::1939 PGA Championship: 1939 PGA Championship. The 1939 PGA Championship was the 22nd PGA Championship, held July 9–15 at Pomonok Country Club in Queens, New York.  Then a match play championship, Henry Picard won his only PGA Championship, defeating Byron Nelson with a birdie at the 37th hole.  It was the second of his two major titles; he won the Masters in 1938.  Nelson won the U.S. Open three months earlier and the next PGA Championship in 1940.  Beginning in 1939, he made five finals in six PGA Championships, and won his second title in 1945.

[3] 5a887bc0554299206df2b2b6::doc_6::2018 PGA Championship: 2018 PGA Championship. The 2018 PGA Championship is the forthcoming 100th PGA Championship that will take place from August 9–12 at Bellerive Country Club in Town and Country, Missouri.  This will be the second PGA Championship at Bellerive.  This will also be the last PGA Championship to be held in the month of August; just before the 2017 tournament, the PGA announced that the Championship would be held in May beginning in 2019.

[4] 5a887bc0554299206df2b2b6::doc_1::Middle Atlantic PGA Championship: Middle Atlantic PGA Championship. The Middle Atlantic PGA Championship is a golf tournament that is the championship of the Middle Atlantic section of the PGA of America.  The tournament has been played annually since 1932 in Virginia, Maryland, or Washington, DC.  Fred Funk, eight-time winner on the PGA Tour, holds the record with six Middle Atlantic PGA victories.  Other PGA Tour winners who have also won the Middle Atlantic PGA Championship include Chandler Harper (seven time PGA tour winner and 1950 PGA Championship winner), Bobby Cruickshank (17-time PGA tour winner), Lew Worsham (four-time PGA tour winner), and George Fazio (two-time PGA tour winner and golf course designer).

[5] 5a887bc0554299206df2b2b6::doc_8::1940 PGA Championship: 1940 PGA Championship. The 1940 PGA Championship was the 23rd PGA Championship, held August 26 to September 2 at Hershey Country Club in Hershey, Pennsylvania, east of Harrisburg.  Then a match play championship, Byron Nelson won his first PGA Championship, defeating Sam Snead 1 up in the 36-hole final.  It was the third of Nelson's five major titles; he won the PGA Championship again in 1945.  From 1939 to 1945, Nelson made five of the six finals, missing only in 1942 (not held in 1943).

[6] 5a887bc0554299206df2b2b6::doc_4::Northern California PGA Championship: Northern California PGA Championship. The Northern California PGA Championship is a golf tournament that is the championship of the Northern California section of the PGA of America.  Mark Fry, long-time pro at Sequoyah Country Club in Oakland, California, holds the record for most victories with 10.  Tony Lema, British Open winner in 1964 and 12-time PGA Tour winner, won three consecutive Northern California PGA championships from 1962–64.  Other PGA Tour winners who were also victorious in the Northern California PGA Championship include Bob Lunn (six-time PGA tour winner), Dick Lotz (three-time PGA tour winner), Bruce Summerhays (three-time PGA tour winner, Bob Wynn, and John McMullin.

[7] 5a887bc0554299206df2b2b6::doc_2::2000 PGA Championship: 2000 PGA Championship. The 2000 PGA Championship was the 82nd PGA Championship, held August 17–20 at the Valhalla Golf Club in Louisville, Kentucky.  It was the second time for the event at Valhalla, which hosted four years earlier in 1996.  Tiger Woods won his second straight PGA Championship and fifth major in a three-hole playoff over Bob May.  Woods and May finished at 18 under par to set the PGA Championship record to par, later equaled by Woods in 2006.  It was the first time since 1937 that a PGA Championship title was successfully defended, and the first ever as a stroke play event.  Woods and May were five shots ahead of third-place finisher Thomas Bjørn.

[8] 5a887bc0554299206df2b2b6::doc_7::1977 PGA Championship: 1977 PGA Championship. The 1977 PGA Championship was the 59th PGA Championship, played August 11–14 at Pebble Beach Golf Links in Pebble Beach, California.  Lanny Wadkins, 27, won his only major championship in a sudden-death playoff over Gene Littler.  It was the first playoff at the PGA Championship in ten years and was the first-ever sudden-death playoff in a stroke-play major championship.  The last was 36 years earlier at the 1941 PGA Championship, when the 36-hole final match went to two extra holes.

[9] 5a887bc0554299206df2b2b6::doc_5::2006 PGA Championship: 2006 PGA Championship. The 2006 PGA Championship was the 88th PGA Championship, played August 17–20 at Medinah Country Club in Medinah, Illinois, a suburb northwest of Chicago.  Tiger Woods won his third PGA Championship, five shots ahead of runner-up Shaun Micheel, the 2003 champion.  Woods' victory was his 12th major championship.  The No. 3 Course was the longest to date in major championship history.  Medinah previously hosted the tournament in 1999, when Woods captured his first PGA Championship.  The purse was $6.8 million with a winner's share of $1.224 million.

[10] 5a887bc0554299206df2b2b6::doc_9::Roberto De Vicenzo: Roberto De Vicenzo. Roberto De Vicenzo (14 April 1923 – 1 June 2017) was a professional golfer from Argentina.  He won more than 230 tournaments worldwide in his career including eight on the PGA Tour and most famously the 1967 Open Championship.",0.666667,1.0,0.470017,1674,,,
hotpotqa_19_systemc,hotpotqa_19,hotpotqa,HotpotQA,5a887bc0554299206df2b2b6,System C,TACER,The Argentine PGA Championship record holder has won how many tournaments worldwide?,230,230 tournaments,"[""5a887bc0554299206df2b2b6::doc_3::Argentine PGA Championship"", ""5a887bc0554299206df2b2b6::doc_0::1939 PGA Championship"", ""5a887bc0554299206df2b2b6::doc_6::2018 PGA Championship"", ""5a887bc0554299206df2b2b6::doc_1::Middle Atlantic PGA Championship"", ""5a887bc0554299206df2b2b6::doc_8::1940 PGA Championship"", ""5a887bc0554299206df2b2b6::doc_4::Northern California PGA Championship"", ""5a887bc0554299206df2b2b6::doc_2::2000 PGA Championship"", ""5a887bc0554299206df2b2b6::doc_7::1977 PGA Championship"", ""5a887bc0554299206df2b2b6::doc_5::2006 PGA Championship"", ""5a887bc0554299206df2b2b6::doc_9::Roberto De Vicenzo""]","[1] 5a887bc0554299206df2b2b6::doc_3::Argentine PGA Championship: Argentine PGA Championship. The Argentine PGA Championship is a golf tournament played in Argentina since 1920.  It was generally supported by the leading Argentine golfers and its list of champions includes Eduardo Romero (8 times), José Jurado (7 times), Vicente Fernández (5 times), José Cóceres (twice) and Ángel Cabrera.  However, the record holder is former British Open champion Roberto De Vicenzo, who recorded 16 victories between 1944 and 1985.

[2] 5a887bc0554299206df2b2b6::doc_0::1939 PGA Championship: 1939 PGA Championship. The 1939 PGA Championship was the 22nd PGA Championship, held July 9–15 at Pomonok Country Club in Queens, New York.  Then a match play championship, Henry Picard won his only PGA Championship, defeating Byron Nelson with a birdie at the 37th hole.  It was the second of his two major titles; he won the Masters in 1938.  Nelson won the U.S. Open three months earlier and the next PGA Championship in 1940.  Beginning in 1939, he made five finals in six PGA Championships, and won his second title in 1945.

[3] 5a887bc0554299206df2b2b6::doc_6::2018 PGA Championship: 2018 PGA Championship. The 2018 PGA Championship is the forthcoming 100th PGA Championship that will take place from August 9–12 at Bellerive Country Club in Town and Country, Missouri.  This will be the second PGA Championship at Bellerive.  This will also be the last PGA Championship to be held in the month of August; just before the 2017 tournament, the PGA announced that the Championship would be held in May beginning in 2019.

[4] 5a887bc0554299206df2b2b6::doc_1::Middle Atlantic PGA Championship: Middle Atlantic PGA Championship. The Middle Atlantic PGA Championship is a golf tournament that is the championship of the Middle Atlantic section of the PGA of America.  The tournament has been played annually since 1932 in Virginia, Maryland, or Washington, DC.  Fred Funk, eight-time winner on the PGA Tour, holds the record with six Middle Atlantic PGA victories.  Other PGA Tour winners who have also won the Middle Atlantic PGA Championship include Chandler Harper (seven time PGA tour winner and 1950 PGA Championship winner), Bobby Cruickshank (17-time PGA tour winner), Lew Worsham (four-time PGA tour winner), and George Fazio (two-time PGA tour winner and golf course designer).

[5] 5a887bc0554299206df2b2b6::doc_8::1940 PGA Championship: 1940 PGA Championship. The 1940 PGA Championship was the 23rd PGA Championship, held August 26 to September 2 at Hershey Country Club in Hershey, Pennsylvania, east of Harrisburg.  Then a match play championship, Byron Nelson won his first PGA Championship, defeating Sam Snead 1 up in the 36-hole final.  It was the third of Nelson's five major titles; he won the PGA Championship again in 1945.  From 1939 to 1945, Nelson made five of the six finals, missing only in 1942 (not held in 1943).

[6] 5a887bc0554299206df2b2b6::doc_4::Northern California PGA Championship: Northern California PGA Championship. The Northern California PGA Championship is a golf tournament that is the championship of the Northern California section of the PGA of America.  Mark Fry, long-time pro at Sequoyah Country Club in Oakland, California, holds the record for most victories with 10.  Tony Lema, British Open winner in 1964 and 12-time PGA Tour winner, won three consecutive Northern California PGA championships from 1962–64.  Other PGA Tour winners who were also victorious in the Northern California PGA Championship include Bob Lunn (six-time PGA tour winner), Dick Lotz (three-time PGA tour winner), Bruce Summerhays (three-time PGA tour winner, Bob Wynn, and John McMullin.

[7] 5a887bc0554299206df2b2b6::doc_2::2000 PGA Championship: 2000 PGA Championship. The 2000 PGA Championship was the 82nd PGA Championship, held August 17–20 at the Valhalla Golf Club in Louisville, Kentucky.  It was the second time for the event at Valhalla, which hosted four years earlier in 1996.  Tiger Woods won his second straight PGA Championship and fifth major in a three-hole playoff over Bob May.  Woods and May finished at 18 under par to set the PGA Championship record to par, later equaled by Woods in 2006.  It was the first time since 1937 that a PGA Championship title was successfully defended, and the first ever as a stroke play event.  Woods and May were five shots ahead of third-place finisher Thomas Bjørn.

[8] 5a887bc0554299206df2b2b6::doc_7::1977 PGA Championship: 1977 PGA Championship. The 1977 PGA Championship was the 59th PGA Championship, played August 11–14 at Pebble Beach Golf Links in Pebble Beach, California.  Lanny Wadkins, 27, won his only major championship in a sudden-death playoff over Gene Littler.  It was the first playoff at the PGA Championship in ten years and was the first-ever sudden-death playoff in a stroke-play major championship.  The last was 36 years earlier at the 1941 PGA Championship, when the 36-hole final match went to two extra holes.

[9] 5a887bc0554299206df2b2b6::doc_5::2006 PGA Championship: 2006 PGA Championship. The 2006 PGA Championship was the 88th PGA Championship, played August 17–20 at Medinah Country Club in Medinah, Illinois, a suburb northwest of Chicago.  Tiger Woods won his third PGA Championship, five shots ahead of runner-up Shaun Micheel, the 2003 champion.  Woods' victory was his 12th major championship.  The No. 3 Course was the longest to date in major championship history.  Medinah previously hosted the tournament in 1999, when Woods captured his first PGA Championship.  The purse was $6.8 million with a winner's share of $1.224 million.

[10] 5a887bc0554299206df2b2b6::doc_9::Roberto De Vicenzo: Roberto De Vicenzo. Roberto De Vicenzo (14 April 1923 – 1 June 2017) was a professional golfer from Argentina.  He won more than 230 tournaments worldwide in his career including eight on the PGA Tour and most famously the 1967 Open Championship.",0.666667,1.0,0.470017,1143,,,
hotpotqa_20_systema,hotpotqa_20,hotpotqa,HotpotQA,5aba7cfe554299232ef4a2fd,System A,Fixed Top-10,The 2017–18 Wigan Athletic F.C. season will be a year in which the team competes in the league cup known as what for sponsorship reasons?,Carabao Cup,Carabao Cup,"[""5aba7cfe554299232ef4a2fd::doc_0::2017–18 Wigan Athletic F.C. season"", ""5aba7cfe554299232ef4a2fd::doc_1::2007–08 Wigan Athletic F.C. season"", ""5aba7cfe554299232ef4a2fd::doc_7::2006–07 Wigan Athletic F.C. season"", ""5aba7cfe554299232ef4a2fd::doc_5::1979–80 Wigan Athletic F.C. season"", ""5aba7cfe554299232ef4a2fd::doc_9::List of Wigan Borough F.C. players"", ""5aba7cfe554299232ef4a2fd::doc_8::1978–79 Wigan Athletic F.C. season"", ""5aba7cfe554299232ef4a2fd::doc_3::Springfield Park (Wigan)"", ""5aba7cfe554299232ef4a2fd::doc_2::EFL Cup"", ""5aba7cfe554299232ef4a2fd::doc_6::Nick Powell"", ""5ae0aaf455429945ae959401::doc_1::National League North""]","[1] 5aba7cfe554299232ef4a2fd::doc_0::2017–18 Wigan Athletic F.C. season: 2017–18 Wigan Athletic F.C. season. The 2017–18 season is Wigan Athletic's 86th year in existence and their first back in League One, after being relegated the previous season.  Along with competing in the league, the club will also participate in the FA Cup, EFL Cup and EFL Trophy.  Paul Cook was appointed as manager on 31 May 2017, signing a 3 year deal, following the departure of much of the previous coaching staff the day before.

[2] 5aba7cfe554299232ef4a2fd::doc_1::2007–08 Wigan Athletic F.C. season: 2007–08 Wigan Athletic F.C. season. The 2007–08 Wigan Athletic F.C. season was the club's 30th season in the Football League and their third season in the Premier League.

[3] 5aba7cfe554299232ef4a2fd::doc_7::2006–07 Wigan Athletic F.C. season: 2006–07 Wigan Athletic F.C. season. The 2006–07 Wigan Athletic F.C. season was the club's 29th season in the Football League and their second season in the Premier League.

[4] 5aba7cfe554299232ef4a2fd::doc_5::1979–80 Wigan Athletic F.C. season: 1979–80 Wigan Athletic F.C. season. The 1979–80 season was the 42nd season in the history of Wigan Athletic F.C. and their second as a professional club in the Football League.

[5] 5aba7cfe554299232ef4a2fd::doc_9::List of Wigan Borough F.C. players: List of Wigan Borough F.C. players. Wigan Borough F.C. was an English football club based in the town of Wigan.  The club was founded in 1920 and joined the Lancashire Combination.  In 1921, Borough turned professional when their application was accepted to play in the inaugural season of the newly formed Football League Third Division North.  The team played in the Football League for ten seasons, with their most successful season coming in 1928–29, finishing fourth in the league and reaching the third round of the FA Cup.  Wigan Borough folded during the 1931–32 season due to financial problems, and League football did not return to the town until Wigan Athletic F.C. were elected into the Football League in 1978.

[6] 5aba7cfe554299232ef4a2fd::doc_8::1978–79 Wigan Athletic F.C. season: 1978–79 Wigan Athletic F.C. season. The 1978–79 season was the 41st season in the history of Wigan Athletic F.C. and their first as a professional club in the Football League.  After finishing 2nd in the Northern Premier League during the previous season, the club was nominated to apply for Football League status, and were elected into the league to replace Southport.  After a poor start, the club exceeded expectations in the league, and towards the end of the season, a second consecutive promotion seemed possible.  The club eventually fell short, finishing the season in 6th place with a total of 55 points.

[7] 5aba7cfe554299232ef4a2fd::doc_3::Springfield Park (Wigan): Springfield Park (Wigan). Springfield Park was a multi-purpose stadium in Wigan, Greater Manchester.  It was the home ground of Wigan Athletic F.C. until the club moved to the new JJB Stadium (now DW Stadium) after the 1998–99 season.  At its largest, the stadium held 40,000.  In its 102-year existence the ground only saw 32 years as a Football League venue, 11 years for Wigan Borough F.C. and 21 years for Wigan Athletic FC, before it was demolished to make way for a housing estate in 1999.

[8] 5aba7cfe554299232ef4a2fd::doc_2::EFL Cup: EFL Cup. The EFL Cup (referred to historically, and colloquially, as simply the League Cup), currently known as the Carabao Cup for sponsorship reasons, is an annual knockout football competition in men's domestic English football.  Organised by the English Football League (EFL), it is open to any club within the top four levels of the English football league system – 92 clubs in total – comprising the top level Premier League, and the three divisions of the English Football League's own league competition (Championship, League One and League Two).

[9] 5aba7cfe554299232ef4a2fd::doc_6::Nick Powell: Nick Powell. Nicholas Edward ""Nick"" Powell (born 23 March 1994) is an English professional footballer who plays for Wigan Athletic as a midfielder.  He began his career at Crewe Alexandra, initially as a forward, making his debut at the age of 16.  After impressing for Crewe Alexandra during the 2011–12 season, including scoring in their 2–0 victory in the League Two play-off Final, he moved to Manchester United in July 2012.  Unable to break into the Manchester United first team, however, he went on loan to Wigan Athletic, Leicester City and Hull City before being released in June 2016.  He joined Wigan Athletic in July 2016.  He has represented England at under-16, under-17, under-18, under-19 and under-21 levels.

[10] 5ae0aaf455429945ae959401::doc_1::National League North: National League North. The National League North, formerly Conference North (currently named the Vanarama National League North for sponsorship reasons), is a division of the National League in England, taking its place immediately below the top division National League.  Along with the National League South, it is at Step 2 of the National League System and the sixth overall tier of the English football league system.  It consists of teams located in Northern England, Norfolk, the English Midlands and North Wales.  From the start of the 2015–16 season, the league has been known as the National League North.  As part of a sponsorship deal with Vanarama, the National League North is now known as the Vanarama National League North.",1.0,1.0,1.0,1601,,,
hotpotqa_20_systemb,hotpotqa_20,hotpotqa,HotpotQA,5aba7cfe554299232ef4a2fd,System B,TACER,The 2017–18 Wigan Athletic F.C. season will be a year in which the team competes in the league cup known as what for sponsorship reasons?,Carabao Cup,Carabao Cup,"[""5aba7cfe554299232ef4a2fd::doc_0::2017–18 Wigan Athletic F.C. season"", ""5aba7cfe554299232ef4a2fd::doc_1::2007–08 Wigan Athletic F.C. season"", ""5aba7cfe554299232ef4a2fd::doc_7::2006–07 Wigan Athletic F.C. season"", ""5aba7cfe554299232ef4a2fd::doc_5::1979–80 Wigan Athletic F.C. season"", ""5aba7cfe554299232ef4a2fd::doc_9::List of Wigan Borough F.C. players"", ""5aba7cfe554299232ef4a2fd::doc_8::1978–79 Wigan Athletic F.C. season"", ""5aba7cfe554299232ef4a2fd::doc_3::Springfield Park (Wigan)"", ""5aba7cfe554299232ef4a2fd::doc_2::EFL Cup"", ""5aba7cfe554299232ef4a2fd::doc_6::Nick Powell"", ""5ae0aaf455429945ae959401::doc_1::National League North""]","[1] 5aba7cfe554299232ef4a2fd::doc_0::2017–18 Wigan Athletic F.C. season: 2017–18 Wigan Athletic F.C. season. The 2017–18 season is Wigan Athletic's 86th year in existence and their first back in League One, after being relegated the previous season.  Along with competing in the league, the club will also participate in the FA Cup, EFL Cup and EFL Trophy.  Paul Cook was appointed as manager on 31 May 2017, signing a 3 year deal, following the departure of much of the previous coaching staff the day before.

[2] 5aba7cfe554299232ef4a2fd::doc_1::2007–08 Wigan Athletic F.C. season: 2007–08 Wigan Athletic F.C. season. The 2007–08 Wigan Athletic F.C. season was the club's 30th season in the Football League and their third season in the Premier League.

[3] 5aba7cfe554299232ef4a2fd::doc_7::2006–07 Wigan Athletic F.C. season: 2006–07 Wigan Athletic F.C. season. The 2006–07 Wigan Athletic F.C. season was the club's 29th season in the Football League and their second season in the Premier League.

[4] 5aba7cfe554299232ef4a2fd::doc_5::1979–80 Wigan Athletic F.C. season: 1979–80 Wigan Athletic F.C. season. The 1979–80 season was the 42nd season in the history of Wigan Athletic F.C. and their second as a professional club in the Football League.

[5] 5aba7cfe554299232ef4a2fd::doc_9::List of Wigan Borough F.C. players: List of Wigan Borough F.C. players. Wigan Borough F.C. was an English football club based in the town of Wigan.  The club was founded in 1920 and joined the Lancashire Combination.  In 1921, Borough turned professional when their application was accepted to play in the inaugural season of the newly formed Football League Third Division North.  The team played in the Football League for ten seasons, with their most successful season coming in 1928–29, finishing fourth in the league and reaching the third round of the FA Cup.  Wigan Borough folded during the 1931–32 season due to financial problems, and League football did not return to the town until Wigan Athletic F.C. were elected into the Football League in 1978.

[6] 5aba7cfe554299232ef4a2fd::doc_8::1978–79 Wigan Athletic F.C. season: 1978–79 Wigan Athletic F.C. season. The 1978–79 season was the 41st season in the history of Wigan Athletic F.C. and their first as a professional club in the Football League.  After finishing 2nd in the Northern Premier League during the previous season, the club was nominated to apply for Football League status, and were elected into the league to replace Southport.  After a poor start, the club exceeded expectations in the league, and towards the end of the season, a second consecutive promotion seemed possible.  The club eventually fell short, finishing the season in 6th place with a total of 55 points.

[7] 5aba7cfe554299232ef4a2fd::doc_3::Springfield Park (Wigan): Springfield Park (Wigan). Springfield Park was a multi-purpose stadium in Wigan, Greater Manchester.  It was the home ground of Wigan Athletic F.C. until the club moved to the new JJB Stadium (now DW Stadium) after the 1998–99 season.  At its largest, the stadium held 40,000.  In its 102-year existence the ground only saw 32 years as a Football League venue, 11 years for Wigan Borough F.C. and 21 years for Wigan Athletic FC, before it was demolished to make way for a housing estate in 1999.

[8] 5aba7cfe554299232ef4a2fd::doc_2::EFL Cup: EFL Cup. The EFL Cup (referred to historically, and colloquially, as simply the League Cup), currently known as the Carabao Cup for sponsorship reasons, is an annual knockout football competition in men's domestic English football.  Organised by the English Football League (EFL), it is open to any club within the top four levels of the English football league system – 92 clubs in total – comprising the top level Premier League, and the three divisions of the English Football League's own league competition (Championship, League One and League Two).

[9] 5aba7cfe554299232ef4a2fd::doc_6::Nick Powell: Nick Powell. Nicholas Edward ""Nick"" Powell (born 23 March 1994) is an English professional footballer who plays for Wigan Athletic as a midfielder.  He began his career at Crewe Alexandra, initially as a forward, making his debut at the age of 16.  After impressing for Crewe Alexandra during the 2011–12 season, including scoring in their 2–0 victory in the League Two play-off Final, he moved to Manchester United in July 2012.  Unable to break into the Manchester United first team, however, he went on loan to Wigan Athletic, Leicester City and Hull City before being released in June 2016.  He joined Wigan Athletic in July 2016.  He has represented England at under-16, under-17, under-18, under-19 and under-21 levels.

[10] 5ae0aaf455429945ae959401::doc_1::National League North: National League North. The National League North, formerly Conference North (currently named the Vanarama National League North for sponsorship reasons), is a division of the National League in England, taking its place immediately below the top division National League.  Along with the National League South, it is at Step 2 of the National League System and the sixth overall tier of the English football league system.  It consists of teams located in Northern England, Norfolk, the English Midlands and North Wales.  From the start of the 2015–16 season, the league has been known as the National League North.  As part of a sponsorship deal with Vanarama, the National League North is now known as the Vanarama National League North.",1.0,1.0,1.0,1082,,,
hotpotqa_20_systemc,hotpotqa_20,hotpotqa,HotpotQA,5aba7cfe554299232ef4a2fd,System C,Adaptive-k,The 2017–18 Wigan Athletic F.C. season will be a year in which the team competes in the league cup known as what for sponsorship reasons?,Carabao Cup,Carabao Cup,"[""5aba7cfe554299232ef4a2fd::doc_0::2017–18 Wigan Athletic F.C. season"", ""5aba7cfe554299232ef4a2fd::doc_1::2007–08 Wigan Athletic F.C. season"", ""5aba7cfe554299232ef4a2fd::doc_7::2006–07 Wigan Athletic F.C. season"", ""5aba7cfe554299232ef4a2fd::doc_5::1979–80 Wigan Athletic F.C. season"", ""5aba7cfe554299232ef4a2fd::doc_9::List of Wigan Borough F.C. players"", ""5aba7cfe554299232ef4a2fd::doc_8::1978–79 Wigan Athletic F.C. season"", ""5aba7cfe554299232ef4a2fd::doc_3::Springfield Park (Wigan)"", ""5aba7cfe554299232ef4a2fd::doc_2::EFL Cup"", ""5aba7cfe554299232ef4a2fd::doc_6::Nick Powell"", ""5ae0aaf455429945ae959401::doc_1::National League North""]","[1] 5aba7cfe554299232ef4a2fd::doc_0::2017–18 Wigan Athletic F.C. season: 2017–18 Wigan Athletic F.C. season. The 2017–18 season is Wigan Athletic's 86th year in existence and their first back in League One, after being relegated the previous season.  Along with competing in the league, the club will also participate in the FA Cup, EFL Cup and EFL Trophy.  Paul Cook was appointed as manager on 31 May 2017, signing a 3 year deal, following the departure of much of the previous coaching staff the day before.

[2] 5aba7cfe554299232ef4a2fd::doc_1::2007–08 Wigan Athletic F.C. season: 2007–08 Wigan Athletic F.C. season. The 2007–08 Wigan Athletic F.C. season was the club's 30th season in the Football League and their third season in the Premier League.

[3] 5aba7cfe554299232ef4a2fd::doc_7::2006–07 Wigan Athletic F.C. season: 2006–07 Wigan Athletic F.C. season. The 2006–07 Wigan Athletic F.C. season was the club's 29th season in the Football League and their second season in the Premier League.

[4] 5aba7cfe554299232ef4a2fd::doc_5::1979–80 Wigan Athletic F.C. season: 1979–80 Wigan Athletic F.C. season. The 1979–80 season was the 42nd season in the history of Wigan Athletic F.C. and their second as a professional club in the Football League.

[5] 5aba7cfe554299232ef4a2fd::doc_9::List of Wigan Borough F.C. players: List of Wigan Borough F.C. players. Wigan Borough F.C. was an English football club based in the town of Wigan.  The club was founded in 1920 and joined the Lancashire Combination.  In 1921, Borough turned professional when their application was accepted to play in the inaugural season of the newly formed Football League Third Division North.  The team played in the Football League for ten seasons, with their most successful season coming in 1928–29, finishing fourth in the league and reaching the third round of the FA Cup.  Wigan Borough folded during the 1931–32 season due to financial problems, and League football did not return to the town until Wigan Athletic F.C. were elected into the Football League in 1978.

[6] 5aba7cfe554299232ef4a2fd::doc_8::1978–79 Wigan Athletic F.C. season: 1978–79 Wigan Athletic F.C. season. The 1978–79 season was the 41st season in the history of Wigan Athletic F.C. and their first as a professional club in the Football League.  After finishing 2nd in the Northern Premier League during the previous season, the club was nominated to apply for Football League status, and were elected into the league to replace Southport.  After a poor start, the club exceeded expectations in the league, and towards the end of the season, a second consecutive promotion seemed possible.  The club eventually fell short, finishing the season in 6th place with a total of 55 points.

[7] 5aba7cfe554299232ef4a2fd::doc_3::Springfield Park (Wigan): Springfield Park (Wigan). Springfield Park was a multi-purpose stadium in Wigan, Greater Manchester.  It was the home ground of Wigan Athletic F.C. until the club moved to the new JJB Stadium (now DW Stadium) after the 1998–99 season.  At its largest, the stadium held 40,000.  In its 102-year existence the ground only saw 32 years as a Football League venue, 11 years for Wigan Borough F.C. and 21 years for Wigan Athletic FC, before it was demolished to make way for a housing estate in 1999.

[8] 5aba7cfe554299232ef4a2fd::doc_2::EFL Cup: EFL Cup. The EFL Cup (referred to historically, and colloquially, as simply the League Cup), currently known as the Carabao Cup for sponsorship reasons, is an annual knockout football competition in men's domestic English football.  Organised by the English Football League (EFL), it is open to any club within the top four levels of the English football league system – 92 clubs in total – comprising the top level Premier League, and the three divisions of the English Football League's own league competition (Championship, League One and League Two).

[9] 5aba7cfe554299232ef4a2fd::doc_6::Nick Powell: Nick Powell. Nicholas Edward ""Nick"" Powell (born 23 March 1994) is an English professional footballer who plays for Wigan Athletic as a midfielder.  He began his career at Crewe Alexandra, initially as a forward, making his debut at the age of 16.  After impressing for Crewe Alexandra during the 2011–12 season, including scoring in their 2–0 victory in the League Two play-off Final, he moved to Manchester United in July 2012.  Unable to break into the Manchester United first team, however, he went on loan to Wigan Athletic, Leicester City and Hull City before being released in June 2016.  He joined Wigan Athletic in July 2016.  He has represented England at under-16, under-17, under-18, under-19 and under-21 levels.

[10] 5ae0aaf455429945ae959401::doc_1::National League North: National League North. The National League North, formerly Conference North (currently named the Vanarama National League North for sponsorship reasons), is a division of the National League in England, taking its place immediately below the top division National League.  Along with the National League South, it is at Step 2 of the National League System and the sixth overall tier of the English football league system.  It consists of teams located in Northern England, Norfolk, the English Midlands and North Wales.  From the start of the 2015–16 season, the league has been known as the National League North.  As part of a sponsorship deal with Vanarama, the National League North is now known as the Vanarama National League North.",1.0,1.0,1.0,1601,,,
