dataset,query_id,label,fixed_f1,chosen_f1,chosen_tokens,fixed_tokens,features_json
scifact,230,answer_aware_fallback,0.231884,0.314286,666.0,4120.0,"[13.0, 13.0, 1.0, 0.0, 0.0, 1.0, 0.0, 0.0, 0.0, 0.223002, 0.17762640000000002, 0.029034381499181274, 0.08549999999999999, 0.05093227863427237, 0.023040152106259152, 0.08587366929444579, 0.04582470112375664, 0.16149182518542443, 0.09509780181343666, 6.0, 0.12554552701625435, 0.36095535348349117, 0.5717038683438947, 0.42829613165610514, 1.1925942167721097, 0.4282177341632064, 2.2891709387198014, 0.9941743068192966]"
scifact,232,answer_aware_fallback,0.121212,0.119403,537.0,4198.0,"[12.0, 12.0, 1.0, 0.0, 0.0, 3.0, 1.0, 0.0, 0.0, 0.511778, 0.20592799999999997, 0.1717081106110017, 0.44095599999999996, 0.10944003063828453, 0.05886341343316821, 0.5350347220865298, 0.025739676187722032, 0.790073039481963, 0.5350347220865298, 3.0, 0.24852278466260053, 0.6765427722310711, 0.8024416300843014, 0.1975583699156987, 4.763561562232399, 0.727693860996621, 1.9891365657855014, 0.8638710342726278]"
scifact,233,answer_aware_fallback,0.219178,0.263158,664.0,2878.0,"[12.0, 11.0, 0.9166666666666666, 0.0, 0.0, 2.0, 0.0, 0.0, 0.0, 0.303307, 0.16814469999999998, 0.047623605917758896, 0.168767, 0.4044515952483787, 0.03233687320108004, 0.018548863033164394, 0.04045406139653883, 0.4627126970363361, 0.4044515952483787, 1.0, 0.1803845140524798, 0.38940686206582786, 0.5845738819005297, 0.41542611809947033, 1.8612016224541768, 0.46413971394566284, 2.2682655500535263, 0.9850952118794907]"
scifact,236,adaptive_k_full,0.123077,0.126984,457.0,2877.0,"[10.0, 9.0, 0.9, 0.0, 0.0, 2.0, 0.0, 0.0, 0.0, 0.327317, 0.17783359999999998, 0.05231690641886235, 0.18586800000000003, 0.4044519533052057, 0.05088339438525956, 0.019100749426396977, 0.009541209286410382, 0.5033133017838977, 0.4044519533052057, 1.0, 0.1840580182822594, 0.3939233080812625, 0.5820767279074371, 0.41792327209256297, 2.0133416167406843, 0.4690195038701769, 2.265947211294477, 0.9840883701492532]"
scifact,237,coverage_guided_ultra,0.123077,0.163265,457.0,3271.0,"[12.0, 11.0, 0.9166666666666666, 0.0, 0.0, 2.0, 0.0, 0.0, 0.0, 0.399875, 0.1791714, 0.09823868267052444, 0.29247799999999996, 0.1792310096905282, 0.3246514535792436, 0.05886089402938419, 0.05507971241012818, 0.6604763988746484, 0.3246514535792436, 2.0, 0.2231801504034684, 0.5170830835724898, 0.690445015220063, 0.3095549847799369, 2.9453033505932957, 0.5883692189667172, 2.173011534256459, 0.943726918439699]"
scifact,238,coverage_guided_ultra,0.126984,0.153846,360.0,2906.0,"[7.0, 7.0, 1.0, 0.0, 0.0, 1.0, 0.0, 0.0, 0.0, 0.38225, 0.2085003, 0.06533771374948774, 0.22580099999999997, 0.33874950948332233, 0.03406409417920211, 0.12858600392413344, 0.009457161543492498, 0.5314872465663832, 0.33874950948332233, 1.0, 0.18333306954474404, 0.41954615892639, 0.5968499805515868, 0.4031500194484133, 2.1344136155766127, 0.4963805144169413, 2.25981322065889, 0.9814244118641715]"
scifact,239,answer_aware_fallback,0.190476,0.238806,646.0,2328.0,"[8.0, 8.0, 1.0, 0.0, 0.0, 1.0, 0.0, 0.0, 0.0, 0.235217, 0.19949429999999999, 0.022482994320374677, 0.06796200000000002, 0.024356232755285593, 0.0513398266281774, 0.015288010645489007, 0.013145308374819895, 0.1562472100230851, 0.0652631399941331, 4.0, 0.11790662690613217, 0.34192305243808974, 0.548586099953733, 0.45141390004626697, 1.1851812662182248, 0.41218940782409175, 2.2962506468878394, 0.997248985010161]"
scifact,248,coverage_guided_ultra,0.266667,0.352941,500.0,2816.0,"[8.0, 8.0, 1.0, 0.0, 0.0, 1.0, 0.0, 0.0, 0.0, 0.355301, 0.2006272, 0.07281448506279502, 0.22375199999999998, 0.16957452976490348, 0.16983909417648702, 0.025004151409649854, 0.13349526176396914, 0.45440063495458777, 0.16983909417648702, 2.0, 0.17709512967334437, 0.4411460659372209, 0.6503275727319128, 0.3496724272680873, 1.8328467077977013, 0.5093158301496022, 2.241085958594517, 0.9732912652884582]"
scifact,249,fixed_10_full,0.305085,0.305085,2806.0,2806.0,"[8.0, 8.0, 1.0, 0.0, 0.0, 1.0, 0.0, 0.0, 0.0, 0.347561, 0.1951099, 0.0711228154004747, 0.21887800000000002, 0.1599057431645092, 0.20451086284134304, 0.017668840865344444, 0.1334959906318603, 0.4543979330247065, 0.20451086284134304, 2.0, 0.1781360146256033, 0.4410073502164677, 0.6482715638724637, 0.3517284361275363, 1.8328376311765018, 0.5096184712553408, 2.241009238048773, 0.973257945978793]"
scifact,261,coverage_guided_ultra,0.260870,0.294118,525.0,3871.0,"[12.0, 12.0, 1.0, 0.0, 0.0, 2.0, 0.0, 0.0, 0.0, 0.315899, 0.22660589999999997, 0.04159977793798904, 0.129878, 0.08553999854383836, 0.14052276202203864, 0.05980392467212629, 0.0329409083282948, 0.32726599324467626, 0.14052276202203864, 2.0, 0.1394045786098244, 0.37477488450212465, 0.5681105390459825, 0.43188946095401753, 1.4864716068437198, 0.44994704554401094, 2.2866463047915895, 0.9930778722354485]"
scifact,268,coverage_guided_ultra,0.112676,0.115942,522.0,3142.0,"[5.0, 5.0, 1.0, 0.0, 0.0, 2.0, 0.0, 0.0, 0.0, 0.359974, 0.2390675, 0.05615396272080894, 0.17788600000000002, 0.08910365748637407, 0.20222849428014245, 0.06974670392861704, 0.0036558195869702023, 0.3970175623795052, 0.20222849428014245, 2.0, 0.15057421021259687, 0.3944388091229465, 0.5814374601315528, 0.41856253986844727, 1.6584230942881626, 0.46854759809574825, 2.2769470154672016, 0.9888655244034837]"
scifact,269,coverage_guided_ultra,0.108108,0.150943,503.0,3091.0,"[5.0, 5.0, 1.0, 0.0, 0.0, 2.0, 0.0, 0.0, 0.0, 0.338613, 0.2331146, 0.052773800420663285, 0.169526, 0.050931299152720017, 0.2107007114316344, 0.07267293340775455, 0.030613118811150152, 0.3411327976185203, 0.2107007114316344, 2.0, 0.1452560242901989, 0.39036636915920325, 0.5827670167376904, 0.4172329832623096, 1.5177565317950166, 0.46194679394048305, 2.2783721626319564, 0.9894844579530369]"
scifact,274,answer_aware_fallback,0.208955,0.250000,1235.0,5935.0,"[22.0, 21.0, 0.9545454545454546, 0.0, 1.0, 1.0, 0.0, 0.0, 0.0, 0.571189, 0.2135533, 0.1652979106117497, 0.48813499999999993, 0.29070587843953577, 0.04745539567463653, 0.3247348951047727, 0.038607186062756815, 0.782585098802673, 0.3247348951047727, 3.0, 0.2674690580758995, 0.6342046692792853, 0.7825212722069853, 0.21747872779301466, 4.5995007448564635, 0.6877309168019077, 2.0379064442675943, 0.8850515233804929]"
scifact,275,answer_aware_fallback,0.295082,0.290323,1182.0,3980.0,"[16.0, 16.0, 1.0, 0.0, 3.0, 3.0, 1.0, 0.0, 0.0, 0.275544, 0.219578, 0.03980086951060241, 0.11818900000000002, 0.001731120982492833, 0.03902099120285683, 0.12915178701042315, 0.035047034230467726, 0.20875794791394484, 0.12915178701042315, 3.0, 0.12548798149177057, 0.37113280929783493, 0.5745912614196322, 0.4254087385803678, 1.263835759693976, 0.4352760515007705, 2.286029519019956, 0.9928100055783117]"
scifact,279,coverage_guided_ultra,0.375000,0.484848,405.0,3004.0,"[11.0, 11.0, 1.0, 0.0, 1.0, 2.0, 0.0, 0.0, 0.0, 0.296032, 0.12330990000000001, 0.07034939538681197, 0.22715600000000002, 0.36255877742946707, 0.08614609231434438, 0.12037549994595179, 0.06854664360609665, 0.6757546481461464, 0.36255877742946707, 1.0, 0.24007155954225895, 0.5254533496499469, 0.7067469846297824, 0.2932530153702176, 3.0840843030827094, 0.5928192253429633, 2.162443738428564, 0.9391373830257642]"
scifact,294,answer_aware_fallback,0.125000,0.137931,660.0,2501.0,"[12.0, 12.0, 1.0, 0.0, 0.0, 2.0, 0.0, 0.0, 0.0, 0.144244, 0.1200048, 0.016951864444951184, 0.050067000000000014, 0.008984775796567061, 0.05704916668977556, 0.008284573361803622, 0.06241507445716977, 0.1601869055212003, 0.08586838967305405, 4.0, 0.12019852539231765, 0.35157843686252555, 0.5637882818020612, 0.43621171819793875, 1.1907411382060131, 0.4205656106116534, 2.2926010547818825, 0.9956639872973462]"
scifact,295,adaptive_k_full,0.303030,0.333333,710.0,2916.0,"[18.0, 17.0, 0.9444444444444444, 0.0, 0.0, 3.0, 2.0, 1.0, 0.0, 0.456547, 0.27836150000000004, 0.09108024080913489, 0.261954, 0.06578950250467094, 0.20645848072597117, 0.13271141853960272, 0.0026240452790183806, 0.4571511804918223, 0.20645848072597117, 2.0, 0.16401226462711258, 0.4365945003170338, 0.6232223206154587, 0.3767776793845413, 1.8421335076421503, 0.5076266528104042, 2.252730671847252, 0.9783484999974666]"
scifact,298,answer_aware_fallback,0.376812,0.361111,744.0,2824.0,"[13.0, 13.0, 1.0, 0.0, 0.0, 1.0, 1.0, 0.0, 0.0, 0.263568, 0.1964963, 0.034402234067135815, 0.10436600000000001, 0.05744248163661755, 0.08754097614277913, 0.13999802707460687, 0.01368906695805257, 0.3023735810113519, 0.13999802707460687, 3.0, 0.1341338233849696, 0.37524930494874464, 0.564732771049633, 0.435267228950367, 1.433431952662722, 0.44887156756927876, 2.2878797927812013, 0.9936135692628308]"
scifact,300,coverage_guided_ultra,0.119403,0.123077,604.0,3284.0,"[28.0, 15.0, 0.5357142857142857, 0.0, 1.0, 3.0, 0.0, 0.0, 0.0, 0.493732, 0.24393950000000003, 0.11362377624709541, 0.345806, 0.1734301199841209, 0.2219017604692425, 0.1548228593649996, 0.08375393938411932, 0.5646646358753332, 0.2219017604692425, 2.0, 0.20239936541642495, 0.49208102828775163, 0.6712410249262624, 0.3287589750737375, 2.297079636548044, 0.5615718284978592, 2.2058887413162016, 0.9580053080461359]"
scifact,303,coverage_guided_ultra,0.090909,0.090909,420.0,3105.0,"[14.0, 13.0, 0.9285714285714286, 0.0, 1.0, 2.0, 0.0, 0.0, 0.0, 0.44821, 0.13920369999999999, 0.10478445342229925, 0.362001, 0.6528613819415006, 0.08971910488387143, 0.009288056937596215, 0.0019477477075477985, 0.7733740880390888, 0.6528613819415006, 1.0, 0.3219813841155084, 0.516637847988236, 0.6695008825196457, 0.3304991174803543, 4.412558084586911, 0.5900389460047734, 2.1064082533415043, 0.9148014810616821]"
scifact,312,task_aware_coverage_ultra,0.106667,0.242424,457.0,2632.0,"[14.0, 12.0, 0.8571428571428571, 0.0, 0.0, 1.0, 0.0, 0.0, 0.0, 0.192228, 0.1480104, 0.023655063864635836, 0.06989900000000002, 0.03953118172170559, 0.12024783070104249, 0.03569719291674459, 0.00419813970909546, 0.26213142726345806, 0.12024783070104249, 2.0, 0.12987465745650306, 0.3637386291774091, 0.5640563095566258, 0.4359436904433743, 1.355254901684304, 0.4358517052887916, 2.2901795439600505, 0.9946123385095555]"
scifact,314,fixed_10_full,0.294118,0.294118,2918.0,2918.0,"[23.0, 18.0, 0.782608695652174, 0.0, 0.0, 3.0, 0.0, 0.0, 0.0, 0.270426, 0.18844460000000002, 0.041497853412435684, 0.121224, 0.08202613654012561, 0.08246618298536379, 0.15457833196512172, 0.050579456117385145, 0.35101654426719325, 0.15457833196512172, 3.0, 0.14350424474885456, 0.3951362893922139, 0.5859844219468214, 0.4140155780531785, 1.5408713291016627, 0.4715330953967116, 2.2795593703055057, 0.9900000556945325]"
scifact,324,coverage_guided_ultra,0.059701,0.131148,350.0,3500.0,"[6.0, 6.0, 1.0, 0.0, 0.0, 3.0, 0.0, 0.0, 0.0, 0.223356, 0.139493, 0.035370009403448005, 0.12248099999999999, 0.22528161320940562, 0.04110030623757586, 0.14660452371998065, 0.005882985010476591, 0.4173427174555418, 0.22528161320940562, 1.0, 0.1601198626454374, 0.40163449061960094, 0.5889220247610991, 0.41107797523890083, 1.7162747810050714, 0.47126373936032856, 2.2727198443568257, 0.9870296873161867]"
scifact,327,task_aware_coverage_ultra,0.338028,0.470588,368.0,3301.0,"[12.0, 12.0, 1.0, 0.0, 1.0, 1.0, 0.0, 0.0, 0.0, 0.239846, 0.1503061, 0.03108889462959402, 0.10972200000000001, 0.33744569432052235, 0.03355486437130492, 0.01827839530365317, 0.01142399706478332, 0.419552546217156, 0.33744569432052235, 1.0, 0.15957170068280663, 0.3656671286128773, 0.5557439119237343, 0.4442560880762657, 1.7228088321912396, 0.44273707240292115, 2.2838029314796926, 0.9918430108961007]"
scifact,338,adaptive_k_full,0.202899,0.238806,831.0,4389.0,"[6.0, 6.0, 1.0, 0.0, 0.0, 1.0, 0.0, 0.0, 0.0, 0.484631, 0.19234579999999998, 0.10636599282458657, 0.35919, 0.4314829220582257, 0.19348741619912888, 0.014803015077450651, 0.011559310073024623, 0.7009580484946278, 0.4314829220582257, 1.0, 0.2519581919646803, 0.4896925225297355, 0.6558006465438808, 0.3441993534561192, 3.3440124202173536, 0.563566968463326, 2.181978542086452, 0.9476212404594484]"
scifact,343,coverage_guided_ultra,0.108108,0.285714,689.0,4759.0,"[17.0, 16.0, 0.9411764705882353, 0.0, 0.0, 1.0, 1.0, 0.0, 0.0, 0.280537, 0.2207729, 0.03175643477612057, 0.09523999999999999, 0.05093802243554316, 0.0756442109240493, 0.05435646634846735, 0.009824016083439906, 0.24974602280626082, 0.0756442109240493, 2.0, 0.12707039677424176, 0.3586536209833725, 0.5580671359573571, 0.44193286404264287, 1.3328819711698356, 0.43151631544872115, 2.2924960501238356, 0.9956183843537824]"
scifact,350,fixed_10_full,0.405063,0.405063,2944.0,2944.0,"[14.0, 13.0, 0.9285714285714286, 0.0, 1.0, 2.0, 2.0, 1.0, 0.0, 0.293449, 0.19893650000000002, 0.06111950362077559, 0.16204400000000002, 0.026035188397302546, 0.02473683672460959, 0.28570893068301484, 0.00031351273986283387, 0.354385259448831, 0.28570893068301484, 3.0, 0.14750887846121752, 0.43119688945970197, 0.6243057458033091, 0.3756942541966909, 1.548911350980444, 0.49751159525274663, 2.2566670894619576, 0.9800580644460001]"
scifact,354,adaptive_k_full,0.349206,0.423077,402.0,2663.0,"[11.0, 10.0, 0.9090909090909091, 0.0, 0.0, 2.0, 1.0, 0.0, 0.0, 0.51639, 0.1505321, 0.12356362845550466, 0.426688, 0.7115552198919421, 0.01483762272700866, 0.037752473905381584, 0.006541567419973288, 0.7977865566722826, 0.7115552198919421, 1.0, 0.34304311173497215, 0.5358511573279056, 0.6861274106984491, 0.313872589301551, 4.945269629672192, 0.608727610264847, 2.0750665941218536, 0.9011899714088957]"
scifact,362,adaptive_k_full,0.114286,0.115942,573.0,2814.0,"[25.0, 23.0, 0.92, 0.0, 0.0, 2.0, 2.0, 0.0, 0.0, 0.239094, 0.1671108, 0.030080552783484548, 0.103661, 0.14376354069947392, 0.16087396588789346, 0.00987895973968387, 0.023425932896684966, 0.3170343044994856, 0.16087396588789346, 2.0, 0.14307513338455682, 0.3650703605033307, 0.5608614164973179, 0.4391385835026821, 1.4642023846705003, 0.4379328563060631, 2.2874103789844784, 0.9934097054411849]"
scifact,380,answer_aware_fallback,0.337349,0.379747,878.0,3242.0,"[12.0, 12.0, 1.0, 0.0, 0.0, 1.0, 0.0, 0.0, 0.0, 0.214372, 0.18020229999999998, 0.020309715537397365, 0.059553999999999996, 0.03938480771742581, 0.016765249192991685, 0.08976918627432678, 0.02590356949601628, 0.1538867016214805, 0.08976918627432678, 3.0, 0.11896185564779141, 0.34552056216818544, 0.5477788019353804, 0.45222119806461963, 1.1818748173753881, 0.41780893157549687, 2.2962896440598968, 0.9972659212667954]"
scifact,384,task_aware_coverage_ultra,0.210526,0.220000,504.0,4615.0,"[13.0, 13.0, 1.0, 0.0, 0.0, 1.0, 0.0, 0.0, 0.0, 0.410942, 0.14980880000000002, 0.08888368209047147, 0.305299, 0.5932102340476271, 0.08041280764682125, 0.02541477872789833, 0.01595845642450758, 0.7024470606557616, 0.5932102340476271, 1.0, 0.27431098840655554, 0.47542667720454335, 0.6396059510522746, 0.36039404894772537, 3.3607465017951044, 0.5535274766012311, 2.173613445063334, 0.9439883249817229]"
scifact,385,adaptive_k_full,0.285714,0.298507,385.0,2900.0,"[13.0, 13.0, 1.0, 0.0, 0.0, 2.0, 0.0, 0.0, 0.0, 0.296814, 0.16884090000000002, 0.04350537776976544, 0.158398, 0.4296832359659585, 0.020339337093263844, 0.008261065852688921, 4.042935980112798e-05, 0.4750449776627787, 0.4296832359659585, 1.0, 0.17579508282649525, 0.3727372929189551, 0.5602528771168597, 0.4397471228831402, 1.904925103007432, 0.4474671402995093, 2.2745129020386883, 0.9878084023731538]"
scifact,386,coverage_guided_ultra,0.390805,0.478873,355.0,3697.0,"[17.0, 16.0, 0.9411764705882353, 0.0, 0.0, 2.0, 2.0, 0.0, 0.0, 0.336896, 0.1525366, 0.06623781298956057, 0.23127999999999999, 0.4432436122720364, 0.10142002279635261, 0.000311668882978788, 0.010415677241641292, 0.6171221979483282, 0.4432436122720364, 1.0, 0.2208624028593793, 0.4443956401283364, 0.629456799220646, 0.37054320077935393, 2.6117993642918056, 0.5160875268658386, 2.2254262457701217, 0.9664903384206337]"
scifact,388,coverage_guided_ultra,0.210526,0.307692,459.0,2770.0,"[9.0, 9.0, 1.0, 0.0, 0.0, 2.0, 0.0, 0.0, 0.0, 0.404851, 0.22916720000000002, 0.08303728335247969, 0.256772, 0.08138302733598295, 0.3465892390039792, 0.0666788522197055, 0.0065653783737721315, 0.4963900299122393, 0.3465892390039792, 2.0, 0.17666184340516444, 0.44000188508652194, 0.6182464157174324, 0.38175358428256745, 1.9856636274014527, 0.5082902003641518, 2.2437191744468614, 0.9744348564027915]"
scifact,399,fixed_10_full,0.447059,0.447059,4905.0,4905.0,"[11.0, 10.0, 0.9090909090909091, 0.0, 0.0, 1.0, 0.0, 0.0, 0.0, 0.450717, 0.20831, 0.10984859878851436, 0.34964399999999995, 0.2305837143928451, 0.20097533485535277, 0.04999367674172485, 0.045878012145093267, 0.5945837410170906, 0.2305837143928451, 1.0, 0.21636839326004512, 0.5058384139023571, 0.7057332821275983, 0.2942667178724017, 2.4666006304452517, 0.5613468334901344, 2.1753707690483943, 0.9447515210913509]"
scifact,410,adaptive_k_full,0.170732,0.172840,327.0,2986.0,"[9.0, 9.0, 1.0, 0.0, 0.0, 1.0, 0.0, 0.0, 0.0, 0.632445, 0.266095, 0.1276618091826996, 0.45732400000000006, 0.5365715595822562, 0.013612250867664346, 0.06251768928523431, 0.010467313363217377, 0.6474428606440086, 0.5365715595822562, 1.0, 0.2376763937691426, 0.45473308404892987, 0.6305793043837726, 0.36942069561622726, 2.836419656191557, 0.5250058790911749, 2.2120857581432185, 0.960696638258371]"
scifact,411,adaptive_k_full,0.303797,0.289157,333.0,2986.0,"[9.0, 9.0, 1.0, 0.0, 0.0, 1.0, 0.0, 0.0, 0.0, 0.610323, 0.2581281, 0.12346337154755654, 0.44019499999999995, 0.5288068776696929, 0.013840212477655246, 0.06356470262467583, 0.010643544483822504, 0.6415340729417046, 0.5288068776696929, 1.0, 0.23644190616984354, 0.45598909998562726, 0.6338535014204187, 0.3661464985795812, 2.789665417314197, 0.5256208902236165, 2.211998001929192, 0.9606585262188665]"
scifact,415,adaptive_k_full,0.338028,0.352941,487.0,4255.0,"[13.0, 13.0, 1.0, 0.0, 2.0, 4.0, 0.0, 0.0, 0.0, 0.473495, 0.2377672, 0.08428280440493184, 0.297792, 0.4430162937306624, 0.026845056441989826, 0.03405315790029467, 0.08206422454302581, 0.5071817020243086, 0.4430162937306624, 1.0, 0.1991422702542655, 0.4156342842915255, 0.6125668300758053, 0.3874331699241948, 2.0291454357673335, 0.48784824723702636, 2.2497480014227973, 0.9770531426907899]"
scifact,421,adaptive_k_full,0.135593,0.173913,306.0,3298.0,"[13.0, 12.0, 0.9230769230769231, 0.0, 0.0, 1.0, 0.0, 0.0, 0.0, 0.177898, 0.1195371, 0.022177220030698167, 0.079183, 0.23026678208861256, 0.08221003046689676, 0.014862449268682095, 0.016509460477352165, 0.35765438622131784, 0.23026678208861256, 1.0, 0.14882241580229066, 0.3656948344907146, 0.5613972565839392, 0.4386027434160608, 1.556794315317838, 0.4392198274432891, 2.2867809473885288, 0.9931363467723284]"
scifact,431,answer_aware_fallback,0.265060,0.282051,808.0,2561.0,"[12.0, 12.0, 1.0, 0.0, 1.0, 2.0, 0.0, 0.0, 0.0, 0.333965, 0.2564707, 0.042707792043256, 0.130996, 0.10604105220606949, 0.02480499453535554, 0.035243214109262955, 0.11395804949620479, 0.17928824876858349, 0.11395804949620479, 5.0, 0.1302156542638204, 0.35980055421535484, 0.5752583043599133, 0.42474169564008674, 1.2184545895676222, 0.42834729077416334, 2.2887952070626354, 0.9940111286339132]"
scifact,436,coverage_guided_ultra,0.296296,0.292683,498.0,2546.0,"[14.0, 14.0, 1.0, 0.0, 1.0, 3.0, 0.0, 0.0, 0.0, 0.321176, 0.1318512, 0.06533066418122503, 0.22215800000000002, 0.5087553241836252, 0.1189098811866391, 0.02347622487358953, 7.783894188859417e-05, 0.6751220514608812, 0.5087553241836252, 1.0, 0.24358974358974358, 0.4539488453650782, 0.6180641511036683, 0.3819358488963316, 3.0780790278217034, 0.5343980157514904, 2.208245104560332, 0.9590286636004215]"
scifact,437,coverage_guided_ultra,0.119403,0.119403,1520.0,3362.0,"[21.0, 18.0, 0.8571428571428571, 0.0, 0.0, 3.0, 0.0, 0.0, 0.0, 0.237099, 0.1872249, 0.0382611515860409, 0.098606, 0.04642786346631583, 0.02112619623026662, 0.0005946882947629566, 0.2436788008384683, 0.0786000784482432, 0.2436788008384683, 5.0, 0.1266386041600236, 0.36548130083124625, 0.6001744426088623, 0.39982555739113756, 1.0853050630999301, 0.43072681436066584, 2.281499471041542, 0.9908426307385294]"
scifact,439,task_aware_coverage_ultra,0.173913,0.258065,457.0,3036.0,"[15.0, 15.0, 1.0, 0.0, 0.0, 3.0, 1.0, 0.0, 0.0, 0.243558, 0.1461904, 0.04164385624362854, 0.136529, 0.25026071818622264, 0.014366187930595596, 0.15052677391011587, 0.008790513963819723, 0.43359281978009345, 0.25026071818622264, 1.0, 0.16660327901148092, 0.4140278705031247, 0.6058304786087185, 0.3941695213912816, 1.765514341841062, 0.48529449495678384, 2.2649570196467717, 0.983658335380628]"
scifact,440,coverage_guided_ultra,0.228571,0.258065,455.0,2876.0,"[15.0, 15.0, 1.0, 0.0, 0.0, 3.0, 1.0, 0.0, 0.0, 0.242138, 0.1472814, 0.03995894108006367, 0.13511099999999998, 0.25025811727196884, 0.014371969703227131, 0.15052160338319473, 0.008788376875996295, 0.4335957181441988, 0.25025811727196884, 1.0, 0.16440500972967392, 0.4085648289600723, 0.5978365224665164, 0.40216347753348347, 1.7655233762067257, 0.47871426389348537, 2.268517966426156, 0.9852048349172658]"
scifact,443,answer_aware_fallback,0.395349,0.415584,689.0,3202.0,"[10.0, 10.0, 1.0, 0.0, 1.0, 2.0, 0.0, 0.0, 0.0, 0.478193, 0.3244744, 0.07983755728878483, 0.243384, 0.05189954683569188, 0.19069287923495323, 0.07205668004341335, 0.05204593124533404, 0.33443818709182266, 0.19069287923495323, 2.0, 0.1473746465052405, 0.3987232891100192, 0.59781357173324, 0.40218642826676004, 1.5024900476643823, 0.46895043589114377, 2.2737581279006287, 0.9874806081299112]"
scifact,452,task_aware_coverage_ultra,0.285714,0.275000,1297.0,2454.0,"[10.0, 10.0, 1.0, 0.0, 0.0, 1.0, 0.0, 0.0, 0.0, 0.134393, 0.11538010000000001, 0.011422700210107942, 0.03919400000000001, 0.05297894979649249, 0.025269173245630324, 0.020231708496722293, 0.014718028468744707, 0.12281145595380714, 0.05556092951269773, 9.0, 0.11647849152496835, 0.334150343083426, 0.5413316507786005, 0.45866834922139954, 1.1400057681867535, 0.4033146570481706, 2.2976469855144983, 0.9978554071705873]"
scifact,475,task_aware_coverage_ultra,0.250000,0.262295,511.0,2893.0,"[10.0, 10.0, 1.0, 0.0, 0.0, 1.0, 0.0, 0.0, 0.0, 0.291796, 0.1823661, 0.05279178675599075, 0.163239, 0.08887373370436875, 0.2529232751648412, 0.0349593551659379, 0.013478594634607807, 0.40124607602571655, 0.2529232751648412, 2.0, 0.16000561507867964, 0.4111071081741618, 0.6066335793768689, 0.39336642062313115, 1.6701351923715329, 0.478620954701079, 2.263450136793793, 0.9830039044727047]"
scifact,478,adaptive_k_full,0.057143,0.119403,576.0,2973.0,"[26.0, 24.0, 0.9230769230769231, 0.0, 1.0, 3.0, 0.0, 0.0, 0.0, 0.330446, 0.21898230000000002, 0.0555051240428305, 0.16809600000000002, 0.05445065154367139, 0.25175369046682355, 0.011215145591110157, 0.05478656119305426, 0.3721606555987968, 0.25175369046682355, 2.0, 0.1509007805653699, 0.39827922165398755, 0.5960226009134072, 0.4039773990865928, 1.592764150443203, 0.4689635184698265, 2.272515013520943, 0.9869407304144391]"
scifact,491,answer_aware_fallback,0.117647,0.133333,847.0,3946.0,"[14.0, 14.0, 1.0, 0.0, 2.0, 1.0, 0.0, 0.0, 0.0, 0.284899, 0.1694889, 0.0397642727670204, 0.14034000000000002, 0.3938378162085512, 0.004127778616281498, 0.028585568920915877, 0.036507674649612645, 0.4274848279565741, 0.3938378162085512, 1.0, 0.16809301376078314, 0.3711824196156798, 0.5638109634318236, 0.4361890365681765, 1.7466786014260403, 0.4476799542295667, 2.278839351190962, 0.9896873553662213]"
scifact,501,answer_aware_fallback,0.179487,0.181818,926.0,3455.0,"[7.0, 7.0, 1.0, 0.0, 0.0, 1.0, 0.0, 0.0, 0.0, 0.242755, 0.1742926, 0.03348437504628091, 0.11665800000000001, 0.12331774834709888, 0.10679079730592574, 0.02809828839776727, 0.029107536405017474, 0.27765030586393685, 0.12539803505592056, 8.0, 0.13928015303001964, 0.368615190776889, 0.5725412323873762, 0.4274587676126238, 1.3843710437172805, 0.43155305470341637, 2.284361101298347, 0.9920854209683073]"
scifact,502,adaptive_k_full,0.109589,0.133333,416.0,3021.0,"[16.0, 15.0, 0.9375, 0.0, 0.0, 1.0, 1.0, 0.0, 0.0, 0.199707, 0.1314765, 0.02924715521978163, 0.103375, 0.19812525349637214, 0.07230592818479076, 0.029898801744555795, 0.010565478425893938, 0.3889948774955309, 0.19812525349637214, 1.0, 0.15189558590318422, 0.3845151034595536, 0.5836008716386579, 0.4163991283613422, 1.6366474897969217, 0.45515374303265366, 2.2792676627300277, 0.989873368704173]"
scifact,507,coverage_guided_ultra,0.213333,0.293333,604.0,2719.0,"[16.0, 16.0, 1.0, 0.0, 1.0, 3.0, 0.0, 0.0, 0.0, 0.273855, 0.2004871, 0.03457809036210647, 0.09971400000000002, 0.04900768654945141, 0.20421025725292583, 0.04388818900513046, 0.014953168647641953, 0.32052363477022516, 0.20421025725292583, 2.0, 0.13659482330783376, 0.3685020133464946, 0.5573266309902233, 0.4426733690097767, 1.4717215361300102, 0.4461866630591609, 2.2886461277233847, 0.9939463842995108]"
scifact,508,answer_aware_fallback,0.200000,0.228571,562.0,2502.0,"[11.0, 11.0, 1.0, 0.0, 1.0, 3.0, 0.0, 0.0, 0.0, 0.241647, 0.15694360000000002, 0.03369205940039878, 0.11521600000000001, 0.18195963533584117, 0.19592215090607373, 0.008599320496426591, 0.004514850174014082, 0.39639639639639646, 0.19592215090607373, 2.0, 0.15397059835507787, 0.37571267640094913, 0.5631137555147199, 0.43688624448528, 1.6567164179104479, 0.44861066625482054, 2.2815956833850937, 0.990884415228425]"
scifact,513,coverage_guided_ultra,0.428571,0.428571,844.0,4045.0,"[7.0, 7.0, 1.0, 0.0, 0.0, 1.0, 0.0, 0.0, 0.0, 0.303791, 0.1831642, 0.05605186633253169, 0.16352999999999998, 0.06641078899638238, 0.38187767247877646, 0.0043253420937421115, 0.014625186394593662, 0.4656622480586982, 0.38187767247877646, 2.0, 0.1658571926173346, 0.4122050051265477, 0.5916167023905325, 0.40838329760946734, 1.8714754785094283, 0.4885847703752789, 2.2608869521761155, 0.981890727537148]"
scifact,514,coverage_guided_ultra,0.488372,0.465116,2248.0,4626.0,"[22.0, 22.0, 1.0, 0.0, 2.0, 3.0, 0.0, 0.0, 0.0, 0.381639, 0.29439350000000003, 0.056739929404697007, 0.15738000000000002, 0.05790550756081003, 0.016955814264265456, 0.06682231113696457, 0.12721970238890676, 0.17355668576848807, 0.12721970238890676, 5.0, 0.1296356747006982, 0.3716957065967829, 0.5901006645866841, 0.40989933541331586, 1.210004343649236, 0.438788624396652, 2.2840102415989523, 0.9919330445369379]"
scifact,516,answer_aware_fallback,0.450000,0.459459,1028.0,4130.0,"[15.0, 14.0, 0.9333333333333333, 0.0, 0.0, 3.0, 0.0, 0.0, 0.0, 0.498145, 0.35829, 0.08024404526941548, 0.20937, 0.054492165935621215, 0.00715855825111154, 0.26367222395085765, 0.0015658091519537543, 0.3772616406869486, 0.26367222395085765, 3.0, 0.13903402271902648, 0.40095425493315473, 0.5813391386865387, 0.41866086131346114, 1.6058108273643357, 0.47801342356914145, 2.2787279191224092, 0.9896389610337417]"
scifact,517,coverage_guided_ultra,0.117647,0.126984,312.0,4255.0,"[8.0, 7.0, 0.875, 0.0, 0.0, 1.0, 0.0, 0.0, 0.0, 0.35172, 0.2104146, 0.05043908409596669, 0.185405, 0.3554759467758444, 0.044993176390310495, 0.010758557943818975, 0.015370180825656757, 0.42459626976003634, 0.3554759467758444, 1.0, 0.16715570117282735, 0.3751065753041851, 0.5697052390851205, 0.43029476091487945, 1.7379101793152518, 0.44634903579709323, 2.2772976744395383, 0.9890178136601995]"
scifact,521,coverage_guided_ultra,0.085714,0.085714,1073.0,4247.0,"[27.0, 26.0, 0.9629629629629629, 0.0, 1.0, 4.0, 1.0, 0.0, 0.0, 0.283484, 0.212181, 0.042047143543884176, 0.12430000000000002, 0.008907028262617994, 0.16647147634434398, 0.020237473719857176, 0.04917385108154255, 0.25020106954889876, 0.16647147634434398, 2.0, 0.13360479967574854, 0.37619296732506685, 0.583839269303095, 0.416160730696905, 1.3336908861664691, 0.44560574155414084, 2.283405891983984, 0.9916705788340169]"
scifact,525,adaptive_k_full,0.444444,0.444444,415.0,2492.0,"[21.0, 20.0, 0.9523809523809523, 0.0, 0.0, 1.0, 1.0, 0.0, 0.0, 0.373085, 0.2527485, 0.050280362646365234, 0.171116, 0.21253333690713913, 0.01168098422611462, 0.10532720425640268, 0.012841577656566246, 0.34787782944905316, 0.21253333690713913, 1.0, 0.14761116287534842, 0.37836465893961785, 0.5735923259683045, 0.42640767403169555, 1.5334549953349197, 0.4519396129044454, 2.2839974434806685, 0.9919274863847886]"
scifact,527,fixed_10_full,0.218750,0.218750,3326.0,3326.0,"[18.0, 18.0, 1.0, 0.0, 0.0, 3.0, 1.0, 0.0, 0.0, 0.236623, 0.146241, 0.040406699716754896, 0.12535000000000002, 0.11969673277745607, 0.25016164954378917, 0.029244832497263503, 0.04880337076277455, 0.4218862916960735, 0.25016164954378917, 2.0, 0.161803461409591, 0.40619867205503246, 0.5969666509392031, 0.4030333490607969, 1.729763514748346, 0.4800494248981561, 2.2677373419490303, 0.9848658140144114]"
scifact,528,task_aware_coverage_ultra,0.473684,0.455696,560.0,3057.0,"[28.0, 28.0, 1.0, 0.0, 0.0, 9.0, 1.0, 1.0, 0.0, 0.392642, 0.1454537, 0.08893726606777387, 0.29935999999999996, 0.45571538449783766, 0.2258418610337152, 0.021834138986659632, 0.02118723926630364, 0.7105964211673738, 0.45571538449783766, 1.0, 0.2699429440433623, 0.5028301102000156, 0.6610199671785593, 0.3389800328214408, 3.4553822866798085, 0.5774728845101604, 2.1594954571851575, 0.9378569607506538]"
scifact,532,fixed_10_full,0.294118,0.294118,4177.0,4177.0,"[7.0, 7.0, 1.0, 0.0, 0.0, 1.0, 0.0, 0.0, 0.0, 0.200312, 0.13252239999999998, 0.03546533327405792, 0.10629199999999998, 0.13029174487799025, 0.013523902711769724, 0.17859139742002478, 0.0542304005751029, 0.3605425536163584, 0.17859139742002478, 3.0, 0.15115331445853683, 0.41202770248652304, 0.6111042359631277, 0.38889576403687226, 1.5638257176538553, 0.4807316946476978, 2.2680810706495933, 0.9850150934923377]"
scifact,533,fixed_10_full,0.366667,0.366667,4177.0,4177.0,"[7.0, 7.0, 1.0, 0.0, 0.0, 1.0, 0.0, 0.0, 0.0, 0.206073, 0.1363336, 0.03648530762704352, 0.109349, 0.13029363380937828, 0.013524333609934266, 0.1785871996816662, 0.05423320862024625, 0.3605421379802303, 0.1785871996816662, 3.0, 0.1511534940762952, 0.4120275559363209, 0.611104672655897, 0.3888953273441029, 1.563824701195219, 0.48073160837796347, 2.2680810129173707, 0.985015068419552]"
scifact,535,coverage_guided_ultra,0.111111,0.140351,467.0,4435.0,"[9.0, 9.0, 1.0, 0.0, 1.0, 1.0, 0.0, 0.0, 0.0, 0.329092, 0.2624521, 0.02686519961009037, 0.09079099999999998, 0.12640538208160634, 0.03442198534148507, 0.045023883898727315, 0.004673465170833639, 0.2345909350576738, 0.12640538208160634, 1.0, 0.12539126187216637, 0.3401573087050932, 0.5357122309175655, 0.46428776908243446, 1.3064909285799358, 0.41598384431044527, 2.2975673060502353, 0.9978208028189369]"
scifact,536,coverage_guided_ultra,0.500000,0.484848,585.0,3989.0,"[7.0, 7.0, 1.0, 0.0, 0.0, 1.0, 0.0, 0.0, 0.0, 0.174351, 0.13775189999999998, 0.017353621480544052, 0.057105, 0.09670148149422723, 0.016088235800196166, 0.11562881772975195, 0.0034126560788295575, 0.2381632454072532, 0.11562881772975195, 3.0, 0.12656885313378619, 0.353191498629057, 0.5472744840543035, 0.4527255159456966, 1.3126171636790713, 0.42829450881452436, 2.294895474201585, 0.9966604409904947]"
scifact,539,coverage_guided_ultra,0.149254,0.181818,565.0,4594.0,"[6.0, 6.0, 1.0, 0.0, 0.0, 1.0, 0.0, 0.0, 0.0, 0.487523, 0.33301020000000003, 0.08228027252725892, 0.26886, 0.09279357076486643, 0.12732937728066168, 0.0388022718928133, 0.07794914291223179, 0.2966444660046808, 0.12732937728066168, 2.0, 0.14639881901515328, 0.3933858482412851, 0.6048487403689136, 0.3951512596310863, 1.421756070247476, 0.4569334674121224, 2.2725771667033436, 0.9869677231985885]"
scifact,540,fixed_10_full,0.395062,0.395062,3451.0,3451.0,"[8.0, 8.0, 1.0, 0.0, 0.0, 1.0, 0.0, 0.0, 0.0, 0.275602, 0.2094429, 0.037628388611392866, 0.10659200000000002, 0.03891118351826188, 0.08181362979949351, 0.05833774791184382, 0.01171254199896956, 0.29812918629037527, 0.11906662506077607, 4.0, 0.131588132135298, 0.3737581937606861, 0.5741416873047499, 0.42585831269525015, 1.4247636181288998, 0.4467349049131081, 2.2868908000401187, 0.9931840551727363]"
scifact,544,coverage_guided_ultra,0.216216,0.266667,563.0,3170.0,"[10.0, 9.0, 0.9, 0.0, 1.0, 2.0, 0.0, 0.0, 0.0, 0.268694, 0.1814535, 0.035633598687895666, 0.126265, 0.20076741572197368, 0.07473185110199702, 0.060488883264978074, 0.007588557987896959, 0.34247136147439095, 0.20076741572197368, 1.0, 0.14807870887031663, 0.3737111711815975, 0.5694031804291457, 0.4305968195708543, 1.520846304493021, 0.44561415268109617, 2.2845323801172923, 0.9921598064142422]"
scifact,549,adaptive_k_full,0.227273,0.263158,394.0,3204.0,"[7.0, 7.0, 1.0, 0.0, 1.0, 1.0, 0.0, 0.0, 0.0, 0.261038, 0.11423019999999999, 0.05492674706880063, 0.196465, 0.43397129919781796, 0.08694519571863098, 0.019575693960266333, 0.007033458730146585, 0.6280349987358163, 0.43397129919781796, 1.0, 0.22851925322725514, 0.46734751405495223, 0.6573550602205022, 0.3426449397794979, 2.688424977084771, 0.5304201814261726, 2.2054471933327044, 0.9578135461934076]"
scifact,551,coverage_guided_ultra,0.063492,0.142857,426.0,3509.0,"[26.0, 17.0, 0.6538461538461539, 0.0, 0.0, 5.0, 0.0, 0.0, 0.0, 0.509088, 0.3275403, 0.06483148202694429, 0.23560799999999998, 0.3313631435036771, 0.011214171223835603, 0.01012005782890186, 0.0068495034257337875, 0.37533982337041927, 0.3313631435036771, 1.0, 0.1554275916581868, 0.36153383263067174, 0.5592319479465581, 0.44076805205344194, 1.6008704210913596, 0.4344647985145186, 2.2850227354781785, 0.9923727650416466]"
scifact,552,coverage_guided_ultra,0.126984,0.126984,2931.0,3578.0,"[21.0, 21.0, 1.0, 0.0, 1.0, 1.0, 0.0, 0.0, 0.0, 0.234592, 0.194767, 0.02564121244793233, 0.08638599999999999, 0.019698028918292126, 0.040397797026326614, 0.09041229027417817, 0.03194056063292866, 0.17724815850497888, 0.113665427636066, 9.0, 0.12044750907494596, 0.3517315561671125, 0.5531491474428419, 0.446850852557158, 1.2154333172720726, 0.4216791528709037, 2.293879713431714, 0.9962193016932059]"
scifact,554,answer_aware_fallback,0.063492,0.092308,636.0,3016.0,"[13.0, 13.0, 1.0, 0.0, 1.0, 2.0, 0.0, 0.0, 0.0, 0.299681, 0.222721, 0.05011879718029953, 0.141694, 0.032060757939275264, 0.013968186171295556, 0.1924880122530291, 0.02711883636266562, 0.27852950303823065, 0.1924880122530291, 3.0, 0.13455444255368823, 0.39315601133256406, 0.5926939983207691, 0.407306001679231, 1.3860580636507855, 0.4582012935365037, 2.277515788102541, 0.9891125392204693]"
scifact,560,coverage_guided_ultra,0.029851,0.140351,305.0,3004.0,"[14.0, 13.0, 0.9285714285714286, 0.0, 1.0, 2.0, 1.0, 0.0, 0.0, 0.344881, 0.2670747, 0.03127597901601163, 0.11493299999999998, 0.15714985748707516, 0.035562991292648845, 0.0017078354562878389, 0.01658253136589135, 0.25836737889300954, 0.15714985748707516, 1.0, 0.12913278569628647, 0.34221961121738603, 0.5420153986880825, 0.4579846013119176, 1.3483765027856516, 0.41642192664086686, 2.296028394120515, 0.9971524618597243]"
scifact,569,answer_aware_fallback,0.277778,0.281690,666.0,2123.0,"[10.0, 8.0, 0.8, 0.0, 0.0, 3.0, 0.0, 0.0, 0.0, 0.534163, 0.4477778, 0.054267199665728114, 0.14572000000000007, 0.0035382458163520465, 0.07718430516527729, 0.00853297588938209, 0.01788218203057869, 0.20439641083339732, 0.1151408839623859, 4.0, 0.11929197919146507, 0.3478243003561141, 0.5513779378968766, 0.4486220621031235, 1.2569073513701756, 0.42208541871953226, 2.295369547327913, 0.9968663283332776]"
scifact,575,fixed_10_full,0.307692,0.307692,2929.0,2929.0,"[12.0, 12.0, 1.0, 0.0, 0.0, 2.0, 0.0, 0.0, 0.0, 0.135959, 0.1093458, 0.01583127860786993, 0.04374399999999999, 0.001184180525011176, 0.09117454526732327, 0.09296920395119115, 0.04090939180194038, 0.2226332938606491, 0.09296920395119115, 3.0, 0.1243385662732359, 0.36138470796317734, 0.559336526871631, 0.4406634731283689, 1.286394171634024, 0.4355285795688128, 2.292389631829634, 0.995572167475837]"
scifact,577,answer_aware_fallback,0.094118,0.192771,906.0,3671.0,"[24.0, 19.0, 0.7916666666666666, 0.0, 0.0, 2.0, 0.0, 0.0, 0.0, 0.160408, 0.1130824, 0.02037878281546766, 0.07008099999999999, 0.16684329958605545, 0.06697296892923056, 0.034331205426163275, 0.039798513789835926, 0.31532093162435787, 0.16684329958605545, 1.0, 0.14185054438179592, 0.36871785529843726, 0.5696536331029408, 0.43034636689705913, 1.4605382962450377, 0.44019510032147213, 2.287143739320451, 0.9932939053064412]"
scifact,578,task_aware_coverage_ultra,0.235294,0.310345,418.0,2886.0,"[12.0, 12.0, 1.0, 0.0, 2.0, 3.0, 0.0, 0.0, 0.0, 0.615148, 0.158971, 0.15727437024003627, 0.539316, 0.6418536677352442, 0.17268527248727136, 0.005387321425087964, 0.008352461521455004, 0.8222574079733657, 0.6418536677352442, 1.0, 0.3869561114920332, 0.5973083140950236, 0.735767529926842, 0.26423247007315803, 5.626113519544898, 0.6603807833487959, 1.9748586306792362, 0.8576702058430041]"
scifact,587,coverage_guided_ultra,0.125000,0.125000,680.0,3854.0,"[29.0, 23.0, 0.7931034482758621, 0.0, 1.0, 2.0, 0.0, 0.0, 0.0, 0.259639, 0.167967, 0.04615848794533894, 0.12268700000000002, 0.002022038291627982, 0.3927645692673289, 0.01656530798531807, 0.018514167748296693, 0.42157765204765074, 0.3927645692673289, 2.0, 0.15457738722487155, 0.4023945179707919, 0.582797216119833, 0.41720278388016696, 1.728840532424208, 0.48094616653407657, 2.2686151312764933, 0.9852470330756022]"
scifact,589,coverage_guided_ultra,0.238095,0.233766,713.0,3901.0,"[22.0, 21.0, 0.9545454545454546, 0.0, 0.0, 2.0, 1.0, 0.0, 0.0, 0.503042, 0.25020319999999996, 0.09637293933651707, 0.322855, 0.37793862142723667, 0.006979536499934372, 0.18002870535661045, 0.04104229865498308, 0.5689246623542369, 0.37793862142723667, 1.0, 0.20105338380963952, 0.4497852145775914, 0.6239232751619483, 0.37607672483805166, 2.3197801234960735, 0.5264175417472986, 2.2389516585281504, 0.9723643505469094]"
scifact,593,adaptive_k_full,0.426667,0.507937,590.0,3397.0,"[11.0, 11.0, 1.0, 0.0, 2.0, 1.0, 0.0, 0.0, 0.0, 0.457312, 0.2425869, 0.08781622836520594, 0.2972, 0.2571133055769365, 0.16617320341473663, 0.061419774683367095, 0.09242049191799034, 0.4848068714575607, 0.2571133055769365, 1.0, 0.18851471369641146, 0.4372787648467415, 0.6315406973748376, 0.36845930262516235, 1.9410196770852786, 0.5072332721913749, 2.244176008382106, 0.9746332568600143]"
scifact,597,task_aware_coverage_ultra,0.208955,0.208955,1850.0,4312.0,"[7.0, 7.0, 1.0, 0.0, 0.0, 1.0, 0.0, 0.0, 0.0, 0.343455, 0.2878022, 0.03116574716511703, 0.116428, 0.0781761802856269, 0.019312573699611302, 0.02806190039452049, 0.022986999752514843, 0.14345984190068578, 0.09871744478898252, 9.0, 0.11933716976451188, 0.3370481532107816, 0.5436195414767503, 0.45638045852324965, 1.1674875842587777, 0.4058604312940705, 2.2966571055976583, 0.9974255077849569]"
scifact,598,coverage_guided_ultra,0.279070,0.298851,621.0,5201.0,"[21.0, 18.0, 0.8571428571428571, 0.0, 0.0, 1.0, 0.0, 0.0, 0.0, 0.388707, 0.2896849, 0.040642762608981205, 0.14553200000000002, 0.18535555058180075, 0.04569508653047154, 0.0007383453346607642, 0.01299950862732091, 0.24749747238922892, 0.18535555058180075, 1.0, 0.13418269298813987, 0.3466735753227041, 0.5507270140763291, 0.4492729859236709, 1.3288991907775305, 0.4174334597362457, 2.293146609282671, 0.9959009186066162]"
scifact,613,coverage_guided_ultra,0.312500,0.406780,381.0,3125.0,"[12.0, 12.0, 1.0, 0.0, 1.0, 3.0, 0.0, 0.0, 0.0, 0.525554, 0.1562104, 0.12378659211659396, 0.42537099999999994, 0.7182611111322528, 0.04771536321671989, 0.0034097352508020147, 0.008800237463704974, 0.7826674328422959, 0.7182611111322528, 1.0, 0.3364398273098334, 0.5099628449834326, 0.6606698401642913, 0.3393301598357088, 4.601243214848537, 0.5869076238351032, 2.092234095956944, 0.9086457227239394]"
scifact,619,fixed_10_full,0.250000,0.250000,3140.0,3140.0,"[15.0, 15.0, 1.0, 0.0, 0.0, 1.0, 0.0, 0.0, 0.0, 0.212955, 0.1771065, 0.01790450282610495, 0.059062, 0.07872085651898289, 0.00731140381770798, 0.06301331267169127, 0.024906670423328888, 0.18442863515766245, 0.07872085651898289, 1.0, 0.1202412107968934, 0.3409135181373919, 0.5412985971717582, 0.4587014028282418, 1.226134269921695, 0.41392785158981527, 2.2975640193607574, 0.9978193754278328]"
scifact,623,answer_aware_fallback,0.106667,0.103896,879.0,3724.0,"[13.0, 13.0, 1.0, 0.0, 0.0, 2.0, 0.0, 0.0, 0.0, 0.450965, 0.3986867, 0.03726436077822883, 0.113481, 0.004370627432284103, 0.0598538689255264, 0.006408479593760056, 0.01764881975319591, 0.10794407548257631, 0.09416030068852344, 8.0, 0.11311262703270512, 0.33157890644458415, 0.5376048410945236, 0.4623951589054764, 1.1210059509900916, 0.399368061454951, 2.29816261723663, 0.9980793431822033]"
scifact,628,coverage_guided_ultra,0.337079,0.428571,1848.0,3025.0,"[17.0, 16.0, 0.9411764705882353, 0.0, 1.0, 3.0, 0.0, 0.0, 0.0, 0.191975, 0.1803786, 0.006548911668361394, 0.02146200000000001, 0.029269436124495445, 0.008657377262664393, 0.004891261883057665, 0.025180362026305532, 0.04507878630029949, 0.0328896991795806, 8.0, 0.10642892227791988, 0.312135142417116, 0.5156382187243942, 0.48436178127560586, 1.0472068120946318, 0.384906983803177, 2.3019254740468664, 0.9997135311310811]"
scifact,636,fixed_10_full,0.461538,0.461538,4416.0,4416.0,"[15.0, 13.0, 0.8666666666666667, 0.0, 5.0, 4.0, 0.0, 0.0, 0.0, 0.397738, 0.22533430000000002, 0.08185939660057359, 0.25088599999999994, 0.18426200161915623, 0.03427381844329693, 0.2736977608375362, 0.007502426220275696, 0.5356239534567981, 0.2736977608375362, 3.0, 0.17651018952729344, 0.4584326487356784, 0.6300256995938923, 0.36997430040610774, 2.1534271792095288, 0.5302083557887842, 2.241916872575027, 0.97365212664513]"
scifact,637,answer_aware_fallback,0.103896,0.103896,674.0,2965.0,"[13.0, 13.0, 1.0, 0.0, 0.0, 1.0, 1.0, 0.0, 0.0, 0.327216, 0.2462548, 0.046853324135646975, 0.13708, 0.1023024546476946, 0.016334775805584043, 0.03574091731455678, 0.11342049288543349, 0.19976101413133834, 0.11342049288543349, 5.0, 0.13287700381880882, 0.36927320807553804, 0.5879702649450894, 0.4120297350549106, 1.2496266960981628, 0.4375322368319759, 2.284585793415514, 0.9921830035149201]"
scifact,641,adaptive_k_full,0.205882,0.219178,928.0,3401.0,"[9.0, 9.0, 1.0, 0.0, 0.0, 1.0, 0.0, 0.0, 0.0, 0.264506, 0.1547983, 0.04697007543117213, 0.15783600000000003, 0.16524388860744188, 0.23608160117350835, 0.04576455732573176, 0.0035878203140949747, 0.4786961354373814, 0.23608160117350835, 2.0, 0.17087138553847167, 0.41580366192651985, 0.5993560652797866, 0.4006439347202133, 1.9182669993037829, 0.4868930261549448, 2.2609962864078756, 0.9819382107906847]"
scifact,644,task_aware_coverage_ultra,0.106667,0.235294,386.0,2729.0,"[7.0, 7.0, 1.0, 0.0, 0.0, 1.0, 0.0, 0.0, 0.0, 0.272798, 0.221496, 0.026535191259909923, 0.087167, 0.05178190455941749, 0.0987067353866231, 0.017503794016085168, 0.045374232948921914, 0.16916546308990535, 0.0987067353866231, 2.0, 0.123161592082927, 0.3445728139560082, 0.5493710947376025, 0.45062890526239746, 1.2036090889035957, 0.4155991463831006, 2.295532468121078, 0.9969370839347365]"
scifact,649,coverage_guided_ultra,0.117647,0.156863,404.0,3231.0,"[15.0, 12.0, 0.8, 0.0, 0.0, 2.0, 0.0, 0.0, 0.0, 0.21541, 0.1328176, 0.03593622010506948, 0.11899199999999999, 0.19047862216238795, 0.14033238939696396, 0.00782693468269808, 0.04894387447193716, 0.4187363632143355, 0.19047862216238795, 1.0, 0.16218483092602184, 0.40200922166941727, 0.6035442591945646, 0.39645574080543544, 1.720389745228017, 0.4703052841400049, 2.268474875744627, 0.9851861208720563]"
scifact,659,coverage_guided_ultra,0.163265,0.195122,412.0,2308.0,"[7.0, 7.0, 1.0, 0.0, 0.0, 1.0, 0.0, 0.0, 0.0, 0.183484, 0.0950589, 0.043528679328576, 0.129969, 0.16210132763619725, 0.21980118157441514, 0.023898541562207058, 0.2080562882867171, 0.43959146301584884, 0.21980118157441514, 2.0, 0.1930213793763656, 0.47405976715489023, 0.6969236967816795, 0.3030763032183204, 1.7844125026744209, 0.5349792186793266, 2.2035815336946385, 0.9570033005074859]"
scifact,660,adaptive_k_full,0.173913,0.258065,297.0,2287.0,"[6.0, 6.0, 1.0, 0.0, 0.0, 1.0, 0.0, 0.0, 0.0, 0.123871, 0.06928029999999999, 0.019976332256197583, 0.07002699999999999, 0.35063897118776793, 0.06769946153659849, 0.04294790548231633, 0.01181874692220138, 0.4677365969435945, 0.35063897118776793, 1.0, 0.1787968585586379, 0.3988998315538473, 0.5903871663373282, 0.4096128336626718, 1.878769034763089, 0.4728490645130935, 2.2663353580035026, 0.9842569401231518]"
scifact,674,coverage_guided_ultra,0.329114,0.372093,280.0,3919.0,"[11.0, 11.0, 1.0, 0.0, 0.0, 1.0, 0.0, 0.0, 0.0, 0.514198, 0.3224085, 0.0889199523439481, 0.297613, 0.17038572689897669, 0.14158359231268894, 0.020624350930964288, 0.02660064799940883, 0.37279024811453954, 0.17038572689897669, 1.0, 0.15948648996537002, 0.4015303566748395, 0.6080041314047242, 0.39199586859527585, 1.5943629654894422, 0.46412014505457466, 2.2661344385683106, 0.9841696819211408]"
scifact,684,answer_aware_fallback,0.129032,0.150943,609.0,3272.0,"[12.0, 12.0, 1.0, 0.0, 0.0, 2.0, 0.0, 0.0, 0.0, 0.396543, 0.1766953, 0.09843216720366366, 0.297029, 0.1836471706725374, 0.3058331631121971, 0.07286473345891871, 0.06759922631341371, 0.6499698645544115, 0.3058331631121971, 2.0, 0.2244219285968557, 0.5222012130486776, 0.6989750151815016, 0.3010249848184983, 2.8568968746848027, 0.5895656329889161, 2.1678413236865786, 0.9414815245189222]"
scifact,690,fixed_10_full,0.266667,0.266667,4264.0,4264.0,"[22.0, 20.0, 0.9090909090909091, 0.0, 2.0, 4.0, 0.0, 0.0, 0.0, 0.272601, 0.1762524, 0.039226047683140336, 0.13156199999999998, 0.18492962241517819, 0.14218950040535433, 0.034658713651087164, 0.004185604601597218, 0.4147563655305739, 0.18492962241517819, 1.0, 0.15466512796421494, 0.38479929918684797, 0.5740267933940191, 0.425973206605981, 1.708690092642505, 0.45864773515723584, 2.2798609441151405, 0.9901310275359434]"
scifact,691,task_aware_coverage_ultra,0.205128,0.258065,448.0,2985.0,"[14.0, 14.0, 1.0, 0.0, 0.0, 4.0, 0.0, 0.0, 0.0, 0.283407, 0.2009327, 0.033240218943472684, 0.11678000000000002, 0.17843243109732657, 0.07724579844534536, 0.041121073226843365, 0.0004904607155080863, 0.315772016922659, 0.17843243109732657, 1.0, 0.14104573322311403, 0.36190774323940306, 0.5575986387481978, 0.44240136125180224, 1.461501173194441, 0.4356894727445062, 2.2897335240575636, 0.9944186345270865]"
scifact,692,fixed_10_full,0.131579,0.131579,3714.0,3714.0,"[11.0, 10.0, 0.9090909090909091, 0.0, 0.0, 1.0, 0.0, 0.0, 0.0, 0.265704, 0.18792040000000002, 0.04614976214066547, 0.11349299999999998, 0.014523680486556475, 0.06427076747056869, 0.2804173064763798, 0.041004275434317845, 0.3697573239394213, 0.2804173064763798, 3.0, 0.1413917807752644, 0.41098092596652624, 0.5906942513958037, 0.4093057486041962, 1.586690394009244, 0.4906403659233848, 2.2740809327804774, 0.987620800507961]"
scifact,693,answer_aware_fallback,0.111111,0.142857,500.0,3713.0,"[11.0, 10.0, 0.9090909090909091, 0.0, 0.0, 1.0, 0.0, 0.0, 0.0, 0.252289, 0.1833727, 0.042632811856714296, 0.10502099999999998, 0.010519681793498685, 0.040402078568625696, 0.2610379366520142, 0.061381986531319245, 0.3315523070764084, 0.2610379366520142, 3.0, 0.137582639073319, 0.40429464145971566, 0.5909238398082158, 0.40907616019178433, 1.4960033680814981, 0.48217045188480445, 2.2768209159022477, 0.9888107600582539]"
scifact,700,coverage_guided_ultra,0.296296,0.320000,1466.0,2898.0,"[11.0, 11.0, 1.0, 0.0, 2.0, 4.0, 0.0, 0.0, 0.0, 0.125838, 0.1069085, 0.011015785648332124, 0.035596, 0.04311098396350863, 0.05027098332777072, 0.026780463770880003, 0.0021376690665775955, 0.15047918752682027, 0.07569255709722017, 8.0, 0.11770626283223504, 0.3370527133015616, 0.5406090254750557, 0.4593909745249442, 1.1771341976763765, 0.4056005925218875, 2.2972590466818765, 0.9976869274762636]"
scifact,702,coverage_guided_ultra,0.266667,0.307692,448.0,2639.0,"[12.0, 11.0, 0.9166666666666666, 0.0, 2.0, 4.0, 0.0, 0.0, 0.0, 0.157793, 0.1095729, 0.020546309072191044, 0.07001899999999998, 0.1831323315989935, 0.07141634926771159, 0.02555246430450016, 0.015399922683515756, 0.3132648469830727, 0.1831323315989935, 1.0, 0.1440073229785832, 0.36899269801200846, 0.5715582958925063, 0.4284417041074937, 1.4561654454513573, 0.44040306777668975, 2.285880275329859, 0.9927451898672437]"
scifact,715,fixed_10_full,0.216216,0.216216,2739.0,2739.0,"[15.0, 15.0, 1.0, 0.0, 1.0, 1.0, 1.0, 0.0, 0.0, 0.154109, 0.124225, 0.01423633001865298, 0.046481999999999996, 0.0905463016436418, 0.04914054338163246, 0.034293908856718375, 0.014152320759981588, 0.1969709750890603, 0.0905463016436418, 1.0, 0.12405634936606962, 0.34360716441940026, 0.545700945864359, 0.4542990541356409, 1.24528500088886, 0.4160657367605345, 2.2961514078237686, 0.9972058860322458]"
scifact,716,coverage_guided_ultra,0.181818,0.186047,388.0,2619.0,"[10.0, 10.0, 1.0, 0.0, 1.0, 1.0, 0.0, 0.0, 0.0, 0.133529, 0.10709919999999999, 0.012545703191132814, 0.04189100000000001, 0.11992151517647862, 0.013120745306262982, 0.010829108283593847, 0.056257442203566196, 0.18831115338241142, 0.11992151517647862, 1.0, 0.12467786874225019, 0.34249462180856627, 0.5504345503981356, 0.44956544960186445, 1.2319991880720402, 0.4140780836376567, 2.2958584556358206, 0.9970786585135585]"
scifact,718,coverage_guided_ultra,0.395604,0.404255,371.0,3206.0,"[10.0, 9.0, 0.9, 0.0, 0.0, 1.0, 0.0, 0.0, 0.0, 0.251453, 0.1775637, 0.02495519489024279, 0.09038999999999997, 0.29737565270646993, 0.0072975864276823245, 0.01962195718484168, 0.00011532970376174175, 0.32787439402194446, 0.29737565270646993, 1.0, 0.14161284091286677, 0.3395806687966065, 0.5304507621771792, 0.46954923782282076, 1.4878171447505444, 0.4165298893070499, 2.2936813715422977, 0.9961331629051021]"
scifact,721,adaptive_k_full,0.338028,0.363636,416.0,3318.0,"[14.0, 14.0, 1.0, 0.0, 0.0, 1.0, 0.0, 0.0, 0.0, 0.328171, 0.1753043, 0.06911793396369716, 0.225432, 0.275996355558535, 0.06796761444490827, 0.03357395991723827, 0.17790420238229465, 0.4285326857034899, 0.275996355558535, 1.0, 0.1872007703176705, 0.4455452604414153, 0.6690497609014725, 0.33095023909852755, 1.749881358010867, 0.5078126269840393, 2.2293734185876586, 0.9682045737944085]"
scifact,723,coverage_guided_ultra,0.320000,0.338028,392.0,2658.0,"[15.0, 15.0, 1.0, 0.0, 1.0, 1.0, 0.0, 0.0, 0.0, 0.598295, 0.18745099999999998, 0.1415698939880934, 0.489744, 0.6308610300938501, 0.04273142847591908, 0.0856767982349844, 0.030478275766971145, 0.7636600673580759, 0.6308610300938501, 1.0, 0.31917407749225135, 0.5411744936009945, 0.6934430864599282, 0.30655691354007186, 4.231193555915446, 0.6123508792262833, 2.0997165140669516, 0.9118952956204086]"
scifact,727,fixed_10_full,0.125000,0.125000,2965.0,2965.0,"[14.0, 13.0, 0.9285714285714286, 0.0, 2.0, 2.0, 0.0, 0.0, 0.0, 0.340734, 0.1755688, 0.07557806841643942, 0.24995799999999999, 0.12841982308780453, 0.36571636525853013, 0.0388866388443771, 0.03267064631061173, 0.5347896012725469, 0.36571636525853013, 2.0, 0.1940743457835333, 0.46140088671791346, 0.6423145798114472, 0.35768542018855287, 2.14956501990373, 0.5229488449079245, 2.2198909507062123, 0.9640863903186715]"
scifact,728,task_aware_coverage_ultra,0.418605,0.405405,561.0,3364.0,"[12.0, 10.0, 0.8333333333333334, 0.0, 2.0, 2.0, 0.0, 0.0, 0.0, 0.413373, 0.2266683, 0.09644605816937257, 0.28845299999999996, 0.1100773393521106, 0.2401898527480024, 0.005438187786817166, 0.12868281189143949, 0.45092204860985113, 0.2401898527480024, 2.0, 0.18236912704599628, 0.4631547507966487, 0.6807890649023265, 0.31921093509767356, 1.8212350313251737, 0.5235640607615087, 2.2165336269993463, 0.9626283231588166]"
scifact,729,task_aware_coverage_ultra,0.222222,0.333333,534.0,4045.0,"[12.0, 12.0, 1.0, 0.0, 1.0, 3.0, 0.0, 0.0, 0.0, 0.356893, 0.1357128, 0.07730861389237295, 0.267621, 0.5336641514403477, 0.06654935793080838, 0.09924543210430019, 0.0023116172073983136, 0.7053150384008652, 0.5336641514403477, 1.0, 0.2629766683761591, 0.49074663554211545, 0.6472771912450411, 0.35272280875495904, 3.393454469387949, 0.567451093994956, 2.1789920040098734, 0.9463242034527963]"
scifact,742,adaptive_k_full,0.356164,0.389610,582.0,4589.0,"[8.0, 8.0, 1.0, 0.0, 0.0, 1.0, 0.0, 0.0, 0.0, 0.395215, 0.17738199999999998, 0.07905074469857952, 0.283215, 0.4915628202370861, 0.0018116721278292126, 0.04124590412813275, 0.03770352845919309, 0.5909036853358298, 0.4915628202370861, 1.0, 0.22280445591999187, 0.44896494571038775, 0.6438020768736399, 0.35619792312636006, 2.444412144902617, 0.5169824304016046, 2.2203310343796563, 0.964277516229624]"
scifact,743,adaptive_k_full,0.342105,0.346667,579.0,4752.0,"[5.0, 5.0, 1.0, 0.0, 0.0, 1.0, 0.0, 0.0, 0.0, 0.394771, 0.1727344, 0.08270622125717024, 0.29699699999999996, 0.4804405592102763, 0.003908595109569894, 0.056478312743337235, 0.0018567726606057277, 0.6153871484987499, 0.4804405592102763, 1.0, 0.22854220120601337, 0.4651314387869469, 0.6579720078918849, 0.34202799210811513, 2.6000171239643293, 0.5278201327167651, 2.2060525676097833, 0.9580764569014292]"
scifact,744,coverage_guided_ultra,0.430769,0.411765,404.0,2799.0,"[16.0, 15.0, 0.9375, 0.0, 0.0, 1.0, 0.0, 0.0, 0.0, 0.437819, 0.2047396, 0.09406838828448164, 0.304551, 0.3193991124186022, 0.07816700508657688, 0.23012477759073957, 0.017317658667166124, 0.6283966662022434, 0.3193991124186022, 1.0, 0.21384187524054946, 0.48820843647247536, 0.6472880673792466, 0.35271193262075334, 2.6910415194074804, 0.5630736748652811, 2.211807671401284, 0.9605758667208585]"
scifact,756,adaptive_k_full,0.376812,0.376812,1171.0,2777.0,"[15.0, 15.0, 1.0, 0.0, 0.0, 1.0, 0.0, 0.0, 0.0, 0.350829, 0.2465418, 0.06839862857806434, 0.195204, 0.0026480137046823757, 0.14121979653905456, 0.03074717312422859, 0.015449121936898055, 0.329870107659287, 0.15525512429132146, 4.0, 0.14230000754435962, 0.4060508197798507, 0.618862602609375, 0.381137397390625, 1.4922480125563056, 0.4685670181166984, 2.2643683951024953, 0.9834026989891359]"
scifact,759,answer_aware_fallback,0.195122,0.219178,1174.0,4203.0,"[20.0, 20.0, 1.0, 0.0, 0.0, 2.0, 0.0, 0.0, 0.0, 0.348303, 0.2600221, 0.05103873674465307, 0.14862799999999998, 0.03107064825740806, 0.09167592584617414, 0.11785141098411434, 0.07323221447992131, 0.25044573259489566, 0.11785141098411434, 3.0, 0.13395130644664432, 0.3812499014506844, 0.5833765668379726, 0.4166234331620274, 1.3341262180547893, 0.45278839206028315, 2.283815370408199, 0.9918484130541119]"
scifact,768,coverage_guided_ultra,0.173913,0.186047,434.0,3278.0,"[11.0, 11.0, 1.0, 0.0, 0.0, 2.0, 0.0, 0.0, 0.0, 0.417648, 0.10203740000000001, 0.11244742766662118, 0.374524, 0.5575843772746428, 0.3007772095161475, 0.009273359383978856, 0.0008236601156955069, 0.8703884610964256, 0.5575843772746428, 1.0, 0.4093087436567376, 0.6483671673327622, 0.7555964773700623, 0.24440352262993764, 7.715362447350921, 0.713668367836774, 1.8909437828377214, 0.8212264504756832]"
scifact,770,coverage_guided_ultra,0.307692,0.295455,878.0,4488.0,"[27.0, 25.0, 0.9259259259259259, 0.0, 0.0, 1.0, 1.0, 0.0, 0.0, 0.339966, 0.20425659999999998, 0.059289074295691274, 0.182868, 0.13780201549566723, 0.24453621832771508, 0.03660660183665429, 0.018740109305048117, 0.4682674149767918, 0.24453621832771508, 2.0, 0.166440643778463, 0.41274945338363606, 0.5979625627764293, 0.40203743722357077, 1.8806445724148233, 0.48799304014822675, 2.2645268267629417, 0.9834715049850266]"
scifact,775,coverage_guided_ultra,0.163265,0.173913,630.0,2854.0,"[16.0, 16.0, 1.0, 0.0, 0.0, 4.0, 0.0, 0.0, 0.0, 0.246811, 0.1725187, 0.045162218924782685, 0.120309, 0.0075847510848382465, 0.18402745420584976, 0.0028564367066298145, 0.06039033916640669, 0.3176762786099485, 0.18402745420584976, 2.0, 0.14306333168520283, 0.4006922148149737, 0.6135497195376501, 0.3864502804623499, 1.4655800005938067, 0.46969696969696967, 2.269237928567631, 0.9855175105024877]"
scifact,781,fixed_10_full,0.410256,0.410256,2925.0,2925.0,"[14.0, 14.0, 1.0, 0.0, 0.0, 2.0, 0.0, 0.0, 0.0, 0.338989, 0.1948493, 0.06808353780621275, 0.200514, 0.1774334860423199, 0.05145594694813102, 0.24210815100194993, 0.06290764597081325, 0.4910542819973509, 0.24210815100194993, 3.0, 0.17397496424159592, 0.4512348774155206, 0.6318118669145848, 0.3681881330854152, 1.9648460820625175, 0.5260135699042712, 2.246336317656249, 0.9755714672569792]"
scifact,783,fixed_10_full,0.208955,0.208955,3513.0,3513.0,"[14.0, 14.0, 1.0, 0.0, 0.0, 5.0, 0.0, 0.0, 0.0, 0.481209, 0.21910249999999998, 0.09571781630004939, 0.33070299999999997, 0.4078435773229511, 0.12284890764719696, 0.049776708249430084, 0.004104245764314476, 0.608914213990179, 0.4078435773229511, 1.0, 0.21962734336668913, 0.4527538480848005, 0.6307874168482789, 0.36921258315172123, 2.556983750810334, 0.5249839646226764, 2.2238721290700565, 0.9658153941135617]"
scifact,784,coverage_guided_ultra,0.307692,0.320000,443.0,2728.0,"[16.0, 16.0, 1.0, 0.0, 0.0, 5.0, 1.0, 0.0, 0.0, 0.223543, 0.1923412, 0.015443160795640247, 0.05679899999999999, 0.07948806269934634, 0.022514683975789936, 0.012351091288924339, 0.015822459213663646, 0.13280219018264938, 0.07948806269934634, 1.0, 0.11622210945964775, 0.3275730836659021, 0.5312923076283189, 0.4687076923716812, 1.1531394437107956, 0.3981957704126066, 2.299374708054866, 0.9986057475361289]"
scifact,785,fixed_10_full,0.205128,0.205128,3002.0,3002.0,"[16.0, 12.0, 0.75, 0.0, 0.0, 1.0, 0.0, 0.0, 0.0, 0.326995, 0.1399192, 0.06922369027117811, 0.24670499999999998, 0.46556675178519547, 0.03552042080154127, 0.07889723084450838, 0.0028624290891298225, 0.6429272618847383, 0.46556675178519547, 1.0, 0.23370273700821617, 0.47519854315919474, 0.6568062138720061, 0.3431937861279939, 2.8005498411284586, 0.5384951803072099, 2.2009231784840475, 0.9558487915085876]"
scifact,793,answer_aware_fallback,0.246154,0.360000,506.0,2720.0,"[5.0, 5.0, 1.0, 0.0, 0.0, 1.0, 0.0, 0.0, 0.0, 0.25745, 0.16716360000000002, 0.04857767643928639, 0.13696600000000003, 0.06872013983297733, 0.11220819576616817, 0.17743251116721692, 0.1201747912215964, 0.3626568265682657, 0.17743251116721692, 3.0, 0.15401080139456197, 0.42358384241545405, 0.6205609355146694, 0.37943906448533055, 1.5690134321445113, 0.4954487410480945, 2.2624333286189584, 0.9825623102932199]"
scifact,800,coverage_guided_ultra,0.112676,0.121212,509.0,2379.0,"[19.0, 17.0, 0.8947368421052632, 0.0, 0.0, 1.0, 0.0, 0.0, 0.0, 0.23431, 0.198936, 0.02052084426138457, 0.060246999999999995, 0.02792881225726599, 0.05145320302163793, 0.03248687636037731, 0.03296487559216415, 0.15586616021509966, 0.05145320302163793, 2.0, 0.11778159810190211, 0.34070555354485865, 0.5447344874733583, 0.4552655125266417, 1.1846462644535338, 0.4134911440422309, 2.2973256741899455, 0.997715863435361]"
scifact,805,coverage_guided_ultra,0.253968,0.326531,345.0,3345.0,"[8.0, 8.0, 1.0, 0.0, 0.0, 2.0, 0.0, 0.0, 0.0, 0.452789, 0.2929573, 0.06666100714968233, 0.21488, 0.15694285859417967, 0.19860464808111505, 0.0025287716795239098, 0.0237991647323588, 0.39363367926340964, 0.19860464808111505, 2.0, 0.15455801920621196, 0.3844645619003179, 0.5773977982456829, 0.42260220175431706, 1.6491681114235346, 0.46013384247016614, 2.2788694371619838, 0.9897004215374188]"
scifact,808,adaptive_k_full,0.243902,0.275000,363.0,2852.0,"[9.0, 9.0, 1.0, 0.0, 0.0, 2.0, 0.0, 0.0, 0.0, 0.236683, 0.1208799, 0.04462146286810866, 0.145001, 0.28230164397104995, 0.22108896709945364, 0.01382439803450189, 0.005467228318045671, 0.579268473020876, 0.28230164397104995, 1.0, 0.19580012888826018, 0.4335617418611366, 0.610470392513561, 0.389529607486439, 2.376812612974493, 0.5116522683140894, 2.244365618132702, 0.9747156033284133]"
scifact,811,coverage_guided_ultra,0.129032,0.131148,505.0,3172.0,"[15.0, 15.0, 1.0, 0.0, 1.0, 2.0, 2.0, 1.0, 0.0, 0.426777, 0.1326848, 0.09844127372073158, 0.334919, 0.7218570822701317, 0.017397844776077438, 0.01173212239647403, 0.015867771693413656, 0.7624215925413037, 0.7218570822701317, 1.0, 0.32164724218599267, 0.4949790782365426, 0.6514898466139302, 0.34851015338606983, 4.20913672541497, 0.574542146172049, 2.1156247616318744, 0.9188041597546055]"
scifact,814,fixed_10_full,0.380952,0.380952,3474.0,3474.0,"[26.0, 22.0, 0.8461538461538461, 0.0, 1.0, 5.0, 1.0, 0.0, 0.0, 0.355379, 0.1963859, 0.05372980352551087, 0.185478, 0.4469763266822181, 0.010436744996187219, 0.025406678503794567, 0.004384051955799312, 0.5089636697722714, 0.4469763266822181, 1.0, 0.18095952917190083, 0.3792207078003054, 0.5616671054286484, 0.4383328945713516, 2.036509191766378, 0.4592248742696045, 2.2713655186765886, 0.9864415111465599]"
scifact,820,coverage_guided_ultra,0.117647,0.153846,365.0,2890.0,"[9.0, 9.0, 1.0, 0.0, 0.0, 1.0, 0.0, 0.0, 0.0, 0.20619, 0.1272397, 0.02801542712524655, 0.099293, 0.3208206023570494, 0.06527959648867548, 0.006217566322324095, 0.02447257383966249, 0.417023134002619, 0.3208206023570494, 1.0, 0.16204848015202802, 0.3715899990333206, 0.5645344967018942, 0.4354655032981058, 1.7153339323150645, 0.44735462701366824, 2.2812186893281887, 0.9907206887898008]"
scifact,821,coverage_guided_ultra,0.125000,0.153846,365.0,2886.0,"[9.0, 9.0, 1.0, 0.0, 0.0, 1.0, 0.0, 0.0, 0.0, 0.20303, 0.1264351, 0.027075542009163914, 0.09777099999999998, 0.3208245086932966, 0.0652760675762202, 0.006220755553366499, 0.00516672412943904, 0.41185539082894146, 0.3208245086932966, 1.0, 0.16058040844670507, 0.36822290645556494, 0.5602486967622123, 0.43975130323778766, 1.7002621199052013, 0.4424835029686577, 2.282338252076833, 0.9912069087136814]"
scifact,823,coverage_guided_ultra,0.163934,0.237288,640.0,3567.0,"[7.0, 7.0, 1.0, 0.0, 1.0, 2.0, 0.0, 0.0, 0.0, 0.474431, 0.1768199, 0.11580908742274935, 0.371709, 0.38127145991724815, 0.15592994555583428, 0.20997995493549118, 0.011883709116815732, 0.7501786350386042, 0.38127145991724815, 1.0, 0.26831312538916713, 0.558501051069478, 0.6933659616366711, 0.306634038363329, 4.002860204348523, 0.6331117480787859, 2.1295883398836097, 0.9248684647369584]"
scifact,830,adaptive_k_full,0.145455,0.142857,386.0,2962.0,"[17.0, 17.0, 1.0, 0.0, 3.0, 5.0, 1.0, 0.0, 0.0, 0.282294, 0.1981059, 0.03910999454218832, 0.133591, 0.15109070685172196, 0.03779393114979413, 0.10113215300360624, 0.016252559388439034, 0.3244064698505813, 0.15109070685172196, 1.0, 0.1424965132285308, 0.3790442384603387, 0.5764840925989585, 0.4235159074010416, 1.4801799534386209, 0.44826480796300744, 2.283823589917018, 0.9918519827414358]"
scifact,831,adaptive_k_full,0.148148,0.150943,375.0,2982.0,"[12.0, 12.0, 1.0, 0.0, 1.0, 4.0, 1.0, 0.0, 0.0, 0.349784, 0.22138779999999997, 0.05383425247145166, 0.206619, 0.22004151133270822, 0.07248473343549158, 0.09046440088740473, 0.008339432335384131, 0.4253053312901676, 0.22004151133270822, 1.0, 0.15799605940345404, 0.39300449256914793, 0.5812890321869588, 0.41871096781304123, 1.7400544227162607, 0.4633355468847769, 2.274754695580678, 0.9879134119741998]"
scifact,832,adaptive_k_full,0.200000,0.218182,455.0,3115.0,"[7.0, 7.0, 1.0, 0.0, 3.0, 3.0, 0.0, 0.0, 0.0, 0.52608, 0.2581673, 0.10243823137388697, 0.384131, 0.3837667274939173, 0.09930048661800478, 0.02582496958637478, 0.04157162408759124, 0.5250418187347932, 0.3837667274939173, 1.0, 0.20377483902880034, 0.4346855701709705, 0.631545513316365, 0.368454486683635, 2.105448520406938, 0.4925015491941557, 2.233299402268534, 0.9699096068430549]"
scifact,834,answer_aware_fallback,0.135593,0.133333,603.0,2788.0,"[11.0, 11.0, 1.0, 0.0, 1.0, 1.0, 0.0, 0.0, 0.0, 0.202347, 0.08654150000000001, 0.04295877705254189, 0.146929, 0.41908701389197767, 0.09927994978922344, 0.10822992186689204, 0.042970738385051395, 0.6309409084394629, 0.41908701389197767, 1.0, 0.23381499049588925, 0.48225417863106135, 0.6558529722734179, 0.344147027726582, 2.70959318674844, 0.5547970972686197, 2.201544076753829, 0.9561184442009769]"
scifact,837,coverage_guided_ultra,0.161290,0.250000,458.0,4172.0,"[8.0, 8.0, 1.0, 0.0, 1.0, 1.0, 0.0, 0.0, 0.0, 0.329129, 0.2101338, 0.06398103641830132, 0.19503700000000002, 0.05111369706103088, 0.2644646931750164, 0.008862786323903402, 0.038413509596541134, 0.3438104816044773, 0.2644646931750164, 2.0, 0.15662830063511915, 0.4124505434156713, 0.6210400230710147, 0.3789599769289852, 1.5239499747651306, 0.47484707281060035, 2.2579100476792964, 0.9805978743410265]"
scifact,839,fixed_10_full,0.491228,0.491228,2768.0,2768.0,"[14.0, 13.0, 0.9285714285714286, 0.0, 0.0, 1.0, 0.0, 0.0, 0.0, 0.480304, 0.20503480000000002, 0.12483301314700371, 0.39397000000000004, 0.2501644791631967, 0.15767722109330756, 0.15475199040607615, 0.023274842599686853, 0.6571900296478896, 0.2501644791631967, 1.0, 0.2342548679541229, 0.5486234531894097, 0.7313929147637377, 0.2686070852362623, 2.9170680157664908, 0.5990939579264567, 2.1344121111959726, 0.9269634019998808]"
scifact,845,fixed_10_full,0.407407,0.407407,2879.0,2879.0,"[10.0, 10.0, 1.0, 0.0, 0.0, 3.0, 0.0, 0.0, 0.0, 0.476412, 0.3622263, 0.07657062445879621, 0.20732499999999998, 0.011790215191892696, 0.09902143522833183, 0.03471575023299155, 0.1624119459627382, 0.1801654870154404, 0.1624119459627382, 5.0, 0.13152330463028222, 0.3784449113717033, 0.5986553157515067, 0.40134468424849323, 1.2197583587443257, 0.4448166319464725, 2.28032921921463, 0.9903343968276644]"
scifact,847,fixed_10_full,0.153846,0.153846,3290.0,3290.0,"[18.0, 17.0, 0.9444444444444444, 0.0, 0.0, 1.0, 0.0, 0.0, 0.0, 0.302818, 0.2476198, 0.037665090664433555, 0.11157799999999998, 0.030011426005059096, 0.05390036259403339, 0.008285504824680117, 0.09065841528574912, 0.1372573625081732, 0.09065841528574912, 5.0, 0.12229151303732576, 0.3529426968279596, 0.5694653658552344, 0.4305346341447655, 1.1590942148254189, 0.4187913571296109, 2.290916519402557, 0.9949324028775344]"
scifact,852,task_aware_coverage_ultra,0.125000,0.177778,460.0,4239.0,"[15.0, 15.0, 1.0, 0.0, 0.0, 1.0, 0.0, 0.0, 0.0, 0.289179, 0.147718, 0.05678447169781542, 0.18598600000000004, 0.2685188066906657, 0.16377745271959576, 0.09814336449050594, 0.02614989331867113, 0.5607391961380321, 0.2685188066906657, 1.0, 0.19576422643144373, 0.45009816000758207, 0.6280128352671984, 0.3719871647328017, 2.2765518598701044, 0.5238110619591035, 2.2381493145628584, 0.9720158969901946]"
scifact,859,adaptive_k_full,0.263158,0.254545,432.0,3174.0,"[8.0, 8.0, 1.0, 0.0, 1.0, 2.0, 0.0, 0.0, 0.0, 0.309522, 0.1996536, 0.05680318778237715, 0.17440400000000003, 0.12514134698018248, 0.1187379249294072, 0.023371521248893423, 0.08811651514270397, 0.34228261642144986, 0.12514134698018248, 1.0, 0.15502951111324817, 0.40787944720255487, 0.6234428029346829, 0.37655719706531715, 1.5204098674709448, 0.47347569555075436, 2.2632452687374327, 0.9829149314063091]"
scifact,870,task_aware_coverage_ultra,0.055556,0.125000,235.0,3374.0,"[4.0, 4.0, 1.0, 0.0, 0.0, 1.0, 0.0, 0.0, 0.0, 0.280793, 0.19439410000000001, 0.036897864391994294, 0.12245800000000001, 0.18098385643516754, 0.041660582706833905, 0.10278033996573988, 0.002699497494595595, 0.33327041628530635, 0.18098385643516754, 1.0, 0.1444452275043327, 0.3750335015311678, 0.5687785791852735, 0.43122142081472636, 1.4998584500008014, 0.448065840282861, 2.28553935195007, 0.9925971287246494]"
scifact,873,fixed_10_full,0.197531,0.197531,2781.0,2781.0,"[7.0, 7.0, 1.0, 0.0, 0.0, 1.0, 0.0, 0.0, 0.0, 0.210684, 0.15810280000000002, 0.028501127773475916, 0.07705800000000002, 0.014614303886389086, 0.17033092213931764, 0.024610316872662484, 0.025739970761899388, 0.3130280419965446, 0.17033092213931764, 2.0, 0.1332576020159036, 0.3731799816322039, 0.5700569502880404, 0.42994304971195957, 1.4556634930285903, 0.4495466878382508, 2.2870576180032742, 0.9932565032936171]"
scifact,879,coverage_guided_ultra,0.222222,0.246154,413.0,3006.0,"[10.0, 10.0, 1.0, 0.0, 0.0, 2.0, 0.0, 0.0, 0.0, 0.215997, 0.12076309999999998, 0.04034123371303858, 0.135, 0.2754621591966555, 0.03288934568535674, 0.11366824539229714, 0.03582920133149996, 0.49061329555503086, 0.2754621591966555, 1.0, 0.17886009882157713, 0.4321593268142339, 0.6266458876925154, 0.37335411230748466, 1.9631450748005017, 0.5001638816372064, 2.251419951047079, 0.9777792611866357]"
scifact,880,adaptive_k_full,0.246154,0.350877,404.0,5094.0,"[9.0, 9.0, 1.0, 0.0, 2.0, 3.0, 0.0, 0.0, 0.0, 0.200178, 0.0890412, 0.03790631969685266, 0.133344, 0.5168949634825005, 0.0818321693692614, 0.002118114877758764, 0.025417378533105512, 0.6016195585928523, 0.5168949634825005, 1.0, 0.22481502944704249, 0.42363647390196896, 0.6029343719536574, 0.3970656280463426, 2.5101633917263344, 0.5003242993740823, 2.2316408134407157, 0.969189290867387]"
scifact,882,answer_aware_fallback,0.303030,0.312500,1046.0,4025.0,"[12.0, 12.0, 1.0, 0.0, 0.0, 3.0, 0.0, 0.0, 0.0, 0.325187, 0.1201247, 0.07084261908208928, 0.243985, 0.5447050466347056, 0.12078281112098575, 0.03786436727175442, 0.015338866559856305, 0.7066733910027154, 0.5447050466347056, 1.0, 0.2707078560862171, 0.4845148416603746, 0.6442255422906363, 0.3557744577093637, 3.4091690604491225, 0.5611646329234994, 2.1729562802222873, 0.9437029219175554]"
scifact,887,coverage_guided_ultra,0.148148,0.145455,446.0,3007.0,"[13.0, 13.0, 1.0, 0.0, 0.0, 1.0, 1.0, 0.0, 0.0, 0.186102, 0.13572889999999999, 0.026735660640612568, 0.08208399999999999, 0.07712437265585527, 0.09781195258514162, 0.04444336976496761, 0.03910758616242709, 0.27301157429796563, 0.09781195258514162, 2.0, 0.13711302456588095, 0.37677826903481865, 0.5834910619624855, 0.4165089380375145, 1.375537717858885, 0.44659242045953707, 2.2836384751594303, 0.9917715884236967]"
scifact,903,adaptive_k_full,0.342105,0.461538,425.0,2986.0,"[11.0, 10.0, 0.9090909090909091, 0.0, 2.0, 2.0, 0.0, 0.0, 0.0, 0.553738, 0.30109559999999996, 0.09318172002190128, 0.315777, 0.3544528278716649, 0.03388064391463116, 0.10786147961671401, 0.02266956575131196, 0.5269965218207889, 0.3544528278716649, 1.0, 0.18390770240415336, 0.4151189854650816, 0.5947615973132786, 0.4052384026867215, 2.114149358582773, 0.4933318177028015, 2.2612026075811174, 0.9820278149377233]"
scifact,904,coverage_guided_ultra,0.480000,0.548387,524.0,2707.0,"[22.0, 21.0, 0.9545454545454546, 0.0, 0.0, 2.0, 0.0, 0.0, 0.0, 0.444718, 0.1892042, 0.08910433552055701, 0.31489, 0.4967709874572201, 0.0994652791207012, 0.018312728515598613, 0.03428464779927957, 0.619606132425492, 0.4967709874572201, 1.0, 0.23504657930426492, 0.44823212169708704, 0.6282413392514542, 0.37175866074854574, 2.628854156814527, 0.521515559239736, 2.2153342367937285, 0.962107434610868]"
scifact,907,adaptive_k_full,0.318841,0.406250,290.0,3118.0,"[17.0, 16.0, 0.9411764705882353, 0.0, 1.0, 2.0, 1.0, 0.0, 0.0, 0.525272, 0.24670450000000002, 0.10202920390677367, 0.343931, 0.3676380998796813, 0.19717974687400058, 0.009753042233357174, 0.03521032912472017, 0.5845352503084117, 0.3676380998796813, 1.0, 0.21291545148142815, 0.44021207558029946, 0.6192513715801697, 0.3807486284198302, 2.4069430697606213, 0.5165273356552791, 2.2320300790068157, 0.9693583467547392]"
scifact,911,coverage_guided_ultra,0.341463,0.439560,599.0,4142.0,"[16.0, 14.0, 0.875, 0.0, 0.0, 2.0, 0.0, 0.0, 0.0, 0.309568, 0.1404247, 0.05702156876314436, 0.20064300000000002, 0.5584233512507754, 0.017718239611329303, 0.007917485011370712, 0.011318999379780833, 0.5964957618358487, 0.5584233512507754, 1.0, 0.22045124540055988, 0.4112374817250811, 0.5918851882895245, 0.4081148117104754, 2.47828871525554, 0.48740014263830217, 2.23820004223453, 0.9720379277380815]"
scifact,913,coverage_guided_ultra,0.121212,0.166667,554.0,4402.0,"[7.0, 6.0, 0.8571428571428571, 0.0, 0.0, 2.0, 0.0, 0.0, 0.0, 0.506987, 0.23049979999999998, 0.13488308504390015, 0.402906, 0.0957756313278249, 0.42547244801148754, 0.037028562862558574, 0.03344661697439974, 0.5860663093925484, 0.42547244801148754, 2.0, 0.21995116698582817, 0.5241384157383217, 0.7123411820747784, 0.28765881792522163, 2.415845877470111, 0.5780199528068083, 2.1497883094380232, 0.9336412000490538]"
scifact,914,coverage_guided_ultra,0.137931,0.170213,688.0,4403.0,"[8.0, 7.0, 0.875, 0.0, 0.0, 2.0, 0.0, 0.0, 0.0, 0.498577, 0.2371431, 0.13093827060141736, 0.388168, 0.06874765582848782, 0.42179843835555997, 0.05003640360465885, 0.027761007828279324, 0.5641214897598565, 0.42179843835555997, 2.0, 0.21024309794381538, 0.5131416431681968, 0.7013714504027315, 0.29862854959726853, 2.294217256659565, 0.5701573545838237, 2.1656046726783207, 0.9405101593280925]"
scifact,921,adaptive_k_full,0.275862,0.303797,3021.0,4363.0,"[10.0, 10.0, 1.0, 0.0, 0.0, 1.0, 0.0, 0.0, 0.0, 0.209628, 0.16390169999999998, 0.028367168004755073, 0.08124200000000001, 0.048261682599652786, 0.0687217356460015, 0.015269906691854053, 0.021895929933024263, 0.19968706470509667, 0.11030969145343168, 6.0, 0.12789861239999342, 0.36256121809596853, 0.575903727661153, 0.424096272338847, 1.2495112297935245, 0.4308423133837613, 2.2876096697110637, 0.9934962563040354]"
scifact,922,coverage_guided_ultra,0.337349,0.393939,400.0,2996.0,"[12.0, 12.0, 1.0, 0.0, 0.0, 3.0, 0.0, 0.0, 0.0, 0.301387, 0.21844290000000002, 0.0394056503447158, 0.12362400000000001, 0.12381423219979631, 0.062202417489805505, 0.027851234459349554, 0.03710511734082757, 0.3205280917889624, 0.12381423219979631, 1.0, 0.13797060925303592, 0.37116427221942205, 0.5733745523429692, 0.4266254476570307, 1.471731189936714, 0.4447917666711469, 2.286940814411429, 0.9932057761382123]"
scifact,936,adaptive_k_full,0.262295,0.444444,395.0,3672.0,"[8.0, 8.0, 1.0, 0.0, 1.0, 3.0, 0.0, 0.0, 0.0, 0.484527, 0.23450449999999998, 0.08966867520070763, 0.310937, 0.40362250194519594, 0.09365835134058584, 0.08191287585624744, 0.00788810530682499, 0.5917234746464077, 0.40362250194519594, 1.0, 0.20661735702299958, 0.4337098008780216, 0.6050126969844929, 0.39498730301550716, 2.449320345160524, 0.5092471914444264, 2.2420975893011774, 0.9737306109220847]"
scifact,956,fixed_10_full,0.342105,0.342105,3408.0,3408.0,"[14.0, 13.0, 0.9285714285714286, 0.0, 1.0, 2.0, 0.0, 0.0, 0.0, 0.334751, 0.186637, 0.05483592844112335, 0.21149600000000002, 0.35418266114216246, 0.05032695944149532, 0.07177573778719105, 0.011387568670444628, 0.4866124373041455, 0.35418266114216246, 1.0, 0.1793593981900695, 0.40199960350841474, 0.5880136307377422, 0.41198636926225773, 1.9478461744357227, 0.4711420176568365, 2.264525166724934, 0.9834707840396801]"
scifact,957,coverage_guided_ultra,0.333333,0.333333,641.0,2951.0,"[10.0, 10.0, 1.0, 0.0, 0.0, 1.0, 1.0, 0.0, 0.0, 0.254607, 0.1749764, 0.042808120169425805, 0.12079300000000004, 0.01814168502829867, 0.21085044794526456, 0.11253421940480822, 0.0035859186903737803, 0.3476848633384, 0.21085044794526456, 2.0, 0.1455093372591961, 0.4005677337058026, 0.5912997409936426, 0.4087002590063574, 1.5330013727993064, 0.4729476781063172, 2.2742970311879334, 0.9877146508538672]"
scifact,960,coverage_guided_ultra,0.125000,0.163934,275.0,3801.0,"[5.0, 5.0, 1.0, 0.0, 0.0, 1.0, 0.0, 0.0, 0.0, 0.472921, 0.1942363, 0.09567441442731699, 0.33351299999999995, 0.5262845168643389, 0.10943053913867226, 0.007880808845451948, 0.01758221774884175, 0.6500007400813244, 0.5262845168643389, 1.0, 0.24347714613591792, 0.4475110985948558, 0.6195041812472745, 0.38049581875272537, 2.8571488986358307, 0.5228199819797928, 2.2095539028836493, 0.9595970674901624]"
scifact,967,answer_aware_fallback,0.145455,0.142857,754.0,3016.0,"[11.0, 11.0, 1.0, 0.0, 3.0, 3.0, 0.0, 0.0, 0.0, 0.359614, 0.13933310000000002, 0.08009209970334152, 0.282655, 0.525029615087288, 0.049722758290834085, 0.014226364935736677, 0.09838882802115605, 0.6354813772545006, 0.525029615087288, 1.0, 0.25809660446799787, 0.4904398165260085, 0.6906040273273184, 0.3093959726726815, 2.7433440642021267, 0.5537695666408425, 2.1698219961473555, 0.9423417196390953]"
scifact,971,answer_aware_fallback,0.263158,0.328767,1402.0,6448.0,"[21.0, 20.0, 0.9523809523809523, 0.0, 1.0, 2.0, 0.0, 0.0, 0.0, 0.560312, 0.450253, 0.0804567639692276, 0.248348, 0.04685782207056074, 0.03447721983466365, 0.024195448250260442, 0.07415868301946055, 0.14140157626465263, 0.12261561415782637, 8.0, 0.1244438127008593, 0.35737862934838854, 0.5755370869266834, 0.4244629130733165, 1.164688837477109, 0.41637374966878643, 2.2859925090980022, 0.9927939323734315]"
scifact,975,adaptive_k_full,0.112676,0.242424,306.0,3067.0,"[11.0, 9.0, 0.8181818181818182, 0.0, 0.0, 1.0, 1.0, 0.0, 0.0, 0.404717, 0.2364234, 0.07435807650712867, 0.238109, 0.21953364943899073, 0.1269726747332086, 0.025242329825532418, 0.1748283368378398, 0.37619620623793903, 0.21953364943899073, 1.0, 0.17118314007835095, 0.4166529201424224, 0.6309836505185188, 0.3690163494814811, 1.603068160212941, 0.48689667103279544, 2.256435947020404, 0.9799576805590997]"
scifact,982,fixed_10_full,0.363636,0.363636,2872.0,2872.0,"[18.0, 15.0, 0.8333333333333334, 0.0, 0.0, 1.0, 0.0, 0.0, 0.0, 0.316963, 0.1519643, 0.05648801499088103, 0.19483699999999998, 0.47442445963724467, 0.06077996485394196, 0.05269384754687463, 0.004227622782469903, 0.5879424412313109, 0.47442445963724467, 1.0, 0.2085772776895626, 0.41514618894042876, 0.5870470893492747, 0.4129529106507252, 2.4268454217614677, 0.49482060151142593, 2.247100991203916, 0.9759035607591883]"
scifact,985,coverage_guided_ultra,0.368421,0.373333,518.0,3077.0,"[13.0, 13.0, 1.0, 0.0, 1.0, 3.0, 0.0, 0.0, 0.0, 0.378938, 0.1948714, 0.06621383678990365, 0.232941, 0.428901297837641, 0.008552850334355473, 0.05031693839097689, 0.036515208292649426, 0.5255609097002676, 0.428901297837641, 1.0, 0.19445542034387805, 0.41489874861062215, 0.6067616900171087, 0.3932383099828913, 2.107752123393202, 0.48870268051805493, 2.2536257323662934, 0.9787372198418558]"
scifact,993,fixed_10_full,0.344828,0.344828,3588.0,3588.0,"[9.0, 8.0, 0.8888888888888888, 0.0, 0.0, 2.0, 0.0, 0.0, 0.0, 0.349118, 0.21582500000000002, 0.09194087847742156, 0.247382, 0.003723669361075533, 0.060400781397693684, 0.2355507306985031, 0.05483532788340904, 0.40042621692379077, 0.2355507306985031, 3.0, 0.1617597590640565, 0.4743041816286343, 0.6845754662342174, 0.31542453376578244, 1.6678514441864685, 0.5285494034329712, 2.2120371036532793, 0.9606755078818706]"
scifact,1012,coverage_guided_ultra,0.298507,0.454545,315.0,4411.0,"[10.0, 10.0, 1.0, 0.0, 0.0, 1.0, 0.0, 0.0, 0.0, 0.582857, 0.2187916, 0.14564018469653214, 0.48796799999999996, 0.4255880945068859, 0.08521644245501035, 0.07845663687662673, 0.0011426473388841515, 0.6996089950022046, 0.4255880945068859, 1.0, 0.26639825294938196, 0.5497413977501878, 0.739185142391207, 0.260814857608793, 3.328994488391353, 0.6025705189382269, 2.1113795575370506, 0.9169604910416704]"
scifact,1014,adaptive_k_full,0.131148,0.250000,347.0,3922.0,"[9.0, 9.0, 1.0, 0.0, 0.0, 1.0, 0.0, 0.0, 0.0, 0.274781, 0.14825490000000002, 0.045696853813911524, 0.165655, 0.393669868003974, 0.031090213661060972, 0.02771661796121279, 0.032826141545448925, 0.5119240413274571, 0.393669868003974, 1.0, 0.1853436210202833, 0.40434009263774756, 0.5962818092353103, 0.40371819076468973, 2.048861416406937, 0.4778281105649167, 2.261742726148018, 0.9822623854509018]"
scifact,1019,fixed_10_full,0.356164,0.356164,2946.0,2946.0,"[9.0, 9.0, 1.0, 0.0, 0.0, 1.0, 0.0, 0.0, 0.0, 0.311445, 0.14740340000000002, 0.0898790282938128, 0.24251100000000003, 0.14236863651688111, 0.008932556310102929, 0.4355343640129075, 0.08599592223346016, 0.637467289569587, 0.4355343640129075, 3.0, 0.21128752796746889, 0.5718138116217129, 0.7357089456552562, 0.2642910543447437, 2.7583717861286527, 0.6336133278807816, 2.1320381273770397, 0.9259323939271906]"
scifact,1020,answer_aware_fallback,0.111111,0.119403,875.0,3197.0,"[24.0, 23.0, 0.9583333333333334, 0.0, 0.0, 3.0, 1.0, 0.0, 0.0, 0.24747, 0.1735149, 0.03591815706700443, 0.109848, 0.11832949448417991, 0.023582656483614097, 0.21011031640198818, 0.023259384975956726, 0.35402675071725864, 0.21011031640198818, 3.0, 0.14262175755511486, 0.39074915180194897, 0.5752946865081903, 0.4247053134918096, 1.54805172057876, 0.4670119851219176, 2.2822788434784, 0.9911811078872044]"
scifact,1021,answer_aware_fallback,0.291667,0.341463,861.0,3199.0,"[24.0, 23.0, 0.9583333333333334, 0.0, 0.0, 3.0, 1.0, 0.0, 0.0, 0.244902, 0.1698257, 0.03721871804092666, 0.115948, 0.1183330475047162, 0.023580860915794897, 0.21010853320920206, 0.02325828290499876, 0.3540273252158006, 0.21010853320920206, 3.0, 0.14420785546592774, 0.3950939109922703, 0.581691699195116, 0.41830830080488407, 1.5480530973451327, 0.4681925799084368, 2.279717418952779, 0.9900686953499155]"
scifact,1024,adaptive_k_full,0.131148,0.125000,2101.0,3293.0,"[11.0, 11.0, 1.0, 0.0, 0.0, 2.0, 0.0, 0.0, 0.0, 0.32917, 0.2063184, 0.08385422550378722, 0.22253900000000001, 0.024200261263177168, 0.10996445605614114, 0.14054136160646474, 0.118115259592308, 0.28642646656742715, 0.2229121730412856, 6.0, 0.1595446649450558, 0.4533677073881922, 0.6829313333178233, 0.3170686666821767, 1.4013972676223034, 0.5065831695506677, 2.2180543062418003, 0.9632887457625593]"
scifact,1029,adaptive_k_full,0.520833,0.514851,732.0,3695.0,"[22.0, 21.0, 0.9545454545454546, 0.0, 2.0, 4.0, 0.0, 0.0, 0.0, 0.311467, 0.23853010000000002, 0.035131014327656404, 0.105349, 0.0522174098700665, 0.1432543415514325, 0.03666841109973123, 0.028587298172840125, 0.2690108422401089, 0.1432543415514325, 2.0, 0.1305776503678152, 0.3593902824004182, 0.5551064624548432, 0.44489353754515676, 1.3680093464922105, 0.43520402076379283, 2.292226680094754, 0.9955013984365622]"
scifact,1041,answer_aware_fallback,0.253521,0.246575,906.0,3036.0,"[16.0, 15.0, 0.9375, 0.0, 3.0, 4.0, 0.0, 0.0, 0.0, 0.66935, 0.44840099999999994, 0.12744616041293672, 0.399837, 0.13260028385747358, 0.038362590572944034, 0.08873384626876812, 0.02789721371479793, 0.2782520355568836, 0.17403899305296178, 6.0, 0.14927486780805574, 0.4025102530993464, 0.6207577592378252, 0.37924224076217494, 1.3855252099970607, 0.460665671415507, 2.261633969285234, 0.9822151529455256]"
scifact,1049,fixed_10_full,0.178571,0.178571,2839.0,2839.0,"[11.0, 11.0, 1.0, 0.0, 0.0, 1.0, 1.0, 0.0, 0.0, 0.266052, 0.1369886, 0.04697903948400818, 0.159437, 0.4067062078089998, 0.005386165110579848, 0.08814818155849233, 0.002931757701501921, 0.5784846571346955, 0.4067062078089998, 1.0, 0.19421470107731595, 0.42362138163321617, 0.6025464892699101, 0.39745351073009, 2.372392884212404, 0.502009984610447, 2.252631076065157, 0.9783052460988819]"
scifact,1062,answer_aware_fallback,0.318182,0.318182,762.0,2930.0,"[7.0, 7.0, 1.0, 0.0, 0.0, 2.0, 0.0, 0.0, 0.0, 0.365137, 0.18084519999999998, 0.09280155418289071, 0.264561, 0.06754177199243014, 0.323867479877416, 0.14199875663107275, 0.00525556161112124, 0.6177900349731744, 0.323867479877416, 2.0, 0.2019058288525214, 0.513052599681938, 0.684430662245943, 0.31556933775405704, 2.6163629719330177, 0.5775815219928698, 2.1850078643170625, 0.9489368583881094]"
scifact,1086,adaptive_k_full,0.263158,0.282051,657.0,5927.0,"[19.0, 18.0, 0.9473684210526315, 0.0, 0.0, 2.0, 0.0, 0.0, 0.0, 0.507818, 0.1719049, 0.11484394386509895, 0.403019, 0.6068945960954516, 0.09204675690897134, 0.03365182014028647, 0.00041550319208848245, 0.7390049190851841, 0.6068945960954516, 1.0, 0.29540635549073935, 0.5004668278798335, 0.6565601096885545, 0.34343989031144545, 3.831489836876971, 0.5704575518769871, 2.1419026453691994, 0.9302164996578209]"
scifact,1088,answer_aware_fallback,0.285714,0.292135,2832.0,2971.0,"[12.0, 11.0, 0.9166666666666666, 0.0, 1.0, 2.0, 1.0, 0.0, 0.0, 0.328906, 0.17024519999999999, 0.05909698866913609, 0.20377499999999998, 0.3400637264142338, 0.11211409946914923, 0.06588508570837875, 0.02202757018722675, 0.5457273506716205, 0.3400637264142338, 1.0, 0.1931954616047912, 0.42652891241573926, 0.6074003848566656, 0.39259961514333447, 2.201321170179302, 0.5013681302634005, 2.250979835695138, 0.9775881215178868]"
scifact,1089,coverage_guided_ultra,0.246575,0.383562,545.0,3558.0,"[15.0, 15.0, 1.0, 0.0, 4.0, 5.0, 0.0, 0.0, 0.0, 0.749336, 0.25059770000000003, 0.1803350097967946, 0.631091, 0.5642809100323486, 0.08897076878729973, 0.005975957380934563, 0.11007478621072522, 0.6683717317731965, 0.5642809100323486, 1.0, 0.2990195041694317, 0.5329925214796464, 0.7340534250713394, 0.2659465749286606, 3.015424485213339, 0.5887891459459078, 2.101054116781227, 0.9124762090981972]"
scifact,1099,coverage_guided_ultra,0.121212,0.142857,259.0,3173.0,"[4.0, 4.0, 1.0, 0.0, 0.0, 1.0, 0.0, 0.0, 0.0, 0.49688, 0.28535849999999996, 0.09226984569971924, 0.29003199999999996, 0.25836821767831264, 0.002278216068266024, 0.13194735147319264, 0.011252213814200638, 0.5238166156818548, 0.25836821767831264, 1.0, 0.17412482894324158, 0.4320011494313294, 0.6206810030190094, 0.3793189969809906, 2.100031275622765, 0.5060016147695178, 2.2545441493715908, 0.9791360832793425]"
scifact,1100,task_aware_coverage_ultra,0.233766,0.222222,243.0,3173.0,"[4.0, 4.0, 1.0, 0.0, 0.0, 1.0, 0.0, 0.0, 0.0, 0.518391, 0.29549980000000003, 0.09609881633381341, 0.30258900000000005, 0.2583667540524431, 0.002280132178220718, 0.17462494526332437, 0.011252124361726967, 0.5238169644148916, 0.2583667540524431, 1.0, 0.17542854512930298, 0.43523582757078005, 0.6178413657132762, 0.3821586342867237, 2.1000328135823927, 0.5104446761382421, 2.2543623415288288, 0.9790571251364643]"
scifact,1104,adaptive_k_full,0.187500,0.184615,1127.0,4483.0,"[25.0, 18.0, 0.72, 0.0, 0.0, 1.0, 0.0, 0.0, 0.0, 0.511611, 0.2698087, 0.09080448815014598, 0.31461100000000003, 0.32436558244447444, 0.16179480112820094, 0.012575961032894122, 0.013952006504942186, 0.5044281690581321, 0.32436558244447444, 1.0, 0.18961990476956453, 0.41516785781926235, 0.6041877078092738, 0.3958122921907262, 2.017870947385028, 0.4865619374926157, 2.2535592643999576, 0.9787083531708528]"
scifact,1107,adaptive_k_full,0.328358,0.354839,350.0,3334.0,"[10.0, 10.0, 1.0, 0.0, 0.0, 1.0, 1.0, 0.0, 0.0, 0.423347, 0.21413129999999997, 0.0834183590393026, 0.279058, 0.2799618280039778, 0.15131086319260553, 0.11174048711813245, 0.046758332998698485, 0.5625456186060135, 0.2799618280039778, 1.0, 0.19770439912334162, 0.45249900411569915, 0.6293339647216452, 0.37066603527835496, 2.285952644509841, 0.527535862608154, 2.2366277009425515, 0.9713550685913066]"
scifact,1110,answer_aware_fallback,0.238095,0.238095,678.0,3322.0,"[8.0, 8.0, 1.0, 0.0, 0.0, 1.0, 0.0, 0.0, 0.0, 0.259701, 0.1628906, 0.046289432641154725, 0.14647500000000002, 0.1866954690201425, 0.01257215028051486, 0.1300380052444927, 0.05323814694591089, 0.4261131069961225, 0.1866954690201425, 1.0, 0.1594327726707373, 0.4167631526926662, 0.6151901951371043, 0.38480980486289573, 1.7425036399868492, 0.48619203951024714, 2.264272954599656, 0.9833612497054027]"
scifact,1121,adaptive_k_full,0.228571,0.222222,578.0,3440.0,"[13.0, 13.0, 1.0, 0.0, 0.0, 1.0, 0.0, 0.0, 0.0, 0.306824, 0.1687498, 0.047939102333689976, 0.17366499999999999, 0.39592730685995875, 0.07830873725653802, 0.0004530284462753899, 0.012241545641801103, 0.49566526738455924, 0.39592730685995875, 1.0, 0.1818218451221868, 0.38725082933431626, 0.5744629030671444, 0.42553709693285563, 1.982810096806297, 0.46289691576782793, 2.268472603290718, 0.9851851339578631]"
scifact,1130,adaptive_k_full,0.314286,0.314286,421.0,3016.0,"[19.0, 18.0, 0.9473684210526315, 0.0, 1.0, 2.0, 1.0, 0.0, 0.0, 0.447128, 0.2780081, 0.06451498018204765, 0.21967000000000003, 0.27338703905816686, 0.042010341557674684, 0.08441430641784903, 0.033303662485910046, 0.41852668587071273, 0.27338703905816686, 1.0, 0.16083272393861905, 0.38780236978706734, 0.5778522280465929, 0.42214777195340714, 1.719769378406342, 0.4640069481266226, 2.2782823276148876, 0.9894454431008421]"
scifact,1132,adaptive_k_full,0.361111,0.430769,394.0,3102.0,"[15.0, 14.0, 0.9333333333333333, 0.0, 1.0, 3.0, 0.0, 0.0, 0.0, 0.38701, 0.2964008, 0.04695080737282375, 0.15450100000000003, 0.15154647166739885, 0.016914291620371558, 0.003700162786491276, 0.02242577711170252, 0.1817524094984626, 0.15154647166739885, 1.0, 0.13056982302341963, 0.3499261810359486, 0.5648554254914292, 0.43514457450857075, 1.2221239776423407, 0.41554212416936365, 2.290052833901957, 0.994557309030524]"
scifact,1137,answer_aware_fallback,0.291667,0.318182,919.0,2898.0,"[7.0, 7.0, 1.0, 0.0, 1.0, 1.0, 0.0, 0.0, 0.0, 0.224968, 0.1754551, 0.03637418357695469, 0.09797700000000001, 0.022527648376657966, 0.03358255396323035, 0.07909124853312473, 0.08770136197148037, 0.14540290174602605, 0.1524439031328901, 6.0, 0.12821969837297406, 0.37457617361934764, 0.5950365649103388, 0.4049634350896611, 1.1701420494442334, 0.4405346907503621, 2.2808367598574644, 0.990554818928189]"
scifact,1140,fixed_10_full,0.277778,0.277778,4151.0,4151.0,"[10.0, 10.0, 1.0, 0.0, 1.0, 1.0, 0.0, 0.0, 0.0, 0.289962, 0.1889588, 0.0419169430989427, 0.145793, 0.18310330319145268, 0.16043481559652648, 0.012780985094598558, 0.010570350597664467, 0.359247073754492, 0.18310330319145268, 1.0, 0.15345249863991514, 0.3795430538297237, 0.5766426332089324, 0.42335736679106767, 1.5606639611612863, 0.4499834357306348, 2.279726694342745, 0.9900727236005954]"
scifact,1144,coverage_guided_ultra,0.255319,0.295455,1156.0,4358.0,"[18.0, 17.0, 0.9444444444444444, 0.0, 0.0, 3.0, 0.0, 0.0, 0.0, 0.407964, 0.19673259999999998, 0.09811253944853329, 0.28084299999999995, 0.09492504240570242, 0.42447863046739426, 0.08270827818140815, 0.018861958408094782, 0.6263542861625047, 0.42447863046739426, 2.0, 0.2073698004296187, 0.4947161782033075, 0.654708980616329, 0.34529101938367107, 2.676332051904431, 0.5699047824271727, 2.1965873744000284, 0.9539657757202845]"
scifact,1146,adaptive_k_full,0.301370,0.297297,639.0,4354.0,"[11.0, 9.0, 0.8181818181818182, 0.0, 0.0, 1.0, 0.0, 0.0, 0.0, 0.419702, 0.1463749, 0.09281309667654668, 0.330226, 0.6283887138970031, 0.06318530767068059, 0.015951794368385203, 0.001053128171893386, 0.7166322771871472, 0.6283887138970031, 1.0, 0.2867308534455019, 0.4817185186804569, 0.6468301600889224, 0.35316983991107764, 3.528983435634407, 0.5520122064830892, 2.157398226340955, 0.9369461449677394]"
scifact,1150,coverage_guided_ultra,0.260870,0.371429,355.0,3501.0,"[13.0, 13.0, 1.0, 0.0, 1.0, 1.0, 0.0, 0.0, 0.0, 0.285808, 0.15981050000000002, 0.047702818950770616, 0.170744, 0.3416454402955831, 0.0143942786765941, 0.13462884173990924, 0.003915215809214608, 0.49648365336169736, 0.3416454402955831, 1.0, 0.17884181577555916, 0.4117501666035711, 0.5928897037428704, 0.4071102962571295, 1.9860328401976248, 0.4822238491286158, 2.2632151171487314, 0.9829018367377156]"
scifact,1163,fixed_10_full,0.375000,0.375000,3270.0,3270.0,"[10.0, 10.0, 1.0, 0.0, 0.0, 4.0, 0.0, 0.0, 0.0, 0.571761, 0.1695544, 0.1437977225189606, 0.494731, 0.6150052207128502, 0.001257518438648312, 0.12509597541630155, 0.026572291569379514, 0.8025381234466848, 0.6150052207128502, 1.0, 0.33721389713271965, 0.5964410242376488, 0.7502453489853403, 0.24975465101465963, 5.0642686955828555, 0.6569420544331434, 2.036860411501499, 0.8845972371222878]"
scifact,1175,coverage_guided_ultra,0.142857,0.320000,469.0,3250.0,"[9.0, 9.0, 1.0, 0.0, 1.0, 5.0, 0.0, 0.0, 0.0, 0.267204, 0.1493475, 0.052529765716686765, 0.180352, 0.22271747428930708, 0.08057888354964744, 0.1586914866543914, 0.01160162273019862, 0.5089706740917053, 0.22271747428930708, 1.0, 0.17891427710540853, 0.44263144679355193, 0.6267416595523863, 0.37325834044761386, 2.036538241682863, 0.504589754002009, 2.244978737588491, 0.9749818777248099]"
scifact,1179,adaptive_k_full,0.153846,0.148148,489.0,3262.0,"[11.0, 11.0, 1.0, 0.0, 1.0, 6.0, 0.0, 0.0, 0.0, 0.248343, 0.1334655, 0.04824837280209562, 0.15479500000000002, 0.21804520360952392, 0.21116761897859015, 0.002371719758559647, 0.02617750449982481, 0.5560172825487331, 0.21804520360952392, 1.0, 0.18607280533171494, 0.4377812992870817, 0.6261610678415022, 0.3738389321584979, 2.252339923816434, 0.5119477579115782, 2.244416104456065, 0.9747375292600613]"
scifact,1180,adaptive_k_full,0.222222,0.216216,1217.0,3697.0,"[10.0, 10.0, 1.0, 0.0, 1.0, 4.0, 0.0, 0.0, 0.0, 0.275059, 0.1839347, 0.05021974224356393, 0.134966, 0.08029913582176923, 0.05123991579988282, 0.1513202621982921, 0.022853278751104256, 0.42613039384277557, 0.1513202621982921, 3.0, 0.14954165799058033, 0.41694634019573246, 0.6100061597947531, 0.38999384020524674, 1.742556129947798, 0.492305134446704, 2.267004196780452, 0.9845474131132639]"
scifact,1185,fixed_10_full,0.888889,0.888889,5222.0,5222.0,"[28.0, 26.0, 0.9285714285714286, 0.0, 2.0, 2.0, 0.0, 0.0, 0.0, 0.375021, 0.2008244, 0.0896908069672695, 0.24701599999999999, 0.14416259356142724, 0.043184248348759176, 0.3187874812343841, 0.01214065345673976, 0.6125416976649308, 0.3187874812343841, 3.0, 0.18674075460949965, 0.4983159416883606, 0.6628950466178414, 0.33710495338215873, 2.580922886342521, 0.5720096300919798, 2.211242261064425, 0.9603303121315495]"
scifact,1187,coverage_guided_ultra,0.320000,0.320000,674.0,2769.0,"[24.0, 21.0, 0.875, 0.0, 1.0, 4.0, 1.0, 0.0, 0.0, 0.335331, 0.2116636, 0.059503043537620835, 0.169928, 0.04331839287152093, 0.34101529533505703, 0.028726840047594772, 0.0013866895694105853, 0.4410776218124778, 0.34101529533505703, 2.0, 0.15842638979966323, 0.4075277941034736, 0.5890625501975776, 0.41093744980242225, 1.7891572050537816, 0.4843681563656048, 2.2668927378957653, 0.9844990071346853]"
scifact,1191,fixed_10_full,0.216216,0.216216,3143.0,3143.0,"[11.0, 11.0, 1.0, 0.0, 1.0, 2.0, 0.0, 0.0, 0.0, 0.129525, 0.11330230000000001, 0.00726017670652719, 0.026283, 0.05934761629029144, 0.04900984365952524, 0.012831499710480577, 0.004771279675738331, 0.13666087627871062, 0.05934761629029144, 1.0, 0.11431806768265074, 0.3237824827916114, 0.522941723160077, 0.4770582768399229, 1.1582933896122478, 0.3970635826888837, 2.300566517599208, 0.9991233438447161]"
scifact,1194,coverage_guided_ultra,0.117647,0.177778,760.0,2996.0,"[21.0, 18.0, 0.8571428571428571, 0.0, 1.0, 4.0, 0.0, 0.0, 0.0, 0.212588, 0.1478165, 0.03669083836123127, 0.11373, 0.061673283534348186, 0.10472369089506453, 0.12769300242723014, 0.04437691685325618, 0.29967825088904354, 0.12769300242723014, 3.0, 0.14381885648760456, 0.3986557657636326, 0.6008984112057856, 0.3991015887942144, 1.4279150994089198, 0.46245817088253943, 2.272184063352734, 0.986797000582601]"
scifact,1196,adaptive_k_full,0.121212,0.145455,357.0,4154.0,"[12.0, 12.0, 1.0, 0.0, 0.0, 1.0, 0.0, 0.0, 0.0, 0.320646, 0.125641, 0.07601632767109971, 0.24927299999999997, 0.3935929342639546, 0.09755306475053487, 0.20514835675480128, 0.003951398115055246, 0.7183124068287144, 0.3935929342639546, 1.0, 0.2552080928996108, 0.5398317428228047, 0.6892288345364969, 0.3107711654635032, 3.5500321073492613, 0.6090760184343715, 2.151884998240626, 0.9345517804262926]"
scifact,1197,task_aware_coverage_ultra,0.115942,0.145455,338.0,4462.0,"[13.0, 13.0, 1.0, 0.0, 0.0, 1.0, 0.0, 0.0, 0.0, 0.320815, 0.1270667, 0.07508742406428656, 0.24836200000000003, 0.39893708211897827, 0.0966943565606346, 0.17925595748328477, 0.02573757461465326, 0.6989729283231769, 0.39893708211897827, 1.0, 0.2524776357613757, 0.5315743621263478, 0.6896606270564987, 0.31033937294350133, 3.3219603620021956, 0.6005546284087464, 2.158532121861423, 0.9374385895353334]"
bioasq,bioasq_416,adaptive_k_full,0.189655,0.283186,410.0,3279.0,"[10.0, 10.0, 1.0, 1.0, 1.0, 3.0, 0.0, 0.0, 1.0, 0.48008, 0.2086121, 0.10918249578155831, 0.354655, 0.3346588068655224, 0.10384727545409095, 0.20795492417930353, 0.027499583402766245, 0.6674012664555906, 0.3346588068655224, 1.0, 0.23013046702468362, 0.5124626040387879, 0.6703637996070219, 0.32963620039297814, 3.0066260004759697, 0.5838272927745939, 2.1863849174849683, 0.9495349049802182]"
bioasq,bioasq_4448,adaptive_k_full,0.642857,0.642857,333.0,2772.0,"[7.0, 7.0, 1.0, 1.0, 0.0, 3.0, 0.0, 0.0, 0.0, 0.311229, 0.1287214, 0.0637362404965966, 0.22686299999999998, 0.5139302571418473, 0.06991636383498968, 0.046920434792387576, 0.02392771881797646, 0.6452740586513467, 0.5139302571418473, 1.0, 0.24178497126351947, 0.4599289628608762, 0.634971341206668, 0.36502865879333196, 2.8190777257452377, 0.5309987792966561, 2.206662859624666, 0.9583415033558422]"
bioasq,bioasq_2483,coverage_guided_ultra,0.444444,0.487179,589.0,4455.0,"[17.0, 16.0, 0.9411764705882353, 1.0, 0.0, 4.0, 1.0, 0.0, 0.0, 0.255655, 0.1530457, 0.03786253512656014, 0.12823500000000002, 0.31599616670904157, 0.017860006649586303, 0.11105982671960259, 0.004830728912010271, 0.4673485752283351, 0.31599616670904157, 1.0, 0.1670448761383038, 0.39258012476012066, 0.5742807540492807, 0.42571924595071936, 1.8774004038920509, 0.4712287317395307, 2.2755214026037294, 0.9882463886035475]"
bioasq,bioasq_339,answer_aware_fallback,0.336283,0.336283,869.0,2763.0,"[15.0, 15.0, 1.0, 1.0, 0.0, 2.0, 2.0, 2.0, 0.0, 0.395354, 0.2354094, 0.08359622179285377, 0.24962299999999998, 0.12803209275737693, 0.14037293160054018, 0.010828270360234208, 0.036764519898622554, 0.45811601754377085, 0.17888272282561954, 4.0, 0.1679431662456979, 0.4372505940714347, 0.6493041484324755, 0.35069585156752453, 1.8454134692582012, 0.5004927962283949, 2.241897587439546, 0.9736437512172078]"
bioasq,bioasq_647,answer_aware_fallback,0.285714,0.300000,900.0,3111.0,"[10.0, 10.0, 1.0, 1.0, 0.0, 2.0, 1.0, 1.0, 0.0, 0.549549, 0.34734699999999996, 0.12872358936729505, 0.35894699999999996, 0.09549102991725933, 0.0374543489297588, 0.07556014113391164, 0.09939786988967309, 0.3385285024629287, 0.13002298248199892, 4.0, 0.15821325648414986, 0.4384981013223088, 0.6683765801921422, 0.3316234198078578, 1.5117809364778507, 0.49289958713336973, 2.2329905796114966, 0.9697754868672168]"
bioasq,bioasq_3617,fixed_10_full,0.575758,0.575758,3253.0,3253.0,"[7.0, 7.0, 1.0, 1.0, 0.0, 1.0, 0.0, 0.0, 0.0, 0.432319, 0.1577867, 0.10200176763473268, 0.34480500000000003, 0.5039149331859114, 0.05080970302022346, 0.05427473694193411, 0.005984007179883387, 0.7506239605476511, 0.5039149331859114, 1.0, 0.2739895060863812, 0.5319123855179175, 0.7073688720278706, 0.2926311279721295, 4.010008348019664, 0.5983299541746155, 2.135116396406019, 0.9272692691802901]"
bioasq,bioasq_3206,adaptive_k_full,0.933333,0.931298,349.0,4743.0,"[9.0, 9.0, 1.0, 1.0, 1.0, 1.0, 0.0, 0.0, 0.0, 0.568274, 0.1530093, 0.14407562858585762, 0.494061, 0.6230709129750789, 0.15167155280727254, 0.01447189208022892, 0.022216395611975935, 0.8220770262232655, 0.6230709129750789, 1.0, 0.3713983398394738, 0.5950494512425062, 0.7394151858743226, 0.26058481412567736, 5.620409656904924, 0.6596832729667673, 1.998948749858511, 0.8681324116709549]"
bioasq,bioasq_4564,fixed_10_full,0.216216,0.216216,3845.0,3845.0,"[8.0, 8.0, 1.0, 1.0, 1.0, 2.0, 0.0, 0.0, 0.0, 0.134654, 0.10067630000000001, 0.01651324808176756, 0.05404099999999999, 0.12303384971853787, 0.022776894856446895, 0.08026497541847995, 0.05649293745451297, 0.2622796203603309, 0.12303384971853787, 1.0, 0.13374945245305994, 0.36529054007745615, 0.5674721856087281, 0.4325278143912718, 1.3555271449711588, 0.43532109222967696, 2.289486140627773, 0.9943111972686142]"
bioasq,bioasq_1693,fixed_10_full,0.118812,0.118812,3460.0,3460.0,"[7.0, 7.0, 1.0, 0.0, 0.0, 3.0, 0.0, 0.0, 0.0, 0.520012, 0.24791180000000002, 0.15837553827330786, 0.433823, 0.03754913348153512, 0.30047191218664177, 0.07578094351668813, 0.1529060867826127, 0.505213341230587, 0.30047191218664177, 2.0, 0.2097568570757826, 0.5504921508375156, 0.7772360976766737, 0.22276390232332627, 2.0210730873122293, 0.5924249514464487, 2.100957307767576, 0.9124341654777701]"
bioasq,bioasq_4120,coverage_guided_ultra,0.361111,0.693878,472.0,3438.0,"[9.0, 9.0, 1.0, 1.0, 0.0, 2.0, 0.0, 0.0, 0.0, 0.209645, 0.1226687, 0.034431026516936726, 0.123011, 0.30399007846597825, 0.006801974766867718, 0.1089890052231153, 0.0035822461780629236, 0.47918147344320156, 0.30399007846597825, 1.0, 0.17090341709009713, 0.4076418841970282, 0.5958129498396901, 0.4041870501603098, 1.920054585252823, 0.478160715105338, 2.266885961093189, 0.9844960640067214]"
bioasq,bioasq_1234,answer_aware_fallback,0.222222,0.233333,736.0,3446.0,"[7.0, 7.0, 1.0, 1.0, 0.0, 1.0, 1.0, 1.0, 0.0, 0.164388, 0.1216766, 0.02932865278597024, 0.071398, 0.003102416234761725, 0.05975496994914469, 0.06513857459181932, 0.07538871450470838, 0.3170851886999051, 0.18908922792417937, 4.0, 0.1351023943798561, 0.39639585589998405, 0.6064691156721999, 0.3935308843278001, 1.4643114828572192, 0.46792981843406045, 2.27417004854592, 0.9876595029931433]"
bioasq,bioasq_2770,answer_aware_fallback,0.442105,0.488889,736.0,2421.0,"[7.0, 7.0, 1.0, 1.0, 0.0, 3.0, 0.0, 0.0, 0.0, 0.30736, 0.12367120000000001, 0.07624140682044109, 0.23950200000000002, 0.3576490109318064, 0.04117321707444039, 0.29594612181155644, 0.05253123373243104, 0.696603331598126, 0.3576490109318064, 1.0, 0.2485299730252476, 0.5575841424680928, 0.7088465220681938, 0.29115347793180624, 3.2960150988718744, 0.6276975928751142, 2.1410532187395424, 0.9298475983597791]"
bioasq,bioasq_3787,adaptive_k_full,0.589744,0.800000,450.0,3155.0,"[8.0, 8.0, 1.0, 1.0, 1.0, 2.0, 0.0, 0.0, 0.0, 0.485591, 0.1299648, 0.11882158337339221, 0.404863, 0.7841846327464883, 0.01108134211713149, 0.003873630277332174, 0.02102592510981463, 0.8009724232945009, 0.7841846327464883, 1.0, 0.37363270670212245, 0.5307637144826908, 0.6801749396759739, 0.3198250603240262, 5.024429360759886, 0.6064703084461115, 2.0343316174181183, 0.8834989958060059]"
bioasq,bioasq_2905,fixed_10_full,0.322581,0.322581,3407.0,3407.0,"[5.0, 5.0, 1.0, 1.0, 0.0, 1.0, 0.0, 0.0, 0.0, 0.199661, 0.1132505, 0.04459132408720333, 0.131222, 0.05388633734179443, 0.2860147950776566, 0.08053650938340486, 0.051852890649651165, 0.4947536073644828, 0.2860147950776566, 2.0, 0.1763003253848769, 0.4594761171032357, 0.6507282528553957, 0.3492717471446042, 1.9792323400543232, 0.5235879669924425, 2.2310030756984145, 0.9689123248850041]"
bioasq,bioasq_2237,adaptive_k_full,0.037736,0.083333,299.0,3200.0,"[13.0, 13.0, 1.0, 1.0, 0.0, 2.0, 1.0, 1.0, 0.0, 0.398595, 0.1748576, 0.07680737040180453, 0.26429899999999995, 0.49624807135061905, 0.11080419975162763, 0.0024335478367766747, 0.007619262660093609, 0.6382593860936538, 0.49624807135061905, 1.0, 0.22795406090441594, 0.4323603892538843, 0.6038399246015044, 0.39616007539849574, 2.7644117402280353, 0.5121282571320573, 2.227160353269378, 0.9672434517385876]"
bioasq,bioasq_3039,adaptive_k_full,0.413793,0.428571,396.0,3387.0,"[9.0, 9.0, 1.0, 1.0, 0.0, 1.0, 1.0, 1.0, 0.0, 0.453984, 0.178379, 0.1189202317286676, 0.371873, 0.31439874533023193, 0.13345844787481492, 0.13166983858461973, 0.07433081342073726, 0.7058596778741101, 0.31439874533023193, 1.0, 0.2545052949057905, 0.5695177122867602, 0.751390578487378, 0.248609421512622, 3.3997378964316476, 0.6277804109523859, 2.107415877710017, 0.9152390867647585]"
bioasq,bioasq_284,coverage_guided_ultra,0.166667,0.166667,2203.0,2588.0,"[11.0, 11.0, 1.0, 1.0, 1.0, 1.0, 1.0, 1.0, 0.0, 0.445713, 0.312889, 0.0685391499597128, 0.272469, 0.1477116440399989, 0.10873813418051528, 0.0012474394958190604, 0.011460289468783727, 0.298660797418967, 0.16795336909625697, 9.0, 0.14245083719785612, 0.369779378629482, 0.5754273879874333, 0.4245726120125668, 1.4258435808519625, 0.42732433058311536, 2.277695308644338, 0.98919050400116]"
bioasq,bioasq_2298,fixed_10_full,0.181818,0.181818,3463.0,3463.0,"[8.0, 8.0, 1.0, 1.0, 1.0, 2.0, 1.0, 1.0, 0.0, 0.402965, 0.26094819999999996, 0.05690258670886589, 0.21116500000000002, 0.2740362066184408, 0.011576687801670194, 0.03872544761952026, 0.000960381174543691, 0.38740833571153827, 0.2740362066184408, 1.0, 0.1544233683160106, 0.37684720569063135, 0.5757836229565868, 0.4242163770434132, 1.6324087614896317, 0.443942234636014, 2.2803513503199175, 0.9903440082445693]"
bioasq,bioasq_4310,fixed_10_full,0.285714,0.285714,3582.0,3582.0,"[8.0, 8.0, 1.0, 1.0, 1.0, 2.0, 0.0, 0.0, 0.0, 0.294684, 0.2028389, 0.07325359370631587, 0.187332, 0.013010546890906884, 0.08390343554451547, 0.02003502056440126, 0.32235886576807704, 0.13432354657870796, 0.32235886576807704, 5.0, 0.14527982551670318, 0.41986966010957466, 0.6739244789830748, 0.3260755210169253, 1.1551659930772518, 0.4715051465572986, 2.2349078703978362, 0.9706081556759281]"
bioasq,bioasq_4601,answer_aware_fallback,0.257143,0.281690,970.0,3983.0,"[7.0, 7.0, 1.0, 1.0, 0.0, 2.0, 0.0, 0.0, 0.0, 0.382849, 0.1923684, 0.10685112356657743, 0.304537, 0.018639202400946523, 0.2528333625006204, 0.30292883094901646, 0.02447962512635535, 0.5805500340865458, 0.30292883094901646, 3.0, 0.19901865379137115, 0.5393183079965317, 0.7074987367987674, 0.2925012632012326, 2.384074576862242, 0.5929438471698405, 2.159927338051227, 0.9380445242276275]"
bioasq,bioasq_3810,adaptive_k_full,0.313253,0.333333,547.0,3288.0,"[8.0, 8.0, 1.0, 1.0, 0.0, 2.0, 0.0, 0.0, 0.0, 0.221397, 0.11334459999999999, 0.0430360788878355, 0.15047300000000002, 0.3786320501181137, 0.012619863864460634, 0.0811212437386234, 0.07005966657181442, 0.4723731577211977, 0.3786320501181137, 1.0, 0.19533087593056928, 0.43561051871902146, 0.6417341452526191, 0.35826585474738104, 1.8952788597354793, 0.49832207483394847, 2.2376907496652376, 0.9718167447855635]"
bioasq,bioasq_4231,fixed_10_full,0.235294,0.235294,4611.0,4611.0,"[7.0, 7.0, 1.0, 0.0, 0.0, 2.0, 1.0, 1.0, 0.0, 0.340528, 0.24514390000000003, 0.08402201250559284, 0.216108, 0.07776453037635665, 0.011194380491472177, 7.047878588535595e-05, 0.04093642813513135, 0.11403173894657709, 0.2434953953859888, 6.0, 0.13890943237828882, 0.39356883854748165, 0.6431805971920982, 0.35681940280790175, 1.1287086049911004, 0.438281453000616, 2.238261151090852, 0.9720644669771775]"
bioasq,bioasq_2450,fixed_10_full,0.591133,0.591133,2485.0,2485.0,"[3.0, 3.0, 1.0, 1.0, 0.0, 2.0, 0.0, 0.0, 0.0, 0.281375, 0.0865974, 0.06742144208959046, 0.232447, 0.6105162150155486, 0.0867561083962683, 0.0686237227898712, 0.02800888494002665, 0.7696419369169257, 0.6105162150155486, 1.0, 0.3249231501176709, 0.5498386787594084, 0.7007531403945153, 0.29924685960548464, 4.341067929709798, 0.6205861959304113, 2.087192816565701, 0.90645632290259]"
bioasq,bioasq_1674,fixed_10_full,0.393162,0.393162,2461.0,2461.0,"[14.0, 14.0, 1.0, 1.0, 0.0, 2.0, 0.0, 0.0, 0.0, 0.266398, 0.184581, 0.0350797464728581, 0.14106900000000003, 0.24515574441249569, 0.0031869608630694995, 0.011246330678158238, 0.02019159302997768, 0.3072545589681605, 0.24515574441249569, 1.0, 0.14432579734642245, 0.3617528347988146, 0.5685942756838461, 0.43140572431615387, 1.4435316939949934, 0.4275220347100305, 2.2849920450120065, 0.9923594363415411]"
bioasq,bioasq_2818,fixed_10_full,0.130435,0.130435,1517.0,1517.0,"[2.0, 2.0, 1.0, 0.0, 0.0, 2.0, 0.0, 0.0, 1.0, 0.135238, 0.10141739999999999, 0.012966703638164944, 0.04461, 0.2019107055709194, 0.0007246483976397231, 0.043826439314393895, 0.05326165722651918, 0.25015897898519646, 0.2019107055709194, 1.0, 0.1333479264899317, 0.3460984012605332, 0.5465709040066103, 0.4534290959933897, 1.333616022562545, 0.4216674535300131, 2.2948777287236326, 0.9966527342273412]"
bioasq,bioasq_4230,adaptive_k_full,0.272727,0.311111,449.0,4644.0,"[5.0, 5.0, 1.0, 0.0, 0.0, 2.0, 0.0, 0.0, 0.0, 0.300742, 0.1217646, 0.06504802022075692, 0.21779700000000002, 0.41137918880635227, 0.24834575815815554, 0.015165823197292016, 0.0013466692380844796, 0.6784453119284969, 0.41137918880635227, 1.0, 0.2469863983456604, 0.47641104228979525, 0.6361282343144067, 0.3638717656855933, 3.1098909053306447, 0.5523162817622328, 2.1903496961288025, 0.9512567864672032]"
bioasq,bioasq_4327,adaptive_k_full,0.430380,0.464286,514.0,3491.0,"[23.0, 18.0, 0.782608695652174, 1.0, 1.0, 2.0, 1.0, 1.0, 0.0, 0.18342, 0.1623301, 0.008959251636716093, 0.033317999999999987, 0.06847126812779407, 0.035132482826300326, 0.005468324064987482, 0.009530040344564386, 0.11511285574092243, 0.06847126812779407, 1.0, 0.11299198361856488, 0.31953285311842966, 0.5201857203315959, 0.47981427966840406, 1.1300876122879007, 0.3930873351425373, 2.3010876774508167, 0.9993496806924593]"
bioasq,bioasq_816,coverage_guided_ultra,0.211679,0.209059,743.0,3735.0,"[13.0, 12.0, 0.9230769230769231, 1.0, 1.0, 3.0, 1.0, 1.0, 0.0, 0.413855, 0.3016321, 0.047755229616137325, 0.155601, 0.11011586183566696, 0.17239129646857004, 0.005562334634110911, 0.003276509888729202, 0.2966522091070543, 0.17239129646857004, 2.0, 0.13720522451025602, 0.35774574390457775, 0.5519293205199314, 0.4480706794800686, 1.4217717222519959, 0.4317661472767038, 2.2908016904288853, 0.9948825332879061]"
bioasq,bioasq_4204,task_aware_coverage_ultra,0.216216,0.210526,348.0,3190.0,"[9.0, 9.0, 1.0, 1.0, 0.0, 1.0, 0.0, 0.0, 0.0, 0.537771, 0.3547653, 0.11231018862779102, 0.34831, 0.03943686067117789, 0.1444462419877606, 0.075827815185274, 0.05532652374337771, 0.3502122650719358, 0.1444462419877606, 2.0, 0.15158500563612057, 0.4209030590083077, 0.6316178611606039, 0.3683821388393961, 1.5389641051176608, 0.47529071895607905, 2.2519788151162117, 0.978021972767994]"
bioasq,bioasq_904,fixed_10_full,0.266667,0.266667,3038.0,3038.0,"[7.0, 7.0, 1.0, 1.0, 0.0, 1.0, 0.0, 0.0, 0.0, 0.125318, 0.0861681, 0.01949964240928536, 0.05784900000000001, 0.15407204072838712, 0.00677476499784539, 0.06146762635854387, 0.029365294690307877, 0.3876617884102843, 0.16534735632550793, 4.0, 0.14543433126644317, 0.3905029819620022, 0.5926601607787568, 0.4073398392212431, 1.6330844312391677, 0.4634668730871897, 2.277996284220193, 0.9893212160329414]"
bioasq,bioasq_3266,coverage_guided_ultra,0.533333,0.620690,457.0,3789.0,"[6.0, 6.0, 1.0, 1.0, 1.0, 2.0, 1.0, 1.0, 0.0, 0.533262, 0.1227171, 0.13903827840594835, 0.47996300000000003, 0.7499034245830379, 0.041381159730113935, 0.06644576212068362, 0.0059651728418676055, 0.8634067306502244, 0.7499034245830379, 1.0, 0.43454579679604555, 0.6339206190498309, 0.7550993300852122, 0.24490066991478773, 7.321004942339374, 0.6948009320828157, 1.897858435463506, 0.8242294459553393]"
bioasq,bioasq_2283,fixed_10_full,0.045455,0.045455,3218.0,3218.0,"[12.0, 12.0, 1.0, 1.0, 0.0, 1.0, 1.0, 1.0, 0.0, 0.607419, 0.1821876, 0.14311008305091577, 0.505912, 0.7355054748040479, 0.0071021815254379336, 0.008583860564124638, 0.016502611870883203, 0.7520854632469515, 0.7355054748040479, 1.0, 0.3334030416998742, 0.5074017112031773, 0.673010676906661, 0.32698932309333895, 4.033648099450156, 0.5725622887552282, 2.0931002335372138, 0.9090218814956196]"
bioasq,bioasq_3926,coverage_guided_ultra,0.310345,0.309859,666.0,4780.0,"[9.0, 9.0, 1.0, 1.0, 0.0, 3.0, 1.0, 1.0, 0.0, 0.241392, 0.1547736, 0.0502935261384604, 0.148838, 0.06945963412209188, 0.12214986412142899, 0.10356598395970039, 0.07484920792735468, 0.3371445615430502, 0.12214986412142899, 2.0, 0.15596458310719657, 0.4271762109300294, 0.640485845131211, 0.359514154868789, 1.5086245687715614, 0.48638802693703753, 2.250318676162661, 0.9773009835812743]"
bioasq,bioasq_3297,fixed_10_full,0.258065,0.258065,3509.0,3509.0,"[8.0, 7.0, 0.875, 1.0, 0.0, 1.0, 0.0, 0.0, 0.0, 0.230208, 0.12646079999999998, 0.049075248862945155, 0.145461, 0.10694676118988047, 0.28208837225465666, 0.05382958020572694, 0.027401306644425884, 0.5470965387823186, 0.28208837225465666, 2.0, 0.18203901920595156, 0.4558289999746957, 0.6396954629418761, 0.36030453705812393, 2.207976060309605, 0.5273888695235298, 2.2347276841369803, 0.9705299017771236]"
bioasq,bioasq_3843,adaptive_k_full,0.465116,0.500000,940.0,4223.0,"[10.0, 9.0, 0.9, 1.0, 1.0, 2.0, 1.0, 1.0, 0.0, 0.425744, 0.2832343, 0.0729727236466476, 0.22790100000000002, 0.05653867112631067, 0.22746063362020363, 0.038790916607162995, 0.0447475478221654, 0.35269081889586235, 0.22746063362020363, 2.0, 0.15031512779349113, 0.3997573740186129, 0.5988526107184052, 0.4011473892815948, 1.544856815245947, 0.46567629482481354, 2.270984476533943, 0.9862760266466362]"
bioasq,bioasq_4096,coverage_guided_ultra,0.346667,0.400000,566.0,3790.0,"[9.0, 8.0, 0.8888888888888888, 1.0, 0.0, 3.0, 1.0, 1.0, 0.0, 0.444207, 0.1646596, 0.0973589664717123, 0.34240800000000005, 0.5810804422262594, 0.033903112737980245, 0.014637319988203714, 0.017167671828674454, 0.7159252330557602, 0.5810804422262594, 1.0, 0.26977291333150333, 0.48665307094150606, 0.663207004025274, 0.33679299597472606, 3.5202000190192413, 0.5575465810202564, 2.1700536678836144, 0.9424423333957656]"
bioasq,bioasq_3686,fixed_10_full,0.093750,0.093750,3413.0,3413.0,"[4.0, 4.0, 1.0, 1.0, 0.0, 1.0, 0.0, 0.0, 0.0, 0.427403, 0.0856228, 0.11419719622635224, 0.386922, 0.8450081071026643, 0.028064847462465167, 0.004040682915187772, 0.015346172113906537, 0.8850405823075644, 0.8450081071026643, 1.0, 0.49916961370102353, 0.6398949812433137, 0.7586203674722154, 0.24137963252778466, 8.698721862661294, 0.7072655640868089, 1.7863977082886962, 0.7758226671943956]"
bioasq,bioasq_1317,fixed_10_full,0.363636,0.363636,2911.0,2911.0,"[8.0, 7.0, 0.875, 1.0, 0.0, 1.0, 0.0, 0.0, 0.0, 0.304166, 0.1490462, 0.06063566044300994, 0.19619599999999998, 0.26473044324480705, 0.28556117383270985, 0.03909049663670495, 0.0048032981990097185, 0.5978182965880473, 0.28556117383270985, 2.0, 0.20407497809404065, 0.44589932517568376, 0.6117713836380935, 0.38822861636190664, 2.4864383225700974, 0.5225464503817694, 2.2328406083650947, 0.9697103551824603]"
bioasq,bioasq_1908,fixed_10_full,0.620690,0.620690,2354.0,2354.0,"[7.0, 7.0, 1.0, 1.0, 0.0, 1.0, 1.0, 1.0, 0.0, 0.257356, 0.1773808, 0.04651748662126964, 0.13806899999999997, 0.12047513949548477, 0.049165358491739065, 0.009725827258738889, 0.13934782946579838, 0.24997668599138928, 0.13934782946579838, 5.0, 0.14508672866510916, 0.39316825721836857, 0.6210497415729324, 0.37895025842706764, 1.3332918874952724, 0.45636461792661176, 2.268227911271877, 0.9850788655643148]"
bioasq,bioasq_1596,fixed_10_full,0.171429,0.171429,3623.0,3623.0,"[6.0, 6.0, 1.0, 1.0, 0.0, 1.0, 0.0, 0.0, 0.0, 0.164571, 0.1010984, 0.02582493564057808, 0.089448, 0.28156844158448324, 0.019480953509427544, 0.04550011848989195, 0.07226060484532512, 0.39367810853674096, 0.28156844158448324, 1.0, 0.1627829916200454, 0.3935087004344282, 0.5985782168659445, 0.40142178313405547, 1.6492889570367697, 0.4627308530659055, 2.2723966557500397, 0.9868893282876455]"
bioasq,bioasq_629,fixed_10_full,0.598425,0.598425,4196.0,4196.0,"[8.0, 8.0, 1.0, 1.0, 1.0, 2.0, 1.0, 1.0, 0.0, 0.66244, 0.2053972, 0.16787254256119433, 0.565922, 0.4769186643318641, 0.2252339834551053, 0.05572127286999577, 0.0030659380472193784, 0.7965204395869814, 0.4769186643318641, 1.0, 0.3225165678986861, 0.5872796708036916, 0.7309948723741123, 0.26900512762588785, 4.9144985273716, 0.6490020617314239, 2.052289592398612, 0.8912980452461909]"
bioasq,bioasq_670,fixed_10_full,0.458333,0.458333,3396.0,3396.0,"[8.0, 8.0, 1.0, 0.0, 2.0, 2.0, 0.0, 0.0, 0.0, 0.357229, 0.2333974, 0.05874333047963829, 0.209548, 0.17971385301865192, 0.08803876504987006, 0.013453555002533323, 0.05264970089214479, 0.33576221415394614, 0.17971385301865192, 1.0, 0.15305611802016647, 0.39068087305171356, 0.6023623228022249, 0.39763767719777515, 1.5054849653370421, 0.4528865189823751, 2.271656447671848, 0.9865678600038267]"
bioasq,bioasq_395,coverage_guided_ultra,0.598425,0.703125,466.0,4177.0,"[10.0, 10.0, 1.0, 1.0, 0.0, 2.0, 0.0, 0.0, 0.0, 0.436056, 0.2990249, 0.0603056551302612, 0.18954, 0.10273909773056673, 0.20776689232575635, 0.02554029757645809, 0.0460537178710991, 0.346849945878511, 0.20776689232575635, 2.0, 0.14582598305358518, 0.37721607799216716, 0.5692840295239627, 0.4307159704760373, 1.5310417471296653, 0.4534452504567738, 2.283728220486927, 0.9918105643242051]"
bioasq,bioasq_957,answer_aware_fallback,0.203390,0.256410,1097.0,4052.0,"[8.0, 8.0, 1.0, 1.0, 0.0, 1.0, 0.0, 0.0, 0.0, 0.591835, 0.40206200000000003, 0.1377076599539764, 0.351633, 0.01587604653323977, 0.07530308278489786, 0.04707731039901333, 0.22331730972314914, 0.24947493811619792, 0.22331730972314914, 5.0, 0.1471999343384851, 0.4258412881595376, 0.6631671234784685, 0.3368328765215315, 1.3324005430145411, 0.4860451364571751, 2.2435132962106588, 0.9743454446208647]"
bioasq,bioasq_285,answer_aware_fallback,0.377953,0.483871,666.0,4255.0,"[7.0, 7.0, 1.0, 1.0, 0.0, 1.0, 0.0, 0.0, 0.0, 0.531255, 0.3989989, 0.1001381784430394, 0.367765, 0.0041411374951764775, 0.1250397643316299, 0.07262802232449578, 0.025857638986927178, 0.24240336561538253, 0.31394528051500686, 9.0, 0.13314698361323804, 0.3816895234548266, 0.588837964214939, 0.41116203578506105, 1.3199636252506357, 0.43559480170606923, 2.2670325399757503, 0.9845597224065814]"
bioasq,bioasq_4468,fixed_10_full,0.650000,0.650000,3359.0,3359.0,"[9.0, 9.0, 1.0, 1.0, 0.0, 2.0, 0.0, 0.0, 0.0, 0.501076, 0.1579158, 0.11999822014663383, 0.40884999999999994, 0.6188562214115224, 0.007853100128523461, 0.12997828672696357, 0.03048040616593091, 0.7786822757426018, 0.6188562214115224, 1.0, 0.3173058047389811, 0.5566922372555501, 0.7041220701158465, 0.29587792988415346, 4.518390939340108, 0.6304069403888408, 2.0931540972032985, 0.9090452741885753]"
bioasq,bioasq_1695,coverage_guided_ultra,0.000000,0.040816,406.0,3862.0,"[10.0, 10.0, 1.0, 1.0, 0.0, 1.0, 0.0, 0.0, 0.0, 0.438903, 0.2675446, 0.08136399711936478, 0.25622199999999995, 0.21580850438479574, 0.0041353100799037855, 0.09173553154113778, 0.07284980963903187, 0.43124334989735774, 0.21580850438479574, 1.0, 0.16404853620667356, 0.42066107856409735, 0.6268827701998096, 0.37311722980019035, 1.7582212002611877, 0.48833504000555394, 2.258634440282172, 0.9809124740511869]"
bioasq,bioasq_3839,adaptive_k_full,0.631579,0.647059,390.0,3070.0,"[10.0, 10.0, 1.0, 1.0, 1.0, 3.0, 0.0, 0.0, 0.0, 0.142268, 0.1039549, 0.014717331303262832, 0.05294800000000001, 0.20694042230157172, 0.01606826552703346, 0.04747378187645849, 0.018148845840245176, 0.2888281271965586, 0.20694042230157172, 1.0, 0.13685550176085975, 0.35172560408407877, 0.5488918752266607, 0.45110812477333917, 1.4061298516461251, 0.4258424584623197, 2.293177572527697, 0.9959143657730727]"
bioasq,bioasq_4062,adaptive_k_full,0.288889,0.288889,2032.0,3104.0,"[9.0, 9.0, 1.0, 1.0, 0.0, 1.0, 1.0, 1.0, 0.0, 0.470836, 0.3621766, 0.09263664680913272, 0.26550699999999994, 0.0017373352929682213, 0.06778581077062927, 0.08134467203017612, 0.008331988208208399, 0.17150982507709683, 0.2869045697440297, 7.0, 0.13000177261590062, 0.38074132895388607, 0.5988352091217378, 0.4011647908782622, 1.2070149173381048, 0.43422139006920685, 2.2675850489549942, 0.984799674007469]"
bioasq,bioasq_4036,task_aware_coverage_ultra,0.137931,0.192308,722.0,3983.0,"[4.0, 4.0, 1.0, 1.0, 0.0, 1.0, 0.0, 0.0, 0.0, 0.219128, 0.0819152, 0.04806501506251714, 0.171114, 0.5408984703004637, 0.07336351356284908, 0.06988153042970323, 0.03692818809097877, 0.6899163958964623, 0.5408984703004637, 1.0, 0.26750590854932904, 0.4935054788366506, 0.6609481512588629, 0.3390518487411372, 3.2249367163124742, 0.5640149173976312, 2.1713711836831378, 0.9430145232373188]"
bioasq,bioasq_2599,coverage_guided_ultra,0.390805,0.470588,477.0,2332.0,"[22.0, 20.0, 0.9090909090909091, 1.0, 0.0, 5.0, 0.0, 0.0, 0.0, 0.555501, 0.1636581, 0.14600679018966892, 0.482671, 0.44334573655132936, 0.3341344119992583, 0.008082793730344309, 0.0031071051177225697, 0.8220543257347871, 0.44334573655132936, 1.0, 0.3394277460144044, 0.6039010595870293, 0.7370866458794278, 0.2629133541205721, 5.619692662545903, 0.6636069118096332, 2.0093344353929505, 0.8726428575893445]"
bioasq,bioasq_2277,answer_aware_fallback,0.323529,0.354839,985.0,3641.0,"[10.0, 9.0, 0.9, 1.0, 0.0, 3.0, 0.0, 0.0, 0.0, 0.29433, 0.1879451, 0.0551078378807407, 0.17506099999999997, 0.13714198348792167, 0.0324363809329664, 0.16970067611184722, 0.015934495294397444, 0.40817449801243494, 0.16970067611184722, 3.0, 0.15660424240908646, 0.42177901951154884, 0.6179331091898645, 0.38206689081013556, 1.68968724166437, 0.4879516032828318, 2.2611099729851643, 0.9819875842438676]"
bioasq,bioasq_3201,adaptive_k_full,0.218182,0.236364,536.0,3260.0,"[7.0, 7.0, 1.0, 1.0, 1.0, 2.0, 0.0, 0.0, 0.0, 0.420749, 0.1266428, 0.09873107814746074, 0.337991, 0.7192150189305263, 0.0240024337550416, 0.006139052023890733, 0.0040166465042103415, 0.7868539200330839, 0.7192150189305263, 1.0, 0.3322328628236268, 0.5108304617396331, 0.6649166000751721, 0.33508339992482794, 4.691618068487194, 0.5879621046049593, 2.097408796254579, 0.9108930665087053]"
bioasq,bioasq_1862,coverage_guided_ultra,0.705882,0.705882,302.0,2741.0,"[6.0, 6.0, 1.0, 1.0, 1.0, 1.0, 0.0, 0.0, 0.0, 0.542843, 0.2166315, 0.14591213554002286, 0.455599, 0.33824512796517586, 0.12711410113052954, 0.0019876833633297227, 0.21390530963833007, 0.6027654404680542, 0.33824512796517586, 1.0, 0.25058359472191255, 0.5503807156392307, 0.7833953049302617, 0.21660469506973823, 2.517404329518262, 0.5999155699056528, 2.0922151356211316, 0.908637488354721]"
bioasq,bioasq_4189,coverage_guided_ultra,0.303030,0.410959,598.0,4621.0,"[8.0, 7.0, 0.875, 1.0, 0.0, 2.0, 0.0, 0.0, 0.0, 0.322515, 0.1975808, 0.06558511107377954, 0.196045, 0.09382509340650826, 0.19674743810365405, 0.0037145559121281326, 0.07945987008356203, 0.397445080073795, 0.19674743810365405, 2.0, 0.16323195371210159, 0.42694988581886495, 0.6405010000971754, 0.3594989999028245, 1.6595997591762592, 0.49066306353886324, 2.249651216107774, 0.977011109362546]"
bioasq,bioasq_3320,adaptive_k_full,0.333333,0.368932,489.0,3194.0,"[12.0, 12.0, 1.0, 1.0, 0.0, 1.0, 2.0, 1.0, 0.0, 0.407538, 0.27293219999999996, 0.06044179736539938, 0.2015, 0.16486806138323304, 0.09874171242927032, 0.014094391197876092, 0.019519652155136426, 0.36926127134156816, 0.16486806138323304, 1.0, 0.14931840215262254, 0.3839755807486255, 0.5860085398498236, 0.4139914601501765, 1.5854425209103287, 0.4525222020188325, 2.279262425605059, 0.989871094249698]"
bioasq,bioasq_3520,adaptive_k_full,0.250000,0.313253,505.0,2830.0,"[11.0, 10.0, 0.9090909090909091, 1.0, 2.0, 2.0, 0.0, 0.0, 0.0, 0.668459, 0.1631416, 0.16894279628690892, 0.578374, 0.7958947369995767, 0.02879608173425745, 0.0040316608797248635, 0.011539974777809856, 0.8349203167284754, 0.7958947369995767, 1.0, 0.40974159870934207, 0.5652034796765509, 0.7030230180407696, 0.2969769819592305, 6.057680631451123, 0.635497439283344, 1.9689440218383563, 0.8551015238607939]"
bioasq,bioasq_211,answer_aware_fallback,0.366197,0.351351,748.0,2556.0,"[12.0, 12.0, 1.0, 1.0, 0.0, 2.0, 0.0, 0.0, 0.0, 0.480661, 0.3664153, 0.07814342834179981, 0.220148, 0.012372545307399561, 0.06674766623462279, 0.08765637320273535, 0.13355150511483144, 0.18930805702979853, 0.13355150511483144, 5.0, 0.1311792930044133, 0.381535923854708, 0.5971835783058186, 0.4028164216941814, 1.2335141710379092, 0.4458909791666468, 2.279812000673498, 0.9901097716693127]"
bioasq,bioasq_3341,answer_aware_fallback,0.388889,0.388889,886.0,2850.0,"[7.0, 7.0, 1.0, 1.0, 1.0, 2.0, 0.0, 0.0, 0.0, 0.436194, 0.17660700000000001, 0.13047690167382117, 0.354418, 0.14084787961319967, 0.18009417827847243, 0.38503509906142674, 0.02145146425672981, 0.7668124733490145, 0.38503509906142674, 3.0, 0.24698568006930643, 0.6269015384441161, 0.757114950143539, 0.24288504985646095, 4.28839404217667, 0.6909719773502149, 2.062928588767616, 0.895918502662238]"
bioasq,bioasq_1042,coverage_guided_ultra,0.372093,0.355556,879.0,4235.0,"[11.0, 11.0, 1.0, 1.0, 0.0, 1.0, 2.0, 1.0, 0.0, 0.465544, 0.2357986, 0.14593867923562964, 0.361911, 0.014159778667537305, 0.20254583884659677, 0.03348126063272207, 0.012765710652483924, 0.7184669977488702, 0.46828011960201404, 4.0, 0.19743289400361158, 0.546718258717397, 0.7503399087187117, 0.24966009128128835, 3.5519814444630953, 0.6029555793154348, 2.1186363407799726, 0.9201120719604394]"
bioasq,bioasq_2381,fixed_10_full,0.478261,0.478261,3516.0,3516.0,"[7.0, 7.0, 1.0, 1.0, 1.0, 2.0, 0.0, 0.0, 0.0, 0.317791, 0.11272470000000001, 0.07015288824709927, 0.251469, 0.6270064287534889, 0.034324445940885684, 0.022832616405121603, 0.04524357203319163, 0.6844970436544773, 0.6270064287534889, 1.0, 0.2819178050595832, 0.48254819041434566, 0.6605340267039965, 0.3394659732960034, 3.169542408042767, 0.549423810577159, 2.160303877433138, 0.9382080532034106]"
bioasq,bioasq_2436,fixed_10_full,0.161290,0.161290,3696.0,3696.0,"[6.0, 6.0, 1.0, 1.0, 0.0, 2.0, 0.0, 0.0, 0.0, 0.533314, 0.2985966, 0.1502865767713138, 0.411674, 0.08251611620921252, 0.10350562707898162, 0.03570504430785617, 0.06400732026535963, 0.4511151029224809, 0.22938831532643061, 4.0, 0.1786068562066681, 0.48785786576270457, 0.7248974033863748, 0.27510259661362524, 1.8218755978246015, 0.5330995355638903, 2.172779703468827, 0.9436262356078953]"
bioasq,bioasq_2191,adaptive_k_full,0.429448,0.442953,406.0,3206.0,"[15.0, 14.0, 0.9333333333333333, 1.0, 4.0, 3.0, 2.0, 1.0, 0.0, 0.467998, 0.23191040000000002, 0.1147914516549033, 0.355846, 0.2512638942901465, 0.0645387373450314, 0.05838486489258504, 0.1415753913478263, 0.5255022457360929, 0.2512638942901465, 1.0, 0.20180121288221656, 0.49096892593001434, 0.7130128704879125, 0.28698712951208744, 2.1074915339721882, 0.5435863845600781, 2.185415211307771, 0.949113766938394]"
bioasq,bioasq_461,coverage_guided_ultra,0.393939,0.571429,294.0,3509.0,"[8.0, 8.0, 1.0, 1.0, 0.0, 2.0, 1.0, 1.0, 0.0, 0.378661, 0.2098524, 0.06733862933740188, 0.22016900000000003, 0.22999463900428085, 0.19867638864313994, 0.07046408264912418, 0.010885726282875676, 0.5237798452969807, 0.22999463900428085, 1.0, 0.18044158656274603, 0.42247408178319623, 0.5987808574026316, 0.4012191425973685, 2.099869125916396, 0.4986722838910716, 2.2573699339238735, 0.9803633059174464]"
bioasq,bioasq_3312,fixed_10_full,0.539130,0.539130,3027.0,3027.0,"[11.0, 11.0, 1.0, 1.0, 1.0, 3.0, 0.0, 0.0, 1.0, 0.511981, 0.3435623, 0.08144558542493265, 0.248058, 0.16235563429111627, 0.027118193839224515, 0.10317570378588264, 0.11006072490971341, 0.31540428258079894, 0.16235563429111627, 1.0, 0.1490212983205666, 0.39463381168422723, 0.6020634394402412, 0.39793656055975873, 1.460716119828816, 0.4663094802855611, 2.2755880333418568, 0.9882753259654413]"
bioasq,bioasq_3990,answer_aware_fallback,0.584270,0.611765,536.0,2658.0,"[3.0, 3.0, 1.0, 1.0, 0.0, 1.0, 0.0, 0.0, 0.0, 0.301928, 0.1256883, 0.07517237130761541, 0.238332, 0.2761386820698974, 0.22861410667443896, 0.0478359078985718, 0.06825799528364379, 0.6661488831774462, 0.2761386820698974, 1.0, 0.2402196544944915, 0.533073484166784, 0.7207480728118688, 0.2792519271881313, 2.9953471760632544, 0.5950374689830709, 2.146964338361174, 0.9324147649933238]"
bioasq,bioasq_1484,coverage_guided_ultra,0.273973,0.339623,301.0,3691.0,"[9.0, 9.0, 1.0, 0.0, 0.0, 1.0, 0.0, 0.0, 0.0, 0.607891, 0.4259927, 0.07988619918365122, 0.26792599999999994, 0.14167836010074178, 0.08358241855859018, 0.0898499895540484, 0.011066128631613206, 0.3438182174106871, 0.14167836010074178, 1.0, 0.14269986316666927, 0.37573742460844983, 0.5671080748566818, 0.43289192514331815, 1.5239679407952627, 0.4479733065548059, 2.2859410761585464, 0.9927715953316377]"
bioasq,bioasq_4301,coverage_guided_ultra,0.326923,0.329670,343.0,2816.0,"[6.0, 6.0, 1.0, 1.0, 0.0, 1.0, 0.0, 0.0, 0.0, 0.292724, 0.13032280000000002, 0.07412200025336607, 0.230927, 0.2765437750235717, 0.1182479058772085, 0.1172606277585713, 0.21072409505199438, 0.5271552725434197, 0.2765437750235717, 1.0, 0.22461457243091767, 0.5230519909025896, 0.7388599692455963, 0.2611400307544037, 2.1148591534032204, 0.579419217355308, 2.1526118949944677, 0.9348674676753994]"
bioasq,bioasq_879,fixed_10_full,0.421053,0.421053,4134.0,4134.0,"[8.0, 8.0, 1.0, 1.0, 0.0, 4.0, 0.0, 0.0, 0.0, 0.274382, 0.2139325, 0.033709114895677704, 0.10554400000000003, 0.10478821497036987, 0.006410770385812417, 0.053837350846629904, 0.04498472931897862, 0.1935331034834647, 0.10478821497036987, 1.0, 0.12825634253795007, 0.35706729926495506, 0.5675911794608113, 0.4324088205391888, 1.2399765003615328, 0.4245818284493386, 2.290170105448577, 0.9946082394161052]"
bioasq,bioasq_1104,fixed_10_full,0.373832,0.373832,3720.0,3720.0,"[9.0, 9.0, 1.0, 1.0, 0.0, 1.0, 1.0, 1.0, 0.0, 0.295696, 0.17512529999999998, 0.07066904990595248, 0.192938, 0.06542868351279693, 0.11535495914723229, 0.10941304583085337, 0.09865537579135329, 0.4662558844218387, 0.1760591959309561, 4.0, 0.16884824751192434, 0.46497222274565697, 0.6749430265073065, 0.3250569734926935, 1.873556955127799, 0.5291252010331887, 2.2239995225376874, 0.9658707203935843]"
bioasq,bioasq_2066,coverage_guided_ultra,0.225352,0.300000,317.0,2405.0,"[4.0, 4.0, 1.0, 1.0, 0.0, 1.0, 0.0, 0.0, 0.0, 0.577914, 0.1113391, 0.1569345597282192, 0.5380240000000001, 0.8159639669570213, 0.03212415688147371, 0.033837214533650316, 0.0014621552687770246, 0.9086905664164565, 0.8159639669570213, 1.0, 0.5190575458217285, 0.6934338430973486, 0.80211623769188, 0.19788376230811996, 10.951770926111921, 0.7478600066062034, 1.7187575217548625, 0.746446907427845]"
bioasq,bioasq_1505,adaptive_k_full,0.294118,0.371429,491.0,2846.0,"[11.0, 11.0, 1.0, 1.0, 0.0, 1.0, 0.0, 0.0, 0.0, 0.158423, 0.1141905, 0.021622518707356923, 0.07537500000000001, 0.16853613427343253, 0.004595292350226965, 0.05405780726283432, 0.019025015307120738, 0.2762603914835599, 0.16853613427343253, 1.0, 0.13873570918771702, 0.3688056361956555, 0.5764306137550846, 0.4235693862449153, 1.381712411802158, 0.43365855416600163, 2.28488795366935, 0.9923142300458115]"
bioasq,bioasq_2126,answer_aware_fallback,0.370370,0.411765,536.0,3420.0,"[12.0, 11.0, 0.9166666666666666, 1.0, 2.0, 2.0, 0.0, 0.0, 0.0, 0.468369, 0.42294219999999993, 0.030194515388725817, 0.08792999999999995, 0.0005657932100543796, 0.04158259833592743, 0.029929393277522705, 0.0018959410208617563, 0.10573500808123507, 0.042605296251459854, 8.0, 0.11074066385430445, 0.3274917943870345, 0.5292820153675846, 0.4707179846324155, 1.1182367743753074, 0.3994379438376411, 2.300042236570509, 0.9988956514869857]"
bioasq,bioasq_4682,adaptive_k_full,0.370370,0.370370,4625.0,5092.0,"[11.0, 10.0, 0.9090909090909091, 1.0, 0.0, 4.0, 0.0, 0.0, 0.0, 0.634898, 0.4731015, 0.09819113424260868, 0.36301799999999995, 0.12246849100170407, 0.04511275826983241, 0.023255704065849994, 0.0245708759517276, 0.2041068014074702, 0.14542178428660976, 9.0, 0.13419910949341737, 0.3636729116267862, 0.5790700304268745, 0.42092996957312545, 1.2564499882250733, 0.4201642666645828, 2.2798083237359217, 0.9901081747956131]"
bioasq,bioasq_2177,coverage_guided_ultra,0.450704,0.520000,420.0,3758.0,"[8.0, 8.0, 1.0, 1.0, 0.0, 2.0, 0.0, 0.0, 0.0, 0.225513, 0.13039119999999998, 0.03918886917174314, 0.14588399999999999, 0.2699223548088136, 0.12143867537569907, 0.0053034636584143825, 0.005015231937848342, 0.45310469906391204, 0.2699223548088136, 1.0, 0.1729510887237789, 0.4044835847817951, 0.6034172551521881, 0.39658274484781186, 1.8285035513897447, 0.46546915735424166, 2.2605496530367155, 0.9817442403821559]"
bioasq,bioasq_1447,coverage_guided_ultra,0.035088,0.034483,1676.0,3537.0,"[8.0, 8.0, 1.0, 1.0, 0.0, 1.0, 0.0, 0.0, 0.0, 0.31636, 0.21056819999999998, 0.06527073465619948, 0.195843, 0.11829877354912122, 0.0667499051713238, 0.027408648375268633, 0.15429257807561006, 0.23678404349475277, 0.1926286509040334, 7.0, 0.15024110953125874, 0.4051480707913161, 0.6381357678889785, 0.3618642321110216, 1.3102451429068422, 0.459657840034397, 2.252936091500593, 0.9784377126193871]"
bioasq,bioasq_1528,coverage_guided_ultra,0.341463,0.409091,600.0,3233.0,"[9.0, 9.0, 1.0, 1.0, 0.0, 1.0, 0.0, 0.0, 0.0, 0.453952, 0.3249673, 0.08338744730359601, 0.24497400000000003, 0.014204144931622746, 0.1338137071760891, 0.07701034470604826, 0.06840370788100937, 0.24754599605244612, 0.1338137071760891, 2.0, 0.13969159358495456, 0.39641373147390524, 0.6097822765552103, 0.3902177234447897, 1.3289848877855133, 0.4581329928730956, 2.2694654056268564, 0.9856163025340687]"
bioasq,bioasq_772,adaptive_k_full,0.298507,0.440000,426.0,3845.0,"[10.0, 10.0, 1.0, 1.0, 0.0, 2.0, 1.0, 1.0, 0.0, 0.241368, 0.1670526, 0.03167788441547194, 0.09815499999999999, 0.1775297471081502, 0.01670892578966561, 0.14777020980411656, 0.036326273573961745, 0.3581957840310232, 0.1775297471081502, 1.0, 0.14448622769115835, 0.3797432664921109, 0.5675457909664381, 0.4324542090335619, 1.5581075585336097, 0.458363198631206, 2.285752853392202, 0.9926898512228457]"
bioasq,bioasq_3732,coverage_guided_ultra,0.250000,0.294118,435.0,4100.0,"[3.0, 3.0, 1.0, 1.0, 0.0, 1.0, 0.0, 0.0, 0.0, 0.449662, 0.3570623, 0.04682360690730692, 0.157335, 0.04112644608617135, 0.1378279685630541, 0.021304891229412263, 0.035918089587290064, 0.2106915861246892, 0.1378279685630541, 2.0, 0.1259337656201733, 0.3500856853271824, 0.5502006232525809, 0.44979937674741916, 1.2669318892601755, 0.4225530843247647, 2.2942277073176878, 0.9963704335176203]"
bioasq,bioasq_4570,adaptive_k_full,0.166667,0.253521,430.0,3433.0,"[5.0, 5.0, 1.0, 1.0, 1.0, 2.0, 0.0, 0.0, 0.0, 0.401411, 0.12112229999999999, 0.10771493613148551, 0.35468900000000003, 0.41008343069821207, 0.31474972036142507, 0.017996517285276174, 0.054213760958219885, 0.783451375273722, 0.41008343069821207, 1.0, 0.3314096578417022, 0.6181066574858635, 0.7751016947333398, 0.22489830526666021, 4.617900488927236, 0.6707277741045944, 1.9979088444377284, 0.8676807864850077]"
bioasq,bioasq_3405,fixed_10_full,0.444444,0.444444,3537.0,3537.0,"[9.0, 9.0, 1.0, 1.0, 0.0, 1.0, 0.0, 0.0, 0.0, 0.213546, 0.13671280000000002, 0.04131185981724861, 0.12114500000000002, 0.09631648450450958, 0.07869498843340551, 0.16896125424966985, 0.07562773360306443, 0.3730437470146947, 0.16896125424966985, 3.0, 0.15620044355758933, 0.42621978337068656, 0.6266223791773703, 0.3733776208226296, 1.5950076185354487, 0.49330308199608036, 2.2586606961834197, 0.9809238768442162]"
bioasq,bioasq_4711,fixed_10_full,0.145455,0.145455,3052.0,3052.0,"[6.0, 6.0, 1.0, 1.0, 1.0, 3.0, 0.0, 0.0, 0.0, 0.313126, 0.1489782, 0.06420376070262551, 0.21121600000000001, 0.3080101939794204, 0.18384292585093542, 0.055080063616563334, 0.0034075739478676708, 0.6138072213741433, 0.3080101939794204, 1.0, 0.21018242937557308, 0.46243007366178407, 0.6388276942532533, 0.36117230574674686, 2.589380369975274, 0.536868609333247, 2.223404649028274, 0.9656123701110157]"
bioasq,bioasq_3049,answer_aware_fallback,0.311927,0.311927,716.0,3239.0,"[16.0, 16.0, 1.0, 1.0, 0.0, 1.0, 1.0, 1.0, 0.0, 0.227638, 0.12619260000000002, 0.04775674237466371, 0.14023200000000002, 0.20316906667603832, 0.02192076894015935, 0.23588328837891737, 0.016767850710338348, 0.5754092023300152, 0.23588328837891737, 3.0, 0.18038934137183954, 0.4639146827943952, 0.6377410402828692, 0.3622589597171308, 2.3552088398704645, 0.5406059800149043, 2.2369884889901854, 0.9715117568495306]"
bioasq,bioasq_656,coverage_guided_ultra,0.352941,0.384000,464.0,3978.0,"[6.0, 6.0, 1.0, 1.0, 0.0, 2.0, 0.0, 0.0, 0.0, 0.412068, 0.2854642, 0.07188371080126568, 0.22153899999999999, 0.04469407961792718, 0.1668486754613315, 0.026682489297882955, 0.08482337866565716, 0.2998000330042614, 0.1668486754613315, 2.0, 0.14435014968602017, 0.3960626236144497, 0.607098893661622, 0.39290110633837794, 1.4281634492080546, 0.46002752148742976, 2.2714874469465482, 0.9864944639213913]"
bioasq,bioasq_1337,answer_aware_fallback,0.520000,0.523810,696.0,2884.0,"[14.0, 13.0, 0.9285714285714286, 1.0, 0.0, 2.0, 1.0, 1.0, 0.0, 0.350591, 0.2681019, 0.033993471286263184, 0.11845099999999997, 0.15446774161344703, 0.041806549512109485, 0.026535193430521624, 0.007404639594285042, 0.24422189959240248, 0.15446774161344703, 1.0, 0.13076781626687464, 0.34643767910633977, 0.5469006374068964, 0.4530993625931036, 1.323139688038978, 0.41948061156698574, 2.2948821773506176, 0.9966546662414929]"
bioasq,bioasq_325,fixed_10_full,0.426829,0.426829,4585.0,4585.0,"[9.0, 9.0, 1.0, 0.0, 0.0, 1.0, 0.0, 0.0, 1.0, 0.339931, 0.2137645, 0.05245570761175565, 0.17212999999999998, 0.16843418223109977, 0.2024763849134089, 0.02112781711582651, 0.02444319582503503, 0.4055087650140764, 0.2024763849134089, 2.0, 0.1590212593765569, 0.391296496845828, 0.5825120635091421, 0.41748793649085797, 1.6821105865819503, 0.46467365188460336, 2.27512987950529, 0.9880763522823577]"
bioasq,bioasq_599,fixed_10_full,0.215385,0.215385,3208.0,3208.0,"[9.0, 9.0, 1.0, 1.0, 0.0, 1.0, 0.0, 0.0, 1.0, 0.411264, 0.2002929, 0.10353270603577404, 0.32149, 0.25035500311235603, 0.09591406006847192, 0.0040411998132586285, 0.0459096833177715, 0.56031162464986, 0.25035500311235603, 1.0, 0.20533129232239386, 0.49348828640456055, 0.717171702042359, 0.28282829795764103, 2.274338044993032, 0.5436601528638878, 2.173366768913006, 0.9438811948908182]"
bioasq,bioasq_959,coverage_guided_ultra,0.181818,0.204819,995.0,3606.0,"[12.0, 12.0, 1.0, 1.0, 0.0, 2.0, 1.0, 1.0, 0.0, 0.441037, 0.2260008, 0.11371138521256346, 0.326175, 0.17431417318728368, 0.02391182599192358, 0.26866453381462324, 0.14373623981661404, 0.5116985649730068, 0.26866453381462324, 3.0, 0.19514842425336548, 0.5127446451516985, 0.7120713731986789, 0.28792862680132103, 2.0479153413602407, 0.5708335755305597, 2.18198823017909, 0.9476254479446212]"
bioasq,bioasq_2290,fixed_10_full,0.309091,0.309091,3371.0,3371.0,"[7.0, 7.0, 1.0, 1.0, 0.0, 2.0, 0.0, 0.0, 1.0, 0.446161, 0.3237605, 0.06473212614807271, 0.20578099999999996, 0.11629882486367027, 0.02873178068006834, 0.07129264996268164, 0.05055574108897901, 0.28346045485822385, 0.11629882486367027, 1.0, 0.13780587811051687, 0.3774049026981364, 0.5841435258470382, 0.41585647415296184, 1.3955963865220276, 0.44339242992251526, 2.2828693784934027, 0.9914375739855907]"
bioasq,bioasq_3437,fixed_10_full,0.205128,0.205128,3600.0,3600.0,"[5.0, 5.0, 1.0, 0.0, 0.0, 1.0, 0.0, 0.0, 0.0, 0.294059, 0.1498754, 0.06520079707979037, 0.215068, 0.2598696180018296, 0.11330379277627964, 0.052887345736739845, 0.09070288615549946, 0.48455582043059386, 0.2598696180018296, 1.0, 0.19620231205387945, 0.4644024302854238, 0.6781419766018973, 0.3218580233981027, 1.9400742886172158, 0.5207678655868604, 2.213554563155783, 0.9613345321703197]"
bioasq,bioasq_4642,task_aware_coverage_ultra,0.441379,0.432000,587.0,2998.0,"[9.0, 9.0, 1.0, 1.0, 0.0, 5.0, 0.0, 0.0, 0.0, 0.396335, 0.3270594, 0.03928463766715941, 0.12024699999999999, 0.06630501974339889, 0.012484388206946164, 0.036913217354006024, 0.0423379212030226, 0.17181677116580676, 0.06630501974339889, 1.0, 0.12118135115517242, 0.3459613146725029, 0.5534820280352742, 0.4465179719647257, 1.2074622682321974, 0.41779833559925594, 2.295437442868448, 0.9968958149918777]"
bioasq,bioasq_1984,adaptive_k_full,0.250000,0.250000,541.0,3202.0,"[11.0, 11.0, 1.0, 1.0, 0.0, 3.0, 1.0, 1.0, 0.0, 0.217242, 0.1443375, 0.04156872373852726, 0.12152999999999999, 0.015079956914408821, 0.26224210787969177, 0.011102825420498787, 0.055274762707027275, 0.31342466005652675, 0.26224210787969177, 2.0, 0.15050974279033513, 0.4075198752922837, 0.6179551398631679, 0.38204486013683203, 1.4565043948160612, 0.4717368813608257, 2.2624945195659993, 0.9825888851838622]"
bioasq,bioasq_2783,coverage_guided_ultra,0.253521,0.250000,378.0,2879.0,"[5.0, 5.0, 1.0, 1.0, 0.0, 1.0, 0.0, 0.0, 0.0, 0.191597, 0.0701913, 0.04234715644774747, 0.14721199999999998, 0.5427485816583767, 0.10563317797251527, 0.019452287875071084, 0.010355068190002974, 0.7249956940870682, 0.5427485816583767, 1.0, 0.2729640283055022, 0.49375634872128027, 0.6594919883233392, 0.3405080116766608, 3.6363066995634843, 0.5669987222757561, 2.1655846399055623, 0.9405014592054263]"
bioasq,bioasq_1586,adaptive_k_full,0.452555,0.471698,335.0,3185.0,"[12.0, 12.0, 1.0, 1.0, 0.0, 5.0, 0.0, 0.0, 0.0, 0.380719, 0.12874170000000001, 0.08734885593074473, 0.29609399999999997, 0.552554508705896, 0.1793737638520799, 0.0074464368733895715, 0.008933097638941024, 0.7492533863558163, 0.552554508705896, 1.0, 0.295723141763702, 0.5073181416743758, 0.6585426477978774, 0.3414573522021226, 3.9880897511103663, 0.5842378421315338, 2.135547725411217, 0.9274565929871323]"
bioasq,bioasq_628,fixed_10_full,0.461538,0.461538,3366.0,3366.0,"[10.0, 10.0, 1.0, 1.0, 0.0, 1.0, 1.0, 1.0, 0.0, 0.261691, 0.1769131, 0.04154739748877179, 0.12805, 0.10754286544053865, 0.1506815289788338, 0.01599214340577254, 0.1013103240080859, 0.3154980492259955, 0.1506815289788338, 2.0, 0.14792064578598194, 0.3896574080720987, 0.5982677370980442, 0.40173226290195585, 1.4609162163369211, 0.4593902252918358, 2.2761571196553856, 0.9885224770111336]"
bioasq,bioasq_1681,answer_aware_fallback,0.265060,0.289157,769.0,3511.0,"[10.0, 10.0, 1.0, 1.0, 2.0, 2.0, 1.0, 1.0, 0.0, 0.439567, 0.2218573, 0.11824238612194021, 0.333434, 0.1545020440569924, 0.032784535690804834, 0.2666237456405963, 0.08846887960197196, 0.5541180297884054, 0.2666237456405963, 3.0, 0.19813051001702445, 0.5266727756986134, 0.7232126236098609, 0.27678737639013906, 2.2427459884180716, 0.5844107062921848, 2.167291072483134, 0.9412425534576055]"
bioasq,bioasq_2274,adaptive_k_full,0.153846,0.151515,486.0,3555.0,"[7.0, 7.0, 1.0, 1.0, 0.0, 1.0, 0.0, 0.0, 0.0, 0.446703, 0.2435267, 0.07900176500946039, 0.27611800000000003, 0.31973817055179843, 0.051922642113440005, 0.10723232214692989, 0.0009021654208725136, 0.5101599944482128, 0.31973817055179843, 1.0, 0.18343081066675646, 0.4234685560145971, 0.6089073600553861, 0.39109263994461385, 2.0414829100647585, 0.49460127930951625, 2.2559215953390286, 0.9797343004621206]"
bioasq,bioasq_244,fixed_10_full,0.233010,0.233010,2957.0,2957.0,"[11.0, 11.0, 1.0, 1.0, 0.0, 1.0, 0.0, 0.0, 1.0, 0.368579, 0.2907345, 0.049572229062752465, 0.140793, 0.057686411868283334, 0.022765811399998323, 0.034703550663494113, 0.1412912835511518, 0.1696081437086758, 0.1412912835511518, 5.0, 0.12677511612828887, 0.3628128068736252, 0.5802620604021883, 0.4197379395978118, 1.2042507310538613, 0.4312699342682772, 2.2880969440097068, 0.9937078768431094]"
bioasq,bioasq_782,fixed_10_full,0.361446,0.361446,3423.0,3423.0,"[10.0, 9.0, 0.9, 1.0, 0.0, 1.0, 0.0, 0.0, 0.0, 0.34629, 0.23201489999999997, 0.05926798926140484, 0.179581, 0.09807098096970737, 0.11503653007594802, 0.050841780010973496, 0.07473793641167811, 0.34536371249530734, 0.11503653007594802, 2.0, 0.14925334536704324, 0.40131560516156506, 0.608880291739884, 0.3911197082601161, 1.5275657935366616, 0.4704317902904655, 2.271123452203064, 0.9863363830128543]"
bioasq,bioasq_3519,task_aware_coverage_ultra,0.101695,0.113208,373.0,3219.0,"[8.0, 8.0, 1.0, 1.0, 1.0, 2.0, 0.0, 0.0, 0.0, 0.36132, 0.1058495, 0.08606753921223727, 0.296905, 0.7076248201040629, 0.04725174360677518, 0.0008551976087678232, 0.020881766854865483, 0.7851572013727444, 0.7076248201040629, 1.0, 0.3413525807868719, 0.5248291205910278, 0.6815478580437319, 0.3184521419562681, 4.654566065930668, 0.5989614948780952, 2.080018127825201, 0.9033403951732174]"
bioasq,bioasq_3769,adaptive_k_full,0.397906,0.422680,507.0,3344.0,"[8.0, 8.0, 1.0, 0.0, 1.0, 2.0, 0.0, 0.0, 1.0, 0.151722, 0.11373530000000001, 0.016760831620477545, 0.057222999999999996, 0.17899184033956844, 0.01350496302447895, 0.019219361727369808, 0.03484003638233084, 0.22256495432435636, 0.17899184033956844, 1.0, 0.13339921730544518, 0.3506413576084118, 0.5595070307987053, 0.44049296920129455, 1.28628109262933, 0.42192713876727955, 2.292052607924918, 0.9954257998537493]"
bioasq,bioasq_3303,answer_aware_fallback,0.246154,0.259067,585.0,3186.0,"[5.0, 5.0, 1.0, 1.0, 0.0, 2.0, 0.0, 0.0, 0.0, 0.543145, 0.1973519, 0.17211755943857093, 0.471435, 0.22785259921383794, 0.03451196273554936, 0.5393697815500464, 0.01194340369514585, 0.816877629362325, 0.5393697815500464, 3.0, 0.27521650412283843, 0.6907336590121503, 0.7956979385554434, 0.20430206144455665, 5.460829261426475, 0.7452192946969978, 1.9694862393347259, 0.8553370059274585]"
bioasq,bioasq_3448,fixed_10_full,0.521739,0.521739,2685.0,2685.0,"[5.0, 5.0, 1.0, 1.0, 0.0, 1.0, 0.0, 0.0, 0.0, 0.478761, 0.0942265, 0.1284377119137911, 0.433743, 0.8439868744530151, 0.047955033931335246, 0.0006516821545614613, 0.003646913595718959, 0.8929988031606585, 0.8439868744530151, 1.0, 0.508095917815052, 0.6422694252678386, 0.7512090547775837, 0.24879094522241618, 9.345689857109393, 0.7102853756007675, 1.7676062339212288, 0.7676616335697781]"
bioasq,bioasq_2759,answer_aware_fallback,0.155172,0.165289,934.0,3416.0,"[15.0, 15.0, 1.0, 1.0, 0.0, 2.0, 0.0, 0.0, 1.0, 0.485875, 0.20534249999999998, 0.097395625468755, 0.347332, 0.5464965268844868, 0.03219552354000513, 0.004369436583483377, 0.03415899151016208, 0.6154648829431438, 0.5464965268844868, 1.0, 0.2366168718117292, 0.44361201407404705, 0.6332541972558045, 0.3667458027441957, 2.6005427219593655, 0.5137352457985527, 2.214165196783197, 0.9615997269851699]"
bioasq,bioasq_2945,adaptive_k_full,0.296296,0.324324,443.0,3805.0,"[12.0, 12.0, 1.0, 0.0, 0.0, 1.0, 1.0, 1.0, 0.0, 0.246868, 0.1258084, 0.05974491884704506, 0.164389, 0.08746374580747605, 0.25882252863878674, 0.2138025179448126, 0.004982419754686695, 0.6311510604857656, 0.25882252863878674, 2.0, 0.19622537127886533, 0.5035633550700908, 0.6622626152148823, 0.33773738478511767, 2.711136980133323, 0.5796781197758971, 2.2024632544527014, 0.9565176380034858]"
bioasq,bioasq_541,fixed_10_full,0.122449,0.122449,3635.0,3635.0,"[9.0, 9.0, 1.0, 0.0, 0.0, 1.0, 0.0, 0.0, 0.0, 0.168862, 0.12342170000000001, 0.031606700068339946, 0.084737, 0.030332460826000017, 0.05465409624427039, 0.009617320652367105, 0.03594059054138885, 0.3003221565538724, 0.20571827883123492, 4.0, 0.13681710752647225, 0.3946737081080555, 0.6142752854643875, 0.3857247145356124, 1.4292291936453123, 0.4592857924094936, 2.2699095031455503, 0.9858091716358645]"
bioasq,bioasq_2911,fixed_10_full,0.358974,0.358974,2905.0,2905.0,"[10.0, 10.0, 1.0, 1.0, 0.0, 2.0, 0.0, 0.0, 0.0, 0.296515, 0.1825874, 0.043293987823253235, 0.16005699999999998, 0.3293829991737348, 0.020090046034770555, 0.014565873564575208, 0.04741412744717802, 0.36768123029189076, 0.3293829991737348, 1.0, 0.1623962003949889, 0.37694495896211894, 0.5829087877914905, 0.4170912122085095, 1.5814808098478867, 0.4458169560384608, 2.276988774620779, 0.9888836601734513]"
bioasq,bioasq_2648,answer_aware_fallback,0.372549,0.363636,907.0,3751.0,"[11.0, 11.0, 1.0, 1.0, 1.0, 2.0, 1.0, 1.0, 0.0, 0.38934, 0.24887389999999998, 0.08468367793199584, 0.248761, 0.09976627112549447, 0.0840036985668054, 0.012315713772024435, 0.1581265731751168, 0.3238660296912725, 0.1581265731751168, 5.0, 0.15644067136007433, 0.4249654142117756, 0.6565051618510419, 0.3434948381489582, 1.4789968318606932, 0.4822435037236548, 2.2446760756750557, 0.9748504333259227]"
bioasq,bioasq_3726,fixed_10_full,0.535714,0.535714,3230.0,3230.0,"[6.0, 6.0, 1.0, 1.0, 0.0, 1.0, 0.0, 0.0, 0.0, 0.344054, 0.12432970000000002, 0.07635255438562616, 0.266662, 0.5472280514105344, 0.1318048910926773, 0.004667871903829039, 0.027010294895568703, 0.704403959843513, 0.5472280514105344, 1.0, 0.27672712151641965, 0.4908416894756442, 0.6601696939669283, 0.33983030603307174, 3.3829952507841616, 0.5618853564644779, 2.1617898173382857, 0.9388533887046561]"
bioasq,bioasq_2927,adaptive_k_full,0.370370,0.370370,191.0,3884.0,"[9.0, 9.0, 1.0, 1.0, 0.0, 2.0, 1.0, 1.0, 0.0, 0.16337, 0.10177510000000001, 0.025881450304996428, 0.08315199999999999, 0.23290689845136808, 0.009891656974964759, 0.16582603905245757, 0.03530635979678029, 0.4324539389116729, 0.23290689845136808, 1.0, 0.16052059884981687, 0.40520127221687813, 0.5912320400569491, 0.4087679599430509, 1.761971527178602, 0.48117733813117525, 2.2728429862935857, 0.9870831671798124]"
bioasq,bioasq_2555,fixed_10_full,0.571429,0.571429,1739.0,1739.0,"[2.0, 2.0, 1.0, 0.0, 0.0, 2.0, 0.0, 0.0, 1.0, 0.381877, 0.0814327, 0.10031784570758086, 0.33920700000000004, 0.834174354569665, 0.033481985037066925, 0.0001204576342644292, 0.0006127627482147525, 0.8750435349602097, 0.834174354569665, 1.0, 0.4689479779007696, 0.6087738709388244, 0.7293777561102603, 0.2706222438897396, 8.002787208181399, 0.6803666566937218, 1.8539423698396509, 0.805156940987998]"
bioasq,bioasq_1757,answer_aware_fallback,0.537313,0.529412,972.0,3342.0,"[9.0, 9.0, 1.0, 1.0, 0.0, 2.0, 0.0, 0.0, 0.0, 0.351769, 0.17646030000000001, 0.09020444660774767, 0.265602, 0.15331083750984303, 0.11819688488752564, 0.20868808792133475, 0.16991548430930523, 0.5034525498267329, 0.20868808792133475, 3.0, 0.19934738861942317, 0.5133556953037028, 0.7159627406277785, 0.2840372593722214, 2.01390622316368, 0.5730044259291004, 2.1792148401235902, 0.9464209799473523]"
bioasq,bioasq_1444,answer_aware_fallback,0.329114,0.658824,758.0,3603.0,"[10.0, 10.0, 1.0, 1.0, 0.0, 1.0, 0.0, 0.0, 0.0, 0.455664, 0.31343909999999997, 0.07286159713518502, 0.246372, 0.1087007092945679, 0.1316430527757295, 0.05983356157168442, 0.001792987815583439, 0.32699313529267177, 0.15228765054952767, 8.0, 0.1453756088503317, 0.38538427401048564, 0.5849602043905818, 0.4150397956094182, 1.485868944939918, 0.4448456503125662, 2.275743715392718, 0.9883429378210616]"
bioasq,bioasq_4005,fixed_10_full,0.333333,0.333333,2865.0,2865.0,"[9.0, 9.0, 1.0, 0.0, 1.0, 3.0, 0.0, 0.0, 0.0, 0.271452, 0.1942783, 0.035855402753420584, 0.12302400000000002, 0.14114834298513185, 0.05998113847015316, 0.0824270957664707, 0.014993442671264127, 0.29929785008030896, 0.14114834298513185, 1.0, 0.13972327326314882, 0.371345641793242, 0.5693538599009771, 0.4306461400990229, 1.4271399054714078, 0.4393808360272748, 2.2860760009335133, 0.9928301924168779]"
bioasq,bioasq_3136,task_aware_coverage_ultra,0.133333,0.137931,509.0,3339.0,"[8.0, 7.0, 0.875, 1.0, 0.0, 1.0, 0.0, 0.0, 0.0, 0.263059, 0.1343622, 0.055583162961098206, 0.17312899999999998, 0.19070246598671778, 0.25563466750804953, 0.04877993149825709, 0.024827130035467364, 0.5895749622708213, 0.25563466750804953, 2.0, 0.19578348672468895, 0.46262862620588235, 0.6418308125350731, 0.35816918746492693, 2.4364985273141544, 0.5361903792506767, 2.227297898527168, 0.9673031868850578]"
bioasq,bioasq_1760,fixed_10_full,0.436782,0.436782,3058.0,3058.0,"[10.0, 10.0, 1.0, 1.0, 0.0, 2.0, 1.0, 1.0, 0.0, 0.417031, 0.2135386, 0.08064491701179932, 0.27941099999999996, 0.34185708016910016, 0.01731046373051398, 0.17222940261035752, 0.05290973572708024, 0.5371710975922653, 0.34185708016910016, 1.0, 0.19529537048571077, 0.4489792477800267, 0.6308835966893105, 0.36911640331068946, 2.1606256540976303, 0.5201019650348246, 2.239801484687109, 0.9727334253583222]"
bioasq,bioasq_1453,coverage_guided_ultra,0.301887,0.315789,326.0,3768.0,"[7.0, 7.0, 1.0, 0.0, 2.0, 1.0, 0.0, 0.0, 0.0, 0.548585, 0.4558378, 0.043846823097688614, 0.158167, 0.08883217732894629, 0.03483507569474196, 0.03495356234676485, 0.012552293628152435, 0.17106009096129135, 0.08883217732894629, 1.0, 0.12034653554400271, 0.3354660363839944, 0.5364831525599676, 0.46351684744003235, 1.2063600619249513, 0.4060610920821086, 2.298018167375691, 0.9980166094046858]"
bioasq,bioasq_3632,answer_aware_fallback,0.395349,0.400000,647.0,3599.0,"[7.0, 6.0, 0.8571428571428571, 0.0, 0.0, 2.0, 0.0, 0.0, 1.0, 0.215325, 0.1496354, 0.033124350297628474, 0.10127299999999999, 0.10160919540229878, 0.08113781493091846, 0.11035411587135728, 0.08613026819923363, 0.3053198653198653, 0.11035411587135728, 3.0, 0.14389977238006513, 0.3907805238599957, 0.5924674241523062, 0.4075325758476938, 1.4395114385420706, 0.4620419747955268, 2.279011332105877, 0.9897620457285616]"
bioasq,bioasq_2405,coverage_guided_ultra,0.133333,0.135593,525.0,3372.0,"[9.0, 9.0, 1.0, 1.0, 0.0, 1.0, 0.0, 0.0, 1.0, 0.354161, 0.130883, 0.08888184126805655, 0.282341, 0.32716476404798944, 0.2924912680955837, 0.05304931937734529, 0.04296068737099795, 0.7348126981796413, 0.32716476404798944, 1.0, 0.2705935835822834, 0.5555771184951446, 0.7158989326344903, 0.28410106736550966, 3.770919622227664, 0.6242277161171579, 2.116156339297748, 0.9190350210015973]"
bioasq,bioasq_3017,coverage_guided_ultra,0.102564,0.102564,645.0,3394.0,"[13.0, 13.0, 1.0, 1.0, 0.0, 1.0, 1.0, 1.0, 0.0, 0.218484, 0.1766843, 0.020828011580801466, 0.07261100000000001, 0.04325717214990578, 0.13318137712601372, 0.007941084930704372, 0.02384156276889837, 0.20139232163453621, 0.13318137712601372, 2.0, 0.12365784622629176, 0.34380643894222634, 0.5434184022009878, 0.45658159779901214, 1.2521792954041369, 0.4158678975959909, 2.295806976313076, 0.9970563013277584]"
bioasq,bioasq_437,coverage_guided_ultra,0.286792,0.295455,630.0,4022.0,"[13.0, 13.0, 1.0, 1.0, 0.0, 2.0, 0.0, 0.0, 0.0, 0.517454, 0.2726178, 0.11774371953085226, 0.34915299999999994, 0.053494610148921366, 0.4777642070599513, 0.012323800762966358, 0.0016832414088982029, 0.5551913793303365, 0.4777642070599513, 2.0, 0.18980932279550344, 0.4584363163373778, 0.6294974135951504, 0.3705025864048496, 2.2481578672969307, 0.5265375508725216, 2.221496480741235, 0.9647836631534118]"
bioasq,bioasq_1397,answer_aware_fallback,0.533333,0.508475,910.0,4356.0,"[7.0, 7.0, 1.0, 1.0, 1.0, 2.0, 1.0, 1.0, 0.0, 0.464558, 0.23400310000000002, 0.1416146875592006, 0.37304200000000004, 0.11250048433134291, 0.06291356515225226, 0.07505413748121878, 0.03108115671240191, 0.6441585334877453, 0.3936903465229314, 4.0, 0.19852642977806703, 0.5384206448547049, 0.7578664556153315, 0.2421335443846684, 2.8102402168061027, 0.5852815682813245, 2.1218283479794997, 0.9214983430733895]"
bioasq,bioasq_2570,adaptive_k_full,0.333333,0.660870,763.0,3864.0,"[5.0, 5.0, 1.0, 1.0, 0.0, 1.0, 0.0, 0.0, 0.0, 0.511407, 0.1100805, 0.13846129995146655, 0.47183099999999994, 0.670241119108655, 0.19701138232366788, 0.010564970757146472, 0.01690434428938204, 0.8796848693897424, 0.670241119108655, 1.0, 0.4645754697698502, 0.6794445882785779, 0.7921030518575042, 0.2078969481424957, 8.311506582155046, 0.7321665958584016, 1.7991666993661175, 0.7813681695587915]"
bioasq,bioasq_4045,adaptive_k_full,0.352941,1.000000,429.0,3590.0,"[9.0, 9.0, 1.0, 1.0, 0.0, 2.0, 0.0, 0.0, 0.0, 0.34111, 0.1342396, 0.07115346121054127, 0.24879900000000002, 0.5415203306851163, 0.1022221570754302, 0.021403652780627953, 0.007367124974348454, 0.6708070710328047, 0.5415203306851163, 1.0, 0.2541053459634862, 0.46113441935166677, 0.6298722582606028, 0.37012774173939733, 3.0377323204887303, 0.5356078297683828, 2.1960082523511875, 0.9537142662101243]"
bioasq,bioasq_2999,adaptive_k_full,0.428571,0.444444,482.0,4153.0,"[13.0, 12.0, 0.9230769230769231, 1.0, 0.0, 1.0, 0.0, 0.0, 0.0, 0.343496, 0.1256819, 0.07316233826833313, 0.25138900000000003, 0.6502637585299392, 0.008850175839019961, 0.04542410974218042, 0.002372662272631985, 0.7138219950159537, 0.6502637585299392, 1.0, 0.2733058618623684, 0.46205698672601225, 0.6210225975259762, 0.3789774024740237, 3.494328643655711, 0.5426598388995832, 2.180143901362282, 0.9468244661166663]"
bioasq,bioasq_3854,answer_aware_fallback,0.380952,0.396552,739.0,2906.0,"[8.0, 8.0, 1.0, 1.0, 0.0, 1.0, 0.0, 0.0, 0.0, 0.360057, 0.175426, 0.08094869696789443, 0.263965, 0.25614000005554677, 0.15452275611917007, 0.08758890953376822, 0.05601057610322807, 0.5280691668263636, 0.25614000005554677, 1.0, 0.20524722675088072, 0.47888226374653703, 0.6787272126138657, 0.32127278738613435, 2.11895457915985, 0.5401163448580922, 2.2052004216413836, 0.9577063746095771]"
bioasq,bioasq_3580,answer_aware_fallback,0.289157,0.275862,868.0,4216.0,"[14.0, 14.0, 1.0, 1.0, 0.0, 6.0, 1.0, 0.0, 0.0, 0.488705, 0.2478191, 0.14236901870171753, 0.382917, 0.11093604526247944, 0.027427589240953072, 0.22420683234261984, 0.05273324398154303, 0.6557043615268925, 0.29313389468084017, 4.0, 0.19720231410734687, 0.5424444685659823, 0.7360429442282698, 0.2639570557717303, 2.904480592420019, 0.5982931735844691, 2.144751914096432, 0.9314539213435176]"
bioasq,bioasq_2530,fixed_10_full,0.279070,0.279070,3206.0,3206.0,"[8.0, 8.0, 1.0, 1.0, 0.0, 1.0, 0.0, 0.0, 0.0, 0.20079, 0.12903979999999998, 0.026557308258933172, 0.096036, 0.2716718960107574, 0.06210468648837098, 0.038408287265302044, 0.040534887195577435, 0.3817520792868171, 0.2716718960107574, 1.0, 0.15560315499559052, 0.37259977154335333, 0.5664911135944104, 0.4335088864055896, 1.617474101403277, 0.4471603390517785, 2.283456596446037, 0.9916925995020944]"
bioasq,bioasq_134,coverage_guided_ultra,0.350365,0.480000,429.0,3401.0,"[9.0, 9.0, 1.0, 1.0, 0.0, 1.0, 0.0, 0.0, 0.0, 0.356986, 0.20086240000000002, 0.08114824654076021, 0.27934800000000004, 0.24274341290694876, 0.052016045447160396, 0.02011843601709877, 0.06605020925190348, 0.40400183760707703, 0.24274341290694876, 1.0, 0.177726642716606, 0.4376513473900541, 0.6653405515417519, 0.33465944845824797, 1.6778575222195589, 0.47630985929229486, 2.2169862099192503, 0.9628248774235346]"
bioasq,bioasq_3982,fixed_10_full,0.518519,0.518519,2537.0,2537.0,"[8.0, 8.0, 1.0, 1.0, 0.0, 2.0, 0.0, 0.0, 0.0, 0.364095, 0.11716649999999999, 0.08371828925539508, 0.291907, 0.6540930251720019, 0.062085444732830716, 0.02289512352545351, 0.020623738310056445, 0.7456817588816106, 0.6540930251720019, 1.0, 0.3107500864154857, 0.506438273738654, 0.6665505925328487, 0.33344940746715146, 3.932081299408182, 0.5782940901294246, 2.1235196054961007, 0.9222328468803267]"
bioasq,bioasq_2843,answer_aware_fallback,0.309859,0.314286,457.0,4011.0,"[5.0, 5.0, 1.0, 1.0, 0.0, 3.0, 0.0, 0.0, 0.0, 0.688852, 0.1785255, 0.22208984821970137, 0.661323, 0.2608179986412177, 0.3918650159976308, 0.20831325161282827, 0.04402687369710765, 0.8964596168698067, 0.3918650159976308, 2.0, 0.3858563622563723, 0.8050889088673607, 0.8986760994927895, 0.10132390050721045, 9.658067410689249, 0.8338853739690938, 1.6742098317586678, 0.727100091480961]"
bioasq,bioasq_1665,coverage_guided_ultra,0.210526,0.500000,476.0,3114.0,"[10.0, 9.0, 0.9, 1.0, 0.0, 1.0, 2.0, 1.0, 0.0, 0.514627, 0.3763177, 0.06507041810231434, 0.21314399999999994, 0.137180909668556, 0.02398436148900076, 0.06600897348953709, 0.03201930718753582, 0.30530850499487966, 0.137180909668556, 1.0, 0.13675333368587234, 0.36946016623719796, 0.570148042465183, 0.42985195753481703, 1.439487898139057, 0.44297982200440505, 2.2881804635443723, 0.9937441489161457]"
bioasq,bioasq_3207,fixed_10_full,0.437500,0.437500,3160.0,3160.0,"[10.0, 8.0, 0.8, 1.0, 0.0, 2.0, 0.0, 0.0, 0.0, 0.329036, 0.2379484, 0.0637613567236457, 0.17641099999999998, 0.04223246088573901, 0.05025285986943668, 0.06366476616540447, 0.025586865874858707, 0.23738131997714532, 0.1866968963882372, 6.0, 0.1382804002884659, 0.39621237209411786, 0.618355492199149, 0.38164450780085096, 1.3112713157905223, 0.4561222633564076, 2.265955438262646, 0.9840919430761317]"
bioasq,bioasq_3497,fixed_10_full,0.294479,0.294479,3087.0,3087.0,"[18.0, 15.0, 0.8333333333333334, 0.0, 0.0, 2.0, 0.0, 0.0, 0.0, 0.21071, 0.1672481, 0.02334171331522174, 0.065004, 0.06055241801528176, 0.025480518247828696, 0.09288595700251533, 0.0025627639884201634, 0.26185278344644297, 0.09288595700251533, 3.0, 0.12598648355347533, 0.359491677334451, 0.555933370842479, 0.4440666291575211, 1.354743305365352, 0.43573385320037106, 2.293114036183532, 0.9958867722894015]"
bioasq,bioasq_155,fixed_10_full,0.333333,0.333333,2874.0,2874.0,"[8.0, 8.0, 1.0, 1.0, 0.0, 2.0, 1.0, 1.0, 0.0, 0.257664, 0.1952295, 0.02744019867366124, 0.087175, 0.11160658842523598, 0.06774326254346745, 0.0771042908594138, 0.04919585196224538, 0.2616624751614506, 0.11160658842523598, 1.0, 0.13198005424385148, 0.35753971607774443, 0.5531187653505234, 0.44688123464947666, 1.3543941169977345, 0.43342920620491215, 2.293154104804126, 0.9959041738702231]"
bioasq,bioasq_185,answer_aware_fallback,0.280702,0.355556,938.0,3465.0,"[8.0, 8.0, 1.0, 1.0, 0.0, 3.0, 1.0, 1.0, 0.0, 0.292732, 0.1506723, 0.06738980719522797, 0.199506, 0.18708579861443225, 0.09475561264228036, 0.211592856264433, 0.023892160747714636, 0.6048228413702635, 0.211592856264433, 3.0, 0.19428388628832238, 0.49174665814486135, 0.666940771462306, 0.333059228537694, 2.530510628365937, 0.5622049741519228, 2.2114757773043685, 0.9604317269459918]"
bioasq,bioasq_60,fixed_10_full,0.430108,0.430108,3876.0,3876.0,"[14.0, 13.0, 0.9285714285714286, 1.0, 1.0, 3.0, 1.0, 1.0, 0.0, 0.184663, 0.11367469999999999, 0.028996513218144004, 0.100907, 0.26520743191651813, 0.021509452353747113, 0.07459534395087265, 0.007077757861618205, 0.43353568392152186, 0.26520743191651813, 1.0, 0.16244863632804837, 0.3976865564633116, 0.5934618697036368, 0.40653813029636326, 1.765336264996893, 0.4693655914090135, 2.272573583869002, 0.9869661671934044]"
bioasq,bioasq_1773,fixed_10_full,0.298851,0.298851,3302.0,3302.0,"[9.0, 9.0, 1.0, 1.0, 0.0, 3.0, 0.0, 0.0, 0.0, 0.179156, 0.12260599999999999, 0.021523293233146272, 0.07859900000000002, 0.2244133604233183, 0.06999486481055614, 0.02188595414052554, 0.015076246399785633, 0.34918171872558, 0.2244133604233183, 1.0, 0.14612335448509864, 0.3625581129797889, 0.5575632513906333, 0.4424367486093666, 1.5365272131597456, 0.4357254952317191, 2.2883592733017353, 0.9938218050070788]"
bioasq,bioasq_3558,answer_aware_fallback,0.354430,0.600000,879.0,4657.0,"[9.0, 8.0, 0.8888888888888888, 0.0, 0.0, 2.0, 0.0, 0.0, 1.0, 0.398054, 0.2976413, 0.059199632149279445, 0.172885, 0.04877981379410838, 0.05843930722967237, 0.094941892306069, 0.03212378220040495, 0.2685640641721978, 0.094941892306069, 3.0, 0.1337361448159244, 0.38034573830983803, 0.5848650708083859, 0.4151349291916142, 1.367173734591329, 0.44959149924463504, 2.2831206208104375, 0.9915466871374996]"
bioasq,bioasq_4607,fixed_10_full,0.285714,0.285714,4068.0,4068.0,"[10.0, 10.0, 1.0, 1.0, 1.0, 3.0, 1.0, 1.0, 0.0, 0.450084, 0.2704913, 0.08755166613611644, 0.250213, 0.04851761004612472, 0.31968699176153786, 0.09740404013473032, 0.017501177557966947, 0.47068102843024856, 0.31968699176153786, 2.0, 0.1663950005046373, 0.4298445088622074, 0.6068405896973397, 0.3931594103026604, 1.889220023673805, 0.5048891251162682, 2.2554102672203373, 0.9795122334817311]"
bioasq,bioasq_2590,answer_aware_fallback,0.121212,0.169014,865.0,4180.0,"[7.0, 7.0, 1.0, 1.0, 0.0, 1.0, 0.0, 0.0, 0.0, 0.364186, 0.22899750000000002, 0.05697847360407262, 0.22204800000000002, 0.25016886975336783, 0.06377510393040918, 0.04583097647905187, 0.018394446793671318, 0.3819943655165218, 0.25016886975336783, 1.0, 0.159034923962052, 0.3873911287241127, 0.5874937499317677, 0.41250625006823216, 1.618108224588904, 0.45164423844512147, 2.2730187237795656, 0.987159489000237]"
bioasq,bioasq_790,adaptive_k_full,0.344828,0.705882,306.0,3507.0,"[18.0, 18.0, 1.0, 1.0, 0.0, 1.0, 0.0, 0.0, 0.0, 0.512313, 0.3276422, 0.07802973247525587, 0.27362600000000004, 0.2026554079244524, 0.1059196233552536, 0.023741345622695458, 0.03240792250050269, 0.39475672098892667, 0.2026554079244524, 1.0, 0.1563635575637082, 0.38915286248230535, 0.5881922414145675, 0.4118077585854325, 1.6522281777898178, 0.4580159773892533, 2.276065620343318, 0.9884827393648047]"
bioasq,bioasq_2280,fixed_10_full,0.153846,0.153846,4076.0,4076.0,"[6.0, 6.0, 1.0, 1.0, 0.0, 1.0, 0.0, 0.0, 0.0, 0.258851, 0.19134060000000003, 0.0510751021970588, 0.12745599999999999, 0.011041100864976268, 0.03506650544135441, 0.09318488242270652, 0.2559001124198863, 0.15350143518858336, 0.2559001124198863, 5.0, 0.13528284117432474, 0.39811728404740027, 0.629072972489895, 0.37092702751010503, 1.1813369113304764, 0.46255775444289465, 2.266812728119982, 0.9844642593305643]"
bioasq,bioasq_3188,task_aware_coverage_ultra,0.183908,0.181818,526.0,4200.0,"[5.0, 5.0, 1.0, 1.0, 0.0, 1.0, 0.0, 0.0, 0.0, 0.41363, 0.1286407, 0.09644655170927574, 0.334612, 0.6658438701254745, 0.0746826874259604, 0.003935884727896924, 0.020421632860285786, 0.7590092594831129, 0.6658438701254745, 1.0, 0.321538984162866, 0.5124140338166692, 0.6720672384400893, 0.32793276155991063, 4.149537023103701, 0.5857592121784613, 2.10825479338702, 0.9156034232140631]"
bioasq,bioasq_4192,coverage_guided_ultra,0.324324,0.431373,773.0,4431.0,"[8.0, 8.0, 1.0, 1.0, 0.0, 2.0, 1.0, 1.0, 0.0, 0.138231, 0.10867230000000001, 0.01652591229584618, 0.05144499999999999, 0.04385412823462164, 0.08818571810954133, 0.025688883101475057, 0.03383466805564599, 0.23307362313808044, 0.08818571810954133, 2.0, 0.12719984761526165, 0.35922585608292085, 0.5639155516171094, 0.43608444838289057, 1.3039061247205532, 0.42917184287771687, 2.2912128975609143, 0.9950611182762655]"
bioasq,bioasq_1169,fixed_10_full,0.254545,0.254545,3712.0,3712.0,"[6.0, 6.0, 1.0, 1.0, 0.0, 1.0, 0.0, 0.0, 0.0, 0.262724, 0.1599955, 0.04741768475843164, 0.159728, 0.14083601041397056, 0.18902726815974183, 0.08449551620712228, 0.007996985429576253, 0.43129291575950435, 0.18902726815974183, 2.0, 0.1642071183252029, 0.41532918113321937, 0.6048813872890175, 0.3951186127109825, 1.7583744386365312, 0.4786087166958606, 2.2612915990620195, 0.9820664634468155]"
bioasq,bioasq_3209,coverage_guided_ultra,0.240000,0.352941,367.0,3272.0,"[12.0, 11.0, 0.9166666666666666, 1.0, 0.0, 2.0, 0.0, 0.0, 0.0, 0.244879, 0.1060179, 0.04805817509529467, 0.176207, 0.5253737560182784, 0.03419648071088167, 0.05801640810359401, 0.02266833824051879, 0.6189505837576926, 0.5253737560182784, 1.0, 0.2309789195975397, 0.44233756752397474, 0.6186813736170967, 0.38131862638290326, 2.6243315364747994, 0.5147971085289614, 2.22157338564372, 0.9648170625281923]"
bioasq,bioasq_309,answer_aware_fallback,0.210526,0.219178,733.0,3352.0,"[9.0, 9.0, 1.0, 1.0, 1.0, 3.0, 0.0, 0.0, 0.0, 0.595277, 0.31303889999999995, 0.1686785926675048, 0.46703999999999996, 0.14853253191371413, 0.06436667299425304, 0.057756305047902065, 0.19529395558706283, 0.42805114257732113, 0.19529395558706283, 5.0, 0.19016071165596352, 0.5017520186788288, 0.7492068877062883, 0.25079311229371176, 1.7484080735928191, 0.547764847513438, 2.154893407345553, 0.9358583158998698]"
bioasq,bioasq_1750,coverage_guided_ultra,0.301887,0.290909,1393.0,3733.0,"[4.0, 4.0, 1.0, 1.0, 0.0, 1.0, 0.0, 0.0, 0.0, 0.470261, 0.23666779999999998, 0.1416622843764705, 0.437548, 0.13902067149944392, 0.07671484558574919, 0.16339011740288908, 0.056039093184423155, 0.49432336511001335, 0.16392811651402095, 7.0, 0.19870087946057724, 0.5256122717158819, 0.7494589462529335, 0.2505410537470666, 1.9775483599663581, 0.5424003216149114, 2.0981606662437806, 0.9112195994961243]"
bioasq,bioasq_3692,fixed_10_full,0.580645,0.580645,2967.0,2967.0,"[6.0, 6.0, 1.0, 1.0, 1.0, 2.0, 0.0, 0.0, 0.0, 0.426163, 0.3324914, 0.108014716357726, 0.292396, 0.009231209654521845, 0.03786579313549044, 0.0011709134767683427, 0.058421308278757196, 0.06095789639175621, 0.32198008743133494, 8.0, 0.1281726384501975, 0.3772981797423934, 0.6196436960474766, 0.3803563039525233, 1.0649149768232193, 0.41041206944214986, 2.2403257490275017, 0.9729611104684134]"
bioasq,bioasq_1059,fixed_10_full,0.196078,0.196078,2886.0,2886.0,"[6.0, 6.0, 1.0, 1.0, 0.0, 1.0, 0.0, 0.0, 0.0, 0.523869, 0.3305089, 0.0830840453401855, 0.26578500000000005, 0.2154527181413675, 0.035129011260448706, 0.0969822608323836, 0.0400061847522949, 0.42941651443395207, 0.2154527181413675, 1.0, 0.15850374982337842, 0.40164304198767414, 0.595496218104868, 0.40450378189513203, 1.752591908628321, 0.4764867935296641, 2.27322817769786, 0.9872504536811653]"
bioasq,bioasq_4138,answer_aware_fallback,0.345679,0.333333,567.0,2470.0,"[10.0, 10.0, 1.0, 1.0, 0.0, 4.0, 0.0, 0.0, 0.0, 0.576029, 0.4668222, 0.07124994409232895, 0.23365200000000003, 0.03464582512338789, 0.09740134611278249, 0.0011388315518837515, 0.04658966822850933, 0.14765228833964958, 0.10844072086648414, 7.0, 0.12339366037005095, 0.3496121221312954, 0.5617457781570799, 0.43825422184292007, 1.1732301105754446, 0.4132236782638837, 2.2906957502622176, 0.9948365240581104]"
bioasq,bioasq_1491,answer_aware_fallback,0.400000,0.422535,764.0,3210.0,"[14.0, 14.0, 1.0, 1.0, 0.0, 5.0, 0.0, 0.0, 0.0, 0.372032, 0.2124209, 0.07510531277805851, 0.251197, 0.24637934371236883, 0.08269718733872353, 0.015606184414243952, 0.012904803887837605, 0.41230055479098565, 0.24637934371236883, 1.0, 0.17513907529814626, 0.4246324161134803, 0.6423332167409139, 0.35766678325908613, 1.7015500153217802, 0.4802234350152184, 2.2416526174895837, 0.973537362119707]"
bioasq,bioasq_609,adaptive_k_full,0.277228,0.299320,517.0,2058.0,"[3.0, 3.0, 1.0, 1.0, 0.0, 1.0, 0.0, 0.0, 0.0, 0.518572, 0.1821801, 0.13069616844532975, 0.44428500000000004, 0.46855402914156574, 0.021495568599924336, 0.2244895597911187, 0.00822065209845502, 0.749568044553119, 0.46855402914156574, 1.0, 0.28464799393567136, 0.5810793824352934, 0.7336201923261652, 0.26637980767383485, 3.993100633725273, 0.6331337342062107, 2.0910895515886136, 0.90814865342048]"
bioasq,bioasq_1945,answer_aware_fallback,0.240741,0.277778,666.0,3690.0,"[7.0, 7.0, 1.0, 1.0, 0.0, 2.0, 1.0, 1.0, 0.0, 0.393177, 0.2915606, 0.052123907833546014, 0.173925, 0.058212967696482806, 0.1341660371791839, 0.05536692125938186, 0.012627900411265148, 0.29204912800087496, 0.1341660371791839, 2.0, 0.1348525829621698, 0.37076477411556985, 0.5676771827194758, 0.4323228172805242, 1.4125273935692475, 0.4401412192558832, 2.2870797103562444, 0.9932660978806043]"
bioasq,bioasq_3657,coverage_guided_ultra,0.185185,0.277778,443.0,3169.0,"[8.0, 8.0, 1.0, 1.0, 0.0, 2.0, 0.0, 0.0, 0.0, 0.411873, 0.1586127, 0.10100696317982241, 0.336464, 0.4353137981853629, 0.06055021814976951, 0.03602566810643084, 0.010464390722382857, 0.7453656831110561, 0.4353137981853629, 1.0, 0.25967214479042344, 0.5372154940934741, 0.7248921429368518, 0.27510785706314816, 3.9272004347950458, 0.5953398031119216, 2.1295864401872056, 0.9248676397092928]"
bioasq,bioasq_3638,answer_aware_fallback,0.380952,0.448980,1253.0,3621.0,"[14.0, 13.0, 0.9285714285714286, 1.0, 1.0, 2.0, 1.0, 1.0, 0.0, 0.489091, 0.4282125, 0.0412705377145731, 0.124531, 0.015573788926805, 0.0372691380540636, 0.03596263272070017, 0.04227843080326571, 0.09274552179451265, 0.0465741549118671, 6.0, 0.11421688997869049, 0.3348363254225414, 0.5425339054791722, 0.45746609452082787, 1.102226579226106, 0.4047607150811872, 2.2979210373479817, 0.9979744263696246]"
bioasq,bioasq_2171,fixed_10_full,0.328767,0.328767,4726.0,4726.0,"[9.0, 9.0, 1.0, 1.0, 0.0, 1.0, 0.0, 0.0, 0.0, 0.373644, 0.2809081, 0.04187982643815515, 0.14448899999999998, 0.15312704071254982, 0.020281337315733772, 0.03189131900953845, 0.006816649002794162, 0.2716489492672169, 0.15312704071254982, 1.0, 0.13301289638853417, 0.3556052673454414, 0.5581907392488861, 0.44180926075111393, 1.372964313010759, 0.42587178195070086, 2.2917989409244734, 0.9953156336752154]"
bioasq,bioasq_4101,answer_aware_fallback,0.289474,0.338028,727.0,2636.0,"[8.0, 8.0, 1.0, 1.0, 0.0, 2.0, 1.0, 1.0, 0.0, 0.423621, 0.3511413, 0.03042412488158041, 0.11414000000000002, 0.109406757455367, 0.016927867126511627, 0.04829316771359312, 0.011831330363697646, 0.18814931271112634, 0.109406757455367, 1.0, 0.1206411777822774, 0.33348341536583703, 0.5309999137099509, 0.4690000862900491, 1.2317535917096278, 0.407877518108086, 2.2989357432325703, 0.9984151075360562]"
bioasq,bioasq_2244,task_aware_coverage_ultra,0.320000,0.333333,651.0,2967.0,"[8.0, 7.0, 0.875, 1.0, 0.0, 4.0, 0.0, 0.0, 0.0, 0.494612, 0.38435319999999995, 0.06323829815831543, 0.23369, 0.12060160287255467, 0.02283810340226273, 0.024091611202316236, 0.007054014055461583, 0.20795694402885495, 0.12673368215894482, 8.0, 0.12868684324730484, 0.3520818871808535, 0.561135174625839, 0.43886482537416105, 1.2625576254486235, 0.412246408710182, 2.288589419782716, 0.9939217563537983]"
bioasq,bioasq_4254,coverage_guided_ultra,0.112676,0.112676,243.0,1513.0,"[2.0, 2.0, 1.0, 0.0, 0.0, 2.0, 0.0, 0.0, 1.0, 0.135238, 0.10141739999999999, 0.012966703638164944, 0.04461, 0.2019107055709194, 0.0007246483976397231, 0.043826439314393895, 0.05326165722651918, 0.25015897898519646, 0.2019107055709194, 1.0, 0.1333479264899317, 0.3460984012605332, 0.5465709040066103, 0.4534290959933897, 1.333616022562545, 0.4216674535300131, 2.2948777287236326, 0.9966527342273412]"
bioasq,bioasq_3824,coverage_guided_ultra,0.117647,0.117647,1151.0,2673.0,"[8.0, 7.0, 0.875, 1.0, 0.0, 1.0, 0.0, 0.0, 0.0, 0.119017, 0.10813360000000001, 0.007425106008670851, 0.021157999999999996, 0.026508818068007017, 0.011628590873572769, 0.00909113824075552, 0.06980515388557934, 0.049639967399615154, 0.06980515388557934, 5.0, 0.1100647717268268, 0.3230790429616696, 0.532546775470344, 0.4674532245296559, 1.0522328019874634, 0.39479560540893616, 2.300222893939793, 0.9989741099855809]"
bioasq,bioasq_4134,adaptive_k_full,0.407407,0.481481,663.0,3079.0,"[17.0, 17.0, 1.0, 1.0, 0.0, 4.0, 1.0, 1.0, 0.0, 0.479476, 0.1382355, 0.1349417417304594, 0.41984, 0.3489455155211105, 0.4219502123151107, 0.04090298575945408, 0.02192184801741903, 0.8391932025794825, 0.4219502123151107, 2.0, 0.34685446213165216, 0.6521414542574085, 0.7731964654520728, 0.22680353454792726, 6.2186425949703645, 0.7151455294033652, 1.945062604622548, 0.844729956143939]"
bioasq,bioasq_1159,answer_aware_fallback,0.292683,0.526316,758.0,3469.0,"[6.0, 6.0, 1.0, 1.0, 0.0, 2.0, 0.0, 0.0, 0.0, 0.166194, 0.1085223, 0.030781683820252592, 0.09059500000000001, 0.12635835228708628, 0.004717378485384425, 0.21790798705127748, 0.05397908468416424, 0.3784853845505855, 0.21790798705127748, 3.0, 0.15314271813258656, 0.42000399917804915, 0.614882839748144, 0.3851171602518561, 1.6089726213065874, 0.4882113263810936, 2.263818457736862, 0.9831638642258489]"
bioasq,bioasq_4029,coverage_guided_ultra,0.644444,0.644444,337.0,2387.0,"[3.0, 3.0, 1.0, 1.0, 0.0, 2.0, 0.0, 0.0, 0.0, 0.156425, 0.0741024, 0.032913277783289834, 0.10749700000000001, 0.29940226945820686, 0.15605561770816678, 0.12343934793031808, 0.05038197219114591, 0.5856352884769059, 0.29940226945820686, 1.0, 0.21109302802608285, 0.47393336788012264, 0.6502947272962819, 0.34970527270371804, 2.4133329219186326, 0.5467770612577884, 2.2176896949932523, 0.963130397109275]"
bioasq,bioasq_3110,task_aware_coverage_ultra,0.513514,0.526316,830.0,3367.0,"[7.0, 6.0, 0.8571428571428571, 0.0, 0.0, 1.0, 0.0, 0.0, 0.0, 0.134944, 0.1092557, 0.01580084119311374, 0.043730000000000005, 0.025403130187337076, 0.07175569124970356, 0.008744368034147501, 0.004179511501067073, 0.22868745553711176, 0.12278426606592364, 4.0, 0.12351209135999312, 0.3553983911136902, 0.5610965835192122, 0.4389034164807878, 1.2964912954921026, 0.42690295726055955, 2.2922541280836906, 0.9955133189466966]"
bioasq,bioasq_1406,adaptive_k_full,0.222222,0.328767,609.0,2881.0,"[15.0, 15.0, 1.0, 1.0, 0.0, 1.0, 0.0, 0.0, 0.0, 0.341494, 0.2150118, 0.065553984221861, 0.19154400000000002, 0.0848536138263045, 0.15803205912841803, 0.10631226317299865, 0.05252800927688329, 0.3896818099293107, 0.15803205912841803, 2.0, 0.15882570165916476, 0.4244236827932234, 0.6247219920022994, 0.37527800799770056, 1.6384895883312542, 0.49405013908273604, 2.258341863699855, 0.9807854096559525]"
bioasq,bioasq_1645,answer_aware_fallback,0.243243,0.253165,692.0,3007.0,"[18.0, 17.0, 0.9444444444444444, 0.0, 0.0, 2.0, 0.0, 0.0, 0.0, 0.293243, 0.24912649999999997, 0.025697591347244968, 0.07975299999999996, 0.05167045760683119, 0.026036427126990256, 0.0033862700899935077, 0.0214941192117118, 0.161060963092043, 0.07996780826822805, 4.0, 0.11770847340608084, 0.3378966107579884, 0.5448099660212783, 0.45519003397872165, 1.1919817245430118, 0.4089533574847661, 2.2972947798682215, 0.9977024462019142]"
bioasq,bioasq_3054,answer_aware_fallback,0.155844,0.151899,867.0,3648.0,"[12.0, 12.0, 1.0, 1.0, 0.0, 3.0, 0.0, 0.0, 0.0, 0.287833, 0.23150810000000002, 0.040653000389762134, 0.123497, 0.0038077635295465976, 0.07694739658065615, 0.016467882417929916, 0.14139796340238953, 0.1439202593170346, 0.14139796340238953, 5.0, 0.1243295590953405, 0.3624750062740785, 0.5811528840675553, 0.41884711593244467, 1.1681154832635305, 0.4298421973836329, 2.287021817984827, 0.9932409555431535]"
bioasq,bioasq_3474,fixed_10_full,0.160000,0.160000,2685.0,2685.0,"[4.0, 4.0, 1.0, 1.0, 0.0, 1.0, 0.0, 0.0, 0.0, 0.258139, 0.11732020000000001, 0.07120026413265615, 0.201119, 0.02315806600319976, 0.5193287337442232, 0.06249733670619315, 0.06949356741910365, 0.6265267937041672, 0.5193287337442232, 2.0, 0.22002945784272443, 0.5356298403855432, 0.7047200737809857, 0.2952799262190143, 2.677568251597378, 0.5938208431964545, 2.1448189435444727, 0.9314830318629266]"
bioasq,bioasq_509,fixed_10_full,0.364964,0.364964,3811.0,3811.0,"[11.0, 11.0, 1.0, 1.0, 0.0, 4.0, 0.0, 0.0, 0.0, 0.444158, 0.33553310000000003, 0.05953769754609259, 0.191154, 0.08500353477816448, 0.018855902629244595, 0.10404405639434611, 0.07516919654717466, 0.25078012779236214, 0.10404405639434611, 3.0, 0.13237382541394574, 0.37212096213458523, 0.5761509073173408, 0.4238490926826593, 1.3347216712944598, 0.44306355991896607, 2.287126785943485, 0.9932865425483753]"
bioasq,bioasq_3006,adaptive_k_full,0.166667,0.226415,362.0,5062.0,"[7.0, 7.0, 1.0, 1.0, 0.0, 1.0, 0.0, 0.0, 0.0, 0.629177, 0.4611879, 0.07637633523081609, 0.253901, 0.1715860560700725, 0.011349747368387517, 0.045553159126923023, 0.06696048965553414, 0.24163470692666766, 0.1715860560700725, 1.0, 0.13642530517387816, 0.36091016264737213, 0.5696240079152121, 0.430375992084788, 1.3186257455789212, 0.43193106433421113, 2.28929937175953, 0.9942300845797449]"
bioasq,bioasq_3319,answer_aware_fallback,0.175000,0.292683,780.0,2618.0,"[8.0, 8.0, 1.0, 1.0, 0.0, 3.0, 0.0, 0.0, 0.0, 0.515164, 0.39128419999999997, 0.0956840669670766, 0.29889099999999996, 0.07255359458347234, 0.017248876086061925, 0.0031931579069966218, 0.1849158714506449, 0.11410346996296315, 0.1849158714506449, 5.0, 0.13165980123909934, 0.37360363643612493, 0.6096566127638172, 0.39034338723618284, 1.1287999964941648, 0.4256615455931999, 2.270860596532343, 0.9862222262455231]"
bioasq,bioasq_4053,adaptive_k_full,0.285714,0.293333,2160.0,3482.0,"[8.0, 8.0, 1.0, 1.0, 0.0, 2.0, 0.0, 0.0, 0.0, 0.3387, 0.18175449999999999, 0.09595362904992182, 0.265967, 0.12323885444346037, 0.09606436374372596, 0.06200767640980216, 0.19094478889873046, 0.3830351343371715, 0.19094478889873046, 5.0, 0.18635026918178094, 0.4952180001045366, 0.7441174771463704, 0.2558825228536295, 1.6208378396485552, 0.5403032989751368, 2.1589559347261402, 0.9376226491238397]"
bioasq,bioasq_2127,fixed_10_full,0.133333,0.133333,3956.0,3956.0,"[10.0, 10.0, 1.0, 1.0, 0.0, 1.0, 1.0, 1.0, 0.0, 0.380908, 0.1914928, 0.07267987246796737, 0.265116, 0.43267665683052076, 0.012063280372163398, 0.017429405525743763, 0.010490722169132702, 0.4899162002373277, 0.43267665683052076, 1.0, 0.1989150505919805, 0.4222137855835833, 0.6306597428206178, 0.3693402571793822, 1.9604621837926866, 0.4848295319962941, 2.2387242104615854, 0.9722655711066807]"
bioasq,bioasq_4400,fixed_10_full,0.300000,0.300000,3228.0,3228.0,"[6.0, 6.0, 1.0, 1.0, 0.0, 1.0, 0.0, 0.0, 0.0, 0.546737, 0.17969200000000002, 0.1666049519414114, 0.47708000000000006, 0.14369614641043138, 0.6013110508343134, 0.01957613989907399, 0.06902587532945458, 0.7669464477436134, 0.6013110508343134, 2.0, 0.30426340627295595, 0.6423903123121787, 0.7849286556997529, 0.21507134430024707, 4.290859291000557, 0.697280403221812, 1.963067747745281, 0.8525494904480202]"
bioasq,bioasq_2340,answer_aware_fallback,0.218182,0.233333,901.0,4605.0,"[7.0, 7.0, 1.0, 1.0, 0.0, 1.0, 1.0, 1.0, 0.0, 0.467775, 0.3337147, 0.054727213493928235, 0.215708, 0.2274020629576185, 0.005710010154454554, 0.04914114691892477, 0.012482496926941335, 0.28264015819571375, 0.2274020629576185, 1.0, 0.1401721290671343, 0.35596514028300225, 0.5571270908953068, 0.44287290910469335, 1.394000530451808, 0.4251855319776452, 2.289707736318594, 0.9944074350543513]"
bioasq,bioasq_2556,fixed_10_full,0.198020,0.198020,3217.0,3217.0,"[5.0, 5.0, 1.0, 1.0, 0.0, 2.0, 0.0, 0.0, 0.0, 0.433686, 0.1495129, 0.1294879485716335, 0.366664, 0.12913259823927917, 0.6137574189621061, 0.016698717505291876, 0.018262060569167578, 0.7818975018792398, 0.6137574189621061, 2.0, 0.2900659407984194, 0.6172537620499636, 0.7502529882036936, 0.24974701179630657, 4.585000211443312, 0.6785928049047708, 2.007406656683972, 0.8718056339337045]"
bioasq,bioasq_251,answer_aware_fallback,0.266667,0.329412,689.0,3903.0,"[16.0, 15.0, 0.9375, 0.0, 0.0, 2.0, 0.0, 0.0, 0.0, 0.25506, 0.1944809, 0.037821735590662674, 0.097917, 0.0012585274053164577, 0.06267544891398102, 0.17075590057241424, 0.03461930526150711, 0.28550929193131025, 0.17075590057241424, 3.0, 0.1311491256982048, 0.38489743722905434, 0.5789720224453918, 0.4210279775546082, 1.3995983274618904, 0.45966412768748205, 2.2843166350126087, 0.9920661095057804]"
bioasq,bioasq_2401,adaptive_k_full,0.540541,0.618182,418.0,3537.0,"[12.0, 12.0, 1.0, 1.0, 0.0, 2.0, 0.0, 0.0, 0.0, 0.232315, 0.137359, 0.04458266669457986, 0.1414, 0.19077545573897509, 0.1294363256784968, 0.017540838947119313, 0.027467016766028876, 0.41522932225641906, 0.19077545573897509, 1.0, 0.16912979855706578, 0.4209662271856959, 0.6318741400272279, 0.3681258599727721, 1.7100720642468588, 0.4855050012720435, 2.2523059148649915, 0.9781640303839211]"
bioasq,bioasq_4710,answer_aware_fallback,0.320988,0.333333,436.0,3375.0,"[4.0, 4.0, 1.0, 1.0, 0.0, 2.0, 0.0, 0.0, 0.0, 0.631879, 0.4252924, 0.09344267317901388, 0.298027, 0.13999990504511142, 0.10171251141436889, 0.10878506802726472, 0.01130437947771639, 0.3550458236466159, 0.13999990504511142, 1.0, 0.14857519203258746, 0.3890125946290129, 0.5813367462009666, 0.4186632537990333, 1.5504977511023648, 0.46162412104832734, 2.2797907034823486, 0.9901005224167165]"
bioasq,bioasq_3625,coverage_guided_ultra,0.212121,0.222222,732.0,4699.0,"[9.0, 9.0, 1.0, 1.0, 1.0, 2.0, 1.0, 1.0, 0.0, 0.258434, 0.11772880000000001, 0.07250754465129819, 0.199687, 0.016646416493185774, 0.5386984684677713, 0.006995983500622999, 0.13279599433511072, 0.5690040784107355, 0.5386984684677713, 2.0, 0.21951638001916265, 0.5329876801598249, 0.7236716929077677, 0.2763283070922323, 2.3202075702075704, 0.5921292892995289, 2.137730782119701, 0.9284046824693087]"
bioasq,bioasq_1935,fixed_10_full,0.775758,0.775758,2276.0,2276.0,"[3.0, 3.0, 1.0, 1.0, 0.0, 2.0, 0.0, 0.0, 0.0, 0.439703, 0.1024302, 0.11388370571139667, 0.390775, 0.7507613093383488, 0.05551701944266923, 0.04391373267864901, 0.01792346197319554, 0.852589134029106, 0.7507613093383488, 1.0, 0.42927085957071254, 0.6194208348709658, 0.7470082065640797, 0.2529917934359202, 6.783760433219681, 0.6854880183236457, 1.9146167898434814, 0.8315075067883418]"
bioasq,bioasq_316,coverage_guided_ultra,0.339623,0.444444,863.0,3876.0,"[10.0, 10.0, 1.0, 1.0, 1.0, 2.0, 1.0, 1.0, 0.0, 0.234923, 0.1935908, 0.027458189069201194, 0.07575299999999999, 0.0026944998999672005, 0.04406975902742601, 0.12749283807885992, 0.013208583237911974, 0.1803995351668419, 0.12749283807885992, 3.0, 0.12135029143946922, 0.35804903952047307, 0.5577119367242659, 0.4422880632757342, 1.2201066774694485, 0.428609059564385, 2.2926150979954034, 0.9956700861874865]"
bioasq,bioasq_1992,coverage_guided_ultra,0.194444,0.213333,399.0,3698.0,"[11.0, 11.0, 1.0, 1.0, 0.0, 1.0, 0.0, 0.0, 0.0, 0.395791, 0.3122172, 0.04860820677786828, 0.166398, 0.10466382509961063, 0.006008221510847875, 0.03363391284794259, 0.09269538721193761, 0.1547508659873519, 0.10466382509961063, 1.0, 0.12676783982432743, 0.35300585617960833, 0.5686307480817842, 0.4313692519182159, 1.1830831405324294, 0.41803908568446224, 2.2903334019379935, 0.994679158180373]"
bioasq,bioasq_874,coverage_guided_ultra,0.189189,0.191781,397.0,4371.0,"[13.0, 12.0, 0.9230769230769231, 1.0, 1.0, 2.0, 0.0, 0.0, 0.0, 0.580873, 0.2962188, 0.1320470622662996, 0.454264, 0.22675008134308183, 0.11816352283545625, 0.16110750542717606, 0.003264052555377869, 0.5361430123279959, 0.22675008134308183, 1.0, 0.19609592638954718, 0.47618685917301673, 0.6640145730115712, 0.33598542698842887, 2.155836877695385, 0.5283230806570502, 2.20782528702643, 0.9588463391620415]"
bioasq,bioasq_1160,answer_aware_fallback,0.352941,0.580645,533.0,3806.0,"[6.0, 6.0, 1.0, 1.0, 0.0, 1.0, 1.0, 1.0, 0.0, 0.559614, 0.2245658, 0.1768739755395349, 0.48306299999999996, 0.14040392127430681, 0.19955183394268203, 0.13621531984546487, 0.0018923758161875697, 0.8050799300946724, 0.32890885503221867, 4.0, 0.24919823054089266, 0.6278899102178515, 0.8070008879357408, 0.1929991120642591, 5.13030803080308, 0.6740253581828994, 2.0121873047131147, 0.8738818429926828]"
bioasq,bioasq_3669,fixed_10_full,0.294118,0.294118,3153.0,3153.0,"[9.0, 9.0, 1.0, 1.0, 0.0, 2.0, 0.0, 0.0, 0.0, 0.316201, 0.1490395, 0.06608930140991051, 0.22859400000000002, 0.42758561800879824, 0.0005882334337968309, 0.005575567439698125, 0.07295043342683927, 0.5695554410011353, 0.42758561800879824, 1.0, 0.21215919269723799, 0.4549203399098897, 0.666378376202282, 0.3336216237977181, 2.323179557260097, 0.5188262778950686, 2.216066756248539, 0.962425563767979]"
bioasq,bioasq_3508,fixed_10_full,0.157895,0.157895,2271.0,2271.0,"[3.0, 3.0, 1.0, 1.0, 0.0, 2.0, 0.0, 0.0, 0.0, 0.195503, 0.1129438, 0.033592948982785066, 0.108949, 0.2227433850119947, 0.1761916696930482, 0.009626450745001399, 0.043861219520928134, 0.48047344542027487, 0.2227433850119947, 1.0, 0.1730975936704804, 0.41168173905960315, 0.603987115715958, 0.3960128842840422, 1.9248294263013321, 0.48657283382168276, 2.262891836068898, 0.9827614375486402]"
bioasq,bioasq_2470,adaptive_k_full,0.730435,0.807018,2015.0,3416.0,"[6.0, 5.0, 0.8333333333333334, 0.0, 0.0, 2.0, 0.0, 0.0, 1.0, 0.274027, 0.16227750000000002, 0.07506369706888943, 0.17864800000000003, 0.025245687468753206, 0.029354771610096798, 0.19360865900075536, 0.03702919785276634, 0.5717429304411609, 0.3235338123615556, 4.0, 0.16886321270662907, 0.4931065612916146, 0.6923732495262744, 0.30762675047372556, 2.3350460998346882, 0.5598210981350746, 2.199737432805918, 0.9553338287036354]"
bioasq,bioasq_1441,fixed_10_full,0.526946,0.526946,2633.0,2633.0,"[10.0, 10.0, 1.0, 0.0, 0.0, 2.0, 0.0, 0.0, 0.0, 0.412189, 0.1161152, 0.10798659248425244, 0.35607200000000006, 0.4893774457833664, 0.3034360451152262, 0.01042725545805446, 0.01743860219462431, 0.8175060469833013, 0.4893774457833664, 1.0, 0.35498281017472305, 0.6097926886402469, 0.744421057708207, 0.25557894229179295, 5.4796336178245735, 0.6754409060036477, 1.9916683595742986, 0.8649705783444194]"
bioasq,bioasq_2879,adaptive_k_full,0.500000,0.476190,355.0,3558.0,"[16.0, 13.0, 0.8125, 1.0, 0.0, 2.0, 0.0, 0.0, 0.0, 0.575349, 0.16127960000000002, 0.1390611894701034, 0.47852, 0.7429403718438722, 0.010930756810214303, 0.02669510158182253, 0.010899471451240896, 0.803162949792213, 0.7429403718438722, 1.0, 0.35674009608158747, 0.5362476097410955, 0.6847481020538245, 0.3152518979461755, 5.080344370860927, 0.6099195549747635, 2.0574159123355287, 0.8935243777072646]"
bioasq,bioasq_1279,fixed_10_full,0.266667,0.266667,3423.0,3423.0,"[10.0, 9.0, 0.9, 1.0, 0.0, 1.0, 1.0, 1.0, 0.0, 0.353974, 0.188754, 0.08521086564986885, 0.23268300000000003, 0.0048534638137264245, 0.4908609106883557, 0.0008023188143762153, 0.04570109669071739, 0.5087520552356953, 0.4908609106883557, 2.0, 0.1875319198533541, 0.4687233118238554, 0.6552671731459995, 0.3447328268540004, 2.0356319261137856, 0.5379623763074592, 2.212807403960756, 0.9610100450548161]"
bioasq,bioasq_2438,answer_aware_fallback,0.311688,0.416667,771.0,4326.0,"[7.0, 7.0, 1.0, 1.0, 0.0, 2.0, 1.0, 1.0, 0.0, 0.318744, 0.26148129999999997, 0.026449319987666985, 0.09138500000000002, 0.12892164244660306, 0.005863639786160536, 0.014425369575584313, 0.009229977662324624, 0.1566147127475341, 0.12892164244660306, 1.0, 0.12189934806045405, 0.3335523419839201, 0.5400711255451155, 0.45992887445488456, 1.1856977055620035, 0.4045195890135853, 2.297546118683706, 0.9978116012625672]"
bioasq,bioasq_3545,adaptive_k_full,0.186667,0.181818,685.0,4009.0,"[13.0, 13.0, 1.0, 1.0, 1.0, 2.0, 0.0, 0.0, 0.0, 0.325611, 0.1496452, 0.06992860476772006, 0.22497399999999998, 0.3094029378614358, 0.14586423677332772, 0.16491150483245345, 0.017284428351622052, 0.6426809905070774, 0.3094029378614358, 1.0, 0.2175886697334762, 0.48638245663743307, 0.6467758404546219, 0.353224159545378, 2.7986196464025714, 0.5631645936901561, 2.209908165342514, 0.9597509217211928]"
bioasq,bioasq_440,fixed_10_full,0.351351,0.351351,2593.0,2593.0,"[9.0, 9.0, 1.0, 1.0, 0.0, 1.0, 1.0, 1.0, 0.0, 0.493515, 0.4303153, 0.04226099931154018, 0.152103, 0.05424151241603596, 0.010354295208858907, 0.0008206437494300856, 0.03368286678216467, 0.10372531736624005, 0.09369117453370213, 9.0, 0.11468683544368513, 0.3304314301629526, 0.5404067668521199, 0.4595932331478802, 1.1157293845023455, 0.39783458227560514, 2.2976496689353727, 0.9978565725654657]"
bioasq,bioasq_3994,answer_aware_fallback,0.341463,0.333333,760.0,3568.0,"[11.0, 11.0, 1.0, 1.0, 1.0, 2.0, 1.0, 0.0, 0.0, 0.162826, 0.1200857, 0.029418506114519138, 0.079287, 0.005840590569073781, 0.07187427069386948, 0.08214290101089505, 0.10583690565388819, 0.2540503359414344, 0.10583690565388819, 5.0, 0.13559149840488915, 0.3954450863008668, 0.6105056638717182, 0.3894943361282817, 1.3405730281574182, 0.4604498683246003, 2.272721187545512, 0.9870302706556212]"
bioasq,bioasq_1307,adaptive_k_full,0.418605,0.403226,1419.0,3350.0,"[10.0, 10.0, 1.0, 1.0, 2.0, 3.0, 2.0, 1.0, 0.0, 0.483047, 0.24764119999999998, 0.13114737803158705, 0.358421, 0.06794369906033991, 0.2327123447614828, 0.037809985363743075, 0.021786699844942577, 0.6336422749753129, 0.2951762457897472, 4.0, 0.1950592227787622, 0.5132788889732404, 0.7137786442643631, 0.2862213557356369, 2.7295725780932147, 0.571053885968928, 2.1703256677564147, 0.942560461439601]"
bioasq,bioasq_2991,coverage_guided_ultra,0.231884,0.303030,788.0,3615.0,"[14.0, 14.0, 1.0, 1.0, 0.0, 2.0, 0.0, 0.0, 0.0, 0.390328, 0.1711683, 0.09682791400319435, 0.313719, 0.19892244471316436, 0.32136305876083704, 0.10924402041360083, 0.0021315406529892793, 0.638232460904675, 0.32136305876083704, 2.0, 0.2280375513456639, 0.5201062346240513, 0.6870839986142293, 0.3129160013857706, 2.7642059939946746, 0.57510513633809, 2.1624799162551787, 0.9391530948562301]"
bioasq,bioasq_195,adaptive_k_full,0.377778,0.454545,313.0,2814.0,"[13.0, 13.0, 1.0, 1.0, 0.0, 1.0, 0.0, 0.0, 0.0, 0.516964, 0.3999802, 0.04862218313856341, 0.169655, 0.13239413189312985, 0.05972949760524914, 0.024326645569130494, 0.040644996556820266, 0.23555025108131314, 0.13239413189312985, 1.0, 0.12924739774618843, 0.3457991170562943, 0.5458740207640278, 0.4541259792359722, 1.3081304577763269, 0.4198617832426601, 2.295506923425805, 0.9969259900145375]"
hotpotqa,5a8e1027554299653c1aa15f,coverage_guided_ultra,0.857143,0.857143,455.0,1639.0,"[33.0, 26.0, 0.7878787878787878, 1.0, 3.0, 5.0, 2.0, 4.0, 0.0, 0.46579, 0.3979749, 0.03858493939466537, 0.126596, 0.06445393847012601, 0.01839240859614846, 0.010043152493613035, 0.05725112175014491, 0.1197342149895875, 0.06445393847012601, 1.0, 0.11704004448521753, 0.33388010148378705, 0.5430747014447393, 0.45692529855526065, 1.136020525878069, 0.40410952654954996, 2.297887077388116, 0.9979596777464493]"
hotpotqa,5ab84bf555429916710eb01f,adaptive_k_full,0.000000,0.000000,248.0,1628.0,"[18.0, 18.0, 1.0, 1.0, 2.0, 1.0, 0.0, 0.0, 1.0, 0.32003, 0.1822686, 0.057109022417127744, 0.19916599999999998, 0.2992313220635565, 0.06964659563165955, 0.02239165078273905, 0.030843983376558422, 0.41792331968877916, 0.2992313220635565, 1.0, 0.1755815318710957, 0.40943695183920875, 0.6185206886978888, 0.3814793113021113, 1.7179867083239388, 0.47304749649782263, 2.2569936366370236, 0.9801998820822123]"
hotpotqa,5a77724455429972597f153e,answer_aware_fallback,1.000000,1.000000,1172.0,1857.0,"[13.0, 12.0, 0.9230769230769231, 1.0, 1.0, 2.0, 0.0, 0.0, 0.0, 0.414109, 0.2786782, 0.0638901837261406, 0.219631, 0.10943495553103175, 0.1732104349337975, 0.011897833662151788, 0.02652200266113516, 0.36440888751512285, 0.1732104349337975, 2.0, 0.14859755804365035, 0.38753049215905655, 0.5868069335886338, 0.41319306641136616, 1.5733385510858497, 0.4568576255957331, 2.2775676329326644, 0.989135055144107]"
hotpotqa,5a87c13f5542996e4f30890c,coverage_guided_ultra,1.000000,1.000000,516.0,1841.0,"[19.0, 18.0, 0.9473684210526315, 1.0, 0.0, 4.0, 0.0, 0.0, 0.0, 0.348225, 0.23030689999999998, 0.05251679648350611, 0.165964, 0.09023189030081134, 0.2890745925766386, 0.002297365209275598, 0.015352143010984327, 0.3850125637159882, 0.2890745925766386, 2.0, 0.1512004199613646, 0.3826068606715648, 0.5690949771804492, 0.4309050228195508, 1.626049478412731, 0.4573469960798236, 2.2788055205730027, 0.9896726629155221]"
hotpotqa,5ab96ab755429970cfb8eacd,fixed_10_full,0.923077,0.923077,1793.0,1793.0,"[13.0, 13.0, 1.0, 1.0, 0.0, 3.0, 0.0, 0.0, 0.0, 0.553886, 0.3602282, 0.07465866906501882, 0.25076699999999996, 0.20190797384299294, 0.1545967942861889, 0.023224995757249664, 0.006452591327457214, 0.40771025084584195, 0.20190797384299294, 1.0, 0.15375975562157543, 0.3754178601231108, 0.5618607871343776, 0.4381392128656224, 1.6883628349605713, 0.4529516559638512, 2.283145045873372, 0.9915572948075521]"
hotpotqa,5a8a43eb5542996c9b8d5e82,adaptive_k_full,0.000000,0.000000,298.0,2202.0,"[28.0, 23.0, 0.8214285714285714, 0.0, 1.0, 6.0, 3.0, 1.0, 0.0, 0.447069, 0.28743240000000003, 0.0633326532906999, 0.218682, 0.21303422961556276, 0.11484357000820897, 0.04362637534698228, 0.004838179341443996, 0.396849255931411, 0.21303422961556276, 1.0, 0.15553883278294303, 0.38248367268268985, 0.5740525424412836, 0.4259474575587164, 1.6579603189319487, 0.4565691551214326, 2.2803522980724176, 0.9903444198482502]"
hotpotqa,5ae73acb5542991e8301cc07,coverage_guided_ultra,1.000000,1.000000,290.0,1606.0,"[9.0, 9.0, 1.0, 1.0, 1.0, 1.0, 0.0, 0.0, 0.0, 0.250235, 0.1468727, 0.03933102493210671, 0.1367, 0.31845265450476545, 0.014718164924970497, 0.11350530501328757, 0.008124363098687262, 0.4499890103302895, 0.31845265450476545, 1.0, 0.1703754339642425, 0.40010566973984957, 0.5880868262107254, 0.41191317378927467, 1.8181454894210647, 0.47378044945958103, 2.270540377255975, 0.9860831567807975]"
hotpotqa,5a7320565542991f9a20c61d,answer_aware_fallback,1.000000,1.000000,1170.0,1460.0,"[8.0, 8.0, 1.0, 1.0, 0.0, 4.0, 0.0, 0.0, 0.0, 0.433215, 0.20175230000000002, 0.1343963475605271, 0.355627, 0.03730941911060337, 0.2047874611913253, 0.23798575764920418, 0.11948570571194439, 0.6284570017197004, 0.23798575764920418, 3.0, 0.21472617660368679, 0.5841826834192224, 0.7756025581864493, 0.22439744181355056, 2.691478522347445, 0.6339351027117273, 2.092968773545115, 0.9089647891464601]"
hotpotqa,5ae32e125542991a06ce9946,coverage_guided_ultra,0.000000,0.000000,415.0,1835.0,"[18.0, 16.0, 0.8888888888888888, 1.0, 1.0, 3.0, 1.0, 1.0, 0.0, 0.48864, 0.3270508, 0.08043477190717956, 0.25090900000000005, 0.12940406024885398, 0.04772020301244271, 0.13541257367387033, 0.009673788474132246, 0.38288924361493126, 0.13541257367387033, 3.0, 0.14940798187926768, 0.40242616743331616, 0.5973399239506524, 0.40266007604934767, 1.6204546585086803, 0.47252294332257944, 2.2736063108689635, 0.9874146748308001]"
hotpotqa,5adc53f75542996e6852530a,adaptive_k_full,0.000000,0.000000,190.0,1477.0,"[6.0, 6.0, 1.0, 1.0, 0.0, 3.0, 2.0, 1.0, 0.0, 0.428642, 0.2136933, 0.08742808425677645, 0.306767, 0.37011305471698996, 0.054999276785755974, 0.021346484945478958, 0.02237531553137587, 0.5027248846356633, 0.37011305471698996, 1.0, 0.20058747747355674, 0.44225017817591855, 0.6530307688636003, 0.3469692311363997, 2.0109592640028526, 0.5027406966859488, 2.226419502851876, 0.966921704490351]"
hotpotqa,5a8b20335542996c9b8d5fb3,adaptive_k_full,0.333333,0.333333,1817.0,2247.0,"[32.0, 28.0, 0.875, 1.0, 2.0, 7.0, 2.0, 0.0, 0.0, 0.504584, 0.3928413, 0.08931690114424033, 0.27409100000000003, 0.027032169073930287, 0.04604783346281294, 0.07139941020722015, 0.040375834350672976, 0.1552090434892903, 0.13380130959364547, 8.0, 0.12844474346256365, 0.3724753481876778, 0.5908714282332331, 0.4091285717667669, 1.1837247928533225, 0.42531792670311075, 2.2750118114413818, 0.9880250759737133]"
hotpotqa,5a85fb085542994775f606de,answer_aware_fallback,0.000000,0.000000,1156.0,1704.0,"[19.0, 16.0, 0.8421052631578947, 1.0, 0.0, 3.0, 0.0, 0.0, 0.0, 0.460584, 0.2764811, 0.07901427960368936, 0.276037, 0.27703741337085097, 0.00930340611050315, 0.05654126066037902, 0.04052246712868877, 0.4292137807652893, 0.27703741337085097, 1.0, 0.16658787888213697, 0.4059116518271954, 0.610465597829291, 0.38953440217070895, 1.7519694174480307, 0.46935377697405456, 2.264125444394652, 0.9832971868373451]"
hotpotqa,5a7be2595542997c3ec972ac,coverage_guided_ultra,0.800000,0.800000,351.0,1500.0,"[9.0, 9.0, 1.0, 1.0, 0.0, 5.0, 0.0, 1.0, 0.0, 0.304282, 0.24064619999999998, 0.040574648064524224, 0.11782699999999999, 0.06242893105737445, 0.0019094129787499694, 0.04689071321997359, 0.07416475506273787, 0.2012968233415056, 0.09006776608540756, 4.0, 0.12644371695875523, 0.36330222542471063, 0.576672725353652, 0.42332727464634806, 1.2520295764737832, 0.4319041966101661, 2.288417454279089, 0.9938470726844953]"
hotpotqa,5a77152355429966f1a36c2e,answer_aware_fallback,1.000000,1.000000,1109.0,1253.0,"[18.0, 15.0, 0.8333333333333334, 1.0, 0.0, 11.0, 0.0, 0.0, 0.0, 0.653267, 0.372894, 0.11098632358358394, 0.41782400000000003, 0.273786981433319, 0.1101326104027909, 0.08371156051048041, 0.006775177683856655, 0.4756753364244635, 0.273786981433319, 1.0, 0.1751883913390937, 0.41034261747306205, 0.5954630538437197, 0.40453694615628033, 1.9072152608284385, 0.47820495511543976, 2.2624841225638446, 0.9825843698231981]"
hotpotqa,5a8f4c8d554299458435d5a3,answer_aware_fallback,0.857143,0.857143,1188.0,1532.0,"[19.0, 18.0, 0.9473684210526315, 1.0, 0.0, 3.0, 1.0, 0.0, 1.0, 0.345318, 0.1525179, 0.0696340325321606, 0.25302600000000003, 0.5124262274193643, 0.007729107663081498, 0.04579257380153951, 0.015055687800809714, 0.575139436693135, 0.5124262274193643, 1.0, 0.2264114572781293, 0.4454460755098254, 0.6399137412723359, 0.3600862587276641, 2.3537133976770814, 0.5083961296985027, 2.2162593658203447, 0.962509213042176]"
hotpotqa,5a80840f554299485f59863b,adaptive_k_full,1.000000,1.000000,238.0,1752.0,"[15.0, 15.0, 1.0, 1.0, 0.0, 5.0, 0.0, 0.0, 0.0, 0.44985, 0.20603410000000003, 0.08791299246465224, 0.311743, 0.44770701344892744, 0.10073802378570633, 0.004634878292764262, 0.022136267644770467, 0.5640235634100256, 0.44770701344892744, 1.0, 0.2183376441084267, 0.4375154404052533, 0.6302849868055821, 0.36971501319441774, 2.2937019436682915, 0.5066479092359176, 2.227326253795753, 0.9673155014217373]"
hotpotqa,5a8361b65542992ef85e22a0,adaptive_k_full,0.750000,0.750000,254.0,2389.0,"[17.0, 16.0, 0.9411764705882353, 1.0, 0.0, 4.0, 0.0, 0.0, 0.0, 0.408016, 0.2650096, 0.06859933643731549, 0.247076, 0.17691463079879213, 0.09818977687149527, 0.000911728951805771, 0.04578251833261448, 0.34900101956786, 0.17691463079879213, 1.0, 0.1539627243692304, 0.3922940904782317, 0.6039901950721785, 0.39600980492782145, 1.536100716065929, 0.45461331388270854, 2.26970546855913, 0.9857205605408647]"
hotpotqa,5ae7ba7a5542993210983f12,adaptive_k_full,1.000000,1.000000,945.0,2208.0,"[31.0, 27.0, 0.8709677419354839, 1.0, 0.0, 2.0, 1.0, 0.0, 0.0, 0.328059, 0.285586, 0.03151398444817793, 0.088476, 3.3530553955182594e-05, 0.012296568605037455, 0.05707509929616325, 0.004093775814716204, 0.1512990041425475, 0.0818938056873916, 4.0, 0.11487222763020596, 0.3431964452038966, 0.547588117064562, 0.45241188293543805, 1.1782712697181277, 0.4152601113946018, 2.2965198449962023, 0.9973658962631617]"
hotpotqa,5ac2acff55429921a00ab02b,fixed_10_full,0.000000,0.000000,1657.0,1657.0,"[14.0, 11.0, 0.7857142857142857, 0.0, 0.0, 4.0, 0.0, 0.0, 0.0, 0.440014, 0.2712512, 0.06900430018745209, 0.26915500000000003, 0.3109651056557292, 0.025531005831632553, 0.02895362420286634, 0.0005431645356738404, 0.366936052034708, 0.3109651056557292, 1.0, 0.162216425217658, 0.381620431540948, 0.5872482776113064, 0.4127517223886935, 1.579619252074082, 0.44277161385473296, 2.2719166713278702, 0.9866808737016978]"
hotpotqa,5aba7cfe554299232ef4a2fd,coverage_guided_ultra,0.500000,1.000000,536.0,1600.0,"[27.0, 24.0, 0.8888888888888888, 1.0, 2.0, 5.0, 1.0, 1.0, 0.0, 0.480637, 0.36772520000000003, 0.08838875120036485, 0.24080999999999997, 0.049582117065477674, 0.010030438771879743, 0.00564667306095879, 0.08559474197783361, 0.18310700174976122, 0.16067427185173014, 7.0, 0.1307054833337503, 0.3778441075020151, 0.606792245948877, 0.39320775405112296, 1.2241505339646332, 0.4346962865721476, 2.2726021098508418, 0.9869785558699082]"
hotpotqa,5ae5aba0554299546bf82f17,adaptive_k_full,1.000000,1.000000,238.0,1779.0,"[27.0, 24.0, 0.8888888888888888, 1.0, 0.0, 8.0, 1.0, 1.0, 0.0, 0.616934, 0.449431, 0.085108609805354, 0.300411, 0.1417590860610697, 0.06803969306279119, 0.00655499615842212, 0.09383499693646331, 0.21824538767518076, 0.1417590860610697, 1.0, 0.13727001475198639, 0.3635516909158469, 0.5784342869094476, 0.42156571309055224, 1.2791737768276827, 0.42573369971635366, 2.284668033322141, 0.9922187198525604]"
hotpotqa,5ae1f4cb554299234fd0436d,coverage_guided_ultra,0.000000,0.000000,387.0,1372.0,"[14.0, 13.0, 0.9285714285714286, 0.0, 2.0, 2.0, 0.0, 0.0, 0.0, 0.711468, 0.23992629999999998, 0.164280273233307, 0.588569, 0.5837353190867334, 0.08138805961757944, 0.0514401209892785, 0.005276414399523211, 0.7340976684826303, 0.5837353190867334, 1.0, 0.29653606128215204, 0.519276544505542, 0.6821753180039036, 0.3178246819960963, 3.7607793594494163, 0.5836891553689071, 2.1294219715147955, 0.9247962118724191]"
hotpotqa,5ae7e1fc55429952e35ea9cc,coverage_guided_ultra,1.000000,1.000000,552.0,1838.0,"[18.0, 17.0, 0.9444444444444444, 1.0, 0.0, 4.0, 1.0, 0.0, 0.0, 0.316495, 0.2075517, 0.06550746953905334, 0.18875200000000003, 0.011333512377762702, 0.14870061138406615, 0.14601178533626125, 0.02750438395551278, 0.4080791165737216, 0.14870061138406615, 2.0, 0.15248971701990396, 0.4313373487184157, 0.6274200596766975, 0.37257994032330255, 1.6894149674388812, 0.4958256949329021, 2.254383890663215, 0.979066483806618]"
hotpotqa,5ae37c765542992f92d822d4,coverage_guided_ultra,1.000000,1.000000,660.0,1990.0,"[19.0, 17.0, 0.8947368421052632, 1.0, 1.0, 7.0, 0.0, 0.0, 0.0, 0.519333, 0.3955229, 0.09375580291955268, 0.25428400000000007, 0.001078306212006564, 0.07853727762341313, 0.02645123648988221, 0.031319018818369, 0.2050745860555752, 0.130188145178527, 6.0, 0.13130289042682486, 0.38331333027746306, 0.6050653451418363, 0.3949346548581637, 1.257979657535408, 0.4452959511073568, 2.2739500322013173, 0.9875639511087538]"
hotpotqa,5ae33c4d5542992f92d82262,adaptive_k_full,0.400000,0.400000,320.0,1430.0,"[13.0, 13.0, 1.0, 1.0, 0.0, 4.0, 1.0, 1.0, 0.0, 0.50906, 0.3190568, 0.08462011832395414, 0.361413, 0.27301889757592424, 0.07244529132125879, 0.007166149373354781, 0.0012493615683808784, 0.38990885160884764, 0.27301889757592424, 1.0, 0.1595515281291607, 0.379974662818658, 0.5806044566359344, 0.4193955433640656, 1.639099342183641, 0.4366692924418376, 2.266502618827646, 0.9843295805761159]"
hotpotqa,5a77cb335542997042120b3a,coverage_guided_ultra,1.000000,1.000000,491.0,1258.0,"[15.0, 15.0, 1.0, 1.0, 2.0, 8.0, 0.0, 1.0, 0.0, 0.58076, 0.3633677, 0.11508920295236214, 0.360387, 0.2117346235966665, 0.009730353330119183, 0.036527997795991474, 0.23328741648873885, 0.26253185481093744, 0.23328741648873885, 5.0, 0.1598270842455177, 0.4102442236885667, 0.6467044263978334, 0.3532955736021666, 1.3559907726504348, 0.47116919699312954, 2.252940795468294, 0.9784397555266027]"
hotpotqa,5a8979f4554299669944a52e,adaptive_k_full,0.000000,0.000000,338.0,1338.0,"[15.0, 14.0, 0.9333333333333333, 1.0, 0.0, 5.0, 0.0, 0.0, 0.0, 0.531634, 0.2023777, 0.16100229131043448, 0.44142100000000006, 0.03873153334813052, 0.6559493937558546, 0.00860930640252504, 0.02543291061143567, 0.755640158454877, 0.6559493937558546, 2.0, 0.262693962822979, 0.5954188628490195, 0.7375545823477587, 0.26244541765224133, 4.092325456084982, 0.6579879246428694, 2.0486015480458413, 0.8896963479347683]"
hotpotqa,5a713ea95542994082a3e6e4,adaptive_k_full,0.000000,0.000000,255.0,1919.0,"[12.0, 12.0, 1.0, 1.0, 0.0, 2.0, 1.0, 1.0, 0.0, 0.485441, 0.2599903, 0.0956642899414928, 0.34671700000000005, 0.28288504679250415, 0.11115459963208718, 0.05180856169956792, 0.07769224272362656, 0.4459965268693827, 0.28288504679250415, 1.0, 0.18671504283044407, 0.433753105404317, 0.6406623631727799, 0.35933763682722014, 1.805042835470149, 0.4935895976932005, 2.239555845363964, 0.9726267455557418]"
hotpotqa,5a78bd9b554299078472774a,adaptive_k_full,1.000000,1.000000,373.0,1258.0,"[10.0, 10.0, 1.0, 1.0, 0.0, 5.0, 1.0, 0.0, 0.0, 0.480161, 0.19177119999999998, 0.13328734137028916, 0.395316, 0.18600219509706126, 0.25919431190788084, 0.22616164161604127, 0.018914489098448214, 0.7293990973860851, 0.25919431190788084, 2.0, 0.25038222631969764, 0.5931057426766897, 0.7431454775273868, 0.25685452247261326, 3.6954791737216395, 0.6524311162226422, 2.093393671889571, 0.9091493201528271]"
hotpotqa,5a7625e8554299109176e66a,coverage_guided_ultra,1.000000,1.000000,411.0,1501.0,"[13.0, 12.0, 0.9230769230769231, 1.0, 1.0, 4.0, 1.0, 2.0, 0.0, 0.693274, 0.4469429, 0.11926461422605616, 0.5111319999999999, 0.26527173960079264, 0.00969169477003325, 0.06039603389136185, 0.04609432922625108, 0.33864388394776085, 0.3261783941125731, 9.0, 0.15511466901029192, 0.3815456068325506, 0.5872271379632611, 0.41277286203673896, 1.5120446847444171, 0.43961970748236534, 2.264122003305758, 0.9832956923914267]"
hotpotqa,5ae2dd2055429928c423950d,coverage_guided_ultra,1.000000,1.000000,366.0,1494.0,"[15.0, 12.0, 0.8, 1.0, 0.0, 5.0, 0.0, 0.0, 0.0, 0.645987, 0.4380172, 0.11486863252933761, 0.363494, 0.11953026918498348, 0.018362598628145828, 0.15056804548698347, 0.05158308139327884, 0.3186441832420776, 0.15056804548698347, 3.0, 0.14747982499317377, 0.4044747557858459, 0.6098986523816873, 0.3901013476183127, 1.4676619402154278, 0.4673233276155543, 2.268566812712621, 0.985226048589939]"
hotpotqa,5abdf12255429976d4830a2f,adaptive_k_full,1.000000,1.000000,382.0,1600.0,"[27.0, 21.0, 0.7777777777777778, 1.0, 3.0, 11.0, 0.0, 1.0, 0.0, 0.411875, 0.25337, 0.06849511988601815, 0.215834, 0.16913383915022762, 0.18501972685887702, 0.012753869499241293, 0.057840364188163844, 0.41023368740515936, 0.18501972685887702, 2.0, 0.16255870860796462, 0.4026112010103801, 0.6013975608793464, 0.3986024391206536, 1.695586842863612, 0.4763969844106754, 2.2689613859679483, 0.9853974095774342]"
hotpotqa,5a88658955429938390d3f47,answer_aware_fallback,0.000000,0.000000,1127.0,2267.0,"[17.0, 16.0, 0.9411764705882353, 1.0, 0.0, 2.0, 0.0, 0.0, 0.0, 0.362613, 0.20262449999999999, 0.059882311143191536, 0.214516, 0.37177376431622694, 0.03631695499058228, 0.009798324935951001, 0.038845821854153015, 0.44749912441087336, 0.37177376431622694, 1.0, 0.1789581220434844, 0.397311282692863, 0.6003592852789273, 0.39964071472107277, 1.80995188276165, 0.46564235566851103, 2.263859081441566, 0.9831815068766364]"
hotpotqa,5a86ebac55429960ec39b6d6,adaptive_k_full,0.800000,0.800000,246.0,1514.0,"[23.0, 22.0, 0.9565217391304348, 1.0, 0.0, 3.0, 1.0, 0.0, 0.0, 0.463481, 0.2902134, 0.07080811854469797, 0.285701, 0.24500464959728654, 0.09562204275903435, 0.04165866561951837, 0.006142646624133435, 0.412485085688518, 0.24500464959728654, 1.0, 0.15970351472399275, 0.3855831605294586, 0.5780625567254992, 0.4219374432745007, 1.7020844503529169, 0.45387727620256707, 2.2744239483777227, 0.9877697702890513]"
hotpotqa,5aba5d2e55429901930fa799,coverage_guided_ultra,1.000000,1.000000,404.0,1867.0,"[28.0, 23.0, 0.8214285714285714, 1.0, 0.0, 8.0, 1.0, 0.0, 0.0, 0.364912, 0.2158382, 0.06495582207900998, 0.20158500000000001, 0.12822543517341173, 0.316906541851186, 0.01777414828780635, 0.00256500197307842, 0.4668522821940632, 0.316906541851186, 2.0, 0.16906738473541755, 0.41026611600726837, 0.5912090630852185, 0.4087909369147816, 1.8756527817755664, 0.48446052666852313, 2.262122118024717, 0.982427153249431]"
hotpotqa,5ae5736e5542990ba0bbb2b3,coverage_guided_ultra,1.000000,1.000000,507.0,2017.0,"[22.0, 19.0, 0.8636363636363636, 1.0, 0.0, 4.0, 1.0, 1.0, 0.0, 0.427428, 0.3278259, 0.04513531317593797, 0.15520999999999996, 0.14067398485826843, 0.0157547002068185, 0.04583695967507978, 0.057272803840646855, 0.23021187194100518, 0.14067398485826843, 1.0, 0.13038262077523463, 0.3524108375817774, 0.5567885270809901, 0.44321147291900975, 1.2990587455816962, 0.4245370691907517, 2.2933851249338897, 0.996004504637788]"
hotpotqa,5ae005b555429942ec259bec,adaptive_k_full,1.000000,1.000000,235.0,1553.0,"[16.0, 15.0, 0.9375, 1.0, 0.0, 3.0, 0.0, 0.0, 0.0, 0.513284, 0.23649459999999997, 0.10493045523698064, 0.36455399999999993, 0.385558482243748, 0.11837501266355475, 0.020398064229549293, 0.0634405124648343, 0.58953717630006, 0.385558482243748, 1.0, 0.2170383594382282, 0.4580611988603545, 0.6503856747680498, 0.34961432523195035, 2.4362742306012795, 0.5240695418110535, 2.218964793408886, 0.9636841653150682]"
hotpotqa,5a7759fc5542993569682d60,adaptive_k_full,1.000000,1.000000,210.0,1644.0,"[10.0, 8.0, 0.8, 1.0, 0.0, 7.0, 1.0, 0.0, 0.0, 0.647099, 0.3930643, 0.12687604800832186, 0.429046, 0.21562233908567316, 0.05927377418293019, 0.051545435860664325, 0.04555717131381753, 0.3433384999822284, 0.21562233908567316, 1.0, 0.16462929856514572, 0.4131341869510917, 0.6321273644032287, 0.3678726355967713, 1.522854621403777, 0.4674183894606829, 2.2504942063990985, 0.9773772153943663]"
hotpotqa,5a835478554299123d8c20ed,adaptive_k_full,0.000000,0.000000,1136.0,1287.0,"[13.0, 13.0, 1.0, 1.0, 0.0, 3.0, 0.0, 0.0, 1.0, 0.438039, 0.320911, 0.06753195237219194, 0.23702900000000002, 0.09366517593182351, 0.0485299254175998, 0.08827981070178678, 0.030768949796707575, 0.23809295519348733, 0.14347352632984736, 9.0, 0.13649859306785994, 0.37730118319409434, 0.5863395146941053, 0.41366048530589483, 1.3124960673568142, 0.44121493614085927, 2.280084950154644, 0.9902283121228127]"
hotpotqa,5aba749055429901930fa7d8,adaptive_k_full,0.666667,0.666667,314.0,1028.0,"[9.0, 9.0, 1.0, 1.0, 0.0, 5.0, 1.0, 0.0, 0.0, 0.346704, 0.1685543, 0.08150023055924444, 0.255108, 0.14749180857446126, 0.32874728875351883, 0.06140973279800638, 0.00877405510175824, 0.5898633993262264, 0.32874728875351883, 2.0, 0.20569276488348265, 0.48878136007209544, 0.6682457819230955, 0.3317542180769046, 2.438212045345861, 0.5509997572252248, 2.19892814404108, 0.9549823590587998]"
hotpotqa,5abfb3425542990832d3a1c0,adaptive_k_full,1.000000,1.000000,239.0,1489.0,"[13.0, 13.0, 1.0, 1.0, 0.0, 2.0, 0.0, 0.0, 0.0, 0.483954, 0.182844, 0.10684332555850179, 0.366823, 0.4792438950809374, 0.18794348223178245, 0.013234728920517228, 0.014259619715923395, 0.7093649396430239, 0.4792438950809374, 1.0, 0.2646813677233051, 0.49060510599199314, 0.6521171052919428, 0.3478828947080571, 3.440741109388997, 0.5657721955852913, 2.1720361032987863, 0.9433032941573043]"
hotpotqa,5ac3165c5542995ef918c10a,adaptive_k_full,1.000000,1.000000,217.0,1374.0,"[12.0, 12.0, 1.0, 1.0, 2.0, 5.0, 1.0, 1.0, 0.0, 0.67558, 0.3773521, 0.15023214769579113, 0.50647, 0.2851653394120607, 0.01242635957251553, 0.007475058468279107, 0.02533674768347197, 0.42969448473903904, 0.2851653394120607, 1.0, 0.17903173190237975, 0.43276319384468775, 0.6592810799250884, 0.34071892007491145, 1.7534461323636665, 0.47864471619396437, 2.2214346392957625, 0.9647568057548902]"
hotpotqa,5ae53b545542990ba0bbb23c,answer_aware_fallback,0.000000,0.000000,1063.0,1195.0,"[16.0, 16.0, 1.0, 1.0, 0.0, 3.0, 2.0, 1.0, 0.0, 0.370058, 0.308407, 0.05499454307838188, 0.187676, 0.008085219073766801, 0.06055807468018523, 0.028754951926454803, 0.05561290392316877, 0.10281091072210309, 0.16562809073172316, 9.0, 0.11999014289558926, 0.35076376346840377, 0.5667209239738397, 0.4332790760261602, 1.114592243653844, 0.40698807455491204, 2.285328660822158, 0.9925056267304114]"
hotpotqa,5ae224da554299234fd043ee,fixed_10_full,0.400000,0.400000,1543.0,1543.0,"[9.0, 9.0, 1.0, 1.0, 0.0, 3.0, 2.0, 1.0, 0.0, 0.398041, 0.188463, 0.08349298725881114, 0.286101, 0.3645453609050323, 0.04701023261422827, 0.0889204880904228, 0.013830233568903732, 0.6214460319414331, 0.3645453609050323, 1.0, 0.21120379066448056, 0.4696959084807097, 0.6551492865973693, 0.3448507134026308, 2.641631271568887, 0.5342702546104191, 2.2166545359418555, 0.9626808332453611]"
hotpotqa,5ae2b770554299495565db0f,coverage_guided_ultra,1.000000,1.000000,407.0,1419.0,"[22.0, 20.0, 0.9090909090909091, 1.0, 0.0, 2.0, 0.0, 0.0, 0.0, 0.414314, 0.2728631, 0.06618526100794649, 0.21050800000000003, 0.13854709230197387, 0.1370458154925974, 0.010673064390776168, 0.0701472795995308, 0.3517042629503227, 0.13854709230197387, 1.0, 0.15183951219494318, 0.3926357209897564, 0.5994456560817495, 0.40055434391825057, 1.5425059010119213, 0.46321222644589793, 2.274632687914826, 0.9878604247181704]"
hotpotqa,5a80b3a9554299485f5986cc,coverage_guided_ultra,1.000000,1.000000,313.0,1578.0,"[7.0, 7.0, 1.0, 1.0, 0.0, 2.0, 0.0, 0.0, 0.0, 0.543559, 0.3167315, 0.1057433358016003, 0.34776700000000005, 0.15411206511160708, 0.20549747129566426, 0.022864123305841675, 0.04998169471943253, 0.43351871645948276, 0.20549747129566426, 2.0, 0.17161507459788497, 0.4266828528264477, 0.6298764095140521, 0.3701235904859479, 1.7652833889762143, 0.4900216358940461, 2.250235727079076, 0.9772649592519944]"
hotpotqa,5a8e0a005542995085b373a1,adaptive_k_full,0.000000,0.333333,223.0,1888.0,"[14.0, 13.0, 0.9285714285714286, 1.0, 0.0, 3.0, 0.0, 0.0, 0.0, 0.540701, 0.1938842, 0.11790542705473739, 0.419103, 0.6358504977797341, 0.031168797542449486, 0.007723307336217268, 0.004503413161802906, 0.6994993536168789, 0.6358504977797341, 1.0, 0.27887832015192576, 0.47329282117882737, 0.6478031732343326, 0.3521968267656673, 3.3277798634917315, 0.5450353224038004, 2.167478102394181, 0.9413237795159243]"
hotpotqa,5ac1b8ee5542994d76dccedc,adaptive_k_full,0.500000,0.500000,310.0,1816.0,"[12.0, 12.0, 1.0, 1.0, 0.0, 6.0, 1.0, 1.0, 0.0, 0.356899, 0.177794, 0.09391135700648777, 0.265707, 0.018691562598942665, 0.364932375826214, 0.2268625017161718, 0.00732139905127222, 0.6139636143558822, 0.364932375826214, 2.0, 0.20073737021496788, 0.5214523549726088, 0.6771342115032003, 0.32286578849679964, 2.5904293926373243, 0.5832185278986642, 2.1789111954400036, 0.9462891087368114]"
hotpotqa,5adccd795542990d50227d2c,adaptive_k_full,1.000000,1.000000,323.0,1637.0,"[17.0, 16.0, 0.9411764705882353, 1.0, 0.0, 3.0, 1.0, 1.0, 0.0, 0.528042, 0.2454421, 0.11576725268524775, 0.36718, 0.24075736399756084, 0.2773624067782487, 0.09398684195575348, 0.020994542100817762, 0.6297188481219297, 0.2773624067782487, 2.0, 0.21513913057295386, 0.4821532247320243, 0.645266235906554, 0.35473376409344604, 2.7006505595221046, 0.5572338498961961, 2.208446564025883, 0.9591161563346373]"
hotpotqa,5a84c4135542994c784dda31,coverage_guided_ultra,1.000000,1.000000,370.0,1134.0,"[9.0, 9.0, 1.0, 1.0, 0.0, 3.0, 1.0, 0.0, 0.0, 0.429231, 0.2812251, 0.1006213155364707, 0.292671, 0.03678671857344873, 0.13806085767337398, 0.05082577912592521, 0.021186726960541042, 0.29778371086897265, 0.1705305534781971, 7.0, 0.1526289794189779, 0.42558541182846055, 0.6509486528762902, 0.3490513471237098, 1.4240626648485633, 0.4742271268251765, 2.2353858212172457, 0.9708157270794188]"
hotpotqa,5a85eed75542996432c5713b,answer_aware_fallback,0.400000,0.400000,1167.0,1794.0,"[16.0, 13.0, 0.8125, 1.0, 0.0, 3.0, 0.0, 0.0, 0.0, 0.416088, 0.22486069999999997, 0.08020653337110388, 0.270519, 0.27837861221664645, 0.09413393320643719, 0.0660124781296264, 0.009743131260694858, 0.4963373132606564, 0.27837861221664645, 1.0, 0.18504256190610455, 0.4346851183866278, 0.631780920365364, 0.368219079634636, 1.9854557947778286, 0.49971625505756184, 2.244214389859053, 0.9746499257236597]"
hotpotqa,5a774e9c55429972597f14f3,answer_aware_fallback,1.000000,1.000000,1257.0,1949.0,"[14.0, 14.0, 1.0, 1.0, 0.0, 3.0, 0.0, 1.0, 0.0, 0.271389, 0.1993109, 0.041602194224463686, 0.148787, 0.08369167504946767, 0.09792585550630283, 0.029087398531259502, 0.08179034522401422, 0.21373747646367394, 0.13743372060031905, 9.0, 0.1361636518624922, 0.3723654852795306, 0.5868991610594303, 0.4131008389405697, 1.2718398372878814, 0.43386061205174536, 2.2803268644692833, 0.9903333741747541]"
hotpotqa,5ae738f75542991bbc9761c4,answer_aware_fallback,1.000000,1.000000,1133.0,2357.0,"[16.0, 15.0, 0.9375, 1.0, 0.0, 3.0, 0.0, 0.0, 0.0, 0.365663, 0.2486668, 0.051343676243136314, 0.174904, 0.24356853168081, 0.0175653538914245, 0.008409382409486467, 0.01562914486836247, 0.2816719219609312, 0.24356853168081, 1.0, 0.14704938496011533, 0.3669319748354023, 0.5799748900938927, 0.42002510990610725, 1.392121553608004, 0.4341477944269241, 2.282032631025265, 0.991074179177432]"
hotpotqa,5ac32b565542995ef918c154,adaptive_k_full,0.000000,0.000000,267.0,1801.0,"[18.0, 18.0, 1.0, 1.0, 1.0, 5.0, 1.0, 2.0, 0.0, 0.683256, 0.5679087, 0.068332640407129, 0.23929499999999998, 0.09393550879904453, 0.022385460208179744, 0.0017680049644642518, 0.02737773250436147, 0.11957597152458234, 0.09393550879904453, 1.0, 0.120310888000131, 0.33563652044774095, 0.5476646158088438, 0.4523353841911561, 1.135816342645311, 0.4017241960706623, 2.2952164172898244, 0.996799824802722]"
hotpotqa,5abc8d75554299700f9d7900,adaptive_k_full,1.000000,1.000000,241.0,1863.0,"[27.0, 25.0, 0.9259259259259259, 1.0, 2.0, 12.0, 2.0, 1.0, 0.0, 0.680836, 0.4940854, 0.09856520501393988, 0.313229, 0.12201910592271856, 0.04159004517974962, 0.03748773566615156, 0.09621553501871234, 0.24598728621870758, 0.12201910592271856, 1.0, 0.1377972310050044, 0.37403291010015677, 0.5880204110463495, 0.41197958895365056, 1.3262375842246847, 0.43998381048747104, 2.28292969421126, 0.9914637687690281]"
hotpotqa,5a8bb29b554299240d9c2089,coverage_guided_ultra,1.000000,1.000000,356.0,1690.0,"[13.0, 12.0, 0.9230769230769231, 1.0, 1.0, 4.0, 2.0, 1.0, 0.0, 0.374329, 0.23151200000000002, 0.06489199270480142, 0.195589, 0.10770204819824276, 0.2320498812541908, 0.06517528698016985, 0.011839852108706563, 0.4701586037950573, 0.2320498812541908, 2.0, 0.16168881094716472, 0.4127181312415771, 0.5946041673865717, 0.4053958326134282, 1.8873572490987471, 0.4889210233706717, 2.266802441720986, 0.9844597920042418]"
hotpotqa,5ab659e355429954757d324e,adaptive_k_full,0.000000,0.000000,225.0,1722.0,"[15.0, 13.0, 0.8666666666666667, 1.0, 0.0, 2.0, 1.0, 2.0, 0.0, 0.499705, 0.2014068, 0.100043902726553, 0.349861, 0.6271560220530114, 0.0031378513322860764, 0.01725618114687664, 0.0057193744309142385, 0.6628550844998549, 0.6271560220530114, 1.0, 0.24810731315923792, 0.4323394244881504, 0.6034329526113319, 0.3965670473886681, 2.966083586093914, 0.5093956943956944, 2.2105276280810706, 0.9600199509702926]"
hotpotqa,5a8b8b3155429949d91db5d7,adaptive_k_full,0.000000,0.000000,227.0,1569.0,"[13.0, 13.0, 1.0, 1.0, 0.0, 4.0, 1.0, 0.0, 0.0, 0.490442, 0.266879, 0.09655388528692152, 0.38066, 0.3162922425077787, 0.04328748353525997, 0.06408504981221023, 0.0435280828314051, 0.4604642343029349, 0.3162922425077787, 1.0, 0.1837694235964613, 0.4271036687037946, 0.6321666373150379, 0.36783336268496214, 1.853445246040414, 0.48118813385882614, 2.2387594608489567, 0.9722808801554009]"
hotpotqa,5ae7eaf65542994a481bbe1d,answer_aware_fallback,1.000000,1.000000,1127.0,2034.0,"[18.0, 17.0, 0.9444444444444444, 1.0, 1.0, 6.0, 1.0, 1.0, 0.0, 0.494901, 0.2452067, 0.12810417825898576, 0.374565, 0.09625561475931547, 0.27385679156033227, 0.10633237758662845, 0.019951465040482834, 0.5644260165164346, 0.27385679156033227, 2.0, 0.2018301294377356, 0.511363270253219, 0.704944440751415, 0.295055559248585, 2.2958212334041543, 0.5676629199647242, 2.175401199698239, 0.9447647369546591]"
hotpotqa,5a8c4c625542995e66a475a1,answer_aware_fallback,0.888889,0.888889,1185.0,1402.0,"[21.0, 19.0, 0.9047619047619048, 1.0, 1.0, 5.0, 2.0, 1.0, 0.0, 0.439603, 0.3474342, 0.06839342197872542, 0.22935200000000003, 0.0024158160886072373, 0.10850244425083545, 0.0009372092547139657, 0.009642791336728804, 0.19440950130003665, 0.16068134202905804, 9.0, 0.12652841890637134, 0.365245275220459, 0.5795508904995537, 0.42044910950044645, 1.2413254645055627, 0.425377211883599, 2.282336958111397, 0.9912063467516328]"
hotpotqa,5a818387554299260e20a291,adaptive_k_full,1.000000,1.000000,249.0,1962.0,"[18.0, 18.0, 1.0, 1.0, 0.0, 5.0, 1.0, 1.0, 0.0, 0.457337, 0.2640669, 0.07806587706860149, 0.247505, 0.2074247218134548, 0.19781692712376217, 0.07381209042784645, 0.0001377539975991003, 0.48948587146896055, 0.2074247218134548, 1.0, 0.17318982424529542, 0.4134618916645745, 0.5921003351802139, 0.40789966481978623, 1.9588096472029366, 0.4916588537374622, 2.2637943605483595, 0.983153398949853]"
hotpotqa,5ab978855542996be2020512,coverage_guided_ultra,1.000000,1.000000,374.0,1603.0,"[12.0, 11.0, 0.9166666666666666, 1.0, 0.0, 1.0, 0.0, 0.0, 1.0, 0.21899, 0.1671576, 0.031886805726507005, 0.10162099999999999, 0.08532809717338682, 0.001379058404493341, 0.07791223343531678, 0.01923832138453808, 0.22252157632768618, 0.09075300242020186, 6.0, 0.13100810253317827, 0.3704862955677756, 0.5817838973519601, 0.41821610264804, 1.286209326911782, 0.43524150683227464, 2.2842339194416397, 0.9920301865897411]"
hotpotqa,5ae63dad55429929b0807afe,coverage_guided_ultra,0.000000,0.000000,429.0,1629.0,"[21.0, 18.0, 0.8571428571428571, 1.0, 0.0, 8.0, 1.0, 2.0, 0.0, 0.667792, 0.3844878, 0.1721981240732895, 0.48400200000000004, 0.07661667105925213, 0.09966576419004712, 0.06913080719745071, 0.07947534561659915, 0.495501593310492, 0.250088350863742, 4.0, 0.17368353430199868, 0.4771261923005099, 0.6958085536134047, 0.3041914463865954, 1.9821668150786587, 0.5345075749187964, 2.204164908531556, 0.9572566569800406]"
hotpotqa,5a7a455c5542994f819ef1a7,adaptive_k_full,1.000000,1.000000,324.0,1136.0,"[8.0, 8.0, 1.0, 1.0, 0.0, 5.0, 0.0, 0.0, 0.0, 0.446271, 0.20135929999999996, 0.11309601840476081, 0.323918, 0.10252514727598246, 0.4578137499411793, 0.0918657049192083, 0.02051444077701665, 0.6672873657486146, 0.4578137499411793, 2.0, 0.22162919716149193, 0.5179775654762409, 0.6687980142958384, 0.3312019857041617, 3.0055967133620687, 0.5922348234276049, 2.1705079372193063, 0.9426396200615544]"
hotpotqa,5a7dcc775542990b8f503ab5,adaptive_k_full,0.000000,1.000000,253.0,1638.0,"[9.0, 9.0, 1.0, 1.0, 0.0, 3.0, 1.0, 1.0, 0.0, 0.221675, 0.16802509999999998, 0.024923661947835837, 0.08486100000000002, 0.11960302244276534, 0.08927483929175595, 0.0027247095973835273, 0.04371264238186524, 0.228343295364836, 0.11960302244276534, 1.0, 0.13192969383740882, 0.3524526990312757, 0.5582701632077589, 0.4417298367922412, 1.2959130582203595, 0.4218866209404181, 2.291854530551288, 0.995339775943392]"
hotpotqa,5a887bc0554299206df2b2b6,coverage_guided_ultra,0.500000,0.500000,445.0,1676.0,"[12.0, 12.0, 1.0, 1.0, 0.0, 4.0, 0.0, 0.0, 1.0, 0.375661, 0.3107291, 0.033204585729835576, 0.12243500000000002, 0.056729338419479323, 0.08534556421880367, 0.007634542845810402, 0.030697889852819394, 0.17048083245266346, 0.0919871905787398, 9.0, 0.12089662667577643, 0.33865511791460795, 0.5417384467692277, 0.45826155323077233, 1.2055176530238947, 0.4100483072209885, 2.2969250905880294, 0.9975418921875079]"
hotpotqa,5a83880e554299123d8c214e,adaptive_k_full,0.666667,0.666667,328.0,1409.0,"[15.0, 14.0, 0.9333333333333333, 1.0, 1.0, 1.0, 0.0, 0.0, 0.0, 0.344821, 0.2098644, 0.06516973669917656, 0.180752, 0.04299622122782547, 0.35621380368365035, 0.04081537957374979, 0.028481443995580388, 0.46699301956667366, 0.35621380368365035, 2.0, 0.16430657129079537, 0.420262321765864, 0.5998463769939065, 0.4001536230060934, 1.8761480369112908, 0.498198651106567, 2.2594161068736773, 0.9812519475385658]"
hotpotqa,5a879adb5542996e4f30887f,adaptive_k_full,0.000000,0.333333,269.0,1808.0,"[13.0, 12.0, 0.9230769230769231, 1.0, 0.0, 3.0, 0.0, 0.0, 0.0, 0.282952, 0.16422779999999998, 0.04534180454679764, 0.160302, 0.3270271989595408, 0.0437918798948232, 0.013122367044587047, 0.032673386298736194, 0.4564201702055472, 0.3270271989595408, 1.0, 0.1722923889865175, 0.39664356460964584, 0.5964404321314661, 0.40355956786853386, 1.8396561925009913, 0.46691955194577583, 2.2684159668258697, 0.9851605370537051]"
hotpotqa,5add11935542994734353827,answer_aware_fallback,0.333333,0.333333,1152.0,1435.0,"[11.0, 10.0, 0.9090909090909091, 1.0, 0.0, 6.0, 1.0, 0.0, 0.0, 0.493828, 0.2718526, 0.09033105389421736, 0.28653799999999996, 0.2697052415010894, 0.05792097653433987, 0.1843759365609079, 0.04583984707225996, 0.5204099403031015, 0.2697052415010894, 1.0, 0.18165285158207056, 0.4364515917817228, 0.6122166938995618, 0.38778330610043826, 2.085114108978825, 0.5154949795388675, 2.253465945236078, 0.9786678251729242]"
hotpotqa,5a8c5569554299240d9c2126,adaptive_k_full,1.000000,1.000000,211.0,1609.0,"[8.0, 8.0, 1.0, 1.0, 0.0, 5.0, 2.0, 1.0, 0.0, 0.444384, 0.2673152, 0.06763845447642931, 0.244731, 0.298480593360697, 0.08752115287679127, 0.013425325844314887, 0.005249963995103276, 0.40566041981709516, 0.298480593360697, 1.0, 0.16623970503734917, 0.38493097287397054, 0.5835728757661368, 0.41642712423386324, 1.682539802737444, 0.4534617154158977, 2.273612289159273, 0.9874172711692927]"
hotpotqa,5a75f0ea5542994ccc91866c,adaptive_k_full,0.666667,0.666667,319.0,1698.0,"[9.0, 9.0, 1.0, 1.0, 0.0, 3.0, 0.0, 0.0, 0.0, 0.407174, 0.1940134, 0.0796266354961705, 0.285406, 0.4099033828289625, 0.0665366649147539, 0.04858610815032393, 0.05393517267801974, 0.5501358141728107, 0.4099033828289625, 1.0, 0.20986900904782865, 0.4435910096931449, 0.637685850564961, 0.362314149435039, 2.2228931119761097, 0.5087954634267752, 2.2306528332409084, 0.968760216518381]"
hotpotqa,5a89f5815542993b751ca9c5,adaptive_k_full,1.000000,1.000000,260.0,1463.0,"[17.0, 16.0, 0.9411764705882353, 1.0, 1.0, 6.0, 1.0, 2.0, 0.0, 0.383928, 0.2180505, 0.06382748800516905, 0.235627, 0.37444260382154987, 0.028659019399470697, 0.010533224979683743, 0.037220520514263084, 0.4164582942635078, 0.37444260382154987, 1.0, 0.1760729739211788, 0.39131439735290674, 0.5973033769700138, 0.40269662302998616, 1.7136735732331123, 0.45422595380673614, 2.263645422665504, 0.9830887160491824]"
hotpotqa,5a8d5fc6554299585d9e37c6,adaptive_k_full,1.000000,1.000000,306.0,1420.0,"[23.0, 22.0, 0.9565217391304348, 1.0, 0.0, 5.0, 0.0, 0.0, 0.0, 0.339079, 0.1917194, 0.05778496940070143, 0.195478, 0.30665420152825745, 0.03513930382005376, 0.08983157317321327, 0.008956614830172354, 0.5087369020198833, 0.30665420152825745, 1.0, 0.17686212245604774, 0.4159005296281962, 0.6033103587847656, 0.39668964121523437, 2.035569136195273, 0.4894205485405071, 2.2619844141845786, 0.982367349231522]"
hotpotqa,5ac120c55542992a796dedfc,adaptive_k_full,0.000000,0.000000,263.0,1502.0,"[12.0, 12.0, 1.0, 1.0, 1.0, 2.0, 1.0, 1.0, 0.0, 0.469373, 0.2512137, 0.0914988951103236, 0.334107, 0.2837231796460384, 0.13359098201217376, 0.016473039565548117, 0.1287888310576024, 0.43407694946236786, 0.2837231796460384, 1.0, 0.18684211888125526, 0.4295430543795979, 0.6410737153268313, 0.3589262846731687, 1.7670246848047464, 0.4910948829368727, 2.2413171772371663, 0.9733916822690739]"
hotpotqa,5ab7c1a955429928e1fe38c8,coverage_guided_ultra,1.000000,1.000000,512.0,1584.0,"[19.0, 19.0, 1.0, 1.0, 1.0, 8.0, 1.0, 0.0, 0.0, 0.368186, 0.1972517, 0.07638373661199091, 0.23359100000000002, 0.14640969509975937, 0.301847435806902, 0.032068030832242356, 0.04784809851542425, 0.514354157952774, 0.301847435806902, 2.0, 0.1866579603623188, 0.448974584249464, 0.6366256919458742, 0.36337430805412574, 2.0591136861885375, 0.5200107336143568, 2.2358157771343885, 0.9710024545616955]"
hotpotqa,5abd01205542992ac4f3819b,adaptive_k_full,0.666667,0.666667,289.0,1404.0,"[18.0, 15.0, 0.8333333333333334, 1.0, 0.0, 3.0, 2.0, 1.0, 0.0, 0.426242, 0.2292205, 0.08614065364303895, 0.274417, 0.2698115155240451, 0.017102960290163716, 0.1520169293499937, 0.04665424805626854, 0.5483129302133529, 0.2698115155240451, 1.0, 0.18595282708134744, 0.45433370924502825, 0.6426584882242208, 0.35734151177577916, 2.2139221308069477, 0.526353669094855, 2.2382250395280527, 0.9720487839247209]"
hotpotqa,5ab69c25554299110f219a39,adaptive_k_full,1.000000,1.000000,357.0,1985.0,"[31.0, 26.0, 0.8387096774193549, 1.0, 1.0, 8.0, 3.0, 1.0, 0.0, 0.402252, 0.265031, 0.05679652132481355, 0.204242, 0.2137316905820232, 0.09339170470252482, 0.008698527291349638, 0.016489663196205363, 0.3553493829738572, 0.2137316905820232, 1.0, 0.1517754526828937, 0.37627334160909476, 0.5779569182472993, 0.42204308175270056, 1.5512278645029927, 0.44394293439913246, 2.2809909274726823, 0.9906217730727663]"
hotpotqa,5a7b12a355429927d897bf2a,answer_aware_fallback,0.857143,0.857143,1239.0,1632.0,"[13.0, 13.0, 1.0, 1.0, 1.0, 3.0, 1.0, 1.0, 0.0, 0.666785, 0.2433304, 0.14243274743695705, 0.508483, 0.6636457028877374, 0.011751914035258756, 0.005190578672285657, 0.009601295770000812, 0.6900320193165712, 0.6636457028877374, 1.0, 0.2740245361861896, 0.45514288391421703, 0.6276083876079601, 0.3723916123920398, 3.2261396735080945, 0.5285275783771093, 2.178483856040244, 0.9461035175935959]"
hotpotqa,5ae0006755429925eb1afbd3,coverage_guided_ultra,0.857143,0.857143,366.0,1658.0,"[14.0, 13.0, 0.9285714285714286, 1.0, 0.0, 6.0, 0.0, 0.0, 0.0, 0.592348, 0.2508302, 0.15316256209452753, 0.47520999999999997, 0.21978465361577992, 0.22260394227717492, 0.2137797375866889, 0.005314443536569693, 0.6601811772809227, 0.22260394227717492, 2.0, 0.23615497655385995, 0.5520894214492513, 0.7135368867066246, 0.28646311329337537, 2.942744583712138, 0.6095377563331436, 2.138415382637483, 0.9287020006964897]"
hotpotqa,5ae305df5542992decbdcdc3,coverage_guided_ultra,1.000000,1.000000,494.0,1934.0,"[15.0, 14.0, 0.9333333333333333, 1.0, 2.0, 4.0, 0.0, 0.0, 0.0, 0.311216, 0.21350940000000002, 0.05791757019454459, 0.15927, 0.035235977584699936, 0.05822644079995887, 0.21380006169348625, 0.05508714204925194, 0.3797876715850085, 0.21380006169348625, 3.0, 0.14576220063378942, 0.4185272404868357, 0.6099056997022145, 0.39009430029778547, 1.6123510517044866, 0.4918935641179913, 2.2673936516753224, 0.9847165512250563]"
hotpotqa,5a8574945542997b5ce3fffb,adaptive_k_full,0.600000,0.600000,248.0,1398.0,"[20.0, 19.0, 0.95, 1.0, 1.0, 11.0, 1.0, 1.0, 0.0, 0.582071, 0.3157164, 0.13796452386769578, 0.42456499999999997, 0.18093497185051308, 0.10567611167709788, 0.04600126101454971, 0.10806070049873638, 0.4527609174825752, 0.18093497185051308, 1.0, 0.18436514542798538, 0.46689623978988737, 0.6908310749774165, 0.3091689250225836, 1.82735486544523, 0.5214761126138332, 2.2093093877506025, 0.9594908759171383]"
hotpotqa,5a7332935542991f9a20c67d,answer_aware_fallback,0.000000,0.000000,1255.0,1801.0,"[12.0, 12.0, 1.0, 1.0, 0.0, 4.0, 1.0, 1.0, 0.0, 0.422011, 0.32241949999999997, 0.0655029354888008, 0.21445100000000003, 0.08147417958299677, 0.033390124901957446, 0.059955783143093404, 0.0036444547653970718, 0.19209925807621134, 0.09876282845707811, 8.0, 0.13088879549779092, 0.36696787880385645, 0.5807198385953704, 0.41928016140462965, 1.2377758158988454, 0.42448501625754625, 2.2811018275375963, 0.9906699363590011]"
hotpotqa,5a80071f5542992bc0c4a684,coverage_guided_ultra,0.000000,0.000000,411.0,1981.0,"[16.0, 16.0, 1.0, 1.0, 0.0, 4.0, 1.0, 1.0, 0.0, 0.553445, 0.35954549999999996, 0.10497081386676012, 0.33889199999999997, 0.11757265852975447, 0.10526249220789782, 0.07618462539186366, 0.041792770736026136, 0.33857926261868837, 0.12490491376740231, 7.0, 0.15392905765751483, 0.4093885196727535, 0.6191016157899348, 0.3808983842100652, 1.511896956783041, 0.4667940679137866, 2.259955065291815, 0.9814860142055383]"
hotpotqa,5ae73c065542991e8301cc18,coverage_guided_ultra,1.000000,1.000000,418.0,1827.0,"[14.0, 13.0, 0.9285714285714286, 1.0, 0.0, 3.0, 1.0, 1.0, 0.0, 0.296592, 0.2397396, 0.04366254110378827, 0.13254400000000002, 0.04139693585801374, 0.010887009764255398, 0.0865734746722769, 0.009568700436963933, 0.14605923288558026, 0.12798389707072338, 8.0, 0.12371422993948435, 0.3595530317060677, 0.5717332472399219, 0.428266752760078, 1.1710414100255853, 0.41780821917808214, 2.285239013601333, 0.9924666934370892]"
hotpotqa,5a87d8215542994775f60800,adaptive_k_full,1.000000,1.000000,305.0,1581.0,"[33.0, 28.0, 0.8484848484848485, 1.0, 0.0, 11.0, 1.0, 0.0, 0.0, 0.480723, 0.2571759, 0.09033466989860538, 0.316093, 0.311316496194274, 0.05330720602093105, 0.11741897100825215, 0.0390016704006257, 0.49774610326529, 0.311316496194274, 1.0, 0.18692381362328273, 0.43442212120187, 0.6251238938018687, 0.37487610619813133, 1.9910248710886538, 0.4998308886755362, 2.246914917600753, 0.9758227500201067]"
hotpotqa,5ac2ffbd554299677310267b,adaptive_k_full,1.000000,1.000000,1848.0,2067.0,"[13.0, 13.0, 1.0, 1.0, 0.0, 2.0, 0.0, 0.0, 0.0, 0.225372, 0.1934936, 0.02360678195434524, 0.082893, 0.03302096090020045, 0.0486573309905401, 0.015330209609002067, 0.007618515166036581, 0.10368191257121559, 0.10980512219796612, 9.0, 0.11647517023818875, 0.33606589571954837, 0.5456407860518384, 0.45435921394816164, 1.1156753545704314, 0.4001068155849845, 2.2948444975948386, 0.9966383021314785]"
hotpotqa,5a7c960655429935c91b5244,coverage_guided_ultra,1.000000,1.000000,551.0,1979.0,"[15.0, 14.0, 0.9333333333333333, 1.0, 1.0, 6.0, 0.0, 0.0, 0.0, 0.609839, 0.5390391, 0.05596039797651551, 0.15169500000000002, 0.020108586036642496, 0.031132807183535238, 0.0037091757004719234, 0.02020861243705306, 0.05936648853221918, 0.10712171573152918, 6.0, 0.11313446464273186, 0.3313312522227052, 0.5446669824137061, 0.4553330175862938, 1.0631133037558727, 0.3994082244766336, 2.2971186862350015, 0.9976259697087083]"
hotpotqa,5a7d61775542991319bc93b9,adaptive_k_full,0.666667,1.000000,641.0,1849.0,"[23.0, 16.0, 0.6956521739130435, 1.0, 0.0, 7.0, 3.0, 1.0, 0.0, 0.557608, 0.3060387, 0.10786956602587218, 0.345951, 0.17194157903043, 0.26050200140600566, 0.06257442504411698, 0.06317879226983833, 0.501868696288432, 0.26050200140600566, 2.0, 0.18220179343331416, 0.4364853203206, 0.6192543622750979, 0.38074563772490216, 2.007502826160526, 0.5099597243696196, 2.24747450212315, 0.9760657744903423]"
hotpotqa,5ac1c6805542994ab5c67e11,fixed_10_full,0.461538,0.461538,2385.0,2385.0,"[18.0, 16.0, 0.8888888888888888, 1.0, 0.0, 6.0, 0.0, 0.0, 0.0, 0.475497, 0.30186630000000003, 0.0884302528754159, 0.303946, 0.14633741117188964, 0.041055989838001045, 0.1989770703074888, 0.030452347754034183, 0.3997774959673773, 0.1989770703074888, 3.0, 0.15751907384163122, 0.41998825307760423, 0.6111931010516908, 0.3888068989483093, 1.6660488290283249, 0.48089382770932665, 2.2606754281548227, 0.9817988638219106]"
hotpotqa,5a7a230e5542996a35c170ee,coverage_guided_ultra,0.000000,0.000000,556.0,1508.0,"[14.0, 12.0, 0.8571428571428571, 1.0, 0.0, 5.0, 0.0, 0.0, 0.0, 0.578833, 0.3433603, 0.10576342506088766, 0.41769200000000006, 0.20987746033830143, 0.1769180402637721, 0.0028142832215854855, 0.044506792114478624, 0.4047488653894993, 0.20987746033830143, 1.0, 0.1685788951139663, 0.40515021684219177, 0.6083959036615473, 0.3916040963384526, 1.6799631984815022, 0.46420936997999845, 2.2559904701389963, 0.9797642124076889]"
hotpotqa,5ae4627d5542991a06ce9a4d,answer_aware_fallback,0.666667,0.666667,1136.0,1364.0,"[9.0, 9.0, 1.0, 1.0, 0.0, 5.0, 1.0, 1.0, 0.0, 0.445825, 0.2247497, 0.0784663259507542, 0.278197, 0.4496136376380867, 0.017423877081814605, 0.011421521897605591, 0.014339707284248325, 0.5625346268154545, 0.4496136376380867, 1.0, 0.19836511461416856, 0.4132637329438037, 0.6034971348126383, 0.3965028651873618, 2.285895207477709, 0.4864272505552643, 2.2515755095624845, 0.9778468193914893]"
hotpotqa,5ac2d1d755429921a00ab053,coverage_guided_ultra,1.000000,1.000000,512.0,1757.0,"[11.0, 11.0, 1.0, 1.0, 0.0, 5.0, 0.0, 0.0, 0.0, 0.349118, 0.22584429999999997, 0.05548399218702634, 0.19657799999999997, 0.16790598021299383, 0.14146219902726304, 0.03640889326817867, 0.0033627598691560114, 0.37650880218149735, 0.16790598021299383, 1.0, 0.1545834895988077, 0.3899717637328018, 0.5874852719329202, 0.41251472806707984, 1.6038718806277334, 0.4551279401216666, 2.2737338646034515, 0.9874700707138344]"
hotpotqa,5ab4e3065542990594ba9cb4,coverage_guided_ultra,0.857143,0.857143,391.0,1639.0,"[9.0, 9.0, 1.0, 1.0, 0.0, 4.0, 2.0, 1.0, 0.0, 0.372048, 0.2314017, 0.08059320906013111, 0.250939, 0.11845245774738743, 0.016954801530985195, 0.18998623833483858, 0.08848320646798265, 0.3940808712854255, 0.18998623833483858, 3.0, 0.16078014984332442, 0.4415248461873876, 0.6474079490340824, 0.3525920509659177, 1.6503852620092179, 0.49715534742132195, 2.242422124582927, 0.9738715548041315]"
hotpotqa,5ac298f9554299657fa28fc9,adaptive_k_full,0.125000,0.125000,258.0,1569.0,"[23.0, 23.0, 1.0, 1.0, 0.0, 5.0, 3.0, 2.0, 0.0, 0.275278, 0.1584391, 0.05004191213462971, 0.17364600000000002, 0.21894957097915568, 0.1505714223439578, 0.04041369088703055, 0.0018889994841579073, 0.46733483968933226, 0.21894957097915568, 1.0, 0.17374372866293736, 0.418988115938553, 0.6140554951397729, 0.385944504860227, 1.8773519924163375, 0.4829599440097896, 2.2564483214360114, 0.9799630546995147]"
hotpotqa,5ab6a2be554299710c8d1f08,coverage_guided_ultra,1.000000,1.000000,395.0,1814.0,"[18.0, 17.0, 0.9444444444444444, 1.0, 1.0, 7.0, 2.0, 1.0, 0.0, 0.345762, 0.1954757, 0.07370473301091322, 0.217092, 0.1581434628443843, 0.056362468981553795, 0.25451611223905457, 0.014761599018978364, 0.546430781867296, 0.25451611223905457, 3.0, 0.1768823439435183, 0.4647319334321351, 0.6388809453041989, 0.361119054695801, 2.2047351540232234, 0.5361603928373291, 2.237012986784933, 0.9715223961066083]"
hotpotqa,5a738d27554299623ed4abf3,coverage_guided_ultra,1.000000,1.000000,421.0,1951.0,"[10.0, 10.0, 1.0, 0.0, 0.0, 6.0, 0.0, 1.0, 0.0, 0.357385, 0.29566590000000004, 0.0612296880760469, 0.204147, 0.008749667725282233, 0.038126949927948926, 0.0077339563775759715, 0.017961022426794655, 0.0909187570826979, 0.2617009667445472, 9.0, 0.12087460880676466, 0.35590002093579276, 0.580058437581067, 0.419941562418933, 1.1000116961944277, 0.4115827125677888, 2.278872391639686, 0.9897017046507817]"
hotpotqa,5ab2a186554299295394677b,adaptive_k_full,0.000000,0.000000,390.0,1942.0,"[18.0, 16.0, 0.8888888888888888, 1.0, 0.0, 3.0, 1.0, 0.0, 0.0, 0.343201, 0.2725643, 0.04032422998161278, 0.12227699999999997, 0.013391569371884083, 0.1388195255841329, 0.0008653820938749938, 0.03683555700595274, 0.22287522472253862, 0.1388195255841329, 2.0, 0.12591560963779924, 0.3568948684769062, 0.561387900029461, 0.43861209997053907, 1.286794645870046, 0.42845231923742844, 2.2918952734501463, 0.9953574703595429]"
hotpotqa,5a8704f8554299211dda2ba4,coverage_guided_ultra,0.400000,1.000000,491.0,1912.0,"[24.0, 22.0, 0.9166666666666666, 1.0, 2.0, 3.0, 1.0, 0.0, 0.0, 0.323162, 0.23270529999999998, 0.06860287867290993, 0.170636, 0.02135770913659409, 0.018817187664391243, 0.07479220948007491, 0.23521329859327528, 0.1995469764390615, 0.23521329859327528, 5.0, 0.13887178332423028, 0.40807020725355203, 0.6421366423540849, 0.35786335764591526, 1.2492925512996953, 0.47211299676591006, 2.258917573115727, 0.9810354370784456]"
hotpotqa,5ab5ed505542997d4ad1f255,adaptive_k_full,1.000000,1.000000,238.0,1563.0,"[17.0, 16.0, 0.9411764705882353, 1.0, 0.0, 3.0, 0.0, 0.0, 0.0, 0.489732, 0.1969698, 0.09997237501610132, 0.351281, 0.570928589514265, 0.03187661823201264, 0.049153414520594955, 0.022955412347978082, 0.656706116814911, 0.570928589514265, 1.0, 0.24863303917656412, 0.45407011633255456, 0.6259589033445736, 0.37404109665542634, 2.9129560676175634, 0.5294930458159748, 2.2046986966779234, 0.9574884782265132]"
hotpotqa,5a77c1505542997042120b1b,coverage_guided_ultra,0.000000,0.000000,440.0,2075.0,"[26.0, 22.0, 0.8461538461538461, 1.0, 0.0, 8.0, 2.0, 1.0, 0.0, 0.484111, 0.3474797, 0.07865957796740332, 0.24361300000000002, 0.008621989585033208, 0.1969259116194427, 0.022990595132108077, 0.09477578489230783, 0.29292455655830996, 0.1969259116194427, 2.0, 0.13932065671750032, 0.3881236803185913, 0.5941144187703628, 0.40588558122963725, 1.414276240640602, 0.45786236673911523, 2.2777510455758416, 0.9892147102429502]"
hotpotqa,5a88d745554299206df2b378,adaptive_k_full,1.000000,1.000000,301.0,1322.0,"[10.0, 10.0, 1.0, 1.0, 0.0, 5.0, 1.0, 0.0, 0.0, 0.362062, 0.1822933, 0.090000726058238, 0.255761, 0.04017543956559927, 0.39684087255773876, 0.13848456894123104, 0.048132640266031854, 0.5850406836398185, 0.39684087255773876, 2.0, 0.1986150889802313, 0.5010677847183632, 0.667796896539807, 0.332203103460193, 2.409874801152814, 0.5722597674029588, 2.196123557290636, 0.9537643425090631]"
hotpotqa,5ae748d1554299572ea547b0,adaptive_k_full,1.000000,1.000000,362.0,1934.0,"[38.0, 33.0, 0.868421052631579, 1.0, 0.0, 8.0, 1.0, 0.0, 0.0, 0.401062, 0.2669228, 0.05925784893294727, 0.19083699999999998, 0.1962888530950326, 0.03375537946751374, 0.040447611591225334, 0.0325386099904753, 0.39747719803920584, 0.1962888530950326, 1.0, 0.15025393109917923, 0.38670357121984333, 0.5868464589761534, 0.41315354102384655, 1.6596882254840697, 0.4600022639134865, 2.279324080173516, 0.9898978704885631]"
hotpotqa,5a7a8a9c554299042af8f666,coverage_guided_ultra,1.000000,1.000000,445.0,1621.0,"[19.0, 17.0, 0.8947368421052632, 1.0, 1.0, 2.0, 0.0, 0.0, 0.0, 0.638753, 0.29036310000000004, 0.15879711880852876, 0.526277, 0.193201440932567, 0.24215307012256698, 0.15053079985534318, 0.0009862967375495997, 0.6494810983275225, 0.24215307012256698, 2.0, 0.21998421975795132, 0.5216802686016232, 0.6898875924661226, 0.31011240753387737, 2.852913195917729, 0.5726019785212878, 2.1675833373184474, 0.9413694824628366]"
hotpotqa,5adffe7155429906c02daa9e,answer_aware_fallback,1.000000,1.000000,1177.0,1931.0,"[24.0, 23.0, 0.9583333333333334, 1.0, 1.0, 6.0, 0.0, 0.0, 1.0, 0.508001, 0.23800729999999998, 0.10457482054782595, 0.36331600000000003, 0.35491859267993575, 0.12426156641423931, 0.0402007082663223, 0.03166922899758075, 0.6034692845092825, 0.35491859267993575, 1.0, 0.21343925165320562, 0.4622883415760778, 0.6495065487487149, 0.35049345125128517, 2.521872735035098, 0.5301693170795876, 2.2196977208441595, 0.9640024716558431]"
hotpotqa,5ab642845542995eadeeff8e,coverage_guided_ultra,1.000000,1.000000,387.0,1437.0,"[6.0, 6.0, 1.0, 1.0, 0.0, 3.0, 2.0, 1.0, 0.0, 0.373607, 0.2707788, 0.06347632329743115, 0.207158, 0.019097607914198615, 0.13623941735567052, 0.027312122096213524, 0.02126566151062482, 0.33148201184667314, 0.14894528207447927, 9.0, 0.1379749817932571, 0.38985733004208606, 0.5948700562968741, 0.40512994370312594, 1.4958460620668395, 0.4551705017542362, 2.275182204977216, 0.9880990769460781]"
hotpotqa,5a906a685542990a9849362e,answer_aware_fallback,1.000000,1.000000,1102.0,1985.0,"[18.0, 16.0, 0.8888888888888888, 1.0, 1.0, 2.0, 0.0, 0.0, 0.0, 0.592775, 0.31210590000000005, 0.10066919630696375, 0.3663580000000001, 0.4276951625827676, 0.016989582894015427, 0.03669183079583314, 0.0023499641516596228, 0.5029412508962086, 0.4276951625827676, 1.0, 0.18992752139578264, 0.4040936105341168, 0.5969996081458249, 0.4030003918541751, 2.0118346207626834, 0.4745040601098674, 2.2581130043354696, 0.9806860172968681]"
hotpotqa,5a7633ad5542992db9473741,coverage_guided_ultra,0.857143,0.857143,424.0,1803.0,"[18.0, 17.0, 0.9444444444444444, 1.0, 0.0, 6.0, 1.0, 1.0, 0.0, 0.364231, 0.2654111, 0.07277239187006293, 0.20187700000000003, 0.022916775343120296, 0.051063748006073, 0.0038848972218180206, 0.09654861887099113, 0.2733485068541668, 0.1954830862831555, 4.0, 0.1372327683356122, 0.3984008204630477, 0.6246682975956922, 0.3753317024043079, 1.3761755249009142, 0.45796144357901153, 2.2646343750299467, 0.9835182126039251]"
hotpotqa,5a74ce9655429974ef308c6c,coverage_guided_ultra,0.666667,0.666667,532.0,1623.0,"[12.0, 11.0, 0.9166666666666666, 1.0, 0.0, 7.0, 0.0, 0.0, 0.0, 0.296677, 0.2050979, 0.05726663090744906, 0.160702, 0.09218442953110625, 0.02834732722792811, 0.09299001944876067, 0.17242320773096667, 0.21446556355902213, 0.17242320773096667, 5.0, 0.14465140793738016, 0.4031845279742016, 0.630578372572318, 0.36942162742768214, 1.27301866552242, 0.46716965995695087, 2.2634835565082487, 0.9830184184702796]"
hotpotqa,5a713a5a5542994082a3e6a9,adaptive_k_full,1.000000,1.000000,246.0,1792.0,"[17.0, 15.0, 0.8823529411764706, 1.0, 0.0, 4.0, 2.0, 1.0, 0.0, 0.495129, 0.2828459, 0.09799868061198579, 0.335823, 0.26642955674177843, 0.045911267568653776, 0.005743957635282953, 0.11405916437938396, 0.41140793611361887, 0.26642955674177843, 1.0, 0.17505256395797145, 0.42384245272779275, 0.6462480099587796, 0.3537519900412203, 1.698969560338882, 0.48171596855640836, 2.2448328789665224, 0.974918532130151]"
hotpotqa,5ab341f755429969a97a8114,adaptive_k_full,1.000000,1.000000,289.0,2086.0,"[23.0, 20.0, 0.8695652173913043, 1.0, 0.0, 7.0, 0.0, 0.0, 0.0, 0.76007, 0.2604789, 0.17290055960490702, 0.627578, 0.5945386609128107, 0.08382254266054441, 0.0150551922849211, 0.029009170208007175, 0.7167839804228557, 0.5945386609128107, 1.0, 0.2917971474848826, 0.503962892963691, 0.6760647407525139, 0.323935259247486, 3.5308737178534266, 0.5707872213496962, 2.140171166509764, 0.9294645279436359]"
hotpotqa,5a8325b35542990548d0b18f,adaptive_k_full,0.000000,0.000000,330.0,1477.0,"[33.0, 23.0, 0.696969696969697, 1.0, 1.0, 7.0, 1.0, 0.0, 0.0, 0.518007, 0.33038880000000004, 0.0736905139224853, 0.293621, 0.28763703965390436, 0.015125278229830834, 0.04444727580901414, 0.007557812925307963, 0.40586324123033085, 0.28763703965390436, 1.0, 0.1567870944777789, 0.37779428358346284, 0.5732963708212869, 0.426703629178713, 1.683114174034253, 0.4471246345724466, 2.279395872627434, 0.9899290495551419]"
hotpotqa,5ab9374b554299131ca422c6,adaptive_k_full,1.000000,1.000000,368.0,1943.0,"[17.0, 17.0, 1.0, 1.0, 3.0, 6.0, 1.0, 2.0, 0.0, 0.583579, 0.4407859, 0.06934327261306607, 0.25799599999999995, 0.13736786279149857, 0.030062767851481986, 0.01001578192498367, 0.001163509996075913, 0.28047102448854394, 0.13736786279149857, 1.0, 0.13239511517950095, 0.35683151389370665, 0.5609957124309103, 0.4390042875690896, 1.3897980957461502, 0.4255103931782551, 2.2903668795042895, 0.994693697302683]"
hotpotqa,5ae52c0f5542992663a4f12e,adaptive_k_full,1.000000,1.000000,301.0,1829.0,"[14.0, 13.0, 0.9285714285714286, 1.0, 0.0, 7.0, 1.0, 0.0, 0.0, 0.709983, 0.47531239999999997, 0.11063230191512785, 0.37391900000000006, 0.12743262866857386, 0.1220733454181296, 0.038479794586630964, 0.0007605815913902733, 0.40302091740224766, 0.12743262866857386, 1.0, 0.1493718657455602, 0.39181157487160023, 0.5873383484209544, 0.4126616515790457, 1.6751005674244122, 0.46121157847656674, 2.276770426675044, 0.9887888328654838]"
hotpotqa,5adbfbd555429947ff173893,adaptive_k_full,0.800000,0.800000,348.0,1226.0,"[11.0, 11.0, 1.0, 1.0, 1.0, 6.0, 0.0, 0.0, 0.0, 0.386573, 0.24507910000000002, 0.07451410252757527, 0.248012, 0.08802994518499742, 0.20562739767133248, 0.032273335178607886, 0.015875397402301775, 0.3800032594102537, 0.20562739767133248, 2.0, 0.15773397241951678, 0.41299686509375955, 0.6171150457138124, 0.3828849542861876, 1.612911705066048, 0.4689395627637055, 2.257063189173024, 0.9802300883647996]"
hotpotqa,5ab7f0015542992aa3b8c88b,adaptive_k_full,0.000000,0.000000,302.0,1849.0,"[9.0, 9.0, 1.0, 1.0, 0.0, 3.0, 1.0, 0.0, 0.0, 0.327549, 0.2057877, 0.05822003419451074, 0.18739399999999998, 0.18385340819236198, 0.05278294239945779, 0.0717846795441293, 0.09317384574521673, 0.37666425481378357, 0.18385340819236198, 1.0, 0.15916840510876012, 0.4105765310560349, 0.6198694091046257, 0.3801305908953742, 1.604271867484927, 0.4768552642718063, 2.26423232143641, 0.9833436029468228]"
hotpotqa,5ac547525542993e66e822a3,fixed_10_full,0.000000,0.000000,2258.0,2258.0,"[33.0, 29.0, 0.8787878787878788, 1.0, 3.0, 10.0, 1.0, 1.0, 0.0, 0.322758, 0.2548371, 0.046439494724749106, 0.12189, 0.027441612601391767, 0.003231523308484873, 0.0773024990860026, 0.001115386760359152, 0.26946814641310207, 0.16149251141722282, 4.0, 0.12665267341372194, 0.37259763197744755, 0.5780987148260595, 0.42190128517394054, 1.3688657039251861, 0.4436474974196951, 2.2862096497661604, 0.9928882353674093]"
hotpotqa,5a7cbf8c554299452d57b9f4,adaptive_k_full,1.000000,1.000000,319.0,2202.0,"[8.0, 8.0, 1.0, 0.0, 0.0, 4.0, 1.0, 1.0, 0.0, 0.342669, 0.1306165, 0.07562579718092233, 0.263185, 0.5158651643422661, 0.05666109277466006, 0.09412581820940909, 0.010024250807630709, 0.7115000189687424, 0.5158651643422661, 1.0, 0.26234740633840287, 0.501505552514422, 0.664645737713076, 0.3353542622869239, 3.4662047339672264, 0.5723421283942591, 2.172194176223352, 0.9433719443561815]"
hotpotqa,5a7ddc5a5542995f4f4022da,adaptive_k_full,1.000000,1.000000,247.0,1471.0,"[20.0, 16.0, 0.8, 1.0, 0.0, 13.0, 3.0, 2.0, 0.0, 0.827722, 0.5451870999999999, 0.12243466741609584, 0.46490899999999996, 0.18927731774677967, 0.11737998989999054, 0.037046254660381174, 0.01365192661304155, 0.34845274137935195, 0.18927731774677967, 1.0, 0.15182347491347467, 0.3801759065832629, 0.578737281201261, 0.421262718798739, 1.5348080845540515, 0.44628292425805766, 2.2784520615300545, 0.989519157603591]"
hotpotqa,5a7a1cd85542990783324e65,adaptive_k_full,0.666667,0.666667,228.0,1833.0,"[15.0, 14.0, 0.9333333333333333, 1.0, 2.0, 4.0, 1.0, 0.0, 0.0, 0.589998, 0.3447994, 0.09159469996915762, 0.32041800000000004, 0.30448238807589184, 0.07622737704195609, 0.05893748792368787, 0.031171292106075013, 0.4495099983389774, 0.30448238807589184, 1.0, 0.17111340680987264, 0.396094656777245, 0.5861747439235683, 0.41382525607643167, 1.8165634198307818, 0.47061020762944744, 2.2713544426828607, 0.9864367009036021]"
hotpotqa,5ae0a59a55429945ae9593e2,adaptive_k_full,0.666667,0.666667,382.0,1888.0,"[18.0, 18.0, 1.0, 1.0, 1.0, 4.0, 1.0, 2.0, 0.0, 0.297908, 0.2096442, 0.0466673917222722, 0.140963, 0.08397558977939502, 0.11968795735596222, 0.018448648576070467, 0.05088148018851459, 0.30533251876418227, 0.11968795735596222, 2.0, 0.14210171328374455, 0.38543112568818977, 0.5946837546662392, 0.4053162453337607, 1.4395376594007163, 0.4537439318514276, 2.278460896286128, 0.9895229944894026]"
hotpotqa,5a8b987f5542997f31a41d7a,coverage_guided_ultra,1.000000,1.000000,431.0,1416.0,"[17.0, 12.0, 0.7058823529411765, 1.0, 0.0, 4.0, 0.0, 0.0, 0.0, 0.390049, 0.1952254, 0.07535236316559686, 0.260854, 0.3673820468710341, 0.02302531220436404, 0.1433691664380629, 0.00893477486161992, 0.5683311583929198, 0.3673820468710341, 1.0, 0.19979418661711026, 0.4479806418632002, 0.627374306826878, 0.37262569317312194, 2.316590644525218, 0.5166904755996838, 2.237710467981153, 0.9718253083413578]"
hotpotqa,5a8739a05542994775f607ab,fixed_10_full,1.000000,1.000000,1730.0,1730.0,"[18.0, 14.0, 0.7777777777777778, 1.0, 1.0, 4.0, 0.0, 0.0, 0.0, 0.43445, 0.3238586, 0.07611551206055177, 0.239233, 0.10155368857175738, 0.02502934745079985, 0.003132696512832319, 0.06329381977212573, 0.15980204856715385, 0.11791920819426861, 6.0, 0.13414805103214797, 0.3718400561232587, 0.6012979121134964, 0.3987020878865035, 1.1901957131585867, 0.4286533489810978, 2.273729850541914, 0.9874683274290588]"
hotpotqa,5ae67dba55429908198fa5f0,coverage_guided_ultra,0.000000,0.000000,379.0,1654.0,"[18.0, 14.0, 0.7777777777777778, 1.0, 1.0, 3.0, 0.0, 0.0, 0.0, 0.497137, 0.28970890000000005, 0.08362221430391567, 0.29241799999999996, 0.29199798043597636, 0.06121250279098113, 0.051173016693587516, 0.019570058152984075, 0.4257438090506238, 0.29199798043597636, 1.0, 0.17159880141756084, 0.40407940522365726, 0.6048281568153412, 0.3951718431846588, 1.741383054742122, 0.47100890071609686, 2.2643268554416602, 0.9833846585436551]"
hotpotqa,5a7b3f4d5542992d025e67bb,adaptive_k_full,0.800000,1.000000,378.0,1527.0,"[18.0, 16.0, 0.8888888888888888, 1.0, 0.0, 9.0, 2.0, 1.0, 0.0, 0.41148, 0.2682051, 0.07182156393514416, 0.22917200000000001, 0.1105594439583941, 0.1288616700690192, 0.07829056090210944, 0.03388500048605038, 0.38017643627879844, 0.1288616700690192, 2.0, 0.1534199014112707, 0.40656572153176807, 0.6063355991366309, 0.3936644008633691, 1.6133623478209727, 0.47066882427106393, 2.2680409897157405, 0.9849976865639359]"
hotpotqa,5ae2dfd155429928c423951b,answer_aware_fallback,1.000000,1.000000,1129.0,1385.0,"[27.0, 19.0, 0.7037037037037037, 1.0, 0.0, 11.0, 1.0, 1.0, 0.0, 0.600911, 0.42248089999999994, 0.06626149358933889, 0.25176299999999996, 0.23592012793907913, 0.02639825198739916, 0.04903055527357623, 0.005518288065953263, 0.3385975627006328, 0.23592012793907913, 1.0, 0.14223388560287578, 0.35583525787793013, 0.5478586132532857, 0.4521413867467145, 1.5119387888608204, 0.4307214849034775, 2.2912097691388538, 0.9950597596198276]"
hotpotqa,5ab6ba245542995eadef007f,coverage_guided_ultra,1.000000,1.000000,393.0,1400.0,"[9.0, 9.0, 1.0, 1.0, 0.0, 4.0, 2.0, 1.0, 0.0, 0.525068, 0.25536400000000004, 0.11746297783557166, 0.387336, 0.30131906724462354, 0.1186208262548851, 0.007155263699177926, 0.1583528228724661, 0.4996305240464092, 0.30131906724462354, 1.0, 0.20561551354145452, 0.46854450901458305, 0.6892263592362274, 0.31077364076377245, 1.9985231874790657, 0.5253072942345863, 2.204926436829618, 0.9575873845177021]"
hotpotqa,5ab8854555429934fafe6e0c,adaptive_k_full,1.000000,1.000000,483.0,1484.0,"[20.0, 19.0, 0.95, 1.0, 2.0, 5.0, 0.0, 1.0, 0.0, 0.371756, 0.1553327, 0.08998511202532339, 0.27455599999999997, 0.2331986571837441, 0.36629940068216793, 0.05104692325073434, 0.018539041737053324, 0.6982590731555106, 0.36629940068216793, 2.0, 0.23932887280012516, 0.5186982522031742, 0.6745482438662304, 0.3254517561337697, 3.3141013068982117, 0.5930725223991778, 2.1644071697037113, 0.9399900903941568]"
hotpotqa,5a8eea4a5542990e94052bb7,adaptive_k_full,0.000000,0.000000,436.0,1880.0,"[22.0, 20.0, 0.9090909090909091, 1.0, 0.0, 5.0, 1.0, 1.0, 0.0, 0.426481, 0.2615646, 0.10141511124797921, 0.282435, 0.021051348125707796, 0.21902968713729332, 0.01826107141935987, 0.15544186024699808, 0.354261971811171, 0.21902968713729332, 2.0, 0.16304996930012702, 0.44657228080558303, 0.6727871432143341, 0.32721285678566603, 1.54861562482979, 0.5020806208894252, 2.2282659571302035, 0.9677236093945152]"
hotpotqa,5a74c85055429916b0164218,coverage_guided_ultra,0.000000,0.000000,408.0,1059.0,"[15.0, 15.0, 1.0, 0.0, 2.0, 4.0, 0.0, 1.0, 0.0, 0.292575, 0.19004000000000001, 0.03744952688352684, 0.13595699999999997, 0.29984790224728697, 0.04070067504058789, 0.005212338716568397, 0.009416388960095728, 0.368599504400581, 0.29984790224728697, 1.0, 0.15395443064617972, 0.3632714165438855, 0.5612013260366239, 0.43879867396337613, 1.5837808284433663, 0.43561918018956564, 2.284995124508346, 0.9923607737498085]"
hotpotqa,5a88dcf9554299206df2b383,coverage_guided_ultra,1.000000,1.000000,378.0,1524.0,"[12.0, 11.0, 0.9166666666666666, 1.0, 0.0, 6.0, 1.0, 0.0, 0.0, 0.643776, 0.32937120000000003, 0.15469630822537428, 0.520633, 0.129225072074759, 0.2747539516850581, 0.0662217914305597, 0.031366500149120215, 0.5231245029326971, 0.2747539516850581, 2.0, 0.19545606901878487, 0.4821502304998129, 0.6789109066002127, 0.3210890933997872, 2.096983397448217, 0.534916550654859, 2.197845974094689, 0.9545123786226007]"
hotpotqa,5a7625c7554299109176e668,adaptive_k_full,0.000000,0.000000,417.0,2378.0,"[13.0, 13.0, 1.0, 1.0, 0.0, 3.0, 0.0, 0.0, 0.0, 0.574581, 0.27676500000000004, 0.13585565232775557, 0.417508, 0.1992077705319181, 0.2001336626167589, 0.16086852854514858, 0.009979445891876023, 0.5606050321886731, 0.2001336626167589, 2.0, 0.20760609181074197, 0.4985558144996658, 0.6810799775983235, 0.31892002240167655, 2.2758567422406006, 0.5624024589018009, 2.193190087658159, 0.9524903528348475]"
hotpotqa,5ac0d83a554299294b219038,coverage_guided_ultra,0.000000,0.000000,442.0,1752.0,"[17.0, 17.0, 1.0, 1.0, 0.0, 4.0, 0.0, 0.0, 0.0, 0.443845, 0.3074129, 0.09794833148293032, 0.23816099999999998, 0.03459766359877881, 0.03815746488075794, 0.003969854341042449, 0.10816613908008425, 0.34284265903637534, 0.26611767621579613, 4.0, 0.14438073353460443, 0.4176425257365582, 0.6458265089070758, 0.35417349109292423, 1.5217055911353694, 0.48289084502804325, 2.2523506677258216, 0.9781834663044289]"
hotpotqa,5a790d8f554299029c4b5eec,coverage_guided_ultra,1.000000,1.000000,436.0,1860.0,"[16.0, 15.0, 0.9375, 1.0, 0.0, 8.0, 3.0, 2.0, 0.0, 0.392498, 0.22331059999999997, 0.0771822334818059, 0.241568, 0.15647468267354234, 0.18069900993126076, 0.07294304684355077, 0.010973304322569809, 0.5361454071103547, 0.18069900993126076, 2.0, 0.17576326426063074, 0.44052454294601334, 0.6257329477418447, 0.37426705225815526, 2.155848007821511, 0.5130917578333833, 2.247992242000941, 0.9762906260623281]"
hotpotqa,5ab2c5e255429916697740ba,adaptive_k_full,0.333333,0.333333,969.0,1803.0,"[19.0, 17.0, 0.8947368421052632, 1.0, 0.0, 9.0, 1.0, 1.0, 0.0, 0.584162, 0.449984, 0.07493371840767012, 0.21300899999999995, 0.07193723658848046, 0.03903711641633665, 0.04491733457499805, 0.09285095572803437, 0.2345342559084637, 0.09285095572803437, 5.0, 0.12981839354288152, 0.3657098919072678, 0.5746622102119187, 0.4253377897880814, 1.30639418905259, 0.43831916693479483, 2.288988576484345, 0.9940951079067304]"
hotpotqa,5abcfc365542993a06baf9d6,answer_aware_fallback,1.000000,1.000000,1184.0,1681.0,"[21.0, 20.0, 0.9523809523809523, 1.0, 0.0, 5.0, 0.0, 0.0, 0.0, 0.367214, 0.2374302, 0.070123214289991, 0.20408099999999998, 0.11855484812670539, 0.04634082578550928, 0.1561569003360438, 0.05075514550098857, 0.3518112054551296, 0.1561569003360438, 3.0, 0.1546618753637911, 0.42014663677998837, 0.6254040134742758, 0.3745959865257242, 1.5427603939098578, 0.48777548015731176, 2.26013010086393, 0.9815620311886446]"
hotpotqa,5a8ee6915542990e94052bad,answer_aware_fallback,0.666667,0.666667,1349.0,1894.0,"[38.0, 32.0, 0.8421052631578947, 1.0, 2.0, 6.0, 2.0, 1.0, 0.0, 0.439483, 0.37301280000000003, 0.06147196684798689, 0.18477, 0.0017270292593797932, 0.020885904574238348, 0.05092574684345011, 0.053399107587779375, 0.09387166284020083, 0.14829925162065422, 8.0, 0.117819817443262, 0.35059172232159325, 0.5665071010967988, 0.43349289890320114, 1.1035964321946221, 0.40894981909607453, 2.288280450244025, 0.9937875725880686]"
hotpotqa,5abba4855542993f40c73b68,coverage_guided_ultra,0.000000,0.000000,487.0,1952.0,"[25.0, 20.0, 0.8, 1.0, 1.0, 8.0, 0.0, 1.0, 0.0, 0.49398, 0.3620873, 0.09567819603446753, 0.33524899999999996, 0.027136726183246286, 0.10062755577148867, 0.005781610591521975, 0.06632252317907611, 0.25504878740029957, 0.28331511397222553, 9.0, 0.1364256630928508, 0.38814451652957727, 0.6079815558292158, 0.39201844417078424, 1.3423697862175976, 0.4442674932723958, 2.2646177831875027, 0.9835110068583071]"
hotpotqa,5ae0bae555429906c02dab08,adaptive_k_full,0.000000,0.000000,264.0,1733.0,"[21.0, 19.0, 0.9047619047619048, 1.0, 0.0, 6.0, 2.0, 1.0, 0.0, 0.445258, 0.2527061, 0.08570020846818285, 0.294637, 0.2457788518117586, 0.03577476429395984, 0.14171109783541225, 0.09349186314451396, 0.4469408747288089, 0.2457788518117586, 1.0, 0.17619598418874732, 0.43567408938684116, 0.6347393276220875, 0.36526067237791254, 1.8081249441633436, 0.5017669342210086, 2.2488399348565946, 0.9766587743918873]"
hotpotqa,5ab271fe554299449642c8a6,answer_aware_fallback,0.000000,0.000000,1128.0,1423.0,"[15.0, 14.0, 0.9333333333333333, 1.0, 0.0, 8.0, 1.0, 0.0, 0.0, 0.390812, 0.1822345, 0.07704433508993376, 0.280208, 0.4244905478849165, 0.08433466730806632, 0.03881150015864402, 0.0002891415821418022, 0.570443077489944, 0.4244905478849165, 1.0, 0.21445555040346367, 0.4432119055392914, 0.6323445889773891, 0.367655411022611, 2.3279801758440755, 0.5064945000711751, 2.2269119921592435, 0.967135589878937]"
hotpotqa,5a7997a2554299029c4b5f59,coverage_guided_ultra,1.000000,1.000000,525.0,1836.0,"[17.0, 16.0, 0.9411764705882353, 1.0, 0.0, 4.0, 0.0, 1.0, 0.0, 0.521536, 0.2051851, 0.1179120948829678, 0.408737, 0.45551409682169586, 0.06069954902442026, 0.15380913302245672, 0.016683412075101215, 0.6908880690882317, 0.45551409682169586, 1.0, 0.25417830047113554, 0.5155427952614493, 0.6779853897773278, 0.32201461022267214, 3.2350740945209133, 0.5840862521071879, 2.168944904024031, 0.9419608033698147]"
hotpotqa,5add673e5542992ae4cec54d,coverage_guided_ultra,0.800000,0.800000,399.0,1961.0,"[17.0, 17.0, 1.0, 1.0, 0.0, 4.0, 1.0, 2.0, 0.0, 0.321249, 0.2330079, 0.052124174618788925, 0.14877300000000002, 0.05587877316349621, 0.08338702999853706, 0.02018683326640694, 0.023841319350410426, 0.3310360499176651, 0.17158341348922487, 4.0, 0.137870432719234, 0.3867066309768896, 0.5948236089849314, 0.40517639101506864, 1.4948488627480176, 0.4540107625487489, 2.278018271171503, 0.9893307648445692]"
hotpotqa,5ae819ac55429952e35eaa16,adaptive_k_full,0.000000,0.000000,324.0,1731.0,"[24.0, 19.0, 0.7916666666666666, 1.0, 0.0, 12.0, 1.0, 0.0, 0.0, 0.747795, 0.2592965, 0.16889254094734318, 0.583143, 0.6017290835055061, 0.021358794856879207, 0.10078430585922615, 0.024823648192352176, 0.7346705982254494, 0.6017290835055061, 1.0, 0.2883937885779407, 0.5119517617862177, 0.66810466010918, 0.33189533989081993, 3.768900066528234, 0.5878388611237316, 2.1466304633330675, 0.9322697649109719]"
hotpotqa,5aba65a055429939ce03dcd2,adaptive_k_full,0.000000,0.000000,358.0,1880.0,"[14.0, 13.0, 0.9285714285714286, 1.0, 0.0, 2.0, 0.0, 0.0, 0.0, 0.359761, 0.1775826, 0.06663694510134749, 0.2358, 0.3768168311740294, 0.14579679287082256, 0.004174993954319682, 0.021908989579192854, 0.5518663779564766, 0.3768168311740294, 1.0, 0.2025879787772, 0.4255501383581499, 0.6122035604839663, 0.38779643951603365, 2.2314772889387857, 0.49546530084793267, 2.2432149390912244, 0.9742158697702578]"
hotpotqa,5a87bada5542994846c1cddc,answer_aware_fallback,1.000000,1.000000,1160.0,1424.0,"[22.0, 21.0, 0.9545454545454546, 1.0, 0.0, 4.0, 2.0, 1.0, 0.0, 0.416718, 0.2392138, 0.07723971694381071, 0.26239599999999996, 0.34586938889128854, 0.008034210185305214, 0.003892320466118471, 0.02403063942522287, 0.3640375505737693, 0.34586938889128854, 1.0, 0.17420316052000342, 0.40070681540947883, 0.6233674645860732, 0.3766325354139268, 1.5724198824981037, 0.46067552889837265, 2.2527706532667438, 0.9783658637073306]"
hotpotqa,5ae74fc45542997b22f6a6b4,answer_aware_fallback,1.000000,1.000000,1238.0,1681.0,"[22.0, 19.0, 0.8636363636363636, 1.0, 0.0, 3.0, 1.0, 1.0, 0.0, 0.46887, 0.2289537, 0.08847179724415008, 0.351256, 0.4486382152835541, 0.04113080384754835, 0.017546441444323612, 0.050950156759869455, 0.5243457674835242, 0.4486382152835541, 1.0, 0.20478812965241444, 0.4221897265691709, 0.6204940125448944, 0.37950598745510555, 2.1023675006725857, 0.48311094140308336, 2.2377294982404843, 0.9718335730779747]"
hotpotqa,5adf65555542992d7e9f9334,coverage_guided_ultra,1.000000,1.000000,410.0,2008.0,"[16.0, 16.0, 1.0, 1.0, 0.0, 9.0, 1.0, 1.0, 0.0, 0.275427, 0.17554029999999998, 0.04885844504494591, 0.13963699999999998, 0.045438537253065236, 0.31251838055092634, 0.007479295784363938, 0.013658791621736386, 0.4322379432662738, 0.31251838055092634, 2.0, 0.15690243209109248, 0.4074135682803322, 0.5960614172358143, 0.4039385827641858, 1.7613012143729576, 0.4821886683050327, 2.2671713758671412, 0.9846200180681026]"
hotpotqa,5ade69e455429975fa854ec5,coverage_guided_ultra,0.000000,0.000000,368.0,1608.0,"[16.0, 16.0, 1.0, 1.0, 0.0, 7.0, 1.0, 0.0, 0.0, 0.351861, 0.2395193, 0.07027714654003817, 0.23229099999999997, 0.10570935681988052, 0.04334950449183063, 0.06647227172093524, 0.020317682266576906, 0.28954331397909966, 0.11425250311912939, 6.0, 0.14690298443590977, 0.4032827417247796, 0.6228917669682569, 0.3771082330317432, 1.407545343264715, 0.4554294952763936, 2.2576044462482234, 0.9804651533258498]"
hotpotqa,5ae057fd55429945ae959328,adaptive_k_full,0.000000,0.000000,221.0,1242.0,"[10.0, 10.0, 1.0, 1.0, 0.0, 2.0, 0.0, 0.0, 0.0, 0.385385, 0.22122799999999998, 0.06291170061284307, 0.23206, 0.3599102196504793, 0.010000389221168506, 0.02477003515964555, 0.07139094671562207, 0.42869338453754036, 0.3599102196504793, 1.0, 0.17420263257815466, 0.39547118809553944, 0.6004425298786772, 0.3995574701213228, 1.7503735698745984, 0.4602875807640445, 2.2660672352925695, 0.9841404959093206]"
hotpotqa,5ab28019554299722f9b4d51,adaptive_k_full,0.000000,0.000000,247.0,1860.0,"[17.0, 15.0, 0.8823529411764706, 1.0, 1.0, 3.0, 0.0, 0.0, 0.0, 0.315788, 0.2129159, 0.04285633558868514, 0.158788, 0.222120536562504, 0.03511216385676471, 0.05727260060546946, 0.0414011932055683, 0.3270801930409009, 0.222120536562504, 1.0, 0.14831583737992324, 0.37385183539604133, 0.5753262203527308, 0.42467377964726916, 1.4860611764705884, 0.4426283109958929, 2.283387363147247, 0.991662531862466]"
hotpotqa,5a75f79555429976ec32bcca,fixed_10_full,1.000000,1.000000,3050.0,3050.0,"[16.0, 15.0, 0.9375, 1.0, 1.0, 1.0, 1.0, 1.0, 0.0, 0.575039, 0.4264705999999999, 0.10341461810517891, 0.39274999999999993, 0.12239169865000461, 0.027212067355431538, 0.013604294665231349, 0.06053154655597274, 0.1883472251447293, 0.260257130385939, 9.0, 0.13483672731484891, 0.3678352036459254, 0.5901060940660389, 0.40989390593396124, 1.2320539410196858, 0.4182699768295707, 2.2692240070500573, 0.9855114644642257]"
hotpotqa,5adef80b5542993a75d263c4,adaptive_k_full,1.000000,1.000000,224.0,1680.0,"[16.0, 16.0, 1.0, 1.0, 1.0, 3.0, 0.0, 0.0, 0.0, 0.410752, 0.20900500000000002, 0.07763631160223933, 0.27253, 0.2947885828918666, 0.21368611717045813, 0.025134387659707075, 0.010646326737301379, 0.545134290277345, 0.2947885828918666, 1.0, 0.19652735580488503, 0.4317188584005167, 0.6127709863400396, 0.38722901365996026, 2.198451056268298, 0.5020185025693068, 2.243236585699053, 0.9742252707725896]"
hotpotqa,5ae0aaf455429945ae959401,coverage_guided_ultra,0.666667,0.666667,396.0,1369.0,"[13.0, 13.0, 1.0, 1.0, 0.0, 5.0, 1.0, 2.0, 0.0, 0.420834, 0.3201458, 0.060332744924791876, 0.16629899999999997, 0.03458846005788509, 0.047199133149887995, 0.09316737716059069, 0.002844351929739526, 0.3237499821782461, 0.1487950118098823, 4.0, 0.13145073275988628, 0.37905448080218457, 0.576400814878721, 0.4235991851212792, 1.4787430294213761, 0.4528974716679468, 2.285316479489611, 0.992500336444904]"
hotpotqa,5ab47d765542991751b4d78f,adaptive_k_full,0.800000,0.800000,214.0,1223.0,"[14.0, 13.0, 0.9285714285714286, 1.0, 1.0, 3.0, 0.0, 0.0, 0.0, 0.536121, 0.3165949, 0.10043084553407881, 0.33949699999999994, 0.22597137586477678, 0.10769583732030635, 0.007528151294204181, 0.022328914554736626, 0.41425909449545906, 0.22597137586477678, 1.0, 0.1693397461551023, 0.4132501818570041, 0.6240012078526849, 0.3759987921473151, 1.7072394818296457, 0.4736293182466511, 2.254113756961364, 0.9789491662305281]"
hotpotqa,5a7ed2c655429930675135e5,adaptive_k_full,1.000000,1.000000,422.0,1717.0,"[24.0, 23.0, 0.9583333333333334, 1.0, 2.0, 10.0, 1.0, 0.0, 0.0, 0.417443, 0.2234515, 0.07676029962584825, 0.297176, 0.38672824792845967, 0.046969286824788084, 0.0288039325129419, 0.009836073427988968, 0.47341553218044147, 0.38672824792845967, 1.0, 0.18681593097383548, 0.40717918653488566, 0.6059668429166956, 0.3940331570833044, 1.8990305660566196, 0.45847465698098927, 2.2476136675890612, 0.976126213284259]"
hotpotqa,5ac3e0f7554299194317388b,coverage_guided_ultra,0.000000,1.000000,454.0,1662.0,"[11.0, 9.0, 0.8181818181818182, 1.0, 0.0, 5.0, 2.0, 1.0, 0.0, 0.371766, 0.2831043, 0.04227025319074869, 0.134462, 0.08829209771738127, 0.10946401768854612, 0.003219767272962034, 0.00465615467794253, 0.2639052522285524, 0.10946401768854612, 2.0, 0.13131768044498088, 0.35638985349215824, 0.5579781020634446, 0.44202189793655555, 1.3585207651970548, 0.42840480242397067, 2.291790536229294, 0.9953119835624769]"
hotpotqa,5a7bae20554299294a54aa96,adaptive_k_full,0.000000,0.000000,352.0,1550.0,"[13.0, 12.0, 0.9230769230769231, 1.0, 0.0, 3.0, 0.0, 0.0, 0.0, 0.262776, 0.1774546, 0.04120946797812367, 0.13703700000000002, 0.10734237525497005, 0.14055317076140894, 0.07124318811459195, 0.08818156909306785, 0.31913873413097094, 0.14055317076140894, 2.0, 0.14808069218831182, 0.39163819929153715, 0.5932830143597292, 0.4067169856402708, 1.4687279922197258, 0.4611042404233524, 2.2768088629821226, 0.9888055255415528]"
hotpotqa,5ab8ee035542991b5579f04b,adaptive_k_full,0.500000,0.500000,1134.0,1617.0,"[11.0, 11.0, 1.0, 1.0, 0.0, 7.0, 2.0, 1.0, 0.0, 0.402776, 0.3292406, 0.04773365292160239, 0.15193700000000004, 0.05767722009255765, 0.014621030051443067, 0.026943015472619947, 0.015179653206745209, 0.19025711561761377, 0.09355572328043377, 8.0, 0.12233485177708946, 0.3511040254452215, 0.560357987441403, 0.439642012558597, 1.23495991046927, 0.41598950073429364, 2.291929384819579, 0.9953722847390576]"
hotpotqa,5a7a276d5542996c55b2dd27,adaptive_k_full,0.857143,0.857143,252.0,1687.0,"[13.0, 11.0, 0.8461538461538461, 1.0, 0.0, 6.0, 1.0, 0.0, 0.0, 0.386782, 0.24188510000000002, 0.07944012634739449, 0.234768, 0.1682032772983231, 0.047119566060468146, 0.008875800838715399, 0.16358051822473646, 0.3202243124033693, 0.1682032772983231, 1.0, 0.15990319370643336, 0.41838252955638855, 0.6511339474816762, 0.34886605251832375, 1.4710735000475421, 0.47983835406774794, 2.2492294893695943, 0.9768279557672835]"
hotpotqa,5a717d4c5542994082a3e854,coverage_guided_ultra,0.000000,0.000000,467.0,1323.0,"[13.0, 13.0, 1.0, 1.0, 1.0, 6.0, 0.0, 0.0, 0.0, 0.363436, 0.2161851, 0.09407357250625703, 0.25093699999999997, 0.06818256859529592, 0.07430194036914348, 0.04025192881277585, 0.07623075314498283, 0.4968797807591983, 0.3141433429819831, 4.0, 0.1681133436115625, 0.468924084037244, 0.6908982163895662, 0.3091017836104339, 1.987596526152298, 0.527359933413099, 2.2096681798605866, 0.9596466973506549]"
hotpotqa,5ac02e31554299294b218f3f,coverage_guided_ultra,1.000000,1.000000,554.0,2070.0,"[25.0, 21.0, 0.84, 1.0, 0.0, 7.0, 1.0, 1.0, 0.0, 0.562608, 0.2811137, 0.12338943752367948, 0.422684, 0.19025147171743023, 0.27970629639109285, 0.06846863180047214, 0.00781361089781875, 0.5724927480590393, 0.27970629639109285, 2.0, 0.20013539005747497, 0.46827493644030865, 0.6462114795543582, 0.35378852044564174, 2.339141606276427, 0.5278690273208617, 2.2162902502691235, 0.9625226259878572]"
hotpotqa,5a79ea435542996c55b2dc9e,coverage_guided_ultra,0.750000,0.750000,567.0,1849.0,"[16.0, 14.0, 0.875, 1.0, 0.0, 3.0, 1.0, 0.0, 0.0, 0.329861, 0.2615729, 0.04176323845069967, 0.137416, 0.05024843797842123, 0.0648697481666521, 0.015876384295203105, 0.06412397949439311, 0.18184326125246697, 0.08608171320647183, 9.0, 0.12610671824183622, 0.35746631245056354, 0.5702287966375721, 0.42977120336242786, 1.2222596877107434, 0.42454427899188363, 2.289773624938624, 0.9944360501184504]"
hotpotqa,5ab7e4dc5542995dae37e9df,coverage_guided_ultra,1.000000,1.000000,419.0,1849.0,"[21.0, 18.0, 0.8571428571428571, 1.0, 1.0, 6.0, 1.0, 1.0, 0.0, 0.348839, 0.23361839999999998, 0.05453017142683489, 0.16718000000000002, 0.07990218983542562, 0.22199066044794297, 0.03595928207568534, 0.044226706302907634, 0.3540028494520395, 0.22199066044794297, 2.0, 0.1493200021916082, 0.39095037034754115, 0.58628258733045, 0.41371741266955003, 1.5479944441732603, 0.4641980780138528, 2.2771327392959617, 0.9889461832374722]"
hotpotqa,5a834ed95542990548d0b1ca,coverage_guided_ultra,0.666667,0.666667,420.0,1739.0,"[12.0, 12.0, 1.0, 1.0, 1.0, 7.0, 1.0, 1.0, 0.0, 0.436196, 0.3060322, 0.07355998374224942, 0.23938699999999996, 0.07093370869975882, 0.103111903823052, 0.05793955011050077, 0.0660001467230328, 0.29936771543067786, 0.103111903823052, 2.0, 0.1425327138778207, 0.3926805741356628, 0.6020108341540531, 0.39798916584594696, 1.4272822163978625, 0.4565544778642716, 2.2739451063335925, 0.9875618118315823]"
hotpotqa,5ab41d855542996a3a969f4b,fixed_10_full,1.000000,1.000000,1879.0,1879.0,"[22.0, 20.0, 0.9090909090909091, 1.0, 1.0, 7.0, 0.0, 0.0, 0.0, 0.428142, 0.3206543, 0.05471156677166173, 0.17481800000000003, 0.12085476313933237, 0.016123155401712497, 0.07412260418272446, 0.01345581606102652, 0.25745897389183964, 0.12085476313933237, 1.0, 0.13352136553291194, 0.3661379248617592, 0.5706179521060532, 0.42938204789394685, 1.3467269347274256, 0.4349079294849022, 2.288284269660775, 0.9937892313396872]"
hotpotqa,5a7b7ff75542995eb53be93d,coverage_guided_ultra,0.857143,0.857143,377.0,1606.0,"[10.0, 10.0, 1.0, 1.0, 0.0, 6.0, 0.0, 1.0, 0.0, 0.429648, 0.2909297, 0.08565244430843758, 0.24776299999999998, 0.11575289539343829, 0.019404256507652737, 0.04230207053215655, 0.14350584664655722, 0.2621378430715376, 0.14350584664655722, 5.0, 0.14768103772148392, 0.40598845700524905, 0.636430381635151, 0.3635696183648489, 1.3552666858031486, 0.4659621917412637, 2.258891941362826, 0.9810243053495992]"
hotpotqa,5a7d19d85542995ed0d165e8,coverage_guided_ultra,0.000000,0.000000,384.0,1647.0,"[15.0, 14.0, 0.9333333333333333, 1.0, 0.0, 3.0, 0.0, 1.0, 0.0, 0.532669, 0.46327179999999996, 0.07358726579483708, 0.26549599999999995, 0.008630124899327655, 0.017051865229626567, 0.048940336306411696, 0.01700117709121426, 0.0811629736290266, 0.3070969025792754, 9.0, 0.11497980235360754, 0.34099420685653653, 0.5530416485527503, 0.44695835144724977, 1.0883322845070653, 0.40147748635187996, 2.2884641547593434, 0.9938673544453721]"
hotpotqa,5ae7ed17554299540e5a56a3,coverage_guided_ultra,0.666667,0.666667,457.0,1599.0,"[15.0, 14.0, 0.9333333333333333, 1.0, 0.0, 2.0, 0.0, 0.0, 1.0, 0.477173, 0.2683812, 0.07669780867899682, 0.314448, 0.3975308745465481, 0.04837448891701756, 0.008160562311782117, 0.0023324873787912877, 0.45674419969277397, 0.3975308745465481, 1.0, 0.17779673091855913, 0.38342998689923136, 0.577084385940595, 0.4229156140594051, 1.8407534708961646, 0.4465907256349587, 2.2660689534809637, 0.9841412421090591]"
hotpotqa,5ab2659e554299340b5254b2,answer_aware_fallback,0.800000,0.800000,1285.0,1686.0,"[19.0, 17.0, 0.8947368421052632, 1.0, 2.0, 6.0, 1.0, 1.0, 0.0, 0.765297, 0.2695598, 0.17210832989881691, 0.615275, 0.574949333396054, 0.10485863658161473, 0.018340591953189444, 0.009074908172905393, 0.7050047236563061, 0.574949333396054, 1.0, 0.28390620559890606, 0.49548523184836907, 0.6649337178614912, 0.3350662821385088, 3.3898847886463, 0.5588101902406981, 2.1506455463815253, 0.9340134933233004]"
hotpotqa,5abd2eab5542992ac4f38210,coverage_guided_ultra,1.000000,1.000000,335.0,2088.0,"[14.0, 13.0, 0.9285714285714286, 1.0, 0.0, 3.0, 1.0, 1.0, 0.0, 0.381609, 0.21746020000000002, 0.05893904767265925, 0.206582, 0.3587284366982959, 0.02589037470290271, 0.08687950231781742, 0.015120188465156737, 0.48785274980411886, 0.3587284366982959, 1.0, 0.1754845254441962, 0.39600763725959964, 0.5786254220312499, 0.4213745779687501, 1.9525634465820711, 0.47270197279583703, 2.270768516838878, 0.9861822365427559]"
hotpotqa,5abaf3195542996cc5e49f2c,fixed_10_full,1.000000,1.000000,1698.0,1698.0,"[17.0, 16.0, 0.9411764705882353, 1.0, 1.0, 4.0, 1.0, 1.0, 0.0, 0.563119, 0.31064959999999997, 0.11202867433492196, 0.38161100000000003, 0.19181913591976124, 0.22984484629358978, 0.02800651372090097, 0.0023813794242424444, 0.4887155290444826, 0.22984484629358978, 2.0, 0.1812714389460022, 0.4326073492449371, 0.6250476421022271, 0.3749523578977729, 1.9558583465896067, 0.49018118816395384, 2.242105733568758, 0.9737341479325541]"
hotpotqa,5a791a97554299148911f9f2,coverage_guided_ultra,0.666667,0.666667,422.0,1486.0,"[12.0, 12.0, 1.0, 1.0, 0.0, 6.0, 1.0, 1.0, 0.0, 0.423938, 0.23725860000000001, 0.0902719521581316, 0.271015, 0.19513702475361958, 0.00921832909529229, 0.28018247951351377, 0.0683142346286485, 0.49861064589633386, 0.28018247951351377, 3.0, 0.17868182649648948, 0.464663451609341, 0.6463563386111189, 0.35364366138888115, 1.9944579832328118, 0.5343127941872098, 2.2355556697186656, 0.970889491346345]"
hotpotqa,5adf58f15542993a75d264d2,adaptive_k_full,0.000000,0.285714,199.0,1979.0,"[13.0, 13.0, 1.0, 1.0, 0.0, 4.0, 1.0, 1.0, 0.0, 0.54026, 0.25100859999999997, 0.10687347518088854, 0.37487899999999996, 0.4389793802983748, 0.03047606707881392, 0.06088364861363049, 0.010781845777958755, 0.5955650982860103, 0.4389793802983748, 1.0, 0.21523565328040553, 0.45017939624379405, 0.6383159780182831, 0.361684021981717, 2.472585812356979, 0.519313359948785, 2.226283578350491, 0.966862673229444]"
hotpotqa,5adc65e85542996e68525350,coverage_guided_ultra,1.000000,1.000000,364.0,1187.0,"[11.0, 11.0, 1.0, 1.0, 0.0, 4.0, 2.0, 1.0, 0.0, 0.384087, 0.2312532, 0.10203765457888574, 0.27805, 0.10127913727879358, 0.00687344273563029, 0.027246431147109906, 0.10207062462410864, 0.45075725031047653, 0.3153582391489428, 4.0, 0.1660893773578052, 0.4634837485492092, 0.6983081747625546, 0.30169182523744537, 1.8206885763449423, 0.5143433133560124, 2.2048467236766465, 0.9575527655352314]"
hotpotqa,5a87ab9b5542996e4f3088c2,coverage_guided_ultra,0.000000,0.000000,496.0,1834.0,"[28.0, 26.0, 0.9285714285714286, 1.0, 0.0, 4.0, 2.0, 1.0, 0.0, 0.409535, 0.2599857, 0.08535148863265361, 0.25237699999999996, 0.07959026701014563, 0.009076147337834302, 0.34555776673544397, 0.0049299815644572335, 0.46815778871158753, 0.34555776673544397, 3.0, 0.15752212525535056, 0.4460622257301075, 0.6189613505665889, 0.38103864943341115, 1.8802569235289797, 0.5169298495074961, 2.251556340235888, 0.9778384942587266]"
hotpotqa,5a738fe855429908901be2fb,adaptive_k_full,1.000000,1.000000,280.0,1280.0,"[15.0, 13.0, 0.8666666666666667, 1.0, 0.0, 5.0, 1.0, 0.0, 0.0, 0.340113, 0.21554029999999996, 0.053726614939059766, 0.179543, 0.20679009623272268, 0.033597657249208414, 0.1600321069762108, 0.01909659436716621, 0.40914049154251675, 0.20679009623272268, 1.0, 0.15779554913860658, 0.40282397305747464, 0.5906700510299002, 0.40932994897009983, 1.692449703670898, 0.47673400898946977, 2.273704079288163, 0.9874571351157629]"
hotpotqa,5a8c65a1554299585d9e3680,coverage_guided_ultra,1.000000,1.000000,464.0,1948.0,"[29.0, 23.0, 0.7931034482758621, 1.0, 1.0, 6.0, 0.0, 0.0, 0.0, 0.381771, 0.2356472, 0.07147979985254577, 0.21209700000000004, 0.18348434008869197, 0.02636659149071045, 0.07171838615295546, 0.005597596464896495, 0.5054705569569192, 0.22390123922456137, 4.0, 0.1620095634490883, 0.42230461469518843, 0.6188157550779301, 0.3811842449220699, 2.0221242922292197, 0.49430467457766875, 2.2590367270161513, 0.9810871849598971]"
hotpotqa,5ac2bbd0554299218029db09,adaptive_k_full,1.000000,1.000000,351.0,1418.0,"[11.0, 8.0, 0.7272727272727273, 1.0, 0.0, 6.0, 0.0, 0.0, 0.0, 0.30515, 0.2258544, 0.047249757684458014, 0.13748499999999997, 0.027586432901851487, 0.10743896444371624, 0.06593150909388824, 0.033773553989841096, 0.27432082582336553, 0.10743896444371624, 2.0, 0.13510916767616657, 0.38335715398947284, 0.5893611105207602, 0.4106388894792397, 1.3780194272966613, 0.45293229574264177, 2.2811146800195834, 0.990675518121007]"
hotpotqa,5adf3e355542993a75d26440,adaptive_k_full,0.500000,0.500000,1279.0,1815.0,"[16.0, 15.0, 0.9375, 1.0, 0.0, 6.0, 1.0, 0.0, 1.0, 0.483747, 0.3158202, 0.11554832595827601, 0.341906, 0.009289980092899797, 0.19629269018722595, 0.05315795240073838, 0.09287912896617441, 0.2606259056903712, 0.21220389997250627, 7.0, 0.15317164639880537, 0.42660254157270494, 0.6533936081352617, 0.34660639186473824, 1.3524953169122376, 0.47276000805655305, 2.2319059585457097, 0.9693044419233896]"
hotpotqa,5ae82ae555429952e35eaa71,adaptive_k_full,1.000000,1.000000,277.0,2068.0,"[19.0, 19.0, 1.0, 1.0, 0.0, 6.0, 0.0, 0.0, 0.0, 0.492688, 0.1658376, 0.10958932974902255, 0.383033, 0.6931100412431396, 0.014792322930536138, 0.019192673659598, 0.005664842659045863, 0.7303019355048225, 0.6931100412431396, 1.0, 0.29709064771800847, 0.47504426016777856, 0.6362465448125154, 0.3637534551874846, 3.70785011702552, 0.5494661236651348, 2.149576796385543, 0.9335493410975112]"
hotpotqa,5ac289ff5542996366519a02,coverage_guided_ultra,1.000000,1.000000,353.0,1916.0,"[14.0, 11.0, 0.7857142857142857, 1.0, 0.0, 3.0, 0.0, 0.0, 0.0, 0.364167, 0.2557686, 0.05594965240142248, 0.17728400000000002, 0.06344067419617934, 0.13246395197807592, 0.0939514014174816, 0.0035725367757100356, 0.36149898260962693, 0.13246395197807592, 2.0, 0.1423814338429346, 0.3902183458016348, 0.5822403531942545, 0.4177596468057455, 1.5661682170642652, 0.45965022488438007, 2.279625490544041, 0.9900287713492706]"
hotpotqa,5a7a5b3a5542996c55b2dd71,adaptive_k_full,0.000000,0.000000,356.0,1811.0,"[16.0, 14.0, 0.875, 1.0, 0.0, 5.0, 0.0, 0.0, 0.0, 0.408402, 0.2290175, 0.08331017483146941, 0.26169299999999995, 0.14055269073119137, 0.19755290130802494, 0.12797194920690882, 0.04816822640437607, 0.4949069789080367, 0.19755290130802494, 2.0, 0.17832785704149245, 0.4496254653028698, 0.6349108692567161, 0.3650891307432838, 1.9798333341412928, 0.5188653622989041, 2.2421174323682647, 0.9737392286566247]"
hotpotqa,5ab8688b55429934fafe6daa,adaptive_k_full,1.000000,1.000000,344.0,1540.0,"[15.0, 15.0, 1.0, 1.0, 0.0, 3.0, 0.0, 0.0, 0.0, 0.301408, 0.1929759, 0.051910932157783495, 0.162782, 0.13935927380825985, 0.1688243178681389, 0.0032315001592525833, 0.010238613440917312, 0.3582983862405776, 0.1688243178681389, 2.0, 0.15618945163618878, 0.3986668801648289, 0.6064436025431155, 0.3935563974568845, 1.5583566856587425, 0.4659900906139458, 2.2679171520969774, 0.9849439045694551]"
hotpotqa,5a7a3a945542996a35c17147,adaptive_k_full,1.000000,1.000000,319.0,1879.0,"[31.0, 23.0, 0.7419354838709677, 1.0, 0.0, 7.0, 1.0, 0.0, 0.0, 0.639331, 0.3648021, 0.11288446033927786, 0.395436, 0.3361091515975293, 0.0007054248894547257, 0.020219573272686638, 0.04254916467369794, 0.43622630530976914, 0.3361091515975293, 1.0, 0.17525419946869822, 0.4078298891371514, 0.619316062051178, 0.38068393794882216, 1.77376136811324, 0.4730301300873237, 2.2583035315532634, 0.9807687622162083]"
hotpotqa,5ab9b29c554299743d22ebae,adaptive_k_full,0.222222,0.222222,416.0,1967.0,"[14.0, 13.0, 0.9285714285714286, 1.0, 0.0, 8.0, 1.0, 1.0, 0.0, 0.487469, 0.29309759999999996, 0.10927452005769689, 0.306266, 0.07074911430265302, 0.17895291803171082, 0.02128750751329822, 0.07857320157794656, 0.43757654332890905, 0.17895291803171082, 2.0, 0.1663162714399572, 0.445652574432544, 0.6604390482897166, 0.33956095171028355, 1.7780197254198216, 0.5088083410168945, 2.235398933784756, 0.9708214217951321]"
hotpotqa,5a8b63fa55429950cd6afcd7,adaptive_k_full,1.000000,1.000000,243.0,2311.0,"[14.0, 12.0, 0.8571428571428571, 1.0, 0.0, 4.0, 0.0, 0.0, 0.0, 0.580097, 0.243379, 0.118218278222955, 0.42997199999999997, 0.5142329644869738, 0.08184320898056703, 0.0011618746519978693, 0.017169542335161183, 0.624728278201749, 0.5142329644869738, 1.0, 0.23835129571573552, 0.4504102654707267, 0.6358555997025216, 0.3641444002974784, 2.6647358218416675, 0.5159983863929811, 2.209049416730696, 0.9593779719377382]"
hotpotqa,5ade51b45542997c77adedf4,adaptive_k_full,0.000000,0.000000,213.0,1664.0,"[19.0, 15.0, 0.7894736842105263, 1.0, 0.0, 7.0, 1.0, 1.0, 0.0, 0.621897, 0.4514495, 0.07225695899392667, 0.24465400000000004, 0.17864051442602244, 0.030599922495204084, 0.026301783092698646, 0.003775544824946923, 0.30890806676989924, 0.17864051442602244, 1.0, 0.13775560721631103, 0.3598340456684524, 0.560344180246074, 0.4396558197539259, 1.446985490520908, 0.43224241372814265, 2.2903588643763286, 0.9946902163768377]"
hotpotqa,5ae4c49a5542995dadf24400,adaptive_k_full,0.000000,0.000000,219.0,1772.0,"[26.0, 23.0, 0.8846153846153846, 1.0, 0.0, 4.0, 1.0, 0.0, 0.0, 0.460288, 0.1878706, 0.09277150627989177, 0.322688, 0.5723829428531702, 0.016337597330367073, 0.06247610191879868, 0.0044146273637374394, 0.6697306903503893, 0.5723829428531702, 1.0, 0.24500267737474624, 0.45053457007110215, 0.6169091917521954, 0.3830908082478046, 3.0278320473098757, 0.5290325967862606, 2.209815702956676, 0.9597107658172397]"
hotpotqa,5a7d3470554299452d57bb56,adaptive_k_full,1.000000,1.000000,293.0,2008.0,"[32.0, 28.0, 0.875, 1.0, 0.0, 1.0, 1.0, 0.0, 0.0, 0.43987, 0.1784757, 0.09230740393169985, 0.327136, 0.5045604383113192, 0.07014345147429928, 0.06423716097938029, 0.01765976311182849, 0.6616409393684497, 0.5045604383113192, 1.0, 0.24645932191329128, 0.47338321127189864, 0.6457612997175527, 0.3542387002824474, 2.9554402891812357, 0.5455097208833539, 2.1975741195697305, 0.9543943137025308]"
hotpotqa,5ae4f2c75542993aec5ec0fb,adaptive_k_full,1.000000,1.000000,241.0,2067.0,"[24.0, 20.0, 0.8333333333333334, 1.0, 1.0, 8.0, 1.0, 0.0, 0.0, 0.537104, 0.404486, 0.04883747372254221, 0.18075300000000005, 0.21658375286722875, 0.008326134230986878, 0.019757812267270417, 0.005870371473681106, 0.26290439095594154, 0.21658375286722875, 1.0, 0.13278679608194105, 0.3397358623042578, 0.5379105828137438, 0.4620894171862561, 1.3566761051485614, 0.4128798872694387, 2.2957397803756, 0.9970271185029062]"
hotpotqa,5ab1d7ac554299449642c7e6,adaptive_k_full,1.000000,1.000000,375.0,1528.0,"[8.0, 8.0, 1.0, 1.0, 0.0, 3.0, 1.0, 1.0, 0.0, 0.360727, 0.2177129, 0.07059065502947257, 0.226672, 0.07959759042156546, 0.2612446531587599, 0.03451917932397627, 0.017087714532042168, 0.4596301358090745, 0.2612446531587599, 2.0, 0.16568930917736158, 0.4274055418856669, 0.6204349857082424, 0.37956501429175765, 1.8505843243076863, 0.4951286193480279, 2.253622924619929, 0.9787360004531032]"
hotpotqa,5a85cead5542991dd0999ea9,adaptive_k_full,0.000000,0.000000,502.0,2767.0,"[24.0, 24.0, 1.0, 1.0, 3.0, 1.0, 1.0, 0.0, 0.0, 0.388421, 0.23425479999999999, 0.07301182424484408, 0.24311800000000003, 0.1660337623351982, 0.10036275072665996, 0.11806261762366095, 0.03700881260282013, 0.4237309517250612, 0.1660337623351982, 1.0, 0.16581133022674457, 0.4257321514863303, 0.6233477392992588, 0.37665226070074126, 1.7353005562132822, 0.4926361297187182, 2.2565136406120563, 0.9799914224572335]"
hotpotqa,5a73a7c755429978a71e9068,coverage_guided_ultra,0.333333,0.333333,512.0,1985.0,"[17.0, 16.0, 0.9411764705882353, 1.0, 1.0, 2.0, 1.0, 1.0, 0.0, 0.500999, 0.2861179, 0.09769917719658645, 0.31785299999999994, 0.1461859205307795, 0.24299649300697207, 0.02829546565961203, 0.004976057836442833, 0.48562172778787976, 0.24299649300697207, 2.0, 0.1751022917475628, 0.4315626530182138, 0.6236324256539001, 0.3763675743461, 1.9440945584645888, 0.498007812263681, 2.249105591167011, 0.9767741474615839]"
hotpotqa,5a7f113d55429934daa2fcbe,coverage_guided_ultra,0.666667,0.666667,474.0,1717.0,"[20.0, 19.0, 0.95, 1.0, 1.0, 8.0, 2.0, 1.0, 0.0, 0.420595, 0.3009015, 0.06330216424617724, 0.209618, 0.08686741402061368, 0.1015870374112863, 0.06321996219641224, 0.04547367419964582, 0.2807237366112293, 0.1015870374112863, 2.0, 0.139778299543206, 0.3808508764496023, 0.585989767415583, 0.41401023258441716, 1.3902863905012495, 0.4460252283669283, 2.280789975272472, 0.9905345006410887]"
hotpotqa,5ae6828f5542996d980e7bb9,coverage_guided_ultra,1.000000,1.000000,411.0,1736.0,"[18.0, 17.0, 0.9444444444444444, 1.0, 0.0, 3.0, 1.0, 0.0, 0.0, 0.399764, 0.1864591, 0.09256186333955253, 0.272239, 0.1576580182307562, 0.43460141483475245, 0.03472048508620087, 0.0039598363034190195, 0.6317652414924806, 0.43460141483475245, 2.0, 0.21439768828660014, 0.4824124968961022, 0.6413358210996407, 0.3586641789003594, 2.715658902090254, 0.5592112993380868, 2.199332655051637, 0.9551580359585539]"
hotpotqa,5ab31864554299233954ff06,fixed_10_full,0.000000,0.000000,1958.0,1958.0,"[8.0, 8.0, 1.0, 1.0, 0.0, 3.0, 0.0, 0.0, 0.0, 0.258612, 0.1846054, 0.04262949136032472, 0.123536, 0.061447264628091566, 0.05801741605184597, 0.10046324223160566, 0.03837022257281173, 0.33821323063121594, 0.11828530771967273, 4.0, 0.14008907648421987, 0.39492344210949404, 0.5969121163302915, 0.4030878836697085, 1.5110607317728724, 0.4634190991852265, 2.2765858157287777, 0.9887086573502214]"
hotpotqa,5abe239355429976d4830a7d,adaptive_k_full,1.000000,1.000000,257.0,1724.0,"[19.0, 19.0, 1.0, 1.0, 0.0, 5.0, 0.0, 0.0, 0.0, 0.532068, 0.21280609999999997, 0.10750649105654038, 0.370401, 0.594728493350474, 0.052453821691964164, 0.0046309870166971025, 0.003193200869061861, 0.6705947360111865, 0.594728493350474, 1.0, 0.2500247878232814, 0.43956587710596645, 0.6089806636181953, 0.39101933638180486, 3.0357741946526993, 0.5188089982362925, 2.2072554784141154, 0.9585988744259724]"
hotpotqa,5ac2659b55429963665199a1,adaptive_k_full,1.000000,1.000000,300.0,2088.0,"[19.0, 18.0, 0.9473684210526315, 1.0, 3.0, 6.0, 1.0, 0.0, 1.0, 0.385376, 0.270098, 0.04795752796381397, 0.187019, 0.19807668355061034, 0.07880355808353395, 0.003570538902266847, 0.04581240139500119, 0.2905110852777547, 0.19807668355061034, 1.0, 0.1426800642729676, 0.3602733082066509, 0.5641685610408075, 0.43583143895919263, 1.4094652914929413, 0.429044334697358, 2.2875006532144204, 0.9934489110411068]"
hotpotqa,5ae058e855429945ae959331,answer_aware_fallback,0.500000,1.000000,998.0,1758.0,"[8.0, 8.0, 1.0, 1.0, 0.0, 3.0, 2.0, 1.0, 0.0, 0.458765, 0.26171829999999996, 0.10133718337910323, 0.31305399999999994, 0.16400771636894707, 0.049232177694462295, 0.12853203709960428, 0.00152801543273791, 0.5572351857704925, 0.21546325460747884, 4.0, 0.1752896148263228, 0.45974125615213, 0.6527338745513783, 0.3472661254486217, 2.2585353846153846, 0.5235389253682248, 2.2312628846474847, 0.9690251584779345]"
hotpotqa,5a7b8749554299294a54a9db,adaptive_k_full,0.800000,0.800000,202.0,1709.0,"[12.0, 12.0, 1.0, 1.0, 0.0, 7.0, 1.0, 1.0, 0.0, 0.506393, 0.22261609999999998, 0.11817281241761998, 0.39037099999999997, 0.34112833313256696, 0.07571194704508157, 0.15657799377163592, 0.04075293299867892, 0.6061497690528896, 0.34112833313256696, 1.0, 0.22747366430370491, 0.510003095014242, 0.6966297585843971, 0.3033702414156029, 2.5390362158611732, 0.5700805248551511, 2.177764264835274, 0.9457910031040513]"
hotpotqa,5a864ff7554299211dda2af2,adaptive_k_full,1.000000,1.000000,273.0,2041.0,"[27.0, 26.0, 0.9629629629629629, 1.0, 0.0, 8.0, 2.0, 1.0, 0.0, 0.499504, 0.3028223, 0.08781097349881734, 0.36673, 0.3207842179442007, 0.03461834139466345, 0.0027787565264742633, 0.01740726800986569, 0.3768738588679971, 0.3207842179442007, 1.0, 0.1649495430158215, 0.38331192914128187, 0.5919640000092463, 0.4080359999907537, 1.6048115044304654, 0.4338337993394312, 2.2594228924284265, 0.9812548944675501]"
msmarco,msmarco_9658,adaptive_k_full,0.202899,0.212121,379.0,1190.0,"[4.0, 4.0, 1.0, 0.0, 0.0, 0.0, 0.0, 0.0, 0.0, 0.517567, 0.2903072, 0.12560447496231972, 0.367643, 0.08646030369015023, 0.19564037119831837, 0.05820502466347344, 0.038663593312556636, 0.46574066739185455, 0.19564037119831837, 2.0, 0.1782825227896518, 0.4691395873061365, 0.6820006531012666, 0.31799934689873355, 1.8717501763014663, 0.5240477017750222, 2.2112785738953087, 0.9603460825936245]"
msmarco,msmarco_9794,answer_aware_fallback,0.053333,0.214286,292.0,1261.0,"[4.0, 4.0, 1.0, 0.0, 0.0, 0.0, 0.0, 0.0, 0.0, 0.417385, 0.22893159999999999, 0.1267373801151026, 0.34869700000000003, 0.0743893527558489, 0.010546617631203846, 0.16282089677396167, 0.0004959449908358296, 0.5599386657402637, 0.3121817985792494, 4.0, 0.18231864888901314, 0.5179079690178202, 0.735287308523594, 0.264712691476406, 2.2724105076902137, 0.5523684447142386, 2.1442170005181285, 0.9312216113281652]"
msmarco,msmarco_9722,fixed_10_full,0.382979,0.382979,1221.0,1221.0,"[4.0, 4.0, 1.0, 0.0, 0.0, 0.0, 0.0, 0.0, 0.0, 0.627275, 0.2120908, 0.17843609696908302, 0.547196, 0.30433382487744615, 0.24017217328922721, 0.08678490295325014, 0.016115738711091614, 0.8288709098880076, 0.30433382487744615, 1.0, 0.2957577603554704, 0.6362223161023486, 0.7958836498329961, 0.20411635016700394, 5.843541851041036, 0.6887157050591705, 2.000664404596257, 0.8688775110564091]"
msmarco,msmarco_9682,answer_aware_fallback,0.092308,0.163265,1049.0,1699.0,"[4.0, 4.0, 1.0, 0.0, 0.0, 0.0, 0.0, 0.0, 0.0, 0.491883, 0.3793854, 0.09002495950923833, 0.32160200000000005, 0.022234962379265047, 0.07341583262686448, 0.0247863821274571, 0.05977031123254917, 0.18194164059339318, 0.3184171845743805, 9.0, 0.1296525907428172, 0.373673578371756, 0.5937745627533374, 0.40622543724666266, 1.2224066761268326, 0.43002904751100207, 2.2711435527544874, 0.9863451125714207]"
msmarco,msmarco_9685,adaptive_k_full,0.098361,0.230769,554.0,1285.0,"[8.0, 8.0, 1.0, 0.0, 0.0, 0.0, 0.0, 0.0, 1.0, 0.456576, 0.3070992, 0.11328907162723155, 0.29007299999999997, 0.011080302074572427, 0.04015541771797032, 0.049457264507989825, 0.10794040860667233, 0.33363120269133717, 0.2329382183908046, 4.0, 0.14867378358523892, 0.4367565920067522, 0.6695315389945659, 0.3304684610054341, 1.5006705056401355, 0.4934995457868557, 2.233993588393068, 0.9702110880463538]"
msmarco,msmarco_9741,answer_aware_fallback,0.285714,0.278481,879.0,1553.0,"[5.0, 5.0, 1.0, 0.0, 0.0, 0.0, 0.0, 0.0, 0.0, 0.386656, 0.3013709, 0.06655983855066057, 0.208318, 0.00278800794504682, 0.07717454274600673, 0.00536135479599435, 0.028868037738972122, 0.19968395679880818, 0.1316208722999255, 9.0, 0.12829904944372533, 0.374280330317227, 0.5943121913894143, 0.40568780861058584, 1.2495063775056794, 0.4328131133350037, 2.277197007850471, 0.9889740947160556]"
msmarco,msmarco_9775,coverage_guided_ultra,0.095238,0.136364,629.0,1583.0,"[6.0, 6.0, 1.0, 0.0, 0.0, 0.0, 0.0, 0.0, 0.0, 0.461709, 0.24590320000000002, 0.1195070744883331, 0.34927699999999995, 0.14210249312878892, 0.08605853470475991, 0.1012174334916581, 0.10833880214594044, 0.5136330459228647, 0.18425458459765787, 4.0, 0.18776046834689422, 0.493760552933024, 0.7109972542040933, 0.2890027457959067, 2.056060741004631, 0.544511509575355, 2.18694347762466, 0.9497774845666975]"
msmarco,msmarco_9825,coverage_guided_ultra,0.090909,0.400000,406.0,1229.0,"[4.0, 4.0, 1.0, 0.0, 0.0, 0.0, 0.0, 1.0, 0.0, 0.499501, 0.2710678, 0.1545446657259965, 0.371349, 0.0020900859057339013, 0.014478449492593531, 0.39961281358796086, 0.012168143807519906, 0.601490287306732, 0.39961281358796086, 3.0, 0.18427161027610064, 0.5493765766350706, 0.7303918060352428, 0.2696081939647571, 2.50934912788361, 0.6072280205575862, 2.148129233108174, 0.932920672353944]"
msmarco,msmarco_9832,adaptive_k_full,0.473684,0.493151,266.0,1294.0,"[5.0, 5.0, 1.0, 0.0, 0.0, 0.0, 1.0, 0.0, 0.0, 0.137049, 0.0897232, 0.023636874957574234, 0.075171, 0.16302198483753985, 0.012988055367058524, 0.12172288743442128, 0.03789885369466398, 0.3772957117527308, 0.16302198483753985, 1.0, 0.15274644684986716, 0.4064534033560996, 0.6088380708668438, 0.3911619291331562, 1.6058986887896791, 0.4731693835925701, 2.2690809657972397, 0.9854493424374424]"
msmarco,msmarco_9672,answer_aware_fallback,0.168675,0.457831,877.0,1665.0,"[6.0, 6.0, 1.0, 0.0, 0.0, 0.0, 0.0, 0.0, 1.0, 0.531053, 0.3252671, 0.11829034469850022, 0.38150799999999996, 0.16224934234436109, 0.0832591097310438, 0.032262316567272964, 0.1280192372512724, 0.2910255661864259, 0.16224934234436109, 1.0, 0.16326674293219326, 0.4232269417964498, 0.6568949026815193, 0.34310509731848077, 1.4104880970403955, 0.46722715543296356, 2.2332459140972847, 0.9698863772254342]"
msmarco,msmarco_9776,answer_aware_fallback,0.071429,0.071429,1082.0,1517.0,"[7.0, 7.0, 1.0, 0.0, 0.0, 0.0, 0.0, 0.0, 0.0, 0.550866, 0.3876644, 0.09405433672744706, 0.34814899999999993, 0.13593687030965784, 0.03096941906017065, 0.0180043785603033, 0.005369726939037835, 0.32177335322927897, 0.18877912232738997, 9.0, 0.14209868123046634, 0.3832624300812764, 0.5954606613349072, 0.4045393386650928, 1.474433369377857, 0.44124615632251907, 2.2718665658748924, 0.9866591131799562]"
msmarco,msmarco_9785,coverage_guided_ultra,0.000000,0.000000,521.0,1356.0,"[4.0, 4.0, 1.0, 0.0, 0.0, 0.0, 0.0, 0.0, 0.0, 0.559764, 0.31944680000000003, 0.16237746846702591, 0.45929300000000006, 0.11255636303870922, 0.003774805096433553, 0.02525528615630865, 0.002506413417082891, 0.5146990517432347, 0.37311259745178327, 4.0, 0.17522917744050026, 0.4855797585075199, 0.7210377439999399, 0.2789622560000601, 2.060577057580599, 0.5259210838150926, 2.169133529234571, 0.9420427222579]"
msmarco,msmarco_9731,answer_aware_fallback,0.043478,0.120000,1122.0,1596.0,"[6.0, 6.0, 1.0, 0.0, 0.0, 0.0, 0.0, 0.0, 0.0, 0.491516, 0.3996869, 0.07211228836814153, 0.27478199999999997, 0.07222755719040683, 0.001538098454577224, 0.035085327842837286, 0.0070557214821084695, 0.1695468713124293, 0.28977083146835503, 9.0, 0.12297525888389137, 0.3509722235079508, 0.5626866930089528, 0.4373133069910472, 1.2041618791663502, 0.41005573266560924, 2.2844576383510353, 0.992127346477589]"
msmarco,msmarco_9869,fixed_10_full,0.054054,0.054054,1478.0,1478.0,"[3.0, 3.0, 1.0, 0.0, 0.0, 0.0, 0.0, 0.0, 0.0, 0.840414, 0.5404123000000001, 0.18490467526433718, 0.495791, 0.03312415071619467, 0.1251716415956897, 0.06468597619744561, 0.07764506540823932, 0.4075884028585911, 0.18460663434926114, 4.0, 0.15551348479670057, 0.43677207199021933, 0.6497368768253423, 0.3502631231746576, 1.6880155702983302, 0.5024547238986419, 2.24561760480886, 0.9752593342332851]"
msmarco,msmarco_9847,adaptive_k_full,0.303030,0.288660,951.0,1445.0,"[5.0, 5.0, 1.0, 0.0, 0.0, 0.0, 0.0, 0.0, 0.0, 0.572625, 0.40340490000000007, 0.14400373581921408, 0.44209400000000004, 0.045492250600305636, 0.06817900021829293, 0.02422527832351024, 0.022133158698973955, 0.15842479807902216, 0.24878236192970965, 6.0, 0.1419479535325426, 0.4032509272941404, 0.6450846283721392, 0.3549153716278607, 1.1882479399552197, 0.4409397808710351, 2.2300407062862098, 0.9684943731597312]"
msmarco,msmarco_9752,coverage_guided_ultra,0.000000,0.000000,677.0,1398.0,"[5.0, 5.0, 1.0, 0.0, 0.0, 0.0, 0.0, 0.0, 0.0, 0.240933, 0.13823049999999998, 0.060305204767499135, 0.159344, 0.0643290873396339, 0.12779901466382765, 0.12270631254332119, 0.1604221920616935, 0.4546948736785746, 0.1604221920616935, 5.0, 0.17429800224986527, 0.4781940309844788, 0.6926626178737688, 0.3073373821262312, 1.833835685253688, 0.5426018060732722, 2.2106567014658958, 0.9600760068290828]"
msmarco,msmarco_9754,fixed_10_full,0.578947,0.578947,1505.0,1505.0,"[8.0, 8.0, 1.0, 0.0, 0.0, 0.0, 0.0, 0.0, 1.0, 0.48826, 0.2890073, 0.10992007672127055, 0.35529900000000003, 0.2102670708229222, 0.03905501167410806, 0.026014828165321736, 0.16003358866177864, 0.29381681890795885, 0.2102670708229222, 1.0, 0.16894382944652264, 0.42918673680561015, 0.6709193850812765, 0.3290806149187235, 1.41606317847106, 0.48003809712522283, 2.228648604842024, 0.9678897911842719]"
msmarco,msmarco_9893,adaptive_k_full,0.193548,0.200000,1386.0,1488.0,"[5.0, 5.0, 1.0, 0.0, 0.0, 0.0, 0.0, 0.0, 0.0, 0.575226, 0.4262626, 0.12013124411176303, 0.426696, 0.044106142629157984, 0.08661291388080516, 0.02912768198933978, 0.0098865489390257, 0.2262171737717002, 0.23709811448022164, 9.0, 0.13494639220048862, 0.3812471467119095, 0.599041998993109, 0.40095800100689105, 1.29235228038643, 0.4244025027806207, 2.2560254881857076, 0.9797794205521425]"
msmarco,msmarco_9809,adaptive_k_full,0.122449,0.178218,428.0,1564.0,"[8.0, 8.0, 1.0, 0.0, 0.0, 0.0, 0.0, 0.0, 1.0, 0.471451, 0.2000846, 0.11583430051258566, 0.359753, 0.24368598221236137, 0.26423530759294184, 0.07432161560798474, 0.003686491279051247, 0.7222235184568493, 0.26423530759294184, 2.0, 0.23562583027379416, 0.5297794033123989, 0.693665079671299, 0.30633492032870097, 3.6000167992791585, 0.5990412013296367, 2.15945558269749, 0.9378396434806912]"
msmarco,msmarco_9679,answer_aware_fallback,0.030769,0.029851,658.0,1687.0,"[10.0, 10.0, 1.0, 0.0, 0.0, 0.0, 0.0, 0.0, 0.0, 0.678351, 0.3685977, 0.15857706020231932, 0.511072, 0.18770371091072324, 0.04604106133845168, 0.18640349907348847, 0.05876898537777642, 0.4719872160577636, 0.18770371091072324, 1.0, 0.18403560304364353, 0.4745452833807699, 0.6784317970513652, 0.3215682029486348, 1.8938935389666591, 0.5303327201774767, 2.212641266556855, 0.9609378924970642]"
msmarco,msmarco_9806,task_aware_coverage_ultra,0.172414,0.263158,936.0,1509.0,"[5.0, 5.0, 1.0, 0.0, 0.0, 0.0, 0.0, 0.0, 0.0, 0.457278, 0.3588388, 0.05344366534735431, 0.18833500000000003, 0.08787652150333057, 0.06685867240497032, 0.03544889542029138, 0.01397399393804208, 0.20148356142215457, 0.08855007238485116, 7.0, 0.12743270794574055, 0.35138145596295606, 0.5563356025045229, 0.44366439749547704, 1.2523223714479768, 0.4162684654335799, 2.2914142445316332, 0.9951485621545968]"
msmarco,msmarco_9831,fixed_10_full,0.172840,0.172840,1310.0,1310.0,"[3.0, 3.0, 1.0, 0.0, 0.0, 0.0, 0.0, 0.0, 0.0, 0.766952, 0.4185751, 0.14722483754411142, 0.519651, 0.2269633562465447, 0.19852350603427596, 0.07420151456675261, 0.0018058496490001585, 0.5024317036789786, 0.2269633562465447, 1.0, 0.18322924607794397, 0.4301397765896729, 0.6129805619111123, 0.3870194380888878, 2.009774351368278, 0.4892434578974513, 2.2459082056146062, 0.9753855405596573]"
msmarco,msmarco_9811,adaptive_k_full,0.030303,0.086957,185.0,1176.0,"[8.0, 8.0, 1.0, 0.0, 0.0, 0.0, 0.0, 0.0, 1.0, 0.575884, 0.310917, 0.12014658962950217, 0.39071799999999995, 0.2542578019184419, 0.06717672309006675, 0.031216356071708827, 0.0009046960846281434, 0.5591942127233956, 0.2542578019184419, 1.0, 0.18522113618747124, 0.4490330216745948, 0.6505823097482609, 0.3494176902517392, 2.268572756674138, 0.5133105500885163, 2.233017952274021, 0.9697873746635061]"
msmarco,msmarco_9841,adaptive_k_full,0.225806,0.225806,1310.0,1453.0,"[8.0, 8.0, 1.0, 0.0, 0.0, 0.0, 0.0, 0.0, 0.0, 0.30868, 0.26431879999999996, 0.04039492713398553, 0.13478300000000001, 0.002734223143708732, 0.026185693922508767, 0.0394227031229752, 0.0026985875340159, 0.12528184527666186, 0.17991771413761826, 9.0, 0.11678321784148536, 0.34665298117273535, 0.557607328725766, 0.44239267127423404, 1.1432253859144914, 0.40907477575577367, 2.2902042842931913, 0.9946230830997191]"
msmarco,msmarco_9765,adaptive_k_full,0.200000,0.214286,993.0,1429.0,"[7.0, 7.0, 1.0, 0.0, 0.0, 0.0, 0.0, 0.0, 0.0, 0.583375, 0.3787482, 0.1311423984696025, 0.45203499999999996, 0.13861067066638097, 0.02130019284336832, 0.09760445682451252, 0.029013927576601668, 0.31288793657595887, 0.2159640025712449, 7.0, 0.1540271346504089, 0.4161009874106332, 0.6362976774543087, 0.3637023225456913, 1.4553666763129796, 0.4601370739722956, 2.236402888956715, 0.9712574339863921]"
msmarco,msmarco_9656,answer_aware_fallback,0.164706,0.164706,1016.0,1624.0,"[6.0, 6.0, 1.0, 0.0, 0.0, 0.0, 0.0, 0.0, 0.0, 0.542155, 0.441447, 0.11391620780819559, 0.41691400000000006, 0.020927594507106045, 0.055618780607021995, 0.003060010513598447, 0.07318202359103944, 0.09325930776254036, 0.4973909675277365, 9.0, 0.12281315763840282, 0.35646838691847493, 0.5808645205426699, 0.4191354794573301, 1.1028511332522368, 0.4040800395447221, 2.2594347345703145, 0.9812600374444259]"
msmarco,msmarco_9761,answer_aware_fallback,0.142857,0.147059,953.0,1377.0,"[8.0, 8.0, 1.0, 0.0, 0.0, 0.0, 0.0, 0.0, 1.0, 0.465865, 0.31886040000000004, 0.0755903548995505, 0.271634, 0.158277612613096, 0.11522222102969745, 0.009060564755884161, 0.011730866238073257, 0.2827428546896632, 0.1939059598810815, 8.0, 0.14610312224409175, 0.3752253337197093, 0.5848390079169442, 0.4151609920830558, 1.3942001227012224, 0.42906739805729144, 2.2738401366788796, 0.9875162240897732]"
msmarco,msmarco_9900,answer_aware_fallback,0.064516,0.092308,413.0,1312.0,"[7.0, 7.0, 1.0, 0.0, 0.0, 0.0, 0.0, 0.0, 1.0, 0.430699, 0.21685150000000003, 0.12295841780964001, 0.323899, 0.08608099856280145, 0.05379162709920377, 0.4023552411312773, 0.1176273917515481, 0.5689750846879142, 0.4023552411312773, 3.0, 0.1986147202117578, 0.5509664447790308, 0.727494621895629, 0.2725053781043709, 2.320051496967281, 0.6112536496546418, 2.1528284663045905, 0.9349615234003242]"
msmarco,msmarco_9663,adaptive_k_full,0.369565,0.382022,765.0,1404.0,"[5.0, 5.0, 1.0, 0.0, 0.0, 0.0, 0.0, 0.0, 0.0, 0.721028, 0.43342369999999997, 0.2173646457140857, 0.616712, 0.007181413204480292, 0.13166201589952126, 0.016609618489157128, 0.21140371802482014, 0.3185382537155284, 0.21140371802482014, 5.0, 0.16635638521843638, 0.4747769907367778, 0.7286382816629547, 0.27136171833704525, 1.4674338001396146, 0.5042848859806176, 2.1640223413414037, 0.9398229615599268]"
msmarco,msmarco_9704,coverage_guided_ultra,0.093750,0.092308,1200.0,1502.0,"[7.0, 7.0, 1.0, 0.0, 0.0, 0.0, 0.0, 0.0, 1.0, 0.675659, 0.40516110000000005, 0.15324910834484487, 0.515183, 0.09815454245410779, 0.1607023661343962, 0.022675639634786148, 0.12531321273009016, 0.39260632952421265, 0.16382820328005696, 9.0, 0.1667630480813681, 0.4407528264682863, 0.6618574685476961, 0.3381425314523038, 1.6463786973885879, 0.4933080881676546, 2.229885437637335, 0.9684269408423123]"
msmarco,msmarco_9819,adaptive_k_full,0.106667,0.129032,312.0,1646.0,"[7.0, 7.0, 1.0, 0.0, 0.0, 0.0, 0.0, 0.0, 0.0, 0.413053, 0.2423479, 0.09004142080448309, 0.290586, 0.13191527479524415, 0.11620542642227515, 0.12454818146823778, 0.11035871909900179, 0.39057457517558286, 0.13191527479524415, 1.0, 0.17043803556787576, 0.4465415215068916, 0.6573318770247235, 0.34266812297527643, 1.6408898599662332, 0.5018845296049931, 2.2348571673095057, 0.9705861356044506]"
msmarco,msmarco_9747,fixed_10_full,0.029851,0.029851,1133.0,1133.0,"[8.0, 8.0, 1.0, 0.0, 0.0, 0.0, 0.0, 0.0, 1.0, 0.404715, 0.1984009, 0.08892742950794202, 0.287751, 0.28186748699702263, 0.09357201981641391, 0.12493483068332042, 0.07467230026067727, 0.5377166648135107, 0.28186748699702263, 1.0, 0.20398848997156768, 0.4778824087995569, 0.6741007727283496, 0.3258992272716505, 2.1631755330236833, 0.5422071831987904, 2.211506249245889, 0.9604449607420469]"
msmarco,msmarco_9750,fixed_10_full,0.517241,0.517241,1049.0,1049.0,"[4.0, 4.0, 1.0, 0.0, 0.0, 0.0, 0.0, 0.0, 0.0, 0.602018, 0.2950586, 0.16607536886016544, 0.4902540000000001, 0.18291313548764335, 0.04201037178290342, 0.1939177898335266, 0.11587859499217629, 0.5336102907222043, 0.1939177898335266, 3.0, 0.20403336828684202, 0.5288878209277751, 0.7426226519071126, 0.2573773480928873, 2.144129641171757, 0.5738008960761278, 2.1464468625988, 0.9321900281252061]"
msmarco,msmarco_9866,fixed_10_full,0.093750,0.093750,1423.0,1423.0,"[4.0, 4.0, 1.0, 0.0, 0.0, 0.0, 0.0, 0.0, 0.0, 0.403646, 0.30414050000000004, 0.05806586544476884, 0.189974, 0.11602493273809232, 0.023282777483240306, 0.010734653632142956, 0.11148630235404293, 0.18893287682771537, 0.11602493273809232, 1.0, 0.13271695154048868, 0.3642638846191152, 0.5847100271091814, 0.4152899728908185, 1.2329435769616108, 0.4262344024902923, 2.284135547968108, 0.9919874644016095]"
msmarco,msmarco_9894,coverage_guided_ultra,0.176471,0.212121,1192.0,1726.0,"[7.0, 7.0, 1.0, 0.0, 0.0, 0.0, 0.0, 0.0, 0.0, 0.397242, 0.3152796, 0.07456055188797894, 0.202172, 0.03668041143685713, 0.002265621459966359, 0.002524909249273822, 0.13226446347566473, 0.08670029855856128, 0.18198478509321772, 7.0, 0.12599673432724476, 0.36846151796690935, 0.6043058288579407, 0.39569417114205924, 1.0949308298488702, 0.42231060924152086, 2.273017386115465, 0.9871589080600995]"
msmarco,msmarco_9855,fixed_10_full,0.140845,0.140845,1421.0,1421.0,"[3.0, 3.0, 1.0, 0.0, 0.0, 0.0, 0.0, 0.0, 0.0, 0.588009, 0.3975131, 0.0754633930557724, 0.285505, 0.24784144460373905, 0.036948414054886955, 0.006402963219950652, 0.06588674663142911, 0.32127909606825744, 0.24784144460373905, 1.0, 0.14792191754183698, 0.36497790890413423, 0.5702237234445858, 0.42977627655541417, 1.47335965962906, 0.43527039185690786, 2.2857042315876233, 0.9926687350414171]"
msmarco,msmarco_9908,coverage_guided_ultra,0.200000,0.400000,1116.0,1264.0,"[6.0, 6.0, 1.0, 0.0, 0.0, 0.0, 0.0, 1.0, 0.0, 0.665, 0.4775576, 0.15576589034843283, 0.47726900000000005, 0.015293233082706784, 0.004001503759398533, 0.08359248120300751, 0.06122406015037598, 0.26297894736842103, 0.1999233082706767, 9.0, 0.13925021819357497, 0.41293427222182205, 0.6404877652454908, 0.3595122347545092, 1.3568133453304199, 0.4621332899009061, 2.2451245948178005, 0.9750452227146448]"
msmarco,msmarco_9881,fixed_10_full,0.093750,0.093750,1264.0,1264.0,"[7.0, 7.0, 1.0, 0.0, 0.0, 0.0, 0.0, 0.0, 1.0, 0.376092, 0.2376622, 0.0655442242196824, 0.22674799999999998, 0.20600544547610683, 0.06956808440487972, 0.02251842634249068, 0.09613605181710864, 0.3319267626006402, 0.20600544547610683, 1.0, 0.1582464523176172, 0.39853119259183833, 0.6153258700794657, 0.3846741299205343, 1.4968418790322258, 0.45957037580472054, 2.265498467793466, 0.9838934833229741]"
msmarco,msmarco_9742,fixed_10_full,0.250000,0.250000,1137.0,1137.0,"[8.0, 8.0, 1.0, 0.0, 0.0, 0.0, 0.0, 0.0, 1.0, 0.496739, 0.3364478, 0.10898618142847284, 0.30726, 0.02909374943380722, 0.01674319914482257, 0.23844513919784843, 0.07477568703081489, 0.3237273497752341, 0.23844513919784843, 3.0, 0.14764221968459892, 0.43186372447672416, 0.6373803008966026, 0.3626196991033973, 1.4786935412331699, 0.49074306743294394, 2.2500412369647, 0.9771804932685361]"
msmarco,msmarco_9824,adaptive_k_full,0.187500,0.307692,266.0,1349.0,"[7.0, 7.0, 1.0, 0.0, 0.0, 0.0, 0.0, 1.0, 0.0, 0.66895, 0.5047614, 0.09016677731869982, 0.30612400000000006, 0.14139023843336584, 0.010377457209058978, 0.006761342402272133, 0.011692951640630831, 0.21053292473279028, 0.14139023843336584, 1.0, 0.13252796271664197, 0.3587322643926417, 0.5748771597828202, 0.4251228402171798, 1.2666772704378222, 0.4237786076690283, 2.286532397901081, 0.99302840310145]"
msmarco,msmarco_9723,adaptive_k_full,0.347826,0.369231,1160.0,1532.0,"[6.0, 6.0, 1.0, 0.0, 0.0, 0.0, 0.0, 0.0, 1.0, 0.505842, 0.298443, 0.12587586423536484, 0.41020500000000004, 0.21663483854642365, 0.030074608276892737, 0.06570826463599304, 0.010594217166625156, 0.33420317015985235, 0.2798818603437437, 7.0, 0.1694936721585026, 0.42994709207453347, 0.6593362886715386, 0.34066371132846135, 1.5019596897751704, 0.4614428307982658, 2.2020112387703317, 0.9563213300868989]"
msmarco,msmarco_9874,coverage_guided_ultra,0.207792,0.264151,257.0,1403.0,"[3.0, 3.0, 1.0, 0.0, 0.0, 0.0, 0.0, 0.0, 0.0, 0.408038, 0.141432, 0.09885919159289136, 0.339163, 0.52157152029958, 0.024960910503433503, 0.14475857640709935, 0.01917468471073772, 0.7389801930212383, 0.52157152029958, 1.0, 0.28850472311782344, 0.5573611346795633, 0.7217305843090673, 0.2782694156909328, 3.831126884870336, 0.6175281233353178, 2.1088163526703294, 0.9158473053120658]"
msmarco,msmarco_9813,answer_aware_fallback,0.219512,0.285714,461.0,1231.0,"[4.0, 4.0, 1.0, 0.0, 0.0, 0.0, 0.0, 0.0, 0.0, 0.559755, 0.295022, 0.18121958506850191, 0.452328, 0.04843547623513863, 0.08025475431215441, 0.1292672687157774, 0.35143946905342516, 0.39577851024108757, 0.35143946905342516, 5.0, 0.18973330802448632, 0.535593277789453, 0.7910243981804747, 0.20897560181952532, 1.6550222343118006, 0.5782845481830595, 2.1084895131486756, 0.9157053607113437]"
msmarco,msmarco_9657,coverage_guided_ultra,0.400000,0.449438,367.0,1347.0,"[7.0, 7.0, 1.0, 0.0, 0.0, 0.0, 0.0, 0.0, 0.0, 0.369106, 0.17177, 0.08803248129980207, 0.24715399999999998, 0.12185388479190257, 0.523218262504538, 0.003131891651720693, 0.0023272447481211323, 0.6482419684318326, 0.523218262504538, 2.0, 0.214883856319497, 0.47985154567153754, 0.6310339407347034, 0.36896605926529663, 2.842863304476416, 0.5610318061031125, 2.1934143229089478, 0.9525877369669133]"
msmarco,msmarco_9759,answer_aware_fallback,0.467532,0.493151,579.0,1045.0,"[3.0, 3.0, 1.0, 0.0, 0.0, 0.0, 0.0, 0.0, 0.0, 0.803855, 0.4193448, 0.24446691704269516, 0.694102, 0.19665486934832768, 0.026701332951838377, 0.04617623825192356, 0.1803235658172183, 0.31813697743996117, 0.20840947683350852, 6.0, 0.19169308883763433, 0.49456604684259825, 0.7653000585675559, 0.23469994143244413, 1.4665702155918696, 0.5221624931423178, 2.1124898809093335, 0.9174426983553811]"
msmarco,msmarco_9901,fixed_10_full,0.373333,0.373333,1300.0,1300.0,"[8.0, 7.0, 0.875, 0.0, 0.0, 1.0, 0.0, 0.0, 0.0, 0.242201, 0.1773903, 0.02725281844892377, 0.09640499999999999, 0.16631227781883648, 0.04185366699559448, 0.04387678002980994, 0.03241935417277384, 0.28608882704860833, 0.16631227781883648, 1.0, 0.1365356504837074, 0.35847732373190644, 0.5580744832158241, 0.4419255167841759, 1.4007344861488635, 0.43062999980361394, 2.2913279656414245, 0.9951110917086744]"
msmarco,msmarco_9873,coverage_guided_ultra,0.227848,0.328767,747.0,1446.0,"[5.0, 5.0, 1.0, 0.0, 0.0, 0.0, 0.0, 0.0, 0.0, 0.41816, 0.291662, 0.08507170609668058, 0.24891199999999997, 0.06445618901855737, 0.07601874880428554, 0.06344222307250806, 0.006523818634015708, 0.24629806772527257, 0.1781901664434666, 6.0, 0.14337143680013165, 0.40073304030007334, 0.6229279097036982, 0.3770720902963019, 1.326784445121332, 0.4537790526122891, 2.2583545230235624, 0.9807909075303833]"
msmarco,msmarco_9664,coverage_guided_ultra,0.147059,0.193548,774.0,1283.0,"[6.0, 6.0, 1.0, 0.0, 0.0, 0.0, 0.0, 0.0, 0.0, 0.551354, 0.3088766, 0.14830115414534037, 0.403017, 0.06788016410509393, 0.10952310131059183, 0.1409094701407807, 0.20497901529688725, 0.4117862571052355, 0.20497901529688725, 5.0, 0.178503000874783, 0.49172517439003144, 0.7184063150138276, 0.2815936849861725, 1.7000622853160827, 0.5454343043595988, 2.188495934490458, 0.9504517080169063]"
msmarco,msmarco_9659,adaptive_k_full,0.476190,0.481928,719.0,1182.0,"[3.0, 3.0, 1.0, 0.0, 0.0, 0.0, 0.0, 0.0, 0.0, 0.533149, 0.3221942, 0.15407219829858987, 0.427162, 0.07449699802494232, 0.06227902518808065, 0.004088913230635367, 0.2458187110920211, 0.26637769178972487, 0.2458187110920211, 5.0, 0.16547442505172347, 0.4614629934368775, 0.7250236037768526, 0.2749763962231474, 1.3630992253215044, 0.49638695564789415, 2.179431596912535, 0.9465151162247061]"
msmarco,msmarco_9709,answer_aware_fallback,0.000000,0.000000,693.0,1557.0,"[6.0, 6.0, 1.0, 0.0, 0.0, 0.0, 0.0, 0.0, 0.0, 0.635778, 0.4043857, 0.16015906952967102, 0.5298889999999999, 0.1217217330577653, 0.021479195568264397, 0.12424305339285102, 0.01986227897159067, 0.2694226601109192, 0.19632639065837446, 6.0, 0.1572206930165928, 0.4300107545840518, 0.6600455950840992, 0.33995440491590084, 1.3687804773028192, 0.46522183824617264, 2.213113759349179, 0.9611430935095095]"
msmarco,msmarco_9884,answer_aware_fallback,0.324324,0.333333,784.0,1332.0,"[4.0, 4.0, 1.0, 0.0, 0.0, 0.0, 0.0, 0.0, 0.0, 0.585638, 0.23803049999999998, 0.16792306532055087, 0.513924, 0.30615841185168996, 0.0988938559314798, 0.08347135944047353, 0.27960446555722135, 0.49514717282689985, 0.30615841185168996, 1.0, 0.24603485687758503, 0.5631219528589824, 0.8131743621090575, 0.1868256378909426, 1.9807752797967941, 0.6009302659215574, 2.0569212493124382, 0.8933095482859348]"
msmarco,msmarco_9674,answer_aware_fallback,0.035714,0.034483,629.0,1297.0,"[5.0, 5.0, 1.0, 0.0, 0.0, 0.0, 0.0, 0.0, 0.0, 0.39934, 0.28576389999999996, 0.1034788550617468, 0.291408, 0.05100916512245205, 0.0019707517403715685, 0.030074623128161383, 0.07440276456152656, 0.16064256022437012, 0.2554590073621476, 8.0, 0.13974473332705775, 0.40470227345021537, 0.6501363538221588, 0.34986364617784127, 1.191387545534012, 0.43842839622945506, 2.2272680297224046, 0.9672902150279681]"
msmarco,msmarco_9898,coverage_guided_ultra,0.114286,0.126582,664.0,1513.0,"[4.0, 4.0, 1.0, 0.0, 0.0, 0.0, 0.0, 0.0, 0.0, 0.453873, 0.2595486, 0.11161801001469253, 0.370304, 0.16292443040233728, 0.0688298268458357, 0.0164451289237297, 0.02985636951305757, 0.45771173874630133, 0.20951235257439862, 4.0, 0.17487013992755113, 0.4555929024467864, 0.6818904051110274, 0.3181095948889726, 1.8440377036525415, 0.4977848817972177, 2.2060678933957014, 0.9580831128056843]"
msmarco,msmarco_9801,coverage_guided_ultra,0.517857,0.727273,184.0,1299.0,"[5.0, 5.0, 1.0, 0.0, 0.0, 0.0, 0.0, 0.0, 0.0, 0.48694, 0.28474330000000003, 0.08914129167568753, 0.306803, 0.2614161909064771, 0.0075861502443833545, 0.08569638969893625, 0.03116400377869968, 0.48239413480100213, 0.2614161909064771, 1.0, 0.17101016951057318, 0.4223235454530449, 0.6211924916231567, 0.3788075083768433, 1.9319719254254233, 0.48852321559584955, 2.2567164360427214, 0.9800794953937265]"
msmarco,msmarco_9681,adaptive_k_full,0.117647,0.470588,184.0,1305.0,"[10.0, 10.0, 1.0, 0.0, 0.0, 0.0, 0.0, 0.0, 1.0, 0.78696, 0.3858802, 0.1822735445344716, 0.587863, 0.3104617769645217, 0.035188573752160134, 0.024475195689742844, 0.06357756429805834, 0.5779505946935042, 0.3104617769645217, 1.0, 0.2039389427081255, 0.4780100145070932, 0.6925382541006251, 0.30746174589937497, 2.369390851940169, 0.53403540324675, 2.1984261956872193, 0.9547643656585177]"
msmarco,msmarco_9879,coverage_guided_ultra,0.341463,0.347826,284.0,1329.0,"[5.0, 5.0, 1.0, 0.0, 0.0, 0.0, 0.0, 0.0, 0.0, 0.786028, 0.3922696, 0.2394743135971789, 0.7047319999999999, 0.20628527228037666, 0.006083752741632696, 0.13509824077513782, 0.06517452304498055, 0.41938582340578195, 0.20628527228037666, 1.0, 0.20037953489130944, 0.5172488513002282, 0.7643462557384004, 0.2356537442615997, 1.7223141292653694, 0.5406699584573529, 2.091554088106081, 0.9083503990666587]"
msmarco,msmarco_9780,fixed_10_full,0.197802,0.197802,1577.0,1577.0,"[4.0, 4.0, 1.0, 0.0, 0.0, 0.0, 0.0, 0.0, 0.0, 0.43699, 0.31107809999999997, 0.053782894837392306, 0.181122, 0.17423968511865265, 0.027462871003913095, 0.07753037826952554, 0.04758232453831884, 0.30837547769971857, 0.17423968511865265, 1.0, 0.14047597693312389, 0.36861707719058334, 0.5670241653141125, 0.43297583468588763, 1.4458712317979838, 0.44288540388887687, 2.2884084982058543, 0.99384318311131]"
msmarco,msmarco_9687,answer_aware_fallback,0.000000,0.000000,909.0,1534.0,"[7.0, 7.0, 1.0, 0.0, 0.0, 0.0, 0.0, 0.0, 0.0, 0.436875, 0.3601009, 0.07214848362571455, 0.251475, 0.03143233190271822, 0.008189985693848286, 0.0698826895565093, 0.027911874105865483, 0.12800000000000006, 0.2114517882689557, 9.0, 0.12132016332089146, 0.3553401282807125, 0.5691663086651547, 0.43083369133484534, 1.146788990825688, 0.4077921978589669, 2.280031318615709, 0.9902050202413973]"
msmarco,msmarco_9748,coverage_guided_ultra,0.113208,0.272727,271.0,1424.0,"[4.0, 4.0, 1.0, 0.0, 0.0, 0.0, 0.0, 0.0, 0.0, 0.344148, 0.2530851, 0.043261661557203276, 0.12992, 0.04903994792937931, 0.19071155433127607, 0.0560659948626753, 0.020125062473121992, 0.3100526517661007, 0.19071155433127607, 2.0, 0.13598113836018003, 0.368673224935012, 0.5582485891109353, 0.44175141088906456, 1.4493859604791026, 0.4457343251311444, 2.2888439076726557, 0.9940322790401103]"
msmarco,msmarco_9654,fixed_10_full,0.465116,0.465116,1270.0,1270.0,"[5.0, 5.0, 1.0, 0.0, 0.0, 0.0, 0.0, 0.0, 0.0, 0.424919, 0.2559253, 0.09136435048753971, 0.316628, 0.1526479164264248, 0.09300125435671269, 0.10102866663999491, 0.05400323355745447, 0.3732993817645245, 0.1526479164264248, 1.0, 0.16603243211984123, 0.4319670622638715, 0.6444923577309473, 0.35550764226905274, 1.595658231223033, 0.47918298419776695, 2.2369605256922616, 0.9714996125435464]"
msmarco,msmarco_9862,answer_aware_fallback,0.000000,0.030769,973.0,1468.0,"[6.0, 6.0, 1.0, 0.0, 0.0, 0.0, 0.0, 0.0, 0.0, 0.670518, 0.4581679, 0.1473392630214024, 0.5596099999999999, 0.025686111334818736, 0.17851869748463117, 0.0829895692583943, 0.06870061653825851, 0.30013511941513865, 0.43852663164896394, 9.0, 0.14634765988625564, 0.4053989814650917, 0.6121400036973345, 0.38785999630266543, 1.428847235718304, 0.4568344465560847, 2.2405830975125984, 0.973072875495417]"
msmarco,msmarco_9885,fixed_10_full,0.030769,0.030769,1560.0,1560.0,"[6.0, 6.0, 1.0, 0.0, 0.0, 0.0, 0.0, 0.0, 0.0, 0.685675, 0.3422905, 0.15753685480118615, 0.5003230000000001, 0.2249010099536953, 0.07502679841032557, 0.25295657563714585, 0.05700222408575496, 0.5717898421263719, 0.25295657563714585, 3.0, 0.2003196115580187, 0.49582532965419723, 0.6711702486630509, 0.3288297513369492, 2.3353019110189264, 0.560212246245255, 2.20638350239155, 0.9582201800510203]"
msmarco,msmarco_9763,fixed_10_full,0.109091,0.109091,1666.0,1666.0,"[7.0, 7.0, 1.0, 0.0, 0.0, 0.0, 0.0, 0.0, 0.0, 0.611489, 0.3447462, 0.1019061429873587, 0.3983749999999999, 0.3339078871410605, 0.05909672945874747, 0.05155939027521346, 0.014054218473267788, 0.4797894974398557, 0.3339078871410605, 1.0, 0.1773736737344748, 0.4031858799313814, 0.5939772505106655, 0.4060227494893345, 1.9222987522909243, 0.4697821715251373, 2.263232669047545, 0.9829094594305172]"
msmarco,msmarco_9695,adaptive_k_full,0.140845,0.135593,621.0,1117.0,"[3.0, 3.0, 1.0, 0.0, 0.0, 0.0, 0.0, 0.0, 0.0, 0.611371, 0.3265131, 0.16604267466314196, 0.506174, 0.15817891264060605, 0.027049042234584278, 0.1647428484504499, 0.2030747287653487, 0.4206872749934164, 0.2030747287653487, 5.0, 0.1872424107945439, 0.49742690262657147, 0.7276118477329088, 0.2723881522670913, 1.7261833839203782, 0.535570455192217, 2.1694538342118137, 0.9421818289420427]"
msmarco,msmarco_9865,answer_aware_fallback,0.000000,0.137931,431.0,1577.0,"[7.0, 7.0, 1.0, 0.0, 0.0, 0.0, 0.0, 0.0, 0.0, 0.458646, 0.25889850000000003, 0.11844201640655228, 0.317353, 0.03841742869228125, 0.10039115134548209, 0.32612515970923106, 0.1293939116442747, 0.47836893813529385, 0.32612515970923106, 3.0, 0.17715282243813696, 0.5000623796584376, 0.6872592927344113, 0.3127407072655886, 1.9170637508150674, 0.5628242810334911, 2.203868196366103, 0.9571277965238706]"
msmarco,msmarco_9730,fixed_10_full,0.444444,0.444444,1166.0,1166.0,"[2.0, 2.0, 1.0, 0.0, 0.0, 0.0, 0.0, 0.0, 0.0, 0.301343, 0.1237061, 0.06355121873174426, 0.23051900000000003, 0.5280826168187083, 0.05751585402680666, 0.006437846573505929, 0.020979415483352835, 0.6068831862694671, 0.5280826168187083, 1.0, 0.2435959099834204, 0.4594995719693694, 0.6546395044383422, 0.3453604955616578, 2.543773161240219, 0.5202306689803121, 2.1960903910425933, 0.9537499385905527]"
msmarco,msmarco_9842,adaptive_k_full,0.034483,0.035088,906.0,1036.0,"[6.0, 6.0, 1.0, 0.0, 0.0, 0.0, 0.0, 0.0, 0.0, 0.704962, 0.5421975, 0.14837060326577498, 0.42466, 0.0008780615125353213, 0.012803526998618493, 0.10629083553439755, 0.09507604665215998, 0.13158581597305943, 0.22697677321614498, 8.0, 0.13001941174571996, 0.38816519810585626, 0.6154965672102879, 0.3845034327897122, 1.1515242592686363, 0.43529847810520766, 2.261969314973674, 0.9823607917275451]"
msmarco,msmarco_9667,answer_aware_fallback,0.125000,0.190476,982.0,1441.0,"[6.0, 6.0, 1.0, 0.0, 0.0, 0.0, 0.0, 0.0, 0.0, 0.494165, 0.34410569999999996, 0.10191955532482469, 0.402378, 0.1145245009258042, 0.09302156162415388, 0.02618558578612397, 0.056523630771098746, 0.24740319528902296, 0.38330517134965036, 9.0, 0.14360849006569784, 0.38457340288173086, 0.6026953346021295, 0.3973046653978705, 1.3287327208146122, 0.4313266300898905, 2.2489116966178004, 0.9766899401287906]"
msmarco,msmarco_9733,fixed_10_full,0.512821,0.512821,1361.0,1361.0,"[5.0, 5.0, 1.0, 0.0, 0.0, 0.0, 0.0, 0.0, 0.0, 0.219687, 0.1651226, 0.03367261234059514, 0.104434, 0.06790115027288818, 0.06509260903012017, 0.026214568909402988, 0.01970530800639091, 0.22227077614970384, 0.11501363303245077, 6.0, 0.13304478006039147, 0.37240632112139704, 0.5877420777046872, 0.41225792229531266, 1.2857945533399275, 0.4356299780175562, 2.281582724459971, 0.9908787872387528]"
msmarco,msmarco_9694,coverage_guided_ultra,0.225000,0.514286,199.0,1600.0,"[5.0, 5.0, 1.0, 0.0, 0.0, 0.0, 0.0, 0.0, 0.0, 0.542385, 0.3714938, 0.10505199847770627, 0.34359300000000004, 0.12104317044166042, 0.03946089954552579, 0.006607852355798983, 0.11835504300450782, 0.2596716354618952, 0.12104317044166042, 1.0, 0.14600109073152767, 0.39689706799951974, 0.6265883845167806, 0.37341161548321933, 1.3507519742592948, 0.45232004343898063, 2.261431105294504, 0.9821270502337748]"
msmarco,msmarco_9905,adaptive_k_full,0.162162,0.159292,603.0,1270.0,"[4.0, 4.0, 1.0, 0.0, 0.0, 0.0, 0.0, 0.0, 0.0, 0.595308, 0.3667121, 0.12142547858785649, 0.35745499999999997, 0.11953812144301765, 0.1163851317301296, 0.019188386515887605, 0.08599246104537477, 0.43403246722704886, 0.178920827538014, 4.0, 0.16233661229067706, 0.42930544151665573, 0.6421053464011687, 0.3578946535988314, 1.766885805446316, 0.4946860173583082, 2.2498330819810772, 0.9770900927077681]"
msmarco,msmarco_9698,coverage_guided_ultra,0.140845,0.416667,449.0,1551.0,"[6.0, 6.0, 1.0, 0.0, 0.0, 0.0, 0.0, 0.0, 1.0, 0.401614, 0.3131004, 0.05749202997494523, 0.15846800000000003, 0.016759873908778186, 0.007519658179246657, 0.1807232815589098, 0.004305128805270822, 0.28382227711185365, 0.1807232815589098, 3.0, 0.12827003734265432, 0.3795459858882327, 0.5733844479278851, 0.4266155520721149, 1.3963014598768544, 0.45263908055258567, 2.286163419410286, 0.9928681577789565]"
msmarco,msmarco_9756,adaptive_k_full,0.039216,0.064516,303.0,1323.0,"[3.0, 3.0, 1.0, 0.0, 0.0, 0.0, 0.0, 0.0, 0.0, 0.615334, 0.42155570000000003, 0.11088375508707306, 0.34881200000000007, 0.15138770163845985, 0.026288162201341007, 0.009562286498064466, 0.10286608573555173, 0.2669623326518607, 0.15138770163845985, 1.0, 0.1459674249452682, 0.38986971353963423, 0.6155060885192633, 0.3844939114807367, 1.3641863775126757, 0.44734189012195, 2.2674581625028143, 0.984744567921459]"
msmarco,msmarco_9774,answer_aware_fallback,0.000000,0.034483,448.0,1557.0,"[3.0, 3.0, 1.0, 0.0, 0.0, 0.0, 0.0, 0.0, 0.0, 0.448, 0.23386330000000002, 0.1296464143523067, 0.35435300000000003, 0.017468749999999998, 0.16814732142857144, 0.295703125, 0.039200892857142844, 0.5308013392857143, 0.295703125, 3.0, 0.1915649013761458, 0.5357907803404809, 0.7250338124878936, 0.2749661875121064, 2.1312933810971404, 0.5833140139527825, 2.1539344961566744, 0.9354418660619046]"
msmarco,msmarco_9744,answer_aware_fallback,0.229885,0.279570,490.0,1428.0,"[5.0, 5.0, 1.0, 0.0, 0.0, 0.0, 0.0, 0.0, 1.0, 0.445191, 0.2376092, 0.09602800992606272, 0.29811699999999997, 0.2092090810461128, 0.10293559393608581, 0.1499603540952086, 0.0955095678034821, 0.4787742789050093, 0.2092090810461128, 1.0, 0.18736269471047418, 0.464405839504531, 0.6628455463845677, 0.3371544536154324, 1.9185545907043893, 0.5303071152409032, 2.226677199635526, 0.9670336207814942]"
msmarco,msmarco_9737,coverage_guided_ultra,0.205128,0.265060,1084.0,1666.0,"[3.0, 3.0, 1.0, 0.0, 0.0, 0.0, 0.0, 0.0, 0.0, 0.66151, 0.38529230000000003, 0.20832339737535485, 0.66151, 0.14211425375277778, 0.09014073861317295, 0.07925503771673893, 0.005635591298695422, 0.32357636316911315, 0.5611978654895617, 8.0, 0.17169042828003572, 0.4507956686391085, 0.6851382703469547, 0.31486172965304526, 1.4783634774874237, 0.4507956686391085, 2.063110175214955, 0.8959973646543059]"
msmarco,msmarco_9871,adaptive_k_full,0.000000,0.041667,341.0,1090.0,"[13.0, 10.0, 0.7692307692307693, 0.0, 0.0, 0.0, 0.0, 0.0, 0.0, 0.430141, 0.3177112, 0.056051448087984304, 0.18784499999999998, 0.07611922602123489, 0.13459075047484437, 0.010115287777728684, 0.06471831329726759, 0.27007888111107753, 0.13459075047484437, 2.0, 0.13538742102890927, 0.3673291970821299, 0.5716417929238881, 0.4283582070761119, 1.3700110520465396, 0.4382642565461031, 2.2875088587849506, 0.9934524746751089]"
msmarco,msmarco_9844,answer_aware_fallback,0.394558,0.435374,1190.0,1554.0,"[7.0, 7.0, 1.0, 0.0, 0.0, 0.0, 0.0, 0.0, 0.0, 0.328689, 0.2570589, 0.06694689673382928, 0.19914700000000002, 0.008433504011390697, 0.000657156156731725, 0.05750420610364205, 0.12525213803930163, 0.11031704742172696, 0.16909297238422952, 9.0, 0.12786524800347313, 0.3813550124115524, 0.6144646226993113, 0.38553537730068865, 1.1239959101183536, 0.4345474984551798, 2.2661473082353476, 0.9841752711465189]"
msmarco,msmarco_9772,answer_aware_fallback,0.333333,0.508772,1251.0,1723.0,"[9.0, 9.0, 1.0, 0.0, 0.0, 0.0, 0.0, 0.0, 0.0, 0.687981, 0.5018971999999999, 0.13624471182456954, 0.48428299999999996, 0.026851032223273553, 0.07626664108456487, 0.11653228795562671, 0.02636700722839736, 0.23880019942411193, 0.2805746088918154, 9.0, 0.13707607852763473, 0.3934126350973865, 0.6047222419252389, 0.3952777580747611, 1.31371553072327, 0.4468725684874617, 2.2617734059944627, 0.9822757095389184]"
msmarco,msmarco_9857,fixed_10_full,0.277778,0.277778,1045.0,1045.0,"[4.0, 4.0, 1.0, 0.0, 0.0, 0.0, 0.0, 0.0, 0.0, 0.696058, 0.3713859, 0.1917246809508103, 0.598302, 0.17693209473923138, 0.10619086340506118, 0.06565832157665018, 0.054643434886173264, 0.3946610770941502, 0.24773510253455897, 7.0, 0.1874217626463471, 0.47604095901325283, 0.7115472073657078, 0.28845279263429224, 1.6519671247961913, 0.502500066793508, 2.1528625709691744, 0.9349763348679603]"
msmarco,msmarco_9906,coverage_guided_ultra,0.000000,0.000000,792.0,1464.0,"[4.0, 4.0, 1.0, 0.0, 0.0, 0.0, 0.0, 0.0, 0.0, 0.385329, 0.2628695, 0.09511006261405781, 0.265188, 0.06043926099514962, 0.032598117452877905, 0.07807613753441857, 0.14720407755450537, 0.18636801278907106, 0.25981434047268703, 7.0, 0.1465856632283319, 0.4172595147021621, 0.658029174171975, 0.34197082582802496, 1.2290568902384567, 0.4606417961220093, 2.2312640265003876, 0.9690256543783493]"
msmarco,msmarco_9891,coverage_guided_ultra,0.358209,0.406250,1042.0,1689.0,"[5.0, 5.0, 1.0, 0.0, 0.0, 0.0, 0.0, 0.0, 0.0, 0.350185, 0.2340855, 0.08115683762474978, 0.23975800000000003, 0.14124534174793324, 0.039367762753972954, 0.008644002455844773, 0.06182731984522459, 0.20699344632123035, 0.292596770278567, 7.0, 0.14959704894151923, 0.40064207308867916, 0.6405582575597378, 0.3594417424402623, 1.261023626300419, 0.4438273898115789, 2.236577705662288, 0.971333355916967]"
msmarco,msmarco_9715,adaptive_k_full,0.031250,0.043478,563.0,1354.0,"[9.0, 9.0, 1.0, 0.0, 0.0, 0.0, 1.0, 1.0, 0.0, 0.484222, 0.3328959, 0.07423390593313813, 0.232394, 0.12881694759841558, 0.07639264634816262, 0.024230621491795074, 0.022900653006265755, 0.3817319328737645, 0.15229171743539122, 4.0, 0.1454574838560643, 0.387785791293915, 0.5898011961096546, 0.41019880389034524, 1.6174213956222714, 0.45888291780209345, 2.2787250667757553, 0.9896377222753294]"
msmarco,msmarco_9725,adaptive_k_full,0.084507,0.084507,1460.0,1780.0,"[9.0, 9.0, 1.0, 0.0, 0.0, 0.0, 0.0, 0.0, 1.0, 0.468851, 0.32416330000000004, 0.10637873988730079, 0.323191, 0.057739025831234254, 0.06073784635203941, 0.05178830801256688, 0.015224452971199875, 0.28245220763099577, 0.18182535602995412, 8.0, 0.14463420134234814, 0.4084157583538913, 0.6322057432164591, 0.36779425678354083, 1.3936353935373027, 0.4506348174957138, 2.2437172556172884, 0.9744340230656963]"
msmarco,msmarco_9755,coverage_guided_ultra,0.000000,0.000000,528.0,1631.0,"[6.0, 6.0, 1.0, 0.0, 0.0, 0.0, 1.0, 1.0, 0.0, 0.332647, 0.2210334, 0.0780603669696729, 0.20138200000000003, 0.003030239262641806, 0.017934928016786644, 0.23637369343478212, 0.05308630470138016, 0.38500873298120836, 0.23637369343478212, 3.0, 0.15049625984127288, 0.4478775605858662, 0.6521991698992098, 0.3478008301007902, 1.6260393498716852, 0.5119022195241387, 2.241600988954012, 0.9735149401315994]"
msmarco,msmarco_9848,adaptive_k_full,0.000000,0.000000,385.0,1303.0,"[9.0, 9.0, 1.0, 0.0, 0.0, 0.0, 0.0, 0.0, 0.0, 0.554945, 0.329561, 0.12697395719044122, 0.39419000000000004, 0.043451152816945914, 0.2930704844624241, 0.03036877528403717, 0.0565533521339952, 0.36909063060303277, 0.2930704844624241, 2.0, 0.1683891601251362, 0.44118418138068527, 0.6540312719041392, 0.34596872809586093, 1.5850137095852852, 0.49126367769216345, 2.2292908791841235, 0.9681687273869136]"
msmarco,msmarco_9661,adaptive_k_full,0.162162,0.206897,270.0,1225.0,"[6.0, 6.0, 1.0, 0.0, 0.0, 0.0, 0.0, 0.0, 0.0, 0.341964, 0.2015191, 0.05155191258226992, 0.18809599999999999, 0.34926191061047357, 0.023414745411797774, 0.04399878349767813, 0.05902375688668985, 0.41742405633341517, 0.34926191061047357, 1.0, 0.16969309608865857, 0.38657129770825693, 0.5844165639882274, 0.41558343601177256, 1.716514406184118, 0.45804715736939, 2.273575595254146, 0.9874013352087767]"
msmarco,msmarco_9691,adaptive_k_full,0.126984,0.163265,608.0,1365.0,"[6.0, 6.0, 1.0, 0.0, 0.0, 0.0, 0.0, 0.0, 0.0, 0.440893, 0.2700838, 0.09738712387764617, 0.29155, 0.11899259003885293, 0.04717924757254031, 0.09820296534533317, 0.03330513299145145, 0.4483831677980825, 0.18400836484135608, 4.0, 0.1632430379015698, 0.4431780062336208, 0.6533113056021872, 0.3466886943978128, 1.8128525846614363, 0.5005124499624287, 2.2385952872757144, 0.9722095804784675]"
msmarco,msmarco_9686,task_aware_coverage_ultra,0.495238,0.640777,1089.0,1378.0,"[4.0, 4.0, 1.0, 0.0, 0.0, 0.0, 0.0, 0.0, 0.0, 0.672635, 0.40395260000000005, 0.16459518124428796, 0.5837789999999999, 0.10646784660328404, 0.039021163037903206, 0.21946523746162486, 0.07251332446274728, 0.4078526987147561, 0.29488504166449864, 9.0, 0.1665133483482963, 0.4575858652723116, 0.6619298897940005, 0.33807011020599936, 1.68876899013053, 0.504557981189388, 2.210780727501252, 0.9601298706518503]"
msmarco,msmarco_9675,fixed_10_full,0.357143,0.357143,1463.0,1463.0,"[5.0, 5.0, 1.0, 0.0, 0.0, 0.0, 0.0, 0.0, 0.0, 0.681429, 0.41390770000000005, 0.18968431204664765, 0.577175, 0.08058506462155264, 0.043601020796003594, 0.1855072208549974, 0.01441382741268716, 0.35959432310629574, 0.25007007333119086, 7.0, 0.16463308124009288, 0.46018713834026276, 0.6792664161599312, 0.32073358384006867, 1.5615102052975427, 0.4872687216330172, 2.1814755204016656, 0.9474027809174679]"
msmarco,msmarco_9670,fixed_10_full,0.103448,0.103448,1210.0,1210.0,"[4.0, 4.0, 1.0, 0.0, 0.0, 3.0, 0.0, 0.0, 0.0, 0.550866, 0.2781542, 0.15950942605676946, 0.45745399999999997, 0.15917301122232985, 0.05361557983248201, 0.04090831527086437, 0.08885282446184738, 0.5902832993867837, 0.33658639306110744, 4.0, 0.1980433874448058, 0.5204656266200547, 0.7494077026340067, 0.2505922973659934, 2.4407108582669834, 0.5618513149800808, 2.1387710673408993, 0.9288564726004807]"
msmarco,msmarco_9778,adaptive_k_full,0.184615,0.225806,438.0,1242.0,"[4.0, 4.0, 1.0, 0.0, 0.0, 0.0, 0.0, 0.0, 0.0, 0.428114, 0.2948331, 0.07717788324312867, 0.211946, 0.06248569306306257, 0.006402500268620155, 0.28157453388583414, 0.019270568119706386, 0.38730338180951807, 0.28157453388583414, 3.0, 0.14520554171156494, 0.4165404087939923, 0.599823764699418, 0.4001762353005819, 1.6321291326094913, 0.49035695747654223, 2.269967007717091, 0.9858341455539688]"
msmarco,msmarco_9856,answer_aware_fallback,0.090909,0.141176,672.0,1494.0,"[6.0, 6.0, 1.0, 0.0, 0.0, 0.0, 1.0, 0.0, 0.0, 0.44931, 0.30483899999999997, 0.1360088075361298, 0.353172, 0.06005653112550357, 0.04293472212948744, 0.009895172597983464, 0.0241459126215753, 0.1738065033050677, 0.4998085954018384, 7.0, 0.1473925580388336, 0.41814564409409555, 0.6706743559715129, 0.3293256440284872, 1.2103702147261575, 0.4465926521276961, 2.183079960921513, 0.9480995805817796]"
msmarco,msmarco_9660,answer_aware_fallback,0.320000,0.320000,660.0,1386.0,"[7.0, 7.0, 1.0, 0.0, 0.0, 0.0, 0.0, 0.0, 1.0, 0.733456, 0.34525290000000003, 0.2042438713780416, 0.594064, 0.295390589210532, 0.04240881525272143, 0.004109312624070102, 0.3901760978163653, 0.36722448245020833, 0.3901760978163653, 5.0, 0.21244021411550779, 0.5028056245146674, 0.7770376439995146, 0.22296235600048545, 1.5803392708241313, 0.547064816720235, 2.126347815655773, 0.9234611229463351]"
msmarco,msmarco_9803,answer_aware_fallback,0.226415,0.407080,1108.0,1670.0,"[6.0, 6.0, 1.0, 0.0, 0.0, 0.0, 0.0, 0.0, 1.0, 0.413968, 0.31427649999999996, 0.07763028839731306, 0.243906, 0.033077435937077286, 0.049020697251961516, 0.08626270629613875, 0.011053994511653, 0.19951542148185372, 0.23582499130367562, 8.0, 0.13172095272793227, 0.3799918224875229, 0.5949767163628207, 0.4050232836371794, 1.249243304413429, 0.42912166648939687, 2.2695446907269794, 0.9856507356155493]"
msmarco,msmarco_9838,fixed_10_full,0.075472,0.075472,1169.0,1169.0,"[6.0, 6.0, 1.0, 0.0, 0.0, 0.0, 0.0, 0.0, 0.0, 0.432537, 0.21195529999999999, 0.15321678060320287, 0.37320200000000003, 0.016722268846364564, 0.014521301067885605, 0.3031185771390656, 0.0433558285187163, 0.673311184939092, 0.33894903788577624, 4.0, 0.2040699147414573, 0.6024213595979908, 0.8049253781339745, 0.19507462186602553, 3.0610169491525427, 0.6388645112741326, 2.0422153726863175, 0.8869228672156605]"
msmarco,msmarco_9700,adaptive_k_full,0.465116,0.496124,1405.0,1487.0,"[7.0, 7.0, 1.0, 0.0, 0.0, 0.0, 0.0, 0.0, 1.0, 0.474441, 0.354179, 0.09582437044301413, 0.315947, 0.031106080629625166, 0.06384355483611236, 0.045320703733446356, 0.047538050042049404, 0.1825116294755302, 0.1837003968881273, 9.0, 0.1339551469737054, 0.3849796289446862, 0.6096516168378135, 0.39034838316218634, 1.2232589918783034, 0.43456673105674415, 2.2623672626455904, 0.9825336182055446]"
msmarco,msmarco_9822,coverage_guided_ultra,0.052632,0.058824,619.0,1519.0,"[6.0, 6.0, 1.0, 0.0, 0.0, 0.0, 0.0, 0.0, 0.0, 0.542483, 0.3515262, 0.11074581241274996, 0.31825200000000003, 0.13539226113998054, 0.02651327322699509, 0.09340753535133818, 0.16937120610231102, 0.26491521393297124, 0.16937120610231102, 5.0, 0.15432220983812872, 0.4170869767317486, 0.6454486180546429, 0.3545513819453571, 1.3603872899483664, 0.4787223448275411, 2.2530268339728923, 0.9784771215743809]"
msmarco,msmarco_9834,adaptive_k_full,0.112676,0.108108,1626.0,1757.0,"[6.0, 6.0, 1.0, 0.0, 0.0, 0.0, 0.0, 0.0, 1.0, 0.511122, 0.3412031, 0.12091209838345375, 0.43892499999999995, 0.159018786121513, 0.006229432503394533, 0.042036930517567246, 0.004544903173801988, 0.2688731848756265, 0.26939752153106306, 9.0, 0.14979992854695634, 0.4008246114997197, 0.629095984180683, 0.37090401581931703, 1.3677517761811102, 0.4369493108817991, 2.225742305174633, 0.9666276012759666]"
msmarco,msmarco_9805,adaptive_k_full,0.144928,0.250000,984.0,1319.0,"[6.0, 6.0, 1.0, 0.0, 0.0, 0.0, 0.0, 0.0, 0.0, 0.497958, 0.35316580000000003, 0.12039941635307042, 0.33141200000000004, 0.014736182569614327, 0.06324629788054419, 0.0016427088228324184, 0.11333887596945935, 0.1777117748886452, 0.20016748400467502, 6.0, 0.14099836394124232, 0.4099219120311196, 0.6556345489852075, 0.34436545101479243, 1.2161185937748036, 0.45889105702189814, 2.241024822321913, 0.9732647141426222]"
msmarco,msmarco_9828,fixed_10_full,0.245614,0.245614,1544.0,1544.0,"[4.0, 4.0, 1.0, 0.0, 0.0, 0.0, 0.0, 0.0, 0.0, 0.340867, 0.1976308, 0.0612596171320063, 0.21462099999999998, 0.29292363297121743, 0.044920746214799384, 0.010910413739082987, 0.08337269374858816, 0.4061701484743315, 0.29292363297121743, 1.0, 0.1724766584965501, 0.40863721646625933, 0.6233836021510817, 0.3766163978489183, 1.6839840527228442, 0.46925853487337, 2.2572956913093836, 0.9803310627596513]"
msmarco,msmarco_9909,coverage_guided_ultra,0.000000,0.026667,276.0,1569.0,"[9.0, 9.0, 1.0, 0.0, 0.0, 0.0, 0.0, 0.0, 1.0, 0.435086, 0.2926415, 0.06219219981999349, 0.21431699999999998, 0.1656431142348869, 0.10607098366759668, 0.024560661570356274, 0.029699875426927067, 0.36370740497281, 0.1656431142348869, 1.0, 0.1486754271010776, 0.38100201099297265, 0.5802297350170772, 0.41977026498292286, 1.5716040196213004, 0.45066900886123995, 2.2812360983473674, 0.9907282494307654]"
msmarco,msmarco_9810,adaptive_k_full,0.120482,0.300000,1057.0,1380.0,"[4.0, 4.0, 1.0, 0.0, 0.0, 0.0, 0.0, 0.0, 0.0, 0.430156, 0.2666088, 0.09496033846906823, 0.32076899999999997, 0.12065157756720812, 0.13127795497447442, 0.02235700536549528, 0.02954277052976129, 0.3591092533871432, 0.14469169324617115, 8.0, 0.16134351154200463, 0.42391698998682714, 0.644409711907484, 0.3555902880925161, 1.5603283481389856, 0.4678588193995411, 2.235709796700736, 0.9709564278441705]"
msmarco,msmarco_9830,adaptive_k_full,0.222222,0.222222,808.0,1214.0,"[7.0, 7.0, 1.0, 0.0, 0.0, 1.0, 0.0, 0.0, 0.0, 0.522732, 0.396123, 0.13171396193570367, 0.334943, 0.0051020408163264825, 9.756433507040559e-05, 0.0345798611908205, 0.11578017033585081, 0.07955319360590127, 0.2203500072694994, 7.0, 0.13196204209298626, 0.394526700040139, 0.6427034027309699, 0.35729659726903007, 1.08642888763725, 0.43621003471401343, 2.2414665183615856, 0.9734565402953305]"
msmarco,msmarco_9858,adaptive_k_full,0.036364,0.070175,673.0,1632.0,"[8.0, 8.0, 1.0, 0.0, 0.0, 0.0, 0.0, 0.0, 1.0, 0.321868, 0.2057038, 0.06691975090330209, 0.18345799999999998, 0.055264891197633725, 0.0596921719462638, 0.23140852771943776, 0.008264257397442416, 0.4861620291548088, 0.23140852771943776, 3.0, 0.15647158681560575, 0.4427798611401442, 0.625456116999297, 0.37454388300070296, 1.9461387766948024, 0.5153636145021431, 2.252504434190406, 0.9782502462314997]"
msmarco,msmarco_9728,coverage_guided_ultra,0.180180,0.178218,887.0,1503.0,"[3.0, 3.0, 1.0, 0.0, 0.0, 0.0, 0.0, 0.0, 0.0, 0.37521, 0.2710862, 0.08680596028706784, 0.24590099999999998, 0.03159830494922837, 0.018685536099784093, 0.10615388715652577, 0.056944111297673294, 0.17981663601716372, 0.176530476266624, 7.0, 0.13840984897054884, 0.4038962514506456, 0.6341750336239912, 0.36582496637600875, 1.2192395553403674, 0.4484757900807571, 2.2467475560379455, 0.9757500658168967]"
msmarco,msmarco_9808,coverage_guided_ultra,0.000000,0.000000,779.0,1515.0,"[5.0, 5.0, 1.0, 0.0, 0.0, 0.0, 0.0, 0.0, 0.0, 0.283241, 0.23070059999999998, 0.037158019915490656, 0.10424800000000001, 0.044456840641009056, 0.007022288439879689, 0.01850720764296138, 0.1276969082865828, 0.1421333775830477, 0.1276969082865828, 5.0, 0.1227742797374606, 0.356544369628861, 0.5760500839616369, 0.4239499160383632, 1.1656823728408985, 0.4235204587850825, 2.289556207375563, 0.9943416268705443]"
msmarco,msmarco_9820,task_aware_coverage_ultra,0.404040,0.423077,405.0,1635.0,"[4.0, 4.0, 1.0, 0.0, 0.0, 0.0, 0.0, 0.0, 0.0, 0.428339, 0.2388267, 0.0984685841820121, 0.31430800000000003, 0.0844144474353258, 0.2931533201506283, 0.03768977375396588, 0.04747174550998155, 0.447918587847476, 0.2931533201506283, 2.0, 0.17935138742862505, 0.45519701105445914, 0.6590879495466797, 0.34091205045332035, 1.8113270579081353, 0.5051019791832186, 2.2205036557310787, 0.9643524847300053]"
msmarco,msmarco_9878,adaptive_k_full,0.000000,0.000000,351.0,1223.0,"[8.0, 8.0, 1.0, 0.0, 0.0, 0.0, 0.0, 0.0, 0.0, 0.734988, 0.4181343, 0.1693385480474248, 0.5068349999999999, 0.12909734580700638, 0.1434594850528172, 0.05420496661169977, 0.1027077993110092, 0.4262518571731783, 0.1434594850528172, 2.0, 0.17577797372757986, 0.4567319638690248, 0.6759246969215393, 0.32407530307846066, 1.7429250316577265, 0.5127405661656462, 2.2225279074860027, 0.9652316060971519]"
msmarco,msmarco_9861,fixed_10_full,0.568182,0.568182,1408.0,1408.0,"[6.0, 6.0, 1.0, 0.0, 0.0, 0.0, 1.0, 0.0, 0.0, 0.530223, 0.3394525, 0.12809939917130758, 0.397623, 0.045371475775286996, 0.09921297265490182, 0.0809300992224026, 0.02054984412219013, 0.4047749720400662, 0.2189569294428948, 8.0, 0.15619946826139153, 0.438927390430178, 0.6528754391262401, 0.34712456087376, 1.680036881895552, 0.480400764410975, 2.22677172366682, 0.9670746720466926]"
msmarco,msmarco_9795,coverage_guided_ultra,0.000000,0.088235,717.0,1665.0,"[5.0, 5.0, 1.0, 0.0, 0.0, 0.0, 0.0, 0.0, 1.0, 0.40379, 0.2471225, 0.08480033576378103, 0.26319899999999996, 0.13040441813814108, 0.09913073627380571, 0.07712920082220959, 0.03427028901161492, 0.38144827757002403, 0.1493969637682954, 6.0, 0.16339669597062184, 0.43137715100810325, 0.6457352122934981, 0.3542647877065018, 1.6166796788981643, 0.4893758842718283, 2.2443354769668, 0.9747025131863838]"
msmarco,msmarco_9851,fixed_10_full,0.101695,0.101695,1583.0,1583.0,"[5.0, 5.0, 1.0, 0.0, 0.0, 0.0, 0.0, 0.0, 1.0, 0.487141, 0.2951429, 0.09588055357938856, 0.31577299999999997, 0.200379356284936, 0.05331515926600306, 0.09294228980931596, 0.028609786488922054, 0.378672704617349, 0.200379356284936, 1.0, 0.1650525897793916, 0.4202117008405081, 0.6306026673858662, 0.36939733261413366, 1.609457700364088, 0.47632828273711564, 2.2501968961240766, 0.9772480951825111]"
msmarco,msmarco_9854,fixed_10_full,0.067797,0.067797,1486.0,1486.0,"[6.0, 6.0, 1.0, 0.0, 0.0, 0.0, 0.0, 0.0, 0.0, 0.641203, 0.5087654, 0.09638685500232902, 0.33290299999999995, 0.02974097126806943, 0.06208018365478641, 0.08017897608089791, 0.033299906581846825, 0.17922405228921262, 0.15639508860688428, 8.0, 0.12603117271732706, 0.3627729008301272, 0.5705700505576833, 0.4294299494423166, 1.2183592889010497, 0.41994483292768414, 2.28354898517593, 0.9917327234176768]"
msmarco,msmarco_9684,answer_aware_fallback,0.187500,0.208955,815.0,1213.0,"[4.0, 4.0, 1.0, 0.0, 0.0, 0.0, 0.0, 0.0, 0.0, 0.704302, 0.39915500000000004, 0.12340636416571067, 0.451525, 0.2551788863300118, 0.12553279701037343, 0.08667588619654636, 0.004870069941587542, 0.4841218681758677, 0.2551788863300118, 1.0, 0.17644824692162192, 0.4171429645125327, 0.6021472861419749, 0.39785271385802506, 1.9384423147847436, 0.48466775725962324, 2.2592641581507107, 0.9811859570466492]"
msmarco,msmarco_9729,answer_aware_fallback,0.329897,0.420000,548.0,1389.0,"[4.0, 4.0, 1.0, 0.0, 0.0, 0.0, 0.0, 0.0, 0.0, 0.694417, 0.41210509999999995, 0.179199698188055, 0.5307379999999999, 0.07421477296782757, 0.1161233091931793, 0.042020860664413594, 0.12851355885584598, 0.38606485728315976, 0.1537059144577393, 4.0, 0.16850483044252546, 0.4609360573310062, 0.6937383206371386, 0.3062616793628616, 1.628836550347503, 0.5067504803287952, 2.204976454939598, 0.9576091071068614]"
msmarco,msmarco_9860,answer_aware_fallback,0.524272,0.586957,812.0,1468.0,"[6.0, 6.0, 1.0, 0.0, 0.0, 0.0, 0.0, 0.0, 0.0, 0.656682, 0.4766855, 0.16598849603767726, 0.468443, 0.00680542484794763, 0.05375204436850721, 0.05876207966717522, 0.024832415080663202, 0.1492868694436576, 0.24938859295671267, 7.0, 0.13776001157996207, 0.40400012167351435, 0.6425169215342191, 0.3574830784657809, 1.175484383726425, 0.4465169056710691, 2.2349432869974417, 0.9706235369097045]"
msmarco,msmarco_9896,fixed_10_full,0.141176,0.141176,1609.0,1609.0,"[9.0, 9.0, 1.0, 0.0, 0.0, 0.0, 0.0, 0.0, 1.0, 0.446161, 0.2663831, 0.09506638024186048, 0.28785499999999997, 0.12874500460596056, 0.04174502029536424, 0.23887789385446065, 0.014169772795022413, 0.4802840230320445, 0.23887789385446065, 3.0, 0.1674884780603574, 0.4523470145065509, 0.6383175208937804, 0.3616824791062196, 1.9241278781422908, 0.5141270418290146, 2.2417220499101895, 0.9735675162368413]"
msmarco,msmarco_9680,answer_aware_fallback,0.084507,0.093750,1052.0,1359.0,"[9.0, 9.0, 1.0, 0.0, 0.0, 0.0, 0.0, 0.0, 0.0, 0.571148, 0.4193327, 0.13304958962586094, 0.425859, 0.05129668667315641, 0.005716556829403366, 0.07163117090491432, 0.04534901636703623, 0.20051720394713804, 0.2777668835398181, 8.0, 0.13620402129383183, 0.39385981584550883, 0.6214347223576887, 0.37856527764231124, 1.2508086539661822, 0.4313085266572618, 2.2439977193428615, 0.9745558269140867]"
msmarco,msmarco_9782,adaptive_k_full,0.000000,0.000000,815.0,1191.0,"[7.0, 7.0, 1.0, 0.0, 0.0, 0.0, 0.0, 0.0, 0.0, 0.522356, 0.3146288, 0.13051178532822238, 0.401087, 0.13854535986951436, 0.050501956520074456, 0.05914548698588703, 0.0008461662161437754, 0.40588219528444214, 0.2433455344630864, 7.0, 0.16602294513407548, 0.4436809344853364, 0.6671353671374014, 0.33286463286259876, 1.6831678701815103, 0.4814407340244357, 2.209297073500574, 0.9594855279063021]"
msmarco,msmarco_9902,task_aware_coverage_ultra,0.157895,0.250000,453.0,1651.0,"[11.0, 11.0, 1.0, 0.0, 0.0, 0.0, 1.0, 0.0, 1.0, 0.504821, 0.34555959999999997, 0.07183867203143443, 0.24064399999999997, 0.1156924929826611, 0.18530726732841937, 0.0028009928271605705, 0.06531622099714558, 0.3240851707833073, 0.18530726732841937, 2.0, 0.1460879686167017, 0.37739018102810634, 0.5778395391127898, 0.42216046088721026, 1.479476343430554, 0.44773657691161506, 2.282208128452903, 0.9911503967418435]"
msmarco,msmarco_9736,coverage_guided_ultra,0.000000,0.000000,481.0,1454.0,"[9.0, 9.0, 1.0, 0.0, 0.0, 0.0, 0.0, 0.0, 0.0, 0.371203, 0.26519689999999996, 0.06451859317506853, 0.18543400000000002, 0.045551894785333114, 0.006980008243467887, 0.26513524944572103, 0.06537393286153394, 0.32049309946309706, 0.26513524944572103, 3.0, 0.1399726014896856, 0.4061887601250241, 0.5968090124733736, 0.40319098752662647, 1.4716554007175848, 0.4756956695884649, 2.2739739605558666, 0.9875743430610956]"
msmarco,msmarco_9673,fixed_10_full,0.061538,0.061538,1618.0,1618.0,"[6.0, 6.0, 1.0, 0.0, 0.0, 0.0, 0.0, 0.0, 1.0, 0.426053, 0.3223954, 0.06952056051442623, 0.210045, 0.08569356394626969, 0.0396711207291111, 0.027336974507866433, 0.0004600366621053577, 0.17500170166622464, 0.18652843660295787, 6.0, 0.1321523197911633, 0.36856512220707865, 0.5895630024497868, 0.41043699755021323, 1.2121237122787651, 0.42694161300719297, 2.2785799742723825, 0.9895747094017491]"
msmarco,msmarco_9886,adaptive_k_full,0.230769,0.268657,321.0,1259.0,"[6.0, 6.0, 1.0, 0.0, 0.0, 0.0, 0.0, 0.0, 0.0, 0.647257, 0.5057845999999999, 0.06775696599346814, 0.22267399999999998, 0.06297035026272402, 0.10683546103016274, 0.04787897234019866, 0.02080317400970558, 0.2486848346174703, 0.10683546103016274, 2.0, 0.1279708793031658, 0.35412406783441014, 0.5503840963129364, 0.4496159036870636, 1.3309993543000735, 0.4282642113334878, 2.2939319825671065, 0.9962420018902808]"
msmarco,msmarco_9771,adaptive_k_full,0.032258,0.181818,269.0,1462.0,"[6.0, 6.0, 1.0, 0.0, 0.0, 0.0, 0.0, 0.0, 0.0, 0.663079, 0.3636285, 0.16528422156893863, 0.517108, 0.18948420927219828, 0.007729094120006887, 0.18822342435818357, 0.061980548320788274, 0.45360205948310833, 0.18948420927219828, 1.0, 0.1823506683332027, 0.47653745512246704, 0.6882395081793643, 0.31176049182063564, 1.8301679524157823, 0.5186247790460536, 2.1966503431941455, 0.9539931227201016]"
msmarco,msmarco_9796,answer_aware_fallback,0.184615,0.179104,558.0,1128.0,"[3.0, 3.0, 1.0, 0.0, 0.0, 0.0, 0.0, 0.0, 0.0, 0.372264, 0.23250959999999998, 0.08770589436429001, 0.24884699999999998, 0.03577568607224979, 0.1814921668493327, 0.053389530010959904, 0.2338743472374444, 0.27387552919433517, 0.2338743472374444, 5.0, 0.1601069375199992, 0.4398067864724726, 0.6728371645729897, 0.32716283542701036, 1.3771743553697606, 0.4953187552524443, 2.231272368003644, 0.9690292770471844]"
msmarco,msmarco_9689,task_aware_coverage_ultra,0.282353,0.333333,217.0,1479.0,"[9.0, 8.0, 0.8888888888888888, 0.0, 0.0, 0.0, 0.0, 0.0, 0.0, 0.552838, 0.33354880000000003, 0.10938390071468472, 0.40728100000000006, 0.23845502660815648, 0.0326460916217771, 0.03231688125635356, 0.14007539279137826, 0.3409588342335369, 0.23845502660815648, 1.0, 0.16574426290845598, 0.4127767810887043, 0.6374635435654392, 0.36253645643456067, 1.5173558981509185, 0.46539531383994776, 2.2477489387467418, 0.9761849608016002]"
msmarco,msmarco_9716,answer_aware_fallback,0.176471,0.193548,608.0,1531.0,"[5.0, 5.0, 1.0, 0.0, 0.0, 0.0, 0.0, 0.0, 0.0, 0.650539, 0.4318274, 0.1884428775561443, 0.526222, 0.03997761855937923, 0.025838573859522585, 0.09940987396604971, 0.01739326927363304, 0.18147720582470844, 0.40028499444306953, 6.0, 0.15064792090543583, 0.4360061450477668, 0.6850718597291418, 0.31492814027085825, 1.2217130752083174, 0.4721373385391982, 2.1955539104552377, 0.953516948031816]"
msmarco,msmarco_9711,answer_aware_fallback,0.674419,0.644444,1019.0,1579.0,"[7.0, 6.0, 0.8571428571428571, 0.0, 0.0, 0.0, 0.0, 0.0, 0.0, 0.387847, 0.271034, 0.06451598246016253, 0.185214, 0.07006886736264552, 0.136837464257813, 0.007830407351352497, 0.055537363960530835, 0.2931336325922335, 0.136837464257813, 2.0, 0.14309902078705994, 0.3896621826043965, 0.6031844713209413, 0.39681552867905867, 1.4146945534659099, 0.4583353766635058, 2.2748618836089545, 0.9879599631434064]"
msmarco,msmarco_9802,task_aware_coverage_ultra,0.255319,0.333333,367.0,1116.0,"[4.0, 4.0, 1.0, 0.0, 0.0, 0.0, 0.0, 0.0, 0.0, 0.566911, 0.2326123, 0.16271912242391795, 0.48030000000000006, 0.18367962519690048, 0.1731435798564501, 0.24472624450751526, 0.04851555182383125, 0.7179363251021766, 0.24472624450751526, 3.0, 0.24371497122035252, 0.5994162819420986, 0.7652677867851356, 0.23473221321486437, 3.5452987711453683, 0.6528864244448211, 2.0820329890058837, 0.904215438265789]"
msmarco,msmarco_9702,adaptive_k_full,0.218750,0.666667,170.0,1215.0,"[5.0, 5.0, 1.0, 0.0, 0.0, 0.0, 0.0, 0.0, 0.0, 0.709511, 0.3407013, 0.15701424982914766, 0.522676, 0.313787946909914, 0.13108042017671326, 0.02558804585129755, 0.10572915712370919, 0.4918641148622079, 0.313787946909914, 1.0, 0.2082501593037655, 0.46676017966470923, 0.682857095056579, 0.3171429049434211, 1.967977521856832, 0.5245500733756181, 2.205077596057828, 0.9576530321364024]"
msmarco,msmarco_9669,answer_aware_fallback,0.028986,0.030303,1041.0,1579.0,"[6.0, 6.0, 1.0, 0.0, 0.0, 0.0, 0.0, 0.0, 0.0, 0.409501, 0.2808997, 0.07965320852049841, 0.291391, 0.13092031521290545, 0.035863160285322944, 0.09847594999768004, 0.002927953777890666, 0.305254443823092, 0.19169183958036728, 8.0, 0.14578192856738545, 0.39394595295046597, 0.6023391979414717, 0.3976608020585284, 1.4393758853282437, 0.44069303859095216, 2.2584312082544398, 0.9808242115029968]"
msmarco,msmarco_9880,answer_aware_fallback,0.000000,0.000000,508.0,1241.0,"[8.0, 7.0, 0.875, 0.0, 0.0, 0.0, 0.0, 0.0, 0.0, 0.589072, 0.34061660000000005, 0.15097789406479348, 0.384294, 0.06400066545345896, 0.06472553439986971, 0.16707465301355348, 0.07381610397370783, 0.5364675285873374, 0.24066667572045522, 4.0, 0.1729428336728157, 0.4854977708074122, 0.6874485858880629, 0.312551414111937, 2.1573461659598467, 0.5522254335742681, 2.2084056355343398, 0.9590983813166076]"
msmarco,msmarco_9738,adaptive_k_full,0.157895,0.171429,775.0,1185.0,"[8.0, 8.0, 1.0, 0.0, 0.0, 0.0, 0.0, 0.0, 1.0, 0.291709, 0.19581739999999997, 0.055518013713028315, 0.166077, 0.08621605778361315, 0.10418944907424867, 0.04393076662015911, 0.01339691267667434, 0.32132021980809644, 0.13742462522582433, 6.0, 0.14896990767929716, 0.40570143409114817, 0.6208651529435076, 0.3791348470564924, 1.4734489359875138, 0.4677841030871016, 2.2624654096241685, 0.9825762428967566]"
msmarco,msmarco_9717,adaptive_k_full,0.000000,0.000000,486.0,1309.0,"[9.0, 8.0, 0.8888888888888888, 0.0, 0.0, 0.0, 0.0, 0.0, 0.0, 0.637155, 0.4484034, 0.12385874477339096, 0.40822100000000006, 0.021145561127198356, 0.10826721912250536, 0.14080875140271998, 0.054062198366174596, 0.2722681294190582, 0.14080875140271998, 3.0, 0.14209415004435738, 0.404888990583033, 0.6119926833739441, 0.38800731662605586, 1.3741324798674943, 0.46115069740198616, 2.263224097677375, 0.9829057369317502]"
msmarco,msmarco_9740,adaptive_k_full,0.337079,0.400000,482.0,1242.0,"[2.0, 2.0, 1.0, 0.0, 0.0, 0.0, 0.0, 0.0, 0.0, 0.613311, 0.26171700000000003, 0.15568074365765344, 0.482248, 0.2509509857152408, 0.14705589823107681, 0.25098359559831795, 0.07282439088814648, 0.6587587700204302, 0.25098359559831795, 3.0, 0.23434129231192471, 0.550946251103291, 0.7131691865641131, 0.28683081343588684, 2.930478242795778, 0.6135584363859489, 2.1478168794159656, 0.9327850188690158]"
msmarco,msmarco_9783,coverage_guided_ultra,0.142857,0.161290,397.0,1381.0,"[4.0, 4.0, 1.0, 0.0, 0.0, 0.0, 0.0, 0.0, 0.0, 0.789943, 0.483704, 0.18546488205641518, 0.5951799999999999, 0.034924038823054254, 0.1988561199985316, 0.07820690859973445, 0.0829540865606759, 0.367661970547242, 0.1988561199985316, 2.0, 0.16331123993185914, 0.44605130410333593, 0.6616794568579131, 0.33832054314208687, 1.5814326411230182, 0.49656946333292445, 2.2278727967248897, 0.9675528619999846]"
msmarco,msmarco_9883,coverage_guided_ultra,0.434783,0.454545,1077.0,1464.0,"[5.0, 5.0, 1.0, 0.0, 0.0, 0.0, 0.0, 0.0, 0.0, 0.499452, 0.3094686, 0.12009573343645477, 0.395802, 0.093400366802015, 0.17726027726388127, 0.05473599064574768, 0.028355077164572386, 0.3479393415183041, 0.3590114765783298, 8.0, 0.16139020243087668, 0.4254147270514682, 0.6395253024054783, 0.3604746975945217, 1.533599653640308, 0.45660639507339207, 2.2167564136807125, 0.9627250781851755]"
msmarco,msmarco_9652,fixed_10_full,0.057143,0.057143,1259.0,1259.0,"[4.0, 4.0, 1.0, 0.0, 0.0, 0.0, 0.0, 0.0, 0.0, 0.578976, 0.2572809, 0.14348625354747402, 0.48288700000000007, 0.38332677002155535, 0.009074642126789332, 0.10566759243906489, 0.038937710716851835, 0.5327733792074283, 0.38332677002155535, 1.0, 0.22503652622483833, 0.5005424032642921, 0.7186382665794468, 0.2813617334205532, 2.1402890064433135, 0.5411567846092624, 2.1506323035145893, 0.9340077420192655]"
msmarco,msmarco_9818,adaptive_k_full,0.318841,0.314286,362.0,1521.0,"[5.0, 5.0, 1.0, 0.0, 0.0, 0.0, 0.0, 0.0, 0.0, 0.583962, 0.28997090000000003, 0.15002374662662574, 0.474014, 0.1572670824471455, 0.2513125854079547, 0.0036663344532692267, 0.01796349762484545, 0.4970254913847134, 0.2513125854079547, 2.0, 0.20138641498164125, 0.4902053964725426, 0.7098633000759731, 0.29013669992402685, 1.9881723285600474, 0.5368507441378796, 2.1712105516996045, 0.9429447616532532]"
msmarco,msmarco_9829,answer_aware_fallback,0.545455,0.545455,495.0,1022.0,"[6.0, 6.0, 1.0, 0.0, 0.0, 0.0, 0.0, 1.0, 0.0, 0.864689, 0.4764677, 0.261818906632829, 0.7242930000000001, 0.20023384130016694, 0.03409780857626263, 0.030051266987321492, 0.018785945004504423, 0.27539496859564544, 0.41924090626803395, 6.0, 0.18147903834824483, 0.4655725876066731, 0.7305722927283423, 0.26942770727165766, 1.3800621809952154, 0.4949560647041001, 2.130572235437013, 0.9252957651465705]"
msmarco,msmarco_9840,answer_aware_fallback,0.040000,0.038462,819.0,1587.0,"[4.0, 4.0, 1.0, 0.0, 0.0, 0.0, 0.0, 0.0, 0.0, 0.649374, 0.5137944, 0.12970286721364335, 0.382951, 0.023016012344196125, 0.023019092233443224, 0.0401294169461667, 0.027729782837009175, 0.12316169110558783, 0.20603381102415566, 7.0, 0.12638790924930282, 0.37043650144882856, 0.5967560175821301, 0.4032439824178699, 1.1404611202045676, 0.4177956783542123, 2.2675182874461415, 0.9847706798525707]"
msmarco,msmarco_9757,adaptive_k_full,0.136364,0.142857,945.0,1141.0,"[5.0, 5.0, 1.0, 0.0, 0.0, 0.0, 0.0, 0.0, 0.0, 0.366402, 0.2914308, 0.06331445000598204, 0.194573, 0.0862522584483709, 0.0006495597731453867, 0.0028929973089666687, 0.055046096909951346, 0.10471831485635992, 0.1948379102734155, 8.0, 0.1257252150424732, 0.35540581160261714, 0.5824010365410931, 0.41759896345890685, 1.116966890526258, 0.4047556429688224, 2.276865700384732, 0.9888302097118716]"
msmarco,msmarco_9843,answer_aware_fallback,0.333333,0.325000,873.0,1417.0,"[5.0, 5.0, 1.0, 0.0, 0.0, 0.0, 0.0, 0.0, 0.0, 0.40469, 0.2871873, 0.05533773875403657, 0.204575, 0.18550001235513597, 0.02066767155106387, 0.05147396772838466, 0.03095208678247543, 0.2658701722305963, 0.18550001235513597, 1.0, 0.140915005642659, 0.3675531612992636, 0.575612500970621, 0.4243874990293791, 1.3621568858445952, 0.43206397830932947, 2.2842667822954748, 0.9920444587458213]"
msmarco,msmarco_9676,answer_aware_fallback,0.028571,0.200000,515.0,1223.0,"[5.0, 5.0, 1.0, 0.0, 0.0, 0.0, 0.0, 0.0, 0.0, 0.201677, 0.1082282, 0.04183928074859796, 0.140131, 0.22414553965003445, 0.09885113324771794, 0.12801162254496048, 0.02581851177873532, 0.5334867139039157, 0.22414553965003445, 1.0, 0.18634422451819396, 0.4570758822561957, 0.6463093722338541, 0.35369062776614596, 2.143561672955306, 0.5224208450864867, 2.2336822914885723, 0.9700758935184978]"
msmarco,msmarco_9655,coverage_guided_ultra,0.380952,0.419355,668.0,1538.0,"[4.0, 4.0, 1.0, 0.0, 0.0, 0.0, 0.0, 0.0, 0.0, 0.434578, 0.3074862, 0.09293147456464898, 0.264828, 0.043126895517030396, 0.0013852518995439056, 0.038062212077003374, 0.09699524596275005, 0.34088011818361724, 0.2583057586900396, 4.0, 0.14133252158958678, 0.411611317841256, 0.6344284719119102, 0.3655715280880898, 1.5171746864079263, 0.47316491055967125, 2.256672553026003, 0.9800604372417163]"
msmarco,msmarco_9797,fixed_10_full,0.725275,0.725275,1359.0,1359.0,"[4.0, 4.0, 1.0, 0.0, 0.0, 0.0, 0.0, 0.0, 0.0, 0.519548, 0.2974194, 0.1035597995374653, 0.37032, 0.13485568224687616, 0.2830595055702264, 0.03579072578472051, 0.01700324127895788, 0.4667018254328763, 0.2830595055702264, 2.0, 0.17468530970071222, 0.4274949784714783, 0.616083886928694, 0.383916113071306, 1.875123613186369, 0.48567075080636163, 2.245405366512319, 0.9751671603122488]"
msmarco,msmarco_9668,adaptive_k_full,0.318841,0.338462,857.0,1360.0,"[3.0, 3.0, 1.0, 0.0, 0.0, 0.0, 0.0, 0.0, 0.0, 0.527025, 0.299473, 0.16168009012429452, 0.427257, 0.06628338314121719, 0.05574308619135707, 0.08468288980598644, 0.21509416061856654, 0.3206944642094776, 0.21509416061856654, 5.0, 0.17598414548223043, 0.4948128879732062, 0.7539664677617013, 0.2460335322382986, 1.4720916396423571, 0.5344748546347537, 2.1478611956993405, 0.932804265186344]"
msmarco,msmarco_9903,adaptive_k_full,0.026667,0.109091,285.0,1584.0,"[5.0, 5.0, 1.0, 0.0, 0.0, 1.0, 0.0, 0.0, 0.0, 0.271208, 0.1747587, 0.045529728488208666, 0.151001, 0.21181528568478805, 0.01668092386655261, 0.05344975074481582, 0.05604185717235476, 0.3516378572903454, 0.21181528568478805, 1.0, 0.15518998481906768, 0.3972380201958472, 0.6092921268011264, 0.3907078731988736, 1.542347916583732, 0.4631734017966278, 2.2697633972346054, 0.9857457186449676]"
msmarco,msmarco_9790,adaptive_k_full,0.114286,0.357143,221.0,1377.0,"[6.0, 6.0, 1.0, 0.0, 0.0, 0.0, 0.0, 0.0, 1.0, 0.548873, 0.2730287, 0.14676788131675814, 0.46023800000000004, 0.2848181637646596, 0.03148815846288666, 0.0408418705237824, 0.06460510901428926, 0.41462414802695713, 0.2848181637646596, 1.0, 0.20103124689821986, 0.48224893573459493, 0.729161073542818, 0.27083892645718194, 1.708304154722889, 0.5173252028846853, 2.149485589045136, 0.9335097302528633]"
msmarco,msmarco_9769,answer_aware_fallback,0.068966,0.200000,910.0,1244.0,"[7.0, 7.0, 1.0, 0.0, 0.0, 0.0, 0.0, 0.0, 0.0, 0.433895, 0.2886725, 0.09202058472021356, 0.2875, 0.12001982046347609, 0.06026803719793961, 0.0343101441593013, 0.03369017849940659, 0.27464478733334097, 0.14188686202883188, 8.0, 0.1503070088075587, 0.40578267760178055, 0.6328600749984844, 0.36713992500151554, 1.3786348847258585, 0.4521422450728364, 2.248636680704219, 0.9765705022350867]"
msmarco,msmarco_9899,task_aware_coverage_ultra,0.119403,0.125000,519.0,1650.0,"[7.0, 7.0, 1.0, 0.0, 0.0, 0.0, 0.0, 0.0, 1.0, 0.549742, 0.3631211, 0.09152729161343079, 0.31140099999999993, 0.12568986906585267, 0.09437881769993922, 0.12789272058529272, 0.02865344106871959, 0.36922047069352526, 0.12789272058529272, 3.0, 0.15139357090513328, 0.4018350902770453, 0.5960455065816885, 0.4039544934183114, 1.585339969893242, 0.46765795396199755, 2.2719444795286443, 0.9866929506498456]"
msmarco,msmarco_9798,coverage_guided_ultra,0.048780,0.060606,674.0,1247.0,"[6.0, 6.0, 1.0, 0.0, 0.0, 0.0, 0.0, 0.0, 0.0, 0.621782, 0.5485863, 0.047013920306755934, 0.14252799999999993, 0.037292813236793586, 0.011848204032924744, 0.0249299593748291, 0.054599522018971294, 0.09030496218932026, 0.054599522018971294, 5.0, 0.11334260443616619, 0.33023117784749634, 0.5382855897057581, 0.46171441029424176, 1.0992694897035526, 0.40032443992568945, 2.298896483335932, 0.9983980571795862]"
msmarco,msmarco_9707,coverage_guided_ultra,0.476190,0.521739,481.0,988.0,"[3.0, 3.0, 1.0, 0.0, 0.0, 0.0, 0.0, 0.0, 0.0, 0.574913, 0.2870862, 0.19514551858692528, 0.472687, 0.02054223856479152, 0.03446608443364479, 0.2589626604373183, 0.008352568127699323, 0.7419853090815479, 0.4280143256457934, 4.0, 0.20025797129921255, 0.5856443117084693, 0.7746965893867417, 0.22530341061325831, 3.875748301154137, 0.6377700217318488, 2.0793495119946965, 0.9030500190075161]"
msmarco,msmarco_9821,answer_aware_fallback,0.153846,0.222222,765.0,966.0,"[8.0, 8.0, 1.0, 0.0, 0.0, 0.0, 0.0, 0.0, 0.0, 0.547828, 0.3499658, 0.12390380420939463, 0.419643, 0.05115656738976461, 0.15141978869280145, 0.04434238483611641, 0.07252458800937524, 0.3518257555291076, 0.22980935622129575, 9.0, 0.15653758167226625, 0.42989400678580586, 0.6492431546168226, 0.3507568453831775, 1.5427950254584777, 0.48260918100771405, 2.2366757214104305, 0.9713759236155248]"
msmarco,msmarco_9814,fixed_10_full,0.373333,0.373333,1502.0,1502.0,"[4.0, 4.0, 1.0, 0.0, 0.0, 0.0, 0.0, 0.0, 0.0, 0.523233, 0.334504, 0.09891055136536242, 0.3553449999999999, 0.16566042279443377, 0.028631603893485357, 0.1299057972260923, 0.029308166724958076, 0.3682852572372155, 0.16566042279443377, 1.0, 0.15642055102480087, 0.41295769258364623, 0.6174802095042212, 0.38251979049577883, 1.582992975004084, 0.47066407670131727, 2.258443690223043, 0.9808296323530845]"
msmarco,msmarco_9735,answer_aware_fallback,0.028571,0.037736,1051.0,1553.0,"[6.0, 6.0, 1.0, 0.0, 0.0, 0.0, 0.0, 0.0, 0.0, 0.553786, 0.3896825, 0.13825870086996334, 0.448387, 0.0682736652786455, 0.08775230865352325, 0.006054685383884741, 0.03412690100508138, 0.17204118558432324, 0.27640821544784444, 8.0, 0.14211210408473565, 0.3944606185805111, 0.6312020683505162, 0.3687979316494839, 1.2077895453117913, 0.42531308217402336, 2.2266520405845753, 0.9670226943444965]"
msmarco,msmarco_9767,adaptive_k_full,0.521739,0.510638,659.0,1257.0,"[4.0, 4.0, 1.0, 0.0, 0.0, 0.0, 0.0, 0.0, 0.0, 0.432458, 0.2986742, 0.1051106742294045, 0.278565, 0.011295894630230053, 0.068006604109532, 0.0005434053711573961, 0.01028307951292375, 0.3062147075554158, 0.22636880344449636, 4.0, 0.14479255322354592, 0.42125968697664545, 0.6549460917615247, 0.34505390823847526, 1.4413681161738876, 0.4730643072744418, 2.2382284187723505, 0.9720502515118724]"
msmarco,msmarco_9745,answer_aware_fallback,0.064516,0.062500,1118.0,1499.0,"[7.0, 7.0, 1.0, 0.0, 0.0, 0.0, 1.0, 0.0, 0.0, 0.522839, 0.38907410000000003, 0.13534321576233516, 0.379491, 0.00718768110259571, 0.034306928136577375, 0.04453187310051479, 0.12056675190641862, 0.09264993621363377, 0.32710260711232325, 8.0, 0.13438031470097855, 0.39659900260644443, 0.6413490386535623, 0.3586509613464376, 1.102110464209377, 0.4294985040544592, 2.2319502423141606, 0.9693236741196657]"
msmarco,msmarco_9875,answer_aware_fallback,0.064516,0.066667,1215.0,1467.0,"[7.0, 7.0, 1.0, 0.0, 0.0, 0.0, 0.0, 0.0, 1.0, 0.253253, 0.2147385, 0.022942378356438985, 0.07075300000000001, 0.008746194516945595, 0.09346384840455985, 0.012971218504815273, 0.03195223748583428, 0.15346708627341044, 0.09346384840455985, 2.0, 0.11793553554672312, 0.34072092335561627, 0.5449088076893525, 0.45509119231064765, 1.1812889774100108, 0.41224475537477945, 2.2969420133167544, 0.997549241635212]"
msmarco,msmarco_9800,answer_aware_fallback,0.181818,0.313725,941.0,1332.0,"[5.0, 5.0, 1.0, 0.0, 0.0, 0.0, 0.0, 0.0, 0.0, 0.464151, 0.36562229999999996, 0.05990463832133534, 0.21086099999999997, 0.04861779894904886, 0.04926844927620538, 0.08044149425510234, 0.0376838571930255, 0.22340143617055658, 0.12368819629818736, 9.0, 0.12694821951505694, 0.36224623060464317, 0.5651438656777773, 0.4348561343222227, 1.2876665584712825, 0.42831604216111785, 2.2889855453245262, 0.9940937914907474]"
msmarco,msmarco_9777,answer_aware_fallback,0.500000,0.500000,1218.0,1709.0,"[10.0, 9.0, 0.9, 0.0, 0.0, 0.0, 0.0, 0.0, 0.0, 0.499656, 0.3960614, 0.11386765216355346, 0.30887699999999996, 0.005697920169076301, 0.006578526025905792, 0.03455177161887379, 0.035710568871383505, 0.09655042669356519, 0.26699169028291464, 8.0, 0.12615619699369846, 0.37620101327723426, 0.6104253027434635, 0.3895746972565365, 1.1068686394307665, 0.41653688214671003, 2.2557457721605214, 0.9796579414259043]"
msmarco,msmarco_9739,fixed_10_full,0.483516,0.483516,987.0,987.0,"[3.0, 3.0, 1.0, 0.0, 0.0, 0.0, 0.0, 0.0, 0.0, 0.626996, 0.31369990000000003, 0.14966331123187807, 0.48883299999999996, 0.1283612654626185, 0.2571627251210535, 0.1816678256320614, 0.027209105002264755, 0.5814789887016822, 0.2571627251210535, 2.0, 0.19987127825032777, 0.49690293175101424, 0.6670591861839931, 0.33294081381600693, 2.389366299431045, 0.5576486076529007, 2.1991700009394135, 0.9550873961751564]"
msmarco,msmarco_9833,adaptive_k_full,0.000000,0.058824,242.0,1529.0,"[8.0, 8.0, 1.0, 0.0, 0.0, 0.0, 0.0, 0.0, 0.0, 0.522872, 0.3255285, 0.10449756884468653, 0.40297499999999997, 0.22867546933092614, 0.06479597301060301, 0.021347480836610012, 0.008279272938692399, 0.3566628161385578, 0.22867546933092614, 1.0, 0.1606224954189879, 0.39799894632881605, 0.6113888645694617, 0.3886111354305383, 1.5543948415942543, 0.44002681731822735, 2.2462611005934514, 0.9755388009016611]"
msmarco,msmarco_9671,coverage_guided_ultra,0.075949,0.101266,415.0,1324.0,"[8.0, 8.0, 1.0, 0.0, 0.0, 0.0, 0.0, 0.0, 1.0, 0.258625, 0.193492, 0.037075899535951924, 0.11360399999999998, 0.027205413243112563, 0.11839149347510879, 0.09839729337844369, 0.036759787336877674, 0.26872112131464476, 0.11839149347510879, 2.0, 0.13366185682095383, 0.37788849151386106, 0.5766817232753809, 0.42331827672461914, 1.3674673632003893, 0.4458218831874768, 2.2846406400787496, 0.992206823118114]"
msmarco,msmarco_9845,answer_aware_fallback,0.000000,0.031250,881.0,1512.0,"[6.0, 6.0, 1.0, 0.0, 0.0, 0.0, 0.0, 0.0, 0.0, 0.533858, 0.3704883, 0.11860334696967874, 0.3625630000000001, 0.043985479284753624, 0.05279868429432559, 0.09733487181984718, 0.1147571076953047, 0.22831914104499706, 0.1751701763390264, 8.0, 0.14409577846317956, 0.4120030241170909, 0.6393230231561968, 0.3606769768438031, 1.2958724949510643, 0.45833477211370405, 2.2478944779409895, 0.9762481676705627]"
msmarco,msmarco_9678,coverage_guided_ultra,0.000000,0.000000,716.0,1449.0,"[7.0, 7.0, 1.0, 0.0, 0.0, 0.0, 0.0, 0.0, 0.0, 0.527265, 0.2879935, 0.14036321661051374, 0.42455299999999996, 0.14243691502375466, 0.08558694394659228, 0.06585303405308532, 0.1959564924658379, 0.388506728115843, 0.1959564924658379, 5.0, 0.18308225706482958, 0.4814219765376649, 0.722654157125074, 0.277345842874926, 1.635340969359746, 0.5238995462190399, 2.180780290679634, 0.9471008464855345]"
msmarco,msmarco_9734,adaptive_k_full,0.505051,0.489796,1271.0,1328.0,"[4.0, 4.0, 1.0, 0.0, 0.0, 0.0, 0.0, 0.0, 0.0, 0.544435, 0.4046418, 0.12377107527997, 0.40385499999999996, 0.052825406155004744, 0.05737691368115567, 0.006042961969748482, 0.07597050152910813, 0.12146537235850013, 0.21043283403895782, 9.0, 0.13454739475753616, 0.3817072284672518, 0.6188186687583932, 0.38118133124160675, 1.1382590606412226, 0.4230834655685732, 2.2484265889419657, 0.9764792605420467]"
msmarco,msmarco_9690,coverage_guided_ultra,0.105263,0.119403,441.0,1279.0,"[5.0, 5.0, 1.0, 0.0, 0.0, 0.0, 0.0, 0.0, 0.0, 0.332716, 0.2242513, 0.0719878040226954, 0.20214600000000002, 0.010417292826314407, 0.03606679570564689, 0.25694886930595456, 0.00987929645703847, 0.40173000396734754, 0.25694886930595456, 3.0, 0.14836747880614296, 0.43666012192571463, 0.6287718287474812, 0.371228171252519, 1.6714861293920242, 0.4986566230824542, 2.252207242236202, 0.9781211774057229]"
msmarco,msmarco_9812,adaptive_k_full,0.127660,0.133333,1269.0,1557.0,"[3.0, 3.0, 1.0, 0.0, 0.0, 0.0, 0.0, 0.0, 0.0, 0.733832, 0.5524355, 0.12029395847443877, 0.36173700000000003, 0.04666054355765362, 0.039115219832332127, 0.06397104514384762, 0.06916569460039904, 0.2379945273577604, 0.11313079832986297, 8.0, 0.13283577901854607, 0.3809150570519092, 0.5950806926781498, 0.4049193073218503, 1.31232653294801, 0.4417565549408356, 2.278553448010047, 0.9895631891923913]"
msmarco,msmarco_9867,adaptive_k_full,0.095238,0.101695,1065.0,1430.0,"[11.0, 10.0, 0.9090909090909091, 0.0, 0.0, 0.0, 0.0, 0.0, 0.0, 0.370888, 0.2855531, 0.06380311963603347, 0.1842, 0.06150104613791764, 0.019367032635189046, 0.03768253488923877, 0.026873341817475905, 0.1512559047475249, 0.15316214059230818, 6.0, 0.12988407410040373, 0.3711607403316581, 0.595885318702546, 0.4041146812974539, 1.178211436867235, 0.4295898986115941, 2.276649094646022, 0.9887361390348014]"
msmarco,msmarco_9839,answer_aware_fallback,0.390625,0.430769,981.0,1419.0,"[4.0, 4.0, 1.0, 0.0, 0.0, 0.0, 0.0, 0.0, 0.0, 0.465682, 0.3359463, 0.0754572263365809, 0.21728099999999997, 0.005671252056124146, 0.21038605743833771, 0.028852306939070017, 0.029417070017737343, 0.2794138489355397, 0.21038605743833771, 2.0, 0.1386179874581146, 0.3851183954102188, 0.5896737067799228, 0.4103262932200772, 1.3877591159957565, 0.45229730032078436, 2.2779996230247286, 0.9893226660573273]"
msmarco,msmarco_9793,answer_aware_fallback,0.000000,0.000000,876.0,1327.0,"[5.0, 5.0, 1.0, 0.0, 0.0, 0.0, 0.0, 0.0, 0.0, 0.473558, 0.3455916, 0.06696858400951897, 0.20960299999999998, 0.05409052323052298, 0.11876053197285223, 0.10509166775769813, 0.029930863801266087, 0.29394076332782887, 0.11876053197285223, 2.0, 0.13702821480614688, 0.3799872450603545, 0.5756795014693644, 0.4243204985306356, 1.416311759779878, 0.45066669778174645, 2.2844715149506847, 0.9921333730082443]"
msmarco,msmarco_9719,adaptive_k_full,0.117647,0.307692,523.0,1380.0,"[9.0, 9.0, 1.0, 0.0, 0.0, 0.0, 0.0, 0.0, 0.0, 0.563814, 0.3669596, 0.12443492174401846, 0.378771, 0.052288520682352846, 0.06841263253484293, 0.1829238011117142, 0.00556566527258985, 0.3656649178629832, 0.1829238011117142, 3.0, 0.15364470639274733, 0.4343551715229687, 0.6388117384039006, 0.3611882615960994, 1.57645387770623, 0.48896363176765956, 2.244312687287845, 0.9746926157545694]"
msmarco,msmarco_9864,answer_aware_fallback,0.033898,0.034483,1346.0,1537.0,"[10.0, 9.0, 0.9, 0.0, 0.0, 0.0, 0.0, 0.0, 0.0, 0.285157, 0.1742839, 0.04463968104377539, 0.15823299999999998, 0.22012435254964807, 0.14044543882843488, 0.06156608464810609, 0.004239769670742839, 0.42419088431986585, 0.22012435254964807, 1.0, 0.16361637535079257, 0.3958380550354909, 0.5845978888468758, 0.4154021111531243, 1.7366866427927596, 0.46720632583666244, 2.272698636184663, 0.987020476724045]"
msmarco,msmarco_9816,coverage_guided_ultra,1.000000,1.000000,852.0,1392.0,"[6.0, 6.0, 1.0, 0.0, 0.0, 0.0, 0.0, 0.0, 0.0, 0.744756, 0.4307511, 0.19457331317960846, 0.579039, 0.22419557546364177, 0.013852859191466763, 0.02512097922003982, 0.07356369065841703, 0.2647430836408165, 0.2814331136640726, 6.0, 0.17289706282816225, 0.4387705568250435, 0.6932901622305783, 0.30670983776942184, 1.36006881098346, 0.4776614715542576, 2.1919883792187593, 0.9519684574907596]"
msmarco,msmarco_9677,coverage_guided_ultra,0.539683,0.666667,336.0,1633.0,"[4.0, 4.0, 1.0, 0.0, 0.0, 1.0, 0.0, 0.0, 0.0, 0.440632, 0.26045470000000004, 0.0897516100992623, 0.24796200000000002, 0.0502119682637666, 0.2689818261043229, 0.15719693531109857, 0.02211823017847093, 0.5055443090833167, 0.2689818261043229, 2.0, 0.16917797989439237, 0.4450386189997723, 0.6172727925431947, 0.38272720745680533, 2.0224259086715657, 0.5226937085502912, 2.2489401697863114, 0.9767023058687572]"
msmarco,msmarco_9852,adaptive_k_full,0.060606,0.111111,1029.0,1815.0,"[6.0, 6.0, 1.0, 0.0, 0.0, 1.0, 0.0, 0.0, 0.0, 0.367646, 0.2163767, 0.10136146646438181, 0.27500199999999997, 0.08340088019453487, 0.10859359274954716, 0.059608971673838475, 0.0998732476349532, 0.2943592477546335, 0.2847739401489476, 6.0, 0.16991016130664716, 0.462938015045058, 0.7099937285299203, 0.29000627147007974, 1.4171517118561747, 0.5071129156372768, 2.1860318985480154, 0.9493815908038922]"
msmarco,msmarco_9889,coverage_guided_ultra,0.344828,0.820513,262.0,1282.0,"[2.0, 2.0, 1.0, 0.0, 0.0, 0.0, 0.0, 0.0, 0.0, 0.606857, 0.3502454, 0.14528543563220644, 0.452489, 0.04953061429628402, 0.21507538019665254, 0.16821755372352962, 0.012902545410203728, 0.46066865834949583, 0.21507538019665254, 2.0, 0.17326622990623147, 0.4653694238382574, 0.6570898575684363, 0.34291014243156376, 1.854147761818776, 0.5114405658829181, 2.217019147600083, 0.9628391820765669]"
msmarco,msmarco_9727,coverage_guided_ultra,0.000000,0.000000,161.0,1471.0,"[4.0, 4.0, 1.0, 0.0, 0.0, 0.0, 0.0, 0.0, 0.0, 0.230774, 0.0710862, 0.05886483683456534, 0.194163, 0.4890065605310824, 0.15964103408529556, 0.1313406189605415, 0.017844297884510373, 0.8140865088788165, 0.4890065605310824, 1.0, 0.32463966283188583, 0.604591327149292, 0.7363707723862015, 0.2636292276137985, 5.378845795263845, 0.6740235401130742, 2.04452366635058, 0.8879253464166619]"
msmarco,msmarco_9688,fixed_10_full,0.357724,0.357724,1401.0,1401.0,"[5.0, 5.0, 1.0, 0.0, 0.0, 0.0, 0.0, 0.0, 1.0, 0.503113, 0.3526457, 0.11484546784793033, 0.34494500000000006, 0.09176467314499931, 0.039273483293017615, 0.023424161172539856, 0.005891320637709664, 0.24159383677225596, 0.21364385336892505, 7.0, 0.1426681227078623, 0.3962175066929783, 0.6250491640760117, 0.3749508359239883, 1.318554685452506, 0.4352771486693188, 2.243059119412114, 0.9741481981434483]"
msmarco,msmarco_9786,answer_aware_fallback,0.159091,0.168675,607.0,1267.0,"[3.0, 3.0, 1.0, 0.0, 0.0, 0.0, 0.0, 0.0, 0.0, 0.40709, 0.2497624, 0.09590846903084212, 0.304947, 0.12365324621091157, 0.06530742587634183, 0.06031344420152789, 0.010182023631138102, 0.39092092657643274, 0.159407010734727, 8.0, 0.16299090655759232, 0.438019493726838, 0.6596553364317448, 0.34034466356825527, 1.6418229481750353, 0.480004703485186, 2.22466394421349, 0.9661592750610424]"
msmarco,msmarco_9710,adaptive_k_full,0.163934,0.250000,199.0,1290.0,"[6.0, 6.0, 1.0, 0.0, 0.0, 0.0, 0.0, 0.0, 1.0, 0.323961, 0.16340749999999998, 0.06466954158527799, 0.220498, 0.28003370776111935, 0.1889116282515488, 0.018619525189760525, 0.019718422896583244, 0.5618577544827926, 0.28003370776111935, 1.0, 0.1982534461392531, 0.4462726619035234, 0.6347279041659655, 0.3652720958340346, 2.282363799043264, 0.5124824134446316, 2.2336319401514904, 0.9700540262106466]"
msmarco,msmarco_9888,adaptive_k_full,0.348837,0.348837,1272.0,1347.0,"[6.0, 6.0, 1.0, 0.0, 0.0, 0.0, 0.0, 0.0, 0.0, 0.480715, 0.3834136, 0.07326465521136367, 0.24425, 0.018077239112571964, 0.027511103252446847, 0.10204383054408535, 0.0163360827101297, 0.1892805508461355, 0.1706270867353837, 9.0, 0.12537766005170395, 0.36815073852362046, 0.5766647296809503, 0.4233352703190497, 1.2334723202258002, 0.43045478096220924, 2.283537250937481, 0.9917276273026692]"
msmarco,msmarco_9807,coverage_guided_ultra,0.285714,0.391304,455.0,932.0,"[4.0, 4.0, 1.0, 0.0, 0.0, 0.0, 0.0, 0.0, 0.0, 0.513924, 0.2595829, 0.15828948779148286, 0.44264200000000004, 0.17800102738926382, 0.015208474404775782, 0.030502564581533498, 0.15912664129326518, 0.4723694554058577, 0.2486573890302846, 4.0, 0.19798068362746546, 0.5204495365449727, 0.7786002082571695, 0.2213997917428305, 1.895265560808668, 0.5521909054718072, 2.1051716806911767, 0.9142644443831723]"
msmarco,msmarco_9746,fixed_10_full,0.030769,0.030769,1272.0,1272.0,"[6.0, 6.0, 1.0, 0.0, 0.0, 0.0, 0.0, 0.0, 0.0, 0.771056, 0.4157294, 0.2191375800241483, 0.6509469999999999, 0.07805139963893667, 0.2365314581560872, 0.008039623581166694, 0.035583667074764985, 0.3992304060924239, 0.2365314581560872, 2.0, 0.18547064508788647, 0.4835898062537795, 0.720648575732195, 0.27935142426780496, 1.6645316443126155, 0.5135153705315728, 2.1520671456482914, 0.9346308860403346]"
msmarco,msmarco_9779,adaptive_k_full,0.033333,0.033898,1210.0,1466.0,"[7.0, 7.0, 1.0, 0.0, 0.0, 0.0, 0.0, 0.0, 0.0, 0.525395, 0.3812908, 0.12263313221866266, 0.31789799999999996, 0.009155016701719624, 0.004491858506456891, 0.10141702909239726, 0.07553364611387628, 0.20821667507304017, 0.2149259128845916, 7.0, 0.13779377839696105, 0.41023937635001945, 0.6412808806296927, 0.3587191193703074, 1.26297178598987, 0.461108638168542, 2.2478324879276226, 0.9762212457498243]"
msmarco,msmarco_9732,answer_aware_fallback,0.461538,0.472727,1043.0,1555.0,"[6.0, 6.0, 1.0, 0.0, 0.0, 0.0, 0.0, 0.0, 0.0, 0.552567, 0.412814, 0.1165673938758176, 0.4304, 0.10418646064640126, 0.03859441479494796, 0.0020196645836613584, 0.0243355104448872, 0.17931762121154543, 0.3048119051626319, 9.0, 0.133853745270267, 0.36850373291603483, 0.5928267936649435, 0.40717320633505644, 1.2184981983849414, 0.4094429717361118, 2.253411982501506, 0.9786443894550712]"
msmarco,msmarco_9872,fixed_10_full,0.385542,0.385542,1595.0,1595.0,"[15.0, 14.0, 0.9333333333333333, 0.0, 0.0, 0.0, 0.0, 0.0, 0.0, 0.585288, 0.3932943, 0.1201248938389125, 0.33426500000000003, 0.0009345826328236273, 0.09330620139145167, 0.2636582332116838, 0.019926941949945973, 0.3885847651070926, 0.2636582332116838, 3.0, 0.14881680207417194, 0.4322867125203696, 0.6188309873801884, 0.3811690126198117, 1.6355496934504017, 0.4970853058952312, 2.25765827653053, 0.9804885315204149]"
msmarco,msmarco_9859,answer_aware_fallback,0.030303,0.040000,817.0,1582.0,"[10.0, 9.0, 0.9, 0.0, 0.0, 0.0, 0.0, 0.0, 1.0, 0.517508, 0.3665, 0.08723992700019871, 0.272954, 0.0785804277421798, 0.06492073552486143, 0.10278681682215539, 0.02699861644650901, 0.30377308176878426, 0.11923293939417359, 8.0, 0.14120272851296042, 0.39224965893587993, 0.5969849931787176, 0.4030150068212824, 1.4363133251735345, 0.4527195229675024, 2.2741967210949467, 0.987671086734004]"
msmarco,msmarco_9895,answer_aware_fallback,0.231579,0.446809,794.0,1092.0,"[5.0, 5.0, 1.0, 1.0, 0.0, 0.0, 0.0, 0.0, 1.0, 0.380568, 0.2592178, 0.08059158523791426, 0.224971, 0.03776723213722653, 0.08512801917134391, 0.007254945239746794, 0.07412604317756612, 0.37491328750709474, 0.2447630909587775, 4.0, 0.1468139919403683, 0.41685447527137404, 0.6363320728746251, 0.3636679271253749, 1.5997780468119454, 0.47596459428566384, 2.254522537308034, 0.9791266972793974]"
msmarco,msmarco_9758,task_aware_coverage_ultra,0.103896,0.275000,1180.0,1498.0,"[5.0, 5.0, 1.0, 0.0, 0.0, 0.0, 0.0, 0.0, 0.0, 0.375422, 0.2870313, 0.06348390343709183, 0.23376999999999998, 0.01211703096781747, 0.13552215906366713, 0.04288773699996265, 0.011720144264321258, 0.22203546941841437, 0.2656423970891424, 9.0, 0.13079479485338358, 0.3714891024079952, 0.5791176781068825, 0.4208823218931176, 1.285405646003458, 0.4286970390559008, 2.275881054577104, 0.9884025834709897]"
msmarco,msmarco_9781,coverage_guided_ultra,0.463768,0.470588,304.0,1434.0,"[8.0, 8.0, 1.0, 0.0, 0.0, 0.0, 0.0, 0.0, 1.0, 0.550217, 0.29720409999999997, 0.11351364299276981, 0.37368499999999993, 0.3015573855406139, 0.029143047197742022, 0.039195444706361264, 0.09799042923064905, 0.43201318752419493, 0.3015573855406139, 1.0, 0.1851310261197608, 0.43834253968905545, 0.6601463438761443, 0.33985365612385565, 1.7606042570620382, 0.49935011796001055, 2.233417497977654, 0.9699608951578621]"
msmarco,msmarco_9787,adaptive_k_full,0.469136,0.457831,671.0,870.0,"[3.0, 3.0, 1.0, 0.0, 0.0, 0.0, 0.0, 0.0, 0.0, 0.635949, 0.33946430000000005, 0.1651630936547569, 0.528125, 0.2078091167687974, 0.075004442180112, 0.023396530224907935, 0.020224892247648854, 0.4741811057175968, 0.22079915213326856, 7.0, 0.1873389926422307, 0.47010422009030106, 0.6985845050569381, 0.30141549494306175, 1.901795486761126, 0.5033474785566447, 2.175728613149562, 0.9449069308098696]"
msmarco,msmarco_9721,answer_aware_fallback,0.000000,0.037736,849.0,1588.0,"[7.0, 7.0, 1.0, 0.0, 0.0, 0.0, 0.0, 0.0, 0.0, 0.575243, 0.35980409999999996, 0.15004994620222295, 0.47469399999999995, 0.11027861269063678, 0.017105814412343934, 0.12330962740963389, 0.0940437345608725, 0.31041316452351436, 0.23672082928431984, 8.0, 0.15987672180500445, 0.4416333777185974, 0.6716788385679875, 0.3283211614320126, 1.4501436926489866, 0.4719708681776126, 2.2030353937327893, 0.9567661149357081]"
msmarco,msmarco_9662,coverage_guided_ultra,0.054054,0.111111,967.0,1476.0,"[6.0, 6.0, 1.0, 0.0, 0.0, 0.0, 0.0, 0.0, 0.0, 0.624717, 0.4169809, 0.1591067363693002, 0.44216099999999997, 0.10860597678628887, 0.011782935313109697, 0.026970612293246387, 0.003380730794903937, 0.23301270815425218, 0.2598088414434056, 7.0, 0.14981909243325053, 0.4151494708750449, 0.6578006330745605, 0.3421993669254395, 1.3038025670458102, 0.4562368486525008, 2.2219908880964634, 0.9649983815395999]"
msmarco,msmarco_9762,coverage_guided_ultra,0.435897,0.476190,454.0,1542.0,"[5.0, 5.0, 1.0, 0.0, 0.0, 0.0, 0.0, 0.0, 0.0, 0.648673, 0.3933566, 0.13761826892763912, 0.4740190000000001, 0.13297609118924333, 0.04379402256606948, 0.22458619365997967, 0.07249569505744806, 0.4133577318618164, 0.22458619365997967, 3.0, 0.16490710973198366, 0.44364197778809356, 0.6391040597768031, 0.360895940223197, 1.704616346813336, 0.5034954240672137, 2.241770955009826, 0.9735887554517504]"
msmarco,msmarco_9887,coverage_guided_ultra,0.035714,0.166667,195.0,1359.0,"[5.0, 5.0, 1.0, 0.0, 0.0, 0.0, 0.0, 0.0, 0.0, 0.521732, 0.2315117, 0.13645160438928522, 0.42298099999999994, 0.3063296865057155, 0.021587711698726593, 0.11296221048354325, 0.015743715164107244, 0.6473380969539917, 0.3063296865057155, 1.0, 0.22535880476019138, 0.5331432493476572, 0.7386214174056862, 0.26137858259431385, 2.835577053724286, 0.5858968626255894, 2.1391493829513677, 0.929020772982525]"
msmarco,msmarco_9853,adaptive_k_full,0.054054,0.066667,283.0,1098.0,"[4.0, 4.0, 1.0, 0.0, 0.0, 0.0, 0.0, 0.0, 0.0, 0.413521, 0.2572571, 0.0772881032998611, 0.25091300000000005, 0.0900341216044651, 0.24548692811247794, 0.013675242611620743, 0.05112195027580224, 0.38935628420322066, 0.24548692811247794, 2.0, 0.16074230798683498, 0.4138222035465688, 0.6165901737988961, 0.3834098262011039, 1.6376161321748497, 0.4781003475094557, 2.2598744106435413, 0.9814509863368532]"
msmarco,msmarco_9753,coverage_guided_ultra,0.192771,0.205882,633.0,894.0,"[3.0, 3.0, 1.0, 0.0, 0.0, 0.0, 0.0, 0.0, 0.0, 0.630213, 0.366427, 0.18309832558983166, 0.532992, 0.16979656084530148, 0.06731374947835099, 0.031121224094076114, 0.0008124237361019408, 0.2805257904867085, 0.36434348386973925, 7.0, 0.17198869078970708, 0.44598269232343685, 0.695580020031275, 0.304419979968725, 1.3899038864457394, 0.47220911494219325, 2.1546397172261007, 0.9357481396808783]"
msmarco,msmarco_9876,fixed_10_full,0.062500,0.062500,1272.0,1272.0,"[9.0, 9.0, 1.0, 0.0, 0.0, 0.0, 0.0, 0.0, 1.0, 0.450013, 0.3501959, 0.0462481394121969, 0.15440199999999998, 0.14963123287549474, 0.01626619675431597, 0.0019332774830948926, 0.08884410005933159, 0.18179697030974665, 0.14963123287549474, 1.0, 0.12850321777039653, 0.3449632048804684, 0.5570413588508604, 0.4429586411491397, 1.222190536716259, 0.4158357732902001, 2.294055990259015, 0.9962958577465901]"
asqa,asqa_50,answer_aware_fallback,0.508475,0.527778,363.0,1104.0,"[10.0, 10.0, 1.0, 1.0, 1.0, 1.0, 0.0, 0.0, 0.0, 0.521762, 0.35886450000000003, 0.09979396876590288, 0.3644069999999999, 0.09173722885146857, 0.04332243436662696, 0.13850951199972397, 0.03893346008333302, 0.32349423683595196, 0.22962960123581252, 9.0, 0.14539248100606217, 0.4032028801957285, 0.6071793114114101, 0.3928206885885898, 1.4781840073659607, 0.45874938929141323, 2.2614217156260086, 0.9821229723525602]"
asqa,asqa_51,fixed_10_full,0.391061,0.391061,1500.0,1500.0,"[8.0, 8.0, 1.0, 1.0, 0.0, 1.0, 0.0, 0.0, 0.0, 0.404103, 0.2219481, 0.09727288033306097, 0.306049, 0.14413651964969318, 0.1666679039749768, 0.0373988809783644, 0.040222418541807387, 0.44301576578248614, 0.1666679039749768, 2.0, 0.18207094361249318, 0.46338130400755845, 0.6834651884832534, 0.3165348115167465, 1.7953829544293336, 0.5107065711263724, 2.2065275581137627, 0.9582827426562639]"
asqa,asqa_52,answer_aware_fallback,0.321429,0.321429,261.0,886.0,"[9.0, 9.0, 1.0, 1.0, 1.0, 1.0, 0.0, 0.0, 0.0, 0.540869, 0.213598, 0.14830667061396802, 0.41460600000000003, 0.12263598024660324, 0.5639720523823698, 0.03590148446296606, 0.01695604665824814, 0.7291118551811991, 0.5639720523823698, 2.0, 0.2532181949269188, 0.5547392765849868, 0.6935987228344835, 0.3064012771655165, 3.691560591065761, 0.6297286969812762, 2.1089019723077733, 0.9158844894481503]"
asqa,asqa_53,fixed_10_full,0.531120,0.531120,1196.0,1196.0,"[10.0, 10.0, 1.0, 1.0, 0.0, 1.0, 0.0, 0.0, 0.0, 0.452888, 0.24748549999999997, 0.09596485768472748, 0.298612, 0.25952774195827666, 0.03011561357333383, 0.027998092243556958, 0.07003939163766759, 0.5286384271607991, 0.25952774195827666, 1.0, 0.18299577146943966, 0.44849132575443823, 0.6596172301003493, 0.3403827698996507, 2.1215136269522286, 0.5145761281768366, 2.232023383274686, 0.969355438835223]"
asqa,asqa_54,fixed_10_full,0.404040,0.404040,1078.0,1078.0,"[8.0, 8.0, 1.0, 1.0, 0.0, 1.0, 0.0, 0.0, 0.0, 0.376647, 0.1822714, 0.06990696406968336, 0.244341, 0.4355484047397165, 0.022697645275284287, 0.11118633627773485, 0.0012106826816621716, 0.5752654342129367, 0.4355484047397165, 1.0, 0.20664075658605793, 0.4352279073952359, 0.6119681968756481, 0.3880318031243519, 2.35441162681669, 0.5098558925190337, 2.241359993845339, 0.9734102772857371]"
asqa,asqa_55,answer_aware_fallback,0.602740,0.602740,303.0,945.0,"[10.0, 10.0, 1.0, 1.0, 0.0, 1.0, 0.0, 0.0, 0.0, 0.480408, 0.174637, 0.11731026792314474, 0.378062, 0.3554145642870227, 0.3445050873424256, 0.0211299562038934, 0.004127741419793144, 0.7368195367271153, 0.3554145642870227, 1.0, 0.27508947130333206, 0.5349570824052177, 0.6840915728053047, 0.3159084271946953, 3.799674138285588, 0.6064262554728653, 2.126433982522407, 0.9234985447410371]"
asqa,asqa_56,coverage_guided_ultra,0.093023,0.239130,732.0,1671.0,"[8.0, 6.0, 0.75, 1.0, 0.0, 1.0, 0.0, 0.0, 0.0, 0.290238, 0.1794252, 0.04206678961080819, 0.138744, 0.23577891247872435, 0.1355301511173589, 0.0679752478999993, 0.001243806806827501, 0.44381163045500593, 0.23577891247872435, 1.0, 0.1617598865711171, 0.38707717756480137, 0.5677474513056138, 0.4322525486943863, 1.7979520154620976, 0.46631926749400576, 2.278065086172851, 0.9893510963413249]"
asqa,asqa_57,fixed_10_full,0.558559,0.558559,908.0,908.0,"[8.0, 8.0, 1.0, 1.0, 0.0, 1.0, 0.0, 1.0, 0.0, 0.687141, 0.3118002, 0.20611315421282553, 0.549422, 0.009028714630621644, 0.3400015426237119, 0.2447241541401255, 0.006627460739498884, 0.6717791544966754, 0.3400015426237119, 2.0, 0.2203786270823431, 0.5822273366085076, 0.7440880409954836, 0.25591195900451635, 3.0467290962781663, 0.6391587572184937, 2.1061870460951915, 0.9147054119752515]"
asqa,asqa_58,adaptive_k_full,0.250000,0.297297,212.0,1201.0,"[9.0, 9.0, 1.0, 1.0, 0.0, 1.0, 0.0, 0.0, 0.0, 0.479261, 0.1978095, 0.12187394006287808, 0.38990199999999997, 0.2891263841622832, 0.1855106090418373, 0.06043888403187411, 0.01943200051746332, 0.6900853605864028, 0.2891263841622832, 1.0, 0.24228411678913298, 0.5418046150462946, 0.72953574019448, 0.27046425980551997, 3.226694943782401, 0.5967304409411466, 2.13424444984094, 0.9268905875985616]"
asqa,asqa_59,answer_aware_fallback,0.469136,0.463415,352.0,1168.0,"[9.0, 9.0, 1.0, 1.0, 0.0, 1.0, 0.0, 0.0, 0.0, 0.505424, 0.22057449999999998, 0.12684831813173558, 0.403391, 0.27652624331254544, 0.17563471461584731, 0.0021269270948747836, 0.004228133210927854, 0.6763252239703694, 0.27652624331254544, 1.0, 0.2291398144391124, 0.5204481932408325, 0.7196593441218274, 0.2803406558781727, 3.0895209452727195, 0.5747976024230128, 2.1526190931738474, 0.9348705938049837]"
asqa,asqa_60,coverage_guided_ultra,0.529412,0.521739,314.0,1813.0,"[8.0, 7.0, 0.875, 1.0, 0.0, 1.0, 0.0, 0.0, 0.0, 0.214472, 0.11396060000000001, 0.04049062832854042, 0.13627499999999998, 0.33435599985079634, 0.04432280204408961, 0.003846655973740256, 0.009222649110373352, 0.5762896788391958, 0.33435599985079634, 1.0, 0.18819837733392064, 0.4304031393306107, 0.6263524411068386, 0.37364755889316126, 2.3601029997579066, 0.5022728180383619, 2.2461380890276565, 0.9754853776574262]"
asqa,asqa_61,adaptive_k_full,0.358209,0.349206,309.0,850.0,"[9.0, 9.0, 1.0, 1.0, 0.0, 1.0, 0.0, 0.0, 0.0, 0.630168, 0.1574976, 0.15817512883079943, 0.5393939999999999, 0.7796539970293636, 0.03770264437419863, 0.009500641098881579, 0.005203374338271706, 0.8280791788856305, 0.7796539970293636, 1.0, 0.4001127636230647, 0.5613539507903612, 0.699418276849933, 0.30058172315006704, 5.816631130063965, 0.6347927292987777, 1.985482270281591, 0.8622839939000357]"
asqa,asqa_62,adaptive_k_full,0.484848,0.484848,277.0,986.0,"[9.0, 9.0, 1.0, 1.0, 1.0, 1.0, 0.0, 0.0, 0.0, 0.293486, 0.1721616, 0.06773940893778156, 0.19718400000000003, 0.1337167701355431, 0.10182427781904424, 0.06243909419870115, 0.08884921256891296, 0.38174222961231546, 0.1337167701355431, 1.0, 0.17047123168000297, 0.44846585998271393, 0.6735352134273845, 0.32646478657261546, 1.61744833287407, 0.5050638128070439, 2.225356509097489, 0.966460052168523]"
asqa,asqa_63,fixed_10_full,0.389189,0.389189,1496.0,1496.0,"[11.0, 10.0, 0.9090909090909091, 1.0, 0.0, 1.0, 0.0, 0.0, 0.0, 0.326355, 0.1691724, 0.05532520689197647, 0.197477, 0.4133351718220956, 0.07642597784621039, 0.02690628303534498, 0.0004381731549998513, 0.5200778293576014, 0.4133351718220956, 1.0, 0.19291267369854656, 0.40451929510960416, 0.5903433420581607, 0.40965665794183925, 2.0836711891460498, 0.4792164584892884, 2.257764273761014, 0.9805345655327112]"
asqa,asqa_64,answer_aware_fallback,0.595745,0.636364,281.0,1088.0,"[8.0, 8.0, 1.0, 1.0, 0.0, 1.0, 0.0, 0.0, 0.0, 0.651379, 0.24109799999999998, 0.1755009370373845, 0.5570740000000001, 0.35788841826340734, 0.03805772062040691, 0.34222319110686705, 0.012894182956466188, 0.7419873836890658, 0.35788841826340734, 1.0, 0.2701718803142291, 0.6068507411923783, 0.7472977793262491, 0.2527022206737509, 3.875779464965728, 0.6608787837450844, 2.0745383012273004, 0.9009605367199626]"
asqa,asqa_65,coverage_guided_ultra,0.434783,0.447761,268.0,2146.0,"[9.0, 8.0, 0.8888888888888888, 1.0, 0.0, 1.0, 0.0, 0.0, 0.0, 0.507839, 0.1870577, 0.12135212676756021, 0.406884, 0.4486894468522505, 0.10397980462311866, 0.09410856590376084, 0.03569438345617411, 0.7304696961044741, 0.4486894468522505, 1.0, 0.27148788849643724, 0.5426069068528053, 0.7116766644730478, 0.2883233355269524, 3.710157950875963, 0.6093297593569243, 2.1326272429483693, 0.9261882435690223]"
asqa,asqa_66,answer_aware_fallback,0.136054,0.130435,309.0,956.0,"[9.0, 9.0, 1.0, 1.0, 1.0, 1.0, 0.0, 0.0, 0.0, 0.493297, 0.22126549999999998, 0.09426157031394075, 0.335514, 0.4935687831063234, 0.07143769372203762, 0.02651141198912624, 0.014324027918272338, 0.6036140499536791, 0.4935687831063234, 1.0, 0.22294347740610262, 0.43282798267240036, 0.6122680670958646, 0.3877319329041356, 2.522793756648392, 0.5062422691856346, 2.2303710253643962, 0.9686378289126549]"
asqa,asqa_67,fixed_10_full,0.577465,0.577465,1270.0,1270.0,"[12.0, 10.0, 0.8333333333333334, 1.0, 0.0, 1.0, 0.0, 0.0, 0.0, 0.294349, 0.2352777, 0.029132222236039607, 0.10215400000000002, 0.11503691196504838, 0.03181257622753936, 0.012542933728329297, 0.03816897628325557, 0.17114377830398617, 0.11503691196504838, 1.0, 0.12510705434471692, 0.3425573269374871, 0.5514190252624876, 0.44858097473751224, 1.2064818647965145, 0.4119540960747973, 2.294991094452079, 0.9967019683376425]"
asqa,asqa_68,fixed_10_full,0.414815,0.414815,1567.0,1567.0,"[9.0, 8.0, 0.8888888888888888, 1.0, 0.0, 1.0, 0.0, 0.0, 0.0, 0.314818, 0.1680149, 0.06690200182573014, 0.226568, 0.22642288560374563, 0.17827443157633938, 0.019963915659206227, 0.09991487144953597, 0.42531875559847276, 0.22642288560374563, 1.0, 0.18737504828440812, 0.4438689663833386, 0.6593540215778482, 0.34064597842215183, 1.7400950696440416, 0.5002387947572476, 2.2273369855194654, 0.9673201621501268]"
asqa,asqa_69,coverage_guided_ultra,0.388060,0.375000,344.0,775.0,"[8.0, 8.0, 1.0, 1.0, 0.0, 1.0, 1.0, 0.0, 0.0, 0.547256, 0.1902207, 0.15244095433776972, 0.46415799999999996, 0.2167998158083236, 0.5078354554358473, 0.03771543847851827, 0.020652126244390206, 0.7623507097226891, 0.5078354554358473, 2.0, 0.28769529288873397, 0.5922394355609037, 0.7289805999031651, 0.2710194000968349, 4.207881280996501, 0.649043685466485, 2.04846554094019, 0.8896372807992843]"
asqa,asqa_70,fixed_10_full,0.392638,0.392638,1040.0,1040.0,"[9.0, 8.0, 0.8888888888888888, 1.0, 0.0, 1.0, 1.0, 1.0, 0.0, 0.385091, 0.2102144, 0.0680281083541208, 0.23326500000000003, 0.3295169193774978, 0.048588515441804675, 0.06265532043075535, 0.02311401720632264, 0.5001389282013862, 0.3295169193774978, 1.0, 0.18318963876879987, 0.41993983285636, 0.6139560372648115, 0.3860439627351885, 2.0005558672568213, 0.49087833554646576, 2.2559932743168933, 0.9797654302466757]"
asqa,asqa_71,fixed_10_full,0.329114,0.329114,1069.0,1069.0,"[9.0, 9.0, 1.0, 1.0, 1.0, 1.0, 0.0, 0.0, 0.0, 0.522413, 0.1992017, 0.11991048891406456, 0.405598, 0.47436223830570834, 0.08686039589367034, 0.03474645539065835, 0.002029045984690284, 0.7439994793391436, 0.47436223830570834, 1.0, 0.2622532839830182, 0.5151743182914603, 0.6882697286217939, 0.3117302713782061, 3.9062420553619766, 0.5843895672297762, 2.1568772437028727, 0.9367198850828529]"
asqa,asqa_72,adaptive_k_full,0.280000,0.279570,352.0,1040.0,"[9.0, 9.0, 1.0, 1.0, 0.0, 1.0, 0.0, 0.0, 0.0, 0.55062, 0.2809613, 0.15382391043140856, 0.438375, 0.17337909992372233, 0.035441865533398724, 0.07705314009661834, 0.08192401293087789, 0.5533998038574698, 0.26752569830373035, 4.0, 0.19597716838582394, 0.5130290185872574, 0.740504831092396, 0.259495168907604, 2.2391391867657284, 0.5610523275637922, 2.1541691258656552, 0.9355437644498056]"
asqa,asqa_73,adaptive_k_full,0.705882,0.785714,216.0,882.0,"[9.0, 9.0, 1.0, 1.0, 0.0, 1.0, 0.0, 0.0, 0.0, 0.769407, 0.1513121, 0.20669806996750115, 0.6995239999999999, 0.8306306025289606, 0.05526073976451997, 0.012027444512462194, 0.0007694237250245908, 0.8992444830889244, 0.8306306025289606, 1.0, 0.5084900678795681, 0.652635843399173, 0.7557763060588016, 0.24422369394119836, 9.925014834498594, 0.7209700475868545, 1.7632610811820935, 0.7657745577121449]"
asqa,asqa_74,fixed_10_full,0.405797,0.405797,1256.0,1256.0,"[9.0, 9.0, 1.0, 1.0, 0.0, 1.0, 0.0, 0.0, 0.0, 0.269697, 0.22981690000000002, 0.026557902610899083, 0.07228800000000002, 0.015409885909001556, 0.0027401120516729704, 0.11545920051020207, 0.025343255579409408, 0.15405807257774476, 0.11545920051020207, 3.0, 0.11735298840076601, 0.34812061253980886, 0.549067975418692, 0.450932024581308, 1.1821142416326247, 0.42069395256387, 2.295979060479849, 0.9971310365318109]"
asqa,asqa_75,answer_aware_fallback,0.620690,0.620690,422.0,1342.0,"[8.0, 8.0, 1.0, 1.0, 0.0, 1.0, 0.0, 0.0, 0.0, 0.475011, 0.1705085, 0.17665878737852245, 0.42823900000000004, 0.011182898922340827, 0.2183170494999063, 0.627972825892453, 0.00015999629482264552, 0.8684704143693515, 0.627972825892453, 3.0, 0.2785849385807746, 0.7687041994973858, 0.8450522994454821, 0.15494770055451781, 7.6028522039758, 0.8143049115898908, 1.828174487474511, 0.7939660918664856]"
asqa,asqa_76,fixed_10_full,0.666667,0.666667,1098.0,1098.0,"[11.0, 10.0, 0.9090909090909091, 1.0, 0.0, 1.0, 0.0, 0.0, 0.0, 0.755168, 0.2348638, 0.21763046962721005, 0.6646869999999999, 0.26145970168227456, 0.47388925378193997, 0.06868802703504387, 0.006398576210856396, 0.8052181766176533, 0.47388925378193997, 2.0, 0.321534438257407, 0.6440950031465044, 0.7697329260618282, 0.2302670739381718, 5.133949270189608, 0.6985769357940177, 1.968706811443911, 0.8549985046954361]"
asqa,asqa_77,answer_aware_fallback,0.303797,0.300000,312.0,1124.0,"[8.0, 7.0, 0.875, 1.0, 0.0, 1.0, 0.0, 0.0, 0.0, 0.546714, 0.2656895, 0.1529052345671985, 0.41203100000000004, 0.1365869540564171, 0.02642332188310527, 0.40990902007265223, 0.08757046645961142, 0.6062584824972472, 0.40990902007265223, 3.0, 0.20577177494782445, 0.5556666710577572, 0.7245687164904898, 0.2754312835095102, 2.5397372528616025, 0.6199009316056898, 2.150191776106767, 0.9338164233969211]"
asqa,asqa_78,fixed_10_full,0.265823,0.265823,1268.0,1268.0,"[9.0, 8.0, 0.8888888888888888, 1.0, 0.0, 1.0, 0.0, 0.0, 0.0, 0.43828, 0.22505800000000004, 0.0866133480417424, 0.304054, 0.33083188829059046, 0.06760290225426671, 0.07700784886374008, 0.09472711508624629, 0.48192707857990325, 0.33083188829059046, 1.0, 0.19474091123177134, 0.4422046761279314, 0.6452474473246895, 0.3547525526753103, 1.9302302024566085, 0.503221177402155, 2.2355963871441467, 0.9709071746995487]"
asqa,asqa_79,coverage_guided_ultra,0.421053,0.457143,560.0,1294.0,"[10.0, 10.0, 1.0, 1.0, 0.0, 1.0, 0.0, 0.0, 0.0, 0.641261, 0.22839139999999997, 0.20535047110303886, 0.560048, 0.23727780108255453, 0.027045150102688292, 0.494683132141203, 0.001638958240092562, 0.8552414695420429, 0.494683132141203, 3.0, 0.28077283120117486, 0.7014826302566559, 0.8097914369805519, 0.19020856301944822, 6.908055759038222, 0.7563791455948393, 1.9464732114579493, 0.8453425749086887]"
asqa,asqa_80,adaptive_k_full,0.765957,0.900000,308.0,842.0,"[10.0, 10.0, 1.0, 1.0, 0.0, 1.0, 0.0, 0.0, 0.0, 0.505974, 0.1338888, 0.12490997798318595, 0.43089200000000005, 0.7618790688849625, 0.011961088909706825, 0.03091858474941401, 0.018477234008071552, 0.8065216789795523, 0.7618790688849625, 1.0, 0.3779061430082277, 0.5533606993266054, 0.7002602159403923, 0.29973978405960766, 5.168537718984627, 0.6238310871457897, 2.021264437799463, 0.8778239918035852]"
asqa,asqa_81,task_aware_coverage_ultra,0.338983,0.361905,338.0,1398.0,"[13.0, 9.0, 0.6923076923076923, 1.0, 0.0, 1.0, 0.0, 0.0, 0.0, 0.577007, 0.2537848, 0.17275684057645882, 0.46667900000000007, 0.07715331009849109, 0.23350496614425814, 0.29483351155185294, 0.16324238700743662, 0.6229144533775154, 0.29483351155185294, 3.0, 0.22736074028074182, 0.5939090914822323, 0.7693392196853398, 0.23066078031466028, 2.6519181362343223, 0.6511751386702946, 2.0911000361685037, 0.9081532068156714]"
asqa,asqa_82,task_aware_coverage_ultra,0.547945,0.545455,394.0,1066.0,"[8.0, 8.0, 1.0, 1.0, 0.0, 1.0, 1.0, 0.0, 0.0, 0.48607, 0.2467886, 0.14847664005034597, 0.37886, 0.032153805007509216, 0.11732877980537788, 0.24443598658629404, 0.0009052194128417635, 0.6273931738227005, 0.24443598658629404, 3.0, 0.19695804425325966, 0.555099384655531, 0.7478599092502652, 0.2521400907497348, 2.683794095399005, 0.6084364292074996, 2.1279656115228125, 0.9241637227642362]"
asqa,asqa_83,adaptive_k_full,0.384000,0.428571,310.0,1532.0,"[9.0, 9.0, 1.0, 1.0, 0.0, 1.0, 0.0, 0.0, 1.0, 0.594093, 0.2365535, 0.17343862281986097, 0.514085, 0.14753582351584685, 0.36046544901219163, 0.0331193937649493, 0.0165361315484276, 0.7023984460345434, 0.36046544901219163, 2.0, 0.2511453011686574, 0.5888008420928035, 0.778787462455639, 0.22121253754436102, 3.3601975079608377, 0.6331274015088737, 2.0585634688305037, 0.8940227551607044]"
asqa,asqa_84,answer_aware_fallback,0.610169,0.705882,461.0,1002.0,"[9.0, 8.0, 0.8888888888888888, 1.0, 0.0, 1.0, 0.0, 1.0, 0.0, 0.598964, 0.2216962, 0.14941703003995227, 0.47824200000000006, 0.36922586332400614, 0.15615629653869012, 0.21077727542890723, 0.0071222978342604755, 0.7390828163295291, 0.36922586332400614, 1.0, 0.27017332728301163, 0.5688207556106059, 0.7105963025076659, 0.2894036974923341, 3.8326337343230104, 0.6388965447360422, 2.117160418749794, 0.9194710871670134]"
asqa,asqa_85,answer_aware_fallback,0.434783,0.424779,352.0,1060.0,"[8.0, 8.0, 1.0, 1.0, 0.0, 1.0, 1.0, 0.0, 0.0, 0.83275, 0.24045670000000002, 0.24124130327124746, 0.748023, 0.3633803662563795, 0.2331744220954668, 0.251271089762834, 0.0068856199339537546, 0.8616823776643651, 0.3633803662563795, 1.0, 0.3463201482844936, 0.7065155597660617, 0.807118703700084, 0.19288129629991593, 7.229736768995694, 0.7606091986906983, 1.903172152309423, 0.8265371638599174]"
asqa,asqa_86,adaptive_k_full,0.666667,0.650000,520.0,1154.0,"[12.0, 10.0, 0.8333333333333334, 1.0, 0.0, 1.0, 0.0, 0.0, 0.0, 0.527993, 0.2534116, 0.12426881782024, 0.37148000000000003, 0.2521245546815963, 0.028945459504197954, 0.3617415382400902, 0.0001534111247686953, 0.6442907387029753, 0.3617415382400902, 3.0, 0.20835391907868464, 0.5139685791810635, 0.6625036107265807, 0.33749638927341924, 2.8112846889442635, 0.5871436222102411, 2.1960554596777606, 0.9537347680915604]"
asqa,asqa_87,adaptive_k_full,0.418301,0.468750,387.0,1217.0,"[13.0, 12.0, 0.9230769230769231, 1.0, 1.0, 1.0, 0.0, 0.0, 0.0, 0.643697, 0.29558809999999996, 0.18816113116977692, 0.526036, 0.06183810084558415, 0.36755647455246804, 0.020413331116969607, 0.10381126523814775, 0.5540805689633477, 0.36755647455246804, 2.0, 0.21776823897849745, 0.5463298421012213, 0.7632512946224831, 0.2367487053775169, 2.242557579684849, 0.5937314445825626, 2.1096543768794214, 0.9162112546017758]"
asqa,asqa_88,adaptive_k_full,0.300000,0.296296,586.0,1047.0,"[8.0, 8.0, 1.0, 1.0, 0.0, 1.0, 0.0, 0.0, 0.0, 0.25509, 0.180775, 0.04536748521793994, 0.12200299999999997, 0.01858559724018972, 0.12759810263044413, 0.04141283468579713, 0.0481947547924262, 0.3439021521815829, 0.15630561762515188, 4.0, 0.1411091135389296, 0.40007689116304795, 0.6072958097082009, 0.3927041902917992, 1.52416290241629, 0.4693440504829142, 2.2719296990089535, 0.9866865315517043]"
asqa,asqa_89,answer_aware_fallback,0.447368,0.500000,479.0,1323.0,"[8.0, 8.0, 1.0, 1.0, 0.0, 1.0, 1.0, 0.0, 0.0, 0.400654, 0.1496718, 0.10787990725783927, 0.33137300000000003, 0.2859499717961134, 0.21648105347756413, 0.11857113619232552, 0.006541804150214395, 0.7941640417916705, 0.2859499717961134, 1.0, 0.2676883688176397, 0.5920246833404823, 0.7485778884198626, 0.25142211158013733, 4.858237640810486, 0.6527886441559512, 2.0807439259065146, 0.9036556052749078]"
asqa,asqa_90,adaptive_k_full,0.407767,0.422222,275.0,1128.0,"[8.0, 8.0, 1.0, 1.0, 0.0, 1.0, 0.0, 0.0, 0.0, 0.405721, 0.1606783, 0.1206293684092311, 0.324325, 0.027669260403084914, 0.6608482183569498, 0.008276623591088423, 0.039576457713551894, 0.7240049196368934, 0.6608482183569498, 2.0, 0.2525051609333681, 0.5766746349693767, 0.7229258711350567, 0.27707412886494315, 3.6232529894531913, 0.6435727874279134, 2.075643345324745, 0.9014404512737425]"
asqa,asqa_91,adaptive_k_full,0.341463,0.512821,173.0,1150.0,"[13.0, 12.0, 0.9230769230769231, 1.0, 0.0, 1.0, 0.0, 0.0, 0.0, 0.662703, 0.28870870000000004, 0.19853895466081714, 0.5821130000000001, 0.24503887865303173, 0.08413874691981166, 0.10457776711437858, 0.17951329630317048, 0.4759311486442645, 0.24503887865303173, 1.0, 0.2295403636953095, 0.5568152258660719, 0.8070861737107333, 0.19291382628926665, 1.9081462243234995, 0.5898667934776028, 2.0553835367470286, 0.8926417282040241]"
asqa,asqa_92,fixed_10_full,0.421053,0.421053,1367.0,1367.0,"[9.0, 8.0, 0.8888888888888888, 1.0, 0.0, 1.0, 0.0, 0.0, 0.0, 0.340571, 0.2652247, 0.035112786673945434, 0.13023200000000001, 0.11780509790909977, 0.012056223225113114, 0.11617841800975426, 0.008336000422819428, 0.24997430785357527, 0.11780509790909977, 1.0, 0.12840847779260378, 0.3534229655081144, 0.5465475123546185, 0.4534524876453815, 1.3332876599709516, 0.42593095789423935, 2.294029720018152, 0.996284448725945]"
asqa,asqa_93,adaptive_k_full,0.340000,0.351648,180.0,1063.0,"[9.0, 9.0, 1.0, 1.0, 0.0, 1.0, 0.0, 0.0, 0.0, 0.272759, 0.1184512, 0.06508869506266045, 0.20377699999999999, 0.30971663629797724, 0.07453099622743893, 0.25365982424044664, 0.015632848045344074, 0.6995809487496287, 0.30971663629797724, 1.0, 0.2302712002917657, 0.5310136157337367, 0.6835709558028961, 0.31642904419710394, 3.3286837031070755, 0.6041963845734886, 2.172467878808298, 0.9434908118785061]"
asqa,asqa_94,fixed_10_full,0.489510,0.489510,1730.0,1730.0,"[8.0, 8.0, 1.0, 1.0, 0.0, 1.0, 0.0, 1.0, 0.0, 0.195766, 0.1362806, 0.034258028767575055, 0.099243, 0.05109160937037066, 0.05666969749599022, 0.22354239244812682, 0.04608563284737903, 0.3390476385071973, 0.22354239244812682, 3.0, 0.14364920612324866, 0.40812852306197656, 0.5991314978067311, 0.40086850219326886, 1.5129683442562136, 0.47556630610156186, 2.2720271419904323, 0.9867288505008607]"
asqa,asqa_95,coverage_guided_ultra,0.746269,0.746269,308.0,1162.0,"[8.0, 8.0, 1.0, 1.0, 0.0, 1.0, 0.0, 0.0, 0.0, 0.251875, 0.14182060000000002, 0.04444374163186533, 0.15718500000000002, 0.29711960297766754, 0.05811612903225811, 0.06609627791563273, 0.05841786600496274, 0.4566828784119107, 0.29711960297766754, 1.0, 0.1776011383395642, 0.41694436492300835, 0.6162101979543169, 0.3837898020456831, 1.8405457149538176, 0.48462717393086036, 2.257888540767985, 0.9805885340081212]"
asqa,asqa_96,adaptive_k_full,0.647059,0.628571,246.0,746.0,"[9.0, 9.0, 1.0, 1.0, 1.0, 1.0, 0.0, 0.0, 0.0, 0.39008, 0.2613324, 0.04712374669145058, 0.167842, 0.2542145200984413, 0.06075164068908941, 0.02692268252666123, 0.02834803117309273, 0.35821369975389655, 0.2542145200984413, 1.0, 0.14926583921473188, 0.36283828564693854, 0.5568685704489761, 0.44313142955102386, 1.5581510537332033, 0.43862000951054025, 2.287814976898554, 0.9935854200826575]"
asqa,asqa_97,fixed_10_full,0.518219,0.518219,1394.0,1394.0,"[8.0, 8.0, 1.0, 1.0, 0.0, 1.0, 0.0, 0.0, 0.0, 0.276588, 0.13814189999999998, 0.05037282228831337, 0.18442799999999998, 0.4229395346146615, 0.06025207167339152, 0.017310946244956348, 0.005925781306491922, 0.5450959549944322, 0.4229395346146615, 1.0, 0.20022020835097823, 0.41923485922808357, 0.6103253249014238, 0.3896746750985762, 2.1982657902893794, 0.48379831705326437, 2.2458727941003778, 0.975370161534432]"
asqa,asqa_98,fixed_10_full,0.434783,0.434783,1167.0,1167.0,"[8.0, 8.0, 1.0, 1.0, 1.0, 1.0, 0.0, 0.0, 0.0, 0.675805, 0.2930864, 0.169982618145621, 0.515191, 0.21552962762927177, 0.20789280931629683, 0.24212901650624072, 0.0507054549759176, 0.6715191512344537, 0.24212901650624072, 3.0, 0.23058217645035728, 0.5444155716539559, 0.6972752744583167, 0.3027247255416832, 3.044317511228034, 0.6139974241174794, 2.157345153536668, 0.9369230957416984]"
asqa,asqa_99,fixed_10_full,0.407407,0.407407,1394.0,1394.0,"[8.0, 8.0, 1.0, 1.0, 0.0, 1.0, 0.0, 0.0, 0.0, 0.331421, 0.1825991, 0.055758524258538264, 0.19423600000000002, 0.33790254691163213, 0.09455043585047418, 0.01597665808744767, 0.04001255201088644, 0.4614221790411592, 0.33790254691163213, 1.0, 0.1815019898783729, 0.40468490808552726, 0.6025489720376498, 0.3974510279623503, 1.8567418877733957, 0.4767198211182176, 2.2616321664076167, 0.9822143699657248]"
asqa,asqa_100,fixed_10_full,0.662069,0.662069,1455.0,1455.0,"[8.0, 8.0, 1.0, 1.0, 0.0, 1.0, 0.0, 0.0, 0.0, 0.440427, 0.13210660000000002, 0.10473921846586406, 0.359038, 0.6622732030506758, 0.06401514893501076, 0.05108224518478659, 0.005231286910203054, 0.7943790912001307, 0.6622732030506758, 1.0, 0.33338758245235284, 0.5372335674372061, 0.6800069035157971, 0.3199930964842029, 4.863318647099745, 0.6128264043774733, 2.086805937749933, 0.9062883035677366]"
asqa,asqa_101,adaptive_k_full,0.340136,0.375000,481.0,1492.0,"[9.0, 9.0, 1.0, 1.0, 0.0, 1.0, 1.0, 0.0, 0.0, 0.1567, 0.0968551, 0.028229753535764356, 0.085222, 0.06940012763241861, 0.3280472239948947, 0.01060625398851315, 0.003797064454371399, 0.43690491384811747, 0.3280472239948947, 2.0, 0.16178807311127652, 0.4098338652275409, 0.5967058007270655, 0.4032941992729345, 1.775898999286014, 0.48386801859675893, 2.2640358870628394, 0.9832582925823249]"
asqa,asqa_102,adaptive_k_full,0.325581,0.337662,292.0,1021.0,"[9.0, 9.0, 1.0, 1.0, 0.0, 1.0, 0.0, 1.0, 0.0, 0.453973, 0.26382880000000003, 0.10344277375128724, 0.30202700000000005, 0.09224337130181756, 0.12047632788734129, 0.20390419694563336, 0.020789782652272274, 0.45228020168600336, 0.20390419694563336, 3.0, 0.17207105516910967, 0.4637378481803351, 0.6583667135657668, 0.3416332864342331, 1.8257510557007843, 0.524675271209489, 2.2287744391758535, 0.9679444403410878]"
asqa,asqa_103,adaptive_k_full,0.517647,0.575342,357.0,945.0,"[9.0, 9.0, 1.0, 1.0, 0.0, 1.0, 0.0, 0.0, 0.0, 0.573869, 0.36157469999999997, 0.08240678654218958, 0.29248799999999997, 0.2576493938512099, 0.1084097590216583, 0.002148573977684775, 0.008392159186155703, 0.3748102790009566, 0.2576493938512099, 1.0, 0.15871381487698116, 0.3771502818089872, 0.5766506893319694, 0.4233493106680307, 1.5995144616293684, 0.44779148247850986, 2.2788196596306904, 0.9896788034302553]"
asqa,asqa_104,adaptive_k_full,0.826087,0.810345,468.0,1176.0,"[8.0, 8.0, 1.0, 1.0, 0.0, 1.0, 0.0, 0.0, 0.0, 0.457453, 0.2114446, 0.12776602990325714, 0.36647399999999997, 0.058095585776025055, 0.38837432479402256, 0.019051137493906477, 0.05569971122716433, 0.6448378303344824, 0.38837432479402256, 2.0, 0.21634650400152097, 0.5398785308302979, 0.7323492773047882, 0.2676507226952119, 2.815615190496707, 0.5971339720302035, 2.1374711449082024, 0.9282919234610582]"
asqa,asqa_105,fixed_10_full,0.389262,0.389262,1076.0,1076.0,"[9.0, 9.0, 1.0, 1.0, 0.0, 1.0, 0.0, 0.0, 0.0, 0.512507, 0.2543733, 0.13620930237325937, 0.412575, 0.21799116890110776, 0.07986622621739804, 0.007217462395635478, 0.050543699890928336, 0.5625523163586058, 0.2574774588444646, 4.0, 0.20147829980583656, 0.5005026077815556, 0.7286511595360048, 0.27134884046399527, 2.2859876446843153, 0.5442269779307538, 2.160363961706061, 0.9382341474715902]"
asqa,asqa_106,adaptive_k_full,0.231884,0.258065,258.0,1793.0,"[8.0, 7.0, 0.875, 1.0, 0.0, 1.0, 0.0, 0.0, 0.0, 0.257981, 0.1475051, 0.056451008758834416, 0.15293900000000002, 0.01118299409646457, 0.3857570906384578, 0.08072687523499786, 0.029963446920509652, 0.5180071400607023, 0.3857570906384578, 2.0, 0.17489632561857182, 0.4533097499679672, 0.6289626595961766, 0.3710373404038233, 2.0747195303389763, 0.5289469000296648, 2.237541677046768, 0.9717520033699594]"
asqa,asqa_107,adaptive_k_full,0.471910,0.471910,247.0,1611.0,"[10.0, 9.0, 0.9, 1.0, 0.0, 1.0, 0.0, 0.0, 0.0, 0.422721, 0.1649604, 0.09414597541286616, 0.313467, 0.4116615923978227, 0.2670957913138926, 0.014314405955701279, 0.006006325685262855, 0.698446493076994, 0.4116615923978227, 1.0, 0.25625604690580284, 0.4893416844285053, 0.645268803906877, 0.3547311960931229, 3.3161610694029324, 0.5642890497641397, 2.175613229291369, 0.9448568202369555]"
asqa,asqa_108,task_aware_coverage_ultra,0.188034,0.246377,493.0,1561.0,"[8.0, 8.0, 1.0, 1.0, 0.0, 1.0, 0.0, 0.0, 0.0, 0.302811, 0.1319932, 0.07282430161257986, 0.228404, 0.3242385514396769, 0.027290950460848496, 0.308126190924372, 0.005732948935144369, 0.6737040596279528, 0.3242385514396769, 1.0, 0.22941409102893176, 0.5332115593833621, 0.6861482258176936, 0.3138517741823063, 3.064702548428233, 0.6011269159877896, 2.1702756190735597, 0.9425387255728106]"
asqa,asqa_109,fixed_10_full,0.220183,0.220183,915.0,915.0,"[8.0, 8.0, 1.0, 1.0, 1.0, 1.0, 0.0, 0.0, 0.0, 0.184276, 0.15867409999999998, 0.01169705484684072, 0.03340599999999999, 0.029960494041546368, 0.10784366927869067, 0.02706266686926128, 0.005035924374308169, 0.1677158175779808, 0.10784366927869067, 2.0, 0.11613489536099464, 0.3289213551550001, 0.5225666948796306, 0.47743330512036936, 1.2015126817500161, 0.40617630990348197, 2.299955481758824, 0.9988579743509924]"
asqa,asqa_110,fixed_10_full,0.516129,0.516129,1206.0,1206.0,"[8.0, 8.0, 1.0, 1.0, 0.0, 1.0, 0.0, 0.0, 0.0, 0.485938, 0.204765, 0.10886298737679397, 0.38125, 0.35892644740687074, 0.22578188987072428, 0.01760718445563016, 0.04374014792010503, 0.6182599426264256, 0.35892644740687074, 1.0, 0.23731497082020853, 0.4880062510682978, 0.6729753620003418, 0.32702463799965814, 2.61958361634915, 0.546900817286879, 2.183860610140817, 0.9484386122300255]"
asqa,asqa_111,fixed_10_full,0.421053,0.421053,1081.0,1081.0,"[8.0, 8.0, 1.0, 1.0, 0.0, 1.0, 0.0, 1.0, 0.0, 0.449893, 0.19802, 0.13030316417416732, 0.341781, 0.02243422324863904, 0.4028824631634634, 0.29183605879620267, 0.00562578213041772, 0.7178084566774766, 0.4028824631634634, 2.0, 0.2271957378042622, 0.5798601151398849, 0.7082345217654783, 0.29176547823452176, 3.5436923028450797, 0.652320681817278, 2.1178137897564784, 0.919754842589852]"
asqa,asqa_112,fixed_10_full,0.346154,0.346154,1152.0,1152.0,"[8.0, 8.0, 1.0, 1.0, 0.0, 1.0, 0.0, 0.0, 1.0, 0.489277, 0.1918658, 0.12203067951117866, 0.38156, 0.2631903809089739, 0.3568653339519331, 0.07293414568843415, 0.018639748036388362, 0.704161446379045, 0.3568653339519331, 2.0, 0.2550100122064485, 0.5397934389557701, 0.693525891534604, 0.30647410846539613, 3.3802220425984655, 0.6097430161019693, 2.137862752645385, 0.9284619965403871]"
asqa,asqa_113,fixed_10_full,0.504202,0.504202,749.0,749.0,"[8.0, 8.0, 1.0, 1.0, 0.0, 1.0, 0.0, 0.0, 0.0, 0.412483, 0.2100091, 0.09792840726311237, 0.278185, 0.050746333788301595, 0.46689439322347825, 0.03914828005032934, 0.0035055990186262293, 0.5908437438633835, 0.46689439322347825, 2.0, 0.19641196500532596, 0.4775978755206322, 0.6450130018175403, 0.3549869981824597, 2.444054038039936, 0.548546105264079, 2.2088732502745767, 0.9593014638179491]"
asqa,asqa_114,fixed_10_full,0.701299,0.701299,948.0,948.0,"[9.0, 9.0, 1.0, 1.0, 0.0, 1.0, 0.0, 0.0, 0.0, 0.655655, 0.1738496, 0.17983684187852053, 0.580221, 0.45357695739375126, 0.3611014939259214, 0.021869733320115006, 0.004689966522027582, 0.8610351480580488, 0.45357695739375126, 1.0, 0.37713920538212337, 0.6531087790826093, 0.7671619606832571, 0.23283803931674277, 7.196064227936738, 0.7163197660187094, 1.9192911929059218, 0.8335375742445513]"
asqa,asqa_115,adaptive_k_full,0.340426,0.340426,374.0,1042.0,"[8.0, 8.0, 1.0, 1.0, 0.0, 1.0, 0.0, 1.0, 0.0, 0.486574, 0.1483635, 0.13191620012739147, 0.418035, 0.3575900068643207, 0.43256729706067326, 0.0042151861792861876, 0.0065375461903019955, 0.8089663648283715, 0.43256729706067326, 2.0, 0.32796071810115024, 0.607466122058323, 0.737555396037435, 0.2624446039625649, 5.234680265083053, 0.6711931306180507, 2.005608922601267, 0.8710248879416562]"
asqa,asqa_116,adaptive_k_full,0.215054,0.247423,210.0,1264.0,"[8.0, 8.0, 1.0, 1.0, 0.0, 1.0, 0.0, 0.0, 0.0, 0.260034, 0.1267355, 0.051938554984231125, 0.17248199999999997, 0.31722005583885177, 0.13833575609343396, 0.08993054754378275, 0.029973003530307612, 0.5849119730496781, 0.31722005583885177, 1.0, 0.20517850168263824, 0.4569785103621321, 0.6354020775552233, 0.36459792244477673, 2.4091275466244197, 0.5316275594410858, 2.230474949402789, 0.9686829625490659]"
asqa,asqa_117,coverage_guided_ultra,0.395062,0.469136,397.0,1017.0,"[12.0, 12.0, 1.0, 1.0, 0.0, 1.0, 0.0, 0.0, 0.0, 0.346215, 0.2102732, 0.051664943375174625, 0.180483, 0.30809756942940075, 0.027803532487038467, 0.044073769189665365, 0.04135291654030009, 0.42011178025215545, 0.30809756942940075, 1.0, 0.1646500837957476, 0.3879158161858001, 0.5854816495872989, 0.4145183504127012, 1.7244702788320732, 0.4606231558736747, 2.2753528124765237, 0.9881731708415986]"
asqa,asqa_118,fixed_10_full,0.220472,0.220472,1109.0,1109.0,"[15.0, 14.0, 0.9333333333333333, 1.0, 0.0, 1.0, 0.0, 0.0, 0.0, 0.629355, 0.1873465, 0.1622034907184491, 0.549661, 0.5480801773244035, 0.06716082338266956, 0.13225445098553282, 0.005106815708145655, 0.8183139881307052, 0.5480801773244035, 1.0, 0.33593101552470955, 0.6169973818566133, 0.762855457668011, 0.23714454233198914, 5.504001049455595, 0.6749891679211635, 2.018075226818744, 0.8764389350730337]"
asqa,asqa_119,answer_aware_fallback,0.336842,0.352941,300.0,862.0,"[10.0, 10.0, 1.0, 1.0, 0.0, 1.0, 0.0, 0.0, 0.0, 0.523897, 0.2968695, 0.15402590714697964, 0.43483799999999995, 0.09087664178264036, 0.09327787713997222, 0.10043386390836362, 0.1516805784343105, 0.2924181661662502, 0.17204145089588227, 6.0, 0.17647383783110085, 0.4808857090405043, 0.7320068245474864, 0.26799317545251367, 1.4132640949554895, 0.5119185034339993, 2.1539828858057386, 0.9354628814194744]"
asqa,asqa_120,fixed_10_full,0.417910,0.417910,1072.0,1072.0,"[9.0, 9.0, 1.0, 1.0, 0.0, 1.0, 0.0, 0.0, 0.0, 0.713443, 0.27872379999999997, 0.23856703399329926, 0.614554, 0.12132153514716673, 0.06984580407965311, 0.5876433015671889, 0.011515986560944604, 0.7975409387995958, 0.5876433015671889, 3.0, 0.2559677358015355, 0.6879161377679266, 0.7963564647152487, 0.20364353528475143, 4.939270161932389, 0.7418455971796197, 1.9769522488699107, 0.8585794526704263]"
asqa,asqa_121,answer_aware_fallback,0.536585,0.560976,492.0,1399.0,"[8.0, 8.0, 1.0, 1.0, 0.0, 1.0, 0.0, 0.0, 0.0, 0.533507, 0.19469109999999998, 0.15728491199059746, 0.461016, 0.1343131392840206, 0.5028068985036748, 0.06148935252958256, 0.0519899457739074, 0.7096720380426123, 0.5028068985036748, 2.0, 0.27402742087337323, 0.6106884187310052, 0.7728355328004208, 0.22716446719957925, 3.4443806006766002, 0.6600108025950653, 2.029675801356506, 0.8814770005816912]"
asqa,asqa_122,adaptive_k_full,0.190476,0.190476,311.0,1088.0,"[10.0, 10.0, 1.0, 1.0, 0.0, 1.0, 0.0, 0.0, 0.0, 0.180517, 0.1016369, 0.03206471404035907, 0.102025, 0.214982522421711, 0.18229862007456363, 0.0977359473069018, 0.026246835478099046, 0.5117578953782747, 0.214982522421711, 1.0, 0.17760970671085008, 0.42408515017675663, 0.6004915537565588, 0.3995084462434411, 2.0481642007806116, 0.5016211473021223, 2.2585429813282167, 0.9808727539321636]"
asqa,asqa_123,fixed_10_full,0.324786,0.324786,1258.0,1258.0,"[9.0, 8.0, 0.8888888888888888, 1.0, 0.0, 1.0, 0.0, 0.0, 0.0, 0.601926, 0.280289, 0.20914907620594453, 0.504672, 0.029236151952233336, 0.002599987373863112, 0.4923329445812277, 0.07475337499958469, 0.7040267408286067, 0.4923329445812277, 3.0, 0.21475191677161784, 0.6311403587011976, 0.7968867847114941, 0.2031132152885058, 3.378683610808626, 0.6784088952395635, 2.0409659866958063, 0.8863802657742142]"
asqa,asqa_124,fixed_10_full,0.445652,0.445652,1426.0,1426.0,"[10.0, 10.0, 1.0, 1.0, 0.0, 1.0, 0.0, 0.0, 1.0, 0.507982, 0.2391127, 0.16105502824131263, 0.43947700000000006, 0.1372194290348871, 0.059974566027930214, 0.13678634282317081, 0.19325291053620008, 0.5421648798579478, 0.20818454197195965, 4.0, 0.2124445920271069, 0.566289452630496, 0.8050463233445986, 0.1949536766554014, 2.184192422131641, 0.6035931101224107, 2.0718821867509525, 0.8998070008595813]"
asqa,asqa_125,fixed_10_full,0.474576,0.474576,1142.0,1142.0,"[8.0, 8.0, 1.0, 1.0, 0.0, 1.0, 0.0, 0.0, 0.0, 0.27632, 0.177818, 0.04184167929230374, 0.136963, 0.1776382455124494, 0.11447235089751011, 0.04884192240880142, 0.0, 0.4412492762015055, 0.1776382455124494, 1.0, 0.15539484191701627, 0.3931879787198146, 0.5824275382694665, 0.4175724617305335, 1.789706853893286, 0.4675013356531461, 2.2769638469499482, 0.9888728342235629]"
asqa,asqa_126,adaptive_k_full,0.685714,0.685714,293.0,1017.0,"[8.0, 8.0, 1.0, 1.0, 0.0, 1.0, 1.0, 0.0, 0.0, 0.525755, 0.22052869999999997, 0.1536517456816225, 0.413355, 0.008045572557559997, 0.6229289307757416, 0.038065258532966884, 0.01752146912535306, 0.6925735371037841, 0.6229289307757416, 2.0, 0.23840661102160401, 0.5628732223969034, 0.7150688323107152, 0.2849311676892849, 3.252810413843879, 0.627800084664455, 2.103135454737922, 0.9133801226877657]"
asqa,asqa_127,adaptive_k_full,0.333333,0.333333,754.0,1196.0,"[8.0, 8.0, 1.0, 1.0, 0.0, 1.0, 0.0, 0.0, 0.0, 0.485004, 0.2995995, 0.15077638759318382, 0.423523, 0.15189565446882916, 0.020657561587120933, 0.025610098061046836, 0.011698872586617868, 0.23473002284517236, 0.5117483567145839, 7.0, 0.16188411529391736, 0.43312922751873745, 0.6868189032358197, 0.31318109676418016, 1.3067283832535381, 0.4530023972259623, 2.1440804759919465, 0.9311623194797999]"
asqa,asqa_128,fixed_10_full,0.500000,0.500000,1061.0,1061.0,"[8.0, 8.0, 1.0, 1.0, 0.0, 1.0, 0.0, 0.0, 0.0, 0.397734, 0.26493, 0.09340489942610078, 0.229839, 0.018185520976330888, 0.06302453398502518, 0.022638245661673273, 0.018655684452423, 0.46431283219438113, 0.3604645315713518, 4.0, 0.1501279583286151, 0.43546182010342355, 0.6504208658891029, 0.34957913411089725, 1.8667611622962437, 0.5004066428305289, 2.2418268828519876, 0.9736130446049859]"
asqa,asqa_129,fixed_10_full,0.429907,0.429907,1014.0,1014.0,"[8.0, 8.0, 1.0, 1.0, 0.0, 1.0, 0.0, 0.0, 0.0, 0.269481, 0.1729613, 0.05112532032378868, 0.15815800000000002, 0.0029723802420209646, 0.34206864305832313, 0.016004838931130517, 0.02070646910171775, 0.41850074773360646, 0.34206864305832313, 2.0, 0.15580421747523868, 0.4131906964159034, 0.6033424818152963, 0.39665751818470374, 1.7196926670197763, 0.48209172195370387, 2.262071315406555, 0.9824050899526969]"
asqa,asqa_130,fixed_10_full,0.369565,0.369565,1199.0,1199.0,"[10.0, 10.0, 1.0, 1.0, 1.0, 1.0, 0.0, 0.0, 0.0, 0.15328, 0.118214, 0.021026528439093316, 0.063246, 0.05808977035490602, 0.07002218162839244, 0.029338465553235913, 0.08781315240083516, 0.1801082985386221, 0.08781315240083516, 5.0, 0.12966315326441877, 0.36484595733161895, 0.580403336322263, 0.419596663677737, 1.2196732790655112, 0.43272656493772954, 2.2868040722749665, 0.9931463897829029]"
asqa,asqa_131,fixed_10_full,0.272727,0.272727,1012.0,1012.0,"[11.0, 11.0, 1.0, 1.0, 0.0, 1.0, 1.0, 0.0, 1.0, 0.241563, 0.15428340000000001, 0.03272707390586577, 0.11244299999999999, 0.27332000347735375, 0.031213389467757858, 0.08015300356428766, 0.02123255631036208, 0.40498337907709375, 0.27332000347735375, 1.0, 0.15657095967550624, 0.37923781819690255, 0.5687403829575962, 0.4312596170424038, 1.6806253217749454, 0.4558100293615632, 2.282255656850392, 0.9911710380626065]"
asqa,asqa_132,adaptive_k_full,0.363636,0.370370,390.0,835.0,"[11.0, 10.0, 0.9090909090909091, 1.0, 0.0, 1.0, 0.0, 0.0, 0.0, 0.461403, 0.2384642, 0.10199488545686984, 0.31029300000000004, 0.18980587469088847, 0.13328912035682472, 0.21681913641653824, 0.06828520837532484, 0.5440688508743983, 0.21681913641653824, 3.0, 0.19348942105355857, 0.48122737081708705, 0.658466973239589, 0.34153302676041103, 2.1933136218436267, 0.5520629326390424, 2.2199883726129115, 0.9641287001151675]"
asqa,asqa_133,answer_aware_fallback,0.429448,0.610687,386.0,1456.0,"[8.0, 8.0, 1.0, 1.0, 0.0, 1.0, 0.0, 0.0, 0.0, 0.383785, 0.1732517, 0.08166162153674147, 0.273188, 0.3976288807535469, 0.013048972732128626, 0.20028401318446531, 0.06387430462368252, 0.6112484854801516, 0.3976288807535469, 1.0, 0.22151874988816847, 0.4855011523696448, 0.6577961428372708, 0.3422038571627291, 2.5723372453869717, 0.5591727737831859, 2.2083106425335, 0.9590571263805235]"
asqa,asqa_134,adaptive_k_full,0.553846,0.610169,317.0,1138.0,"[8.0, 8.0, 1.0, 1.0, 0.0, 1.0, 0.0, 0.0, 0.0, 0.546641, 0.20772759999999998, 0.18043574321303416, 0.45937200000000006, 0.043675831121339395, 0.3148958823066691, 0.45231330983222995, 0.00973582296241959, 0.8111996721797303, 0.45231330983222995, 3.0, 0.26315280203497277, 0.6836058376450698, 0.7830553089719422, 0.2169446910280579, 5.2966009728116585, 0.7463129448195179, 1.9777612968919416, 0.8589308177619891]"
asqa,asqa_135,coverage_guided_ultra,0.603175,0.692308,363.0,1001.0,"[9.0, 9.0, 1.0, 1.0, 0.0, 1.0, 0.0, 0.0, 0.0, 0.36688, 0.1828803, 0.07825546463481, 0.25276, 0.20144733972961187, 0.2713094199738334, 0.07173462712603579, 0.007577409507195826, 0.5856083733100741, 0.2713094199738334, 2.0, 0.2006120943589878, 0.46658278666428254, 0.6410952956660723, 0.35890470433392774, 2.413176173437171, 0.5381364563723682, 2.222757751299681, 0.9653314259971318]"
asqa,asqa_136,fixed_10_full,0.545455,0.545455,1299.0,1299.0,"[8.0, 7.0, 0.875, 1.0, 0.0, 1.0, 0.0, 0.0, 0.0, 0.469837, 0.1762669, 0.12920674289405334, 0.388471, 0.1984177491342743, 0.39316401219997565, 0.08220936197021518, 0.020051634928709317, 0.7688389803272199, 0.39316401219997565, 2.0, 0.26654862597572204, 0.589072593890288, 0.7376387739274929, 0.26236122607250706, 4.325988877430761, 0.6534907826923186, 2.080431191434956, 0.903519786419609]"
asqa,asqa_137,fixed_10_full,0.522523,0.522523,2792.0,2792.0,"[8.0, 8.0, 1.0, 1.0, 0.0, 1.0, 0.0, 0.0, 0.0, 0.216849, 0.10920129999999999, 0.05187668582523367, 0.14704099999999998, 0.08462570728940405, 0.34863891463645214, 0.1091174042767087, 0.05401454468316664, 0.5795738048134877, 0.34863891463645214, 2.0, 0.198577306314119, 0.4928906524006583, 0.6672502983023096, 0.3327497016976904, 2.378538757691759, 0.5653058888152527, 2.203293444957841, 0.9568781851587964]"
asqa,asqa_138,task_aware_coverage_ultra,0.409722,0.411985,625.0,1348.0,"[8.0, 8.0, 1.0, 1.0, 0.0, 1.0, 0.0, 0.0, 0.0, 0.252155, 0.1557278, 0.0528397090696003, 0.14824000000000004, 0.06615375463504601, 0.09103924173623357, 0.26992127857865206, 0.045265808728758135, 0.4577224326307232, 0.26992127857865206, 3.0, 0.16192035076588768, 0.4495966680322974, 0.63016429950208, 0.36983570049792014, 1.8440740686568475, 0.5212890707888501, 2.2485817876885283, 0.9765466625012771]"
asqa,asqa_139,adaptive_k_full,0.261682,0.260000,429.0,1449.0,"[8.0, 8.0, 1.0, 1.0, 0.0, 1.0, 0.0, 0.0, 0.0, 0.28517, 0.1303639, 0.07522285248041315, 0.206953, 0.051053757407861944, 0.5200441841708454, 0.02996808920994494, 0.04288669916190344, 0.6425184977381913, 0.5200441841708454, 2.0, 0.2187492089451144, 0.5201524348381722, 0.685617720856771, 0.3143822791432291, 2.7973475373493026, 0.5912298721092042, 2.1623001400108746, 0.9390750190253516]"
asqa,asqa_140,coverage_guided_ultra,0.358491,0.500000,542.0,1183.0,"[9.0, 9.0, 1.0, 1.0, 0.0, 1.0, 1.0, 0.0, 0.0, 0.524452, 0.3347796, 0.145537424998658, 0.36018700000000003, 0.09514693432382763, 0.0015597232921220347, 0.02062915195289553, 0.3107796328357981, 0.15631363785436994, 0.3107796328357981, 5.0, 0.15665590137511365, 0.43991270674796196, 0.7103557086513037, 0.2896442913486963, 1.1852745817258907, 0.48785479282523814, 2.2031850928065646, 0.9568311284173947]"
asqa,asqa_141,adaptive_k_full,0.560000,0.560000,273.0,1129.0,"[8.0, 8.0, 1.0, 1.0, 0.0, 1.0, 0.0, 0.0, 0.0, 0.383081, 0.19828459999999998, 0.07619082903762106, 0.25723, 0.3108663702976655, 0.08618281773306433, 0.0031324967826647076, 0.025443705117194477, 0.5661413643589738, 0.3108663702976655, 1.0, 0.19319755543294842, 0.44282511097684846, 0.6425289709841309, 0.3574710290158691, 2.3048982268671447, 0.5109221810962272, 2.236203915031542, 0.9711710207086467]"
asqa,asqa_142,adaptive_k_full,0.365854,0.363636,296.0,1040.0,"[11.0, 10.0, 0.9090909090909091, 1.0, 0.0, 1.0, 0.0, 0.0, 0.0, 0.611815, 0.3418972, 0.11947103203856574, 0.44388700000000003, 0.3228198066408964, 0.0014138260748755827, 0.06677181827840115, 0.11816153575835832, 0.39217083595531327, 0.3228198066408964, 1.0, 0.1789470636202929, 0.4210528778825916, 0.6387999082765228, 0.3612000917234771, 1.6451991104633497, 0.4731556429403221, 2.2432928246467845, 0.9742496950372576]"
asqa,asqa_143,coverage_guided_ultra,0.203704,0.254237,225.0,1235.0,"[8.0, 8.0, 1.0, 1.0, 0.0, 1.0, 0.0, 0.0, 0.0, 0.566193, 0.2135225, 0.12343262102317197, 0.43427199999999994, 0.5455666177434196, 0.06178811818584827, 0.055292100043624705, 0.00948439842951081, 0.708097768782023, 0.5455666177434196, 1.0, 0.26516783945485833, 0.48978585394981794, 0.6566441475722699, 0.34335585242773004, 3.425804577880234, 0.5588509868570467, 2.174914154906058, 0.9445532160889751]"
asqa,asqa_144,coverage_guided_ultra,0.545455,0.535714,474.0,1045.0,"[14.0, 13.0, 0.9285714285714286, 1.0, 0.0, 1.0, 0.0, 0.0, 0.0, 0.431379, 0.22955549999999997, 0.1007206366056629, 0.30497300000000005, 0.09619151604505552, 0.2557055396762476, 0.13201384397478783, 0.036107460029347754, 0.5190377834804198, 0.2557055396762476, 2.0, 0.18791926135509715, 0.4795533106372969, 0.6669184576278939, 0.33308154237210613, 2.0791654014661867, 0.5410590955291545, 2.2138443628443443, 0.961460390575919]"
asqa,asqa_145,fixed_10_full,0.607143,0.607143,1055.0,1055.0,"[8.0, 8.0, 1.0, 1.0, 0.0, 1.0, 0.0, 0.0, 0.0, 0.479335, 0.2177948, 0.12325473816028332, 0.40226, 0.33365600258691724, 0.007798303900195102, 0.12762890254206344, 0.15850709837587487, 0.47972712195020184, 0.33365600258691724, 1.0, 0.22008560351303152, 0.5116747507286675, 0.7430264634417351, 0.25697353655826494, 1.9220682879884516, 0.5573621350191555, 2.1464399568895507, 0.9321870290137855]"
asqa,asqa_146,coverage_guided_ultra,0.440000,0.503067,934.0,1029.0,"[11.0, 11.0, 1.0, 1.0, 0.0, 1.0, 0.0, 0.0, 0.0, 0.491515, 0.36068350000000005, 0.08340612954963202, 0.305482, 0.08879281405450493, 0.03563675574499248, 0.09849546809354753, 0.0313398370344751, 0.23982787910847067, 0.18753039073069994, 9.0, 0.13627321460504846, 0.3797631441416089, 0.5892487457840461, 0.4107512542159538, 1.3154915479236475, 0.43586367317455793, 2.274046239727429, 0.9876057335064616]"
asqa,asqa_147,task_aware_coverage_ultra,0.477064,0.500000,383.0,988.0,"[12.0, 10.0, 0.8333333333333334, 1.0, 1.0, 1.0, 0.0, 0.0, 0.0, 0.306356, 0.1982626, 0.06977828061108987, 0.186442, 0.014669208371959412, 0.12331078875556543, 0.16973390434657723, 0.0538393241849352, 0.3224549217250519, 0.19890911227460858, 6.0, 0.1545203180024876, 0.4399735502308555, 0.651640299279844, 0.348359700720156, 1.4759165582694995, 0.5008164146421842, 2.2409773879833876, 0.9732441136711478]"
asqa,asqa_148,task_aware_coverage_ultra,0.692308,0.692308,525.0,1277.0,"[9.0, 9.0, 1.0, 1.0, 1.0, 1.0, 0.0, 0.0, 0.0, 0.251055, 0.1468639, 0.050811114847934595, 0.14762199999999998, 0.15535639600884263, 0.049037063591643226, 0.25341459042839226, 0.009715002688653869, 0.5105295652347095, 0.25341459042839226, 3.0, 0.17094398283036197, 0.4513348753505797, 0.6276913523336912, 0.3723086476663087, 2.043024315614726, 0.5253843397979144, 2.247225561874874, 0.9759576611141922]"
asqa,asqa_149,fixed_10_full,0.271845,0.271845,975.0,975.0,"[8.0, 8.0, 1.0, 1.0, 0.0, 1.0, 0.0, 0.0, 0.0, 0.429328, 0.2859786, 0.060217223494943704, 0.209342, 0.2546165169753661, 0.02257714381545114, 0.010898427309655994, 0.07386660082733945, 0.29238717251145974, 0.2546165169753661, 1.0, 0.1501259185127838, 0.3705392641267563, 0.5836461189753359, 0.41635388102466403, 1.4132021935628278, 0.43857173838905245, 2.2815324473308, 0.9908569521589878]"
asqa,asqa_150,fixed_10_full,0.593407,0.593407,1098.0,1098.0,"[8.0, 8.0, 1.0, 1.0, 0.0, 1.0, 0.0, 0.0, 0.0, 0.591874, 0.1904235, 0.1399460601126377, 0.499787, 0.6312525976812633, 0.024192649111128377, 0.03230248329881021, 0.005675194382588187, 0.7622703480808415, 0.6312525976812633, 1.0, 0.31081983053562195, 0.5325282856370144, 0.7034735733772356, 0.29652642662276457, 4.206458857475872, 0.5936519236071798, 2.104543242747577, 0.9139915172520485]"
asqa,asqa_151,answer_aware_fallback,0.358209,0.341085,363.0,785.0,"[12.0, 11.0, 0.9166666666666666, 1.0, 0.0, 1.0, 0.0, 0.0, 0.0, 0.355522, 0.2784729, 0.04349709487184173, 0.151122, 0.004677628951232344, 0.1746924240975241, 0.05600778573477868, 0.005856177676768168, 0.24516063703512023, 0.1746924240975241, 2.0, 0.12766843739552394, 0.359508232219365, 0.5534955106942184, 0.4465044893057817, 1.3247851782294067, 0.43048448655742444, 2.2906014001407184, 0.9947955483209765]"
asqa,asqa_152,answer_aware_fallback,0.285714,0.484375,476.0,1057.0,"[8.0, 7.0, 0.875, 1.0, 0.0, 1.0, 0.0, 0.0, 0.0, 0.453392, 0.2804043, 0.1229612041906308, 0.316202, 0.04606830292550385, 0.05844390725906051, 0.11007693122066557, 0.21702412040794722, 0.2639570173271694, 0.21702412040794722, 5.0, 0.1616922422373694, 0.46072902591008763, 0.7067363089653047, 0.2932636910346953, 1.3586163084778675, 0.5111105572349871, 2.203279033469683, 0.9568719263290132]"
asqa,asqa_153,adaptive_k_full,0.278261,0.400000,589.0,1239.0,"[9.0, 9.0, 1.0, 1.0, 0.0, 1.0, 0.0, 0.0, 0.0, 0.600042, 0.3369007, 0.1626405066839439, 0.451518, 0.1108972371933965, 0.03284936721096177, 0.17823752337336396, 0.284375093743438, 0.3523520020265247, 0.284375093743438, 5.0, 0.17810648657007835, 0.48896573975655144, 0.7250750740500094, 0.2749249259499906, 1.5440486238343247, 0.5415336114425849, 2.185564613236695, 0.9491786513717113]"
asqa,asqa_154,task_aware_coverage_ultra,0.394366,0.434783,478.0,1348.0,"[8.0, 8.0, 1.0, 1.0, 0.0, 1.0, 0.0, 0.0, 0.0, 0.552752, 0.1622679, 0.145610607880367, 0.483621, 0.5086241207630186, 0.1017707760442296, 0.20745469939502706, 0.010346412134193999, 0.8219997394853389, 0.5086241207630186, 1.0, 0.3406416179663384, 0.6407404052187772, 0.7634227102218, 0.2365772897782001, 5.617969305823762, 0.7016796996530461, 1.9968944386912197, 0.867240235666888]"
asqa,asqa_155,answer_aware_fallback,0.304000,0.291262,315.0,820.0,"[11.0, 11.0, 1.0, 1.0, 0.0, 1.0, 0.0, 0.0, 0.0, 0.475586, 0.3874563, 0.06824444187631694, 0.18353800000000003, 0.013911258952113835, 0.03573065649535516, 0.004966504480787976, 0.011863259221255537, 0.18393308465766442, 0.12932466472940746, 4.0, 0.1227457135165953, 0.3604362608118645, 0.576647740661334, 0.42335225933866605, 1.2253897091030894, 0.4247560789781276, 2.2868411867992773, 0.9931625084160096]"
asqa,asqa_156,adaptive_k_full,0.298851,0.289157,214.0,1011.0,"[9.0, 9.0, 1.0, 1.0, 0.0, 1.0, 0.0, 0.0, 0.0, 0.69431, 0.2865985, 0.18914580270005993, 0.57951, 0.15756218403882988, 0.3780429491149487, 0.08734571012948107, 0.05039103570451238, 0.6390243551151503, 0.3780429491149487, 2.0, 0.24225876967255586, 0.55885044757736, 0.7376434280011934, 0.2623565719988067, 2.7702700006782934, 0.6088508311529246, 2.111329436500599, 0.916938723752112]"
asqa,asqa_157,fixed_10_full,0.421053,0.421053,732.0,732.0,"[8.0, 8.0, 1.0, 1.0, 0.0, 1.0, 0.0, 0.0, 0.0, 0.496222, 0.2528966, 0.1512338567796246, 0.371618, 0.0, 0.11219373586822022, 0.39871065772980646, 0.036737589224177934, 0.6594225971440202, 0.39871065772980646, 3.0, 0.1962153702343171, 0.5666319752815973, 0.7294265719665666, 0.2705734280334334, 2.9361901042591207, 0.6289269172818813, 2.137527391658266, 0.9283163511142359]"
asqa,asqa_158,adaptive_k_full,0.444444,0.529412,297.0,1065.0,"[8.0, 8.0, 1.0, 1.0, 0.0, 1.0, 1.0, 0.0, 0.0, 0.536558, 0.2434711, 0.14509019192657371, 0.42746999999999996, 0.2438543456625378, 0.010121925309099892, 0.25356811379198524, 0.10821756455033749, 0.6158141337935508, 0.25356811379198524, 3.0, 0.2203785172038899, 0.551424378499132, 0.7446173282989232, 0.25538267170107665, 2.602906790596591, 0.6076173079821339, 2.1368987550706513, 0.9280433377131122]"
asqa,asqa_159,adaptive_k_full,0.200000,0.198198,268.0,1937.0,"[10.0, 10.0, 1.0, 1.0, 0.0, 1.0, 0.0, 0.0, 1.0, 0.407941, 0.1597634, 0.10183381913117076, 0.315616, 0.27774359527480685, 0.29036796987799707, 0.1338208221286902, 0.04607283896445811, 0.7111910791021251, 0.29036796987799707, 2.0, 0.25534071007502346, 0.5500408729408613, 0.6998943437608363, 0.3001056562391637, 3.4624969231944456, 0.6228741987821275, 2.135878870504263, 0.9276004074737515]"
asqa,asqa_160,fixed_10_full,0.311475,0.311475,1226.0,1226.0,"[8.0, 8.0, 1.0, 1.0, 0.0, 1.0, 0.0, 0.0, 0.0, 0.402406, 0.2347286, 0.08422862936104326, 0.26532999999999995, 0.14274638052116517, 0.18568063100450785, 0.023493685481826856, 0.06092602992997125, 0.4033563117846155, 0.18568063100450785, 2.0, 0.17143458445200116, 0.4335283386856139, 0.6469169074411896, 0.35308309255881043, 1.676042200314045, 0.4921987455308084, 2.240057874988724, 0.972844774251527]"
asqa,asqa_161,adaptive_k_full,0.530612,0.530612,262.0,975.0,"[8.0, 7.0, 0.875, 1.0, 0.0, 1.0, 1.0, 0.0, 0.0, 0.794304, 0.2601115, 0.2552620893149823, 0.720829, 0.10172301788735807, 0.5504806723873982, 0.06769448473128678, 0.0206218274111675, 0.8319875010071711, 0.5504806723873982, 2.0, 0.30537058146218066, 0.6858847071352093, 0.8227256388125861, 0.17727436118741385, 5.951938135523369, 0.7278083649222205, 1.9058104975241354, 0.827682982628023]"
asqa,asqa_162,fixed_10_full,0.379310,0.379310,883.0,883.0,"[9.0, 8.0, 0.8888888888888888, 1.0, 0.0, 1.0, 0.0, 0.0, 0.0, 0.435724, 0.17821599999999999, 0.12473905750004688, 0.35497, 0.15683551973267476, 0.21585912182941494, 0.31157108628397795, 0.0017396333458794897, 0.7479298822190193, 0.31157108628397795, 3.0, 0.24449207703012077, 0.6040103021053105, 0.7428339767473179, 0.2571660232526822, 3.9671501279214807, 0.6649290498886887, 2.0880647605263807, 0.906835003353242]"
asqa,asqa_163,adaptive_k_full,0.164384,0.250000,367.0,1113.0,"[8.0, 8.0, 1.0, 1.0, 0.0, 1.0, 0.0, 0.0, 0.0, 0.264588, 0.16979249999999999, 0.056739392970404604, 0.148279, 0.0028459340559662707, 0.18392368512555365, 0.0948531301495155, 0.09491738098477633, 0.4128909852298668, 0.18392368512555365, 2.0, 0.1558302045143337, 0.437942783102905, 0.6413769748369333, 0.3586230251630667, 1.7032611914356708, 0.5075158821811074, 2.2492638514564067, 0.9768428790319729]"
asqa,asqa_164,fixed_10_full,0.444444,0.444444,825.0,825.0,"[8.0, 8.0, 1.0, 1.0, 0.0, 1.0, 0.0, 0.0, 0.0, 0.369133, 0.2719758, 0.061661867661951336, 0.168158, 0.03120555463748839, 0.051111658941357094, 0.10736238699872411, 0.04304410605391549, 0.2824076958711359, 0.10736238699872411, 3.0, 0.13572273709646224, 0.3917605904642986, 0.5991330846347358, 0.4008669153652641, 1.3935489472869564, 0.46056276721327916, 2.2772776761172056, 0.989009128499163]"
asqa,asqa_165,task_aware_coverage_ultra,0.412698,0.407080,427.0,1447.0,"[8.0, 8.0, 1.0, 1.0, 0.0, 1.0, 1.0, 0.0, 0.0, 0.677969, 0.27704819999999997, 0.1721734987719074, 0.530536, 0.2850041816071237, 0.128679924893321, 0.284638383170912, 0.003978057993802083, 0.7287575095616466, 0.2850041816071237, 1.0, 0.24471157004449048, 0.563157602178971, 0.7033577550765535, 0.29664224492344654, 3.6867380121156756, 0.6330070286420002, 2.137694222308872, 0.9283888047452062]"
asqa,asqa_166,fixed_10_full,0.437500,0.437500,963.0,963.0,"[8.0, 7.0, 0.875, 1.0, 0.0, 1.0, 0.0, 0.0, 0.0, 0.60203, 0.3127011, 0.1937809352203926, 0.505772, 0.1959453847814892, 0.014378021028852378, 0.005888410876534426, 0.39842366659468803, 0.22740561101606224, 0.39842366659468803, 5.0, 0.1925257058577664, 0.49935993189662586, 0.7990035852128438, 0.20099641478715619, 1.2943402311206664, 0.532143026320139, 2.093338612918317, 0.9091254083454323]"
asqa,asqa_167,fixed_10_full,0.395833,0.395833,897.0,897.0,"[10.0, 10.0, 1.0, 1.0, 0.0, 1.0, 0.0, 0.0, 1.0, 0.371892, 0.22841899999999998, 0.10488450309745477, 0.2788, 0.015808352962688153, 0.03229163305475781, 0.11824131737171002, 0.008639605046626423, 0.4751675217536274, 0.30882621836447144, 4.0, 0.16281132480222751, 0.47802897307141706, 0.699206720982055, 0.3007932790179451, 1.9053698874378142, 0.5265036137455898, 2.195872987995095, 0.9536555216466752]"
asqa,asqa_168,adaptive_k_full,0.386667,0.571429,214.0,1200.0,"[13.0, 12.0, 0.9230769230769231, 1.0, 0.0, 1.0, 0.0, 0.0, 0.0, 0.500251, 0.1876874, 0.13961010499043397, 0.41476999999999997, 0.23844829895392514, 0.23027640124657425, 0.19443639293074874, 0.01438877683402931, 0.792440195022099, 0.23844829895392514, 1.0, 0.26653414134353187, 0.6111166759196409, 0.7562175191302133, 0.24378248086978668, 4.817888512212035, 0.6727843508976508, 2.0655666198561264, 0.8970641850070674]"
asqa,asqa_169,fixed_10_full,0.346939,0.346939,1247.0,1247.0,"[9.0, 9.0, 1.0, 1.0, 0.0, 1.0, 0.0, 0.0, 0.0, 0.533117, 0.2047377, 0.11896034745834426, 0.41273399999999993, 0.4407419009335661, 0.22041690660774285, 0.025324647310065118, 0.022719215481779822, 0.6864834548513741, 0.4407419009335661, 1.0, 0.2603902456655516, 0.49424654081783664, 0.657519841240768, 0.34248015875923193, 3.1896243291592126, 0.5643724055079222, 2.1710984156226236, 0.9428960615737981]"
asqa,asqa_170,adaptive_k_full,0.360656,0.347826,215.0,922.0,"[9.0, 9.0, 1.0, 1.0, 0.0, 1.0, 0.0, 0.0, 0.0, 0.566391, 0.2347305, 0.1261346524712777, 0.44184999999999997, 0.47741224701663687, 0.01865672300583871, 0.029760359892724252, 0.06023047682607952, 0.6426920625504289, 0.47741224701663687, 1.0, 0.24129416501051204, 0.4889871576126664, 0.6896180939417758, 0.31038190605822424, 2.7987063683440723, 0.5518830729226769, 2.180987350004484, 0.9471907712077435]"
asqa,asqa_171,coverage_guided_ultra,0.392157,0.409091,473.0,958.0,"[8.0, 8.0, 1.0, 1.0, 0.0, 1.0, 0.0, 0.0, 0.0, 0.568671, 0.2681053, 0.18352144970277998, 0.46292700000000003, 0.042966847263180404, 0.22625911994808945, 0.0022930657621014114, 0.02817797988643699, 0.7451004183438227, 0.4735813853704514, 4.0, 0.2121073324548228, 0.5701036122747294, 0.7786858372437994, 0.22131416275620064, 3.9231135394676935, 0.6220018043805673, 2.077381206514473, 0.9021951947987552]"
asqa,asqa_172,coverage_guided_ultra,0.455090,0.470588,343.0,1412.0,"[11.0, 11.0, 1.0, 1.0, 0.0, 1.0, 1.0, 0.0, 0.0, 0.393244, 0.1625364, 0.11097920541092372, 0.313889, 0.10656742378777546, 0.39944156808495496, 0.09677452167102354, 0.0062709157673098885, 0.7540026039812432, 0.39944156808495496, 2.0, 0.24194211265907203, 0.5776183058071915, 0.7332388314248378, 0.26676116857516224, 4.065083680494537, 0.6406658054759989, 2.102570204049284, 0.9131346374327982]"
asqa,asqa_173,fixed_10_full,0.365385,0.365385,1211.0,1211.0,"[8.0, 8.0, 1.0, 1.0, 0.0, 1.0, 0.0, 0.0, 0.0, 0.562832, 0.22068959999999999, 0.1474211209014502, 0.459789, 0.25234705915797256, 0.26700862779657164, 0.10360107456576735, 0.01413032663388007, 0.753750675157063, 0.26700862779657164, 2.0, 0.25503331375832844, 0.5682900326975082, 0.7272504005626002, 0.27274959943739985, 4.060924839642993, 0.6293893028253232, 2.112879967011808, 0.9176121105971529]"
asqa,asqa_174,adaptive_k_full,0.472222,0.500000,246.0,726.0,"[8.0, 8.0, 1.0, 1.0, 0.0, 1.0, 0.0, 0.0, 0.0, 0.58518, 0.2628564, 0.16227544739867458, 0.46983300000000006, 0.19635838545404838, 0.06407601080009565, 0.28288902559896106, 0.00370313407840323, 0.6944119758023173, 0.28288902559896106, 3.0, 0.2226234552401996, 0.5661775783279388, 0.7358755579091855, 0.2641244420908146, 3.272379546369615, 0.6206977664649855, 2.1265331058202475, 0.9235415934423172]"
asqa,asqa_175,fixed_10_full,0.280255,0.280255,1066.0,1066.0,"[9.0, 9.0, 1.0, 1.0, 1.0, 1.0, 0.0, 0.0, 0.0, 0.394718, 0.3036282, 0.04930116909932258, 0.15733000000000003, 0.09124488875602327, 0.016211573832457714, 0.09018337141959573, 0.09196945667539864, 0.21020576715528552, 0.09196945667539864, 5.0, 0.13000044132923094, 0.36417006062019275, 0.5711508351332321, 0.42884916486676805, 1.2661525729279606, 0.4338564195445956, 2.289592675907296, 0.9943574649526391]"
asqa,asqa_176,fixed_10_full,0.671756,0.671756,933.0,933.0,"[8.0, 8.0, 1.0, 1.0, 0.0, 1.0, 0.0, 0.0, 0.0, 0.293147, 0.185707, 0.04552863686955716, 0.14882099999999998, 0.1946566057302309, 0.10427532944222519, 0.04722545344144745, 0.038342538044052986, 0.4091564982756092, 0.1946566057302309, 1.0, 0.1578545773718815, 0.39564852159584724, 0.5921279219415531, 0.4078720780584469, 1.6924955543751876, 0.46891880507704403, 2.2747284092905145, 0.9879019959834321]"
asqa,asqa_177,answer_aware_fallback,0.205128,0.240000,315.0,855.0,"[8.0, 8.0, 1.0, 1.0, 0.0, 1.0, 0.0, 0.0, 0.0, 0.343654, 0.2633166, 0.05446564082832406, 0.17539600000000002, 0.0759019246102184, 0.030100042484592117, 0.03766288185209537, 0.1101776787117276, 0.14533804349723847, 0.11622445832145116, 7.0, 0.1305098121424931, 0.36778919369306756, 0.5910911047765314, 0.40890889522346857, 1.1700532501668324, 0.42831775432265023, 2.2804575664452544, 0.9903901373216921]"
asqa,asqa_178,fixed_10_full,0.313253,0.313253,1368.0,1368.0,"[9.0, 9.0, 1.0, 1.0, 0.0, 1.0, 0.0, 0.0, 0.0, 0.149344, 0.1016213, 0.020568317544466294, 0.06675400000000001, 0.14930629955003222, 0.12108956503106913, 0.03489929290764951, 0.014503428326548112, 0.36568593314763237, 0.14930629955003222, 1.0, 0.1469613161807613, 0.37920396609765866, 0.5745183342468557, 0.4254816657531442, 1.5765061067654729, 0.45435541055664885, 2.283402710561196, 0.9916691971596553]"
asqa,asqa_179,answer_aware_fallback,0.387097,0.476923,472.0,1177.0,"[9.0, 9.0, 1.0, 1.0, 0.0, 1.0, 0.0, 0.0, 0.0, 0.272938, 0.2016635, 0.04036193000898248, 0.12724100000000002, 0.06145718075167258, 0.10504583458514388, 0.01913621408525015, 0.08771589152115139, 0.23844975782045738, 0.10504583458514388, 2.0, 0.13534328224988657, 0.3751769655887159, 0.5884659345890555, 0.4115340654109445, 1.3131109999230237, 0.4432993737754404, 2.2828108289287665, 0.9914121462327514]"
asqa,asqa_180,answer_aware_fallback,0.250000,0.272727,332.0,746.0,"[8.0, 8.0, 1.0, 1.0, 0.0, 1.0, 0.0, 0.0, 0.0, 0.478092, 0.304834, 0.07658583623098987, 0.265187, 0.25509316198555926, 0.021000142232039005, 0.007182717970599785, 0.01432778628381153, 0.3662224007094869, 0.25509316198555926, 1.0, 0.15683683578603436, 0.3872009027864346, 0.5990092968632108, 0.4009907031367892, 1.5778405565603095, 0.45147535039141484, 2.27230926879502, 0.9868513766152901]"
asqa,asqa_181,fixed_10_full,0.518519,0.518519,1560.0,1560.0,"[9.0, 9.0, 1.0, 1.0, 0.0, 1.0, 1.0, 0.0, 0.0, 0.380414, 0.1549531, 0.10351374810473243, 0.303965, 0.16501495738852934, 0.30778047075028775, 0.2286929503120285, 0.008750992339924395, 0.7339687813802857, 0.30778047075028775, 2.0, 0.2455026714534914, 0.5799238608327293, 0.7185206362441281, 0.28147936375587196, 3.758957332859034, 0.6473062821002282, 2.1129985352031118, 0.9176636041083653]"
asqa,asqa_182,fixed_10_full,0.553846,0.553846,1151.0,1151.0,"[8.0, 8.0, 1.0, 1.0, 0.0, 1.0, 0.0, 0.0, 0.0, 0.487665, 0.3087241, 0.15145811858560107, 0.401712, 0.01614427937210999, 0.1553012826427978, 0.014870864220315135, 0.006303507530784495, 0.2043410948089365, 0.30501266238093777, 7.0, 0.15796142899112833, 0.4442523275636725, 0.698466365275662, 0.30153363472433803, 1.2568199683001946, 0.47107899860927493, 2.1610348746824606, 0.9385255212750778]"
asqa,asqa_183,coverage_guided_ultra,0.472441,0.542636,496.0,1138.0,"[9.0, 9.0, 1.0, 1.0, 0.0, 1.0, 0.0, 0.0, 0.0, 0.461505, 0.22958479999999998, 0.1421688206610718, 0.377168, 0.05874042534750435, 0.16887791031516453, 0.03725636775332875, 0.008177592875483471, 0.7057583341458922, 0.4408836307298946, 4.0, 0.2010172276213408, 0.5454886386206753, 0.752409131614985, 0.24759086838501507, 3.3985669469932396, 0.5905278569559282, 2.1160758600237255, 0.9190000692969819]"
asqa,asqa_184,answer_aware_fallback,0.316832,0.352941,293.0,1312.0,"[11.0, 11.0, 1.0, 1.0, 0.0, 1.0, 0.0, 0.0, 0.0, 0.248934, 0.1560184, 0.039957063466175786, 0.13312999999999997, 0.19115106815461122, 0.13545759116874354, 0.0060216764282902315, 0.012718230535001254, 0.4143909630665156, 0.19115106815461122, 1.0, 0.1595542577029376, 0.3960520041225906, 0.5959700907072499, 0.40402990929275007, 1.707623921304998, 0.466653777778449, 2.272042147036295, 0.9867353671094796]"
asqa,asqa_185,fixed_10_full,0.556962,0.556962,1397.0,1397.0,"[9.0, 9.0, 1.0, 1.0, 0.0, 1.0, 0.0, 0.0, 0.0, 0.178271, 0.13988309999999998, 0.026334378657754582, 0.06991300000000002, 0.06026779453752996, 0.006478900101530911, 0.024922730000953616, 0.17264165231585618, 0.14453837135596934, 0.17264165231585618, 5.0, 0.12744284334562217, 0.36614144239011004, 0.5909241359392235, 0.40907586406077645, 1.1689595027015685, 0.43390925834616845, 2.2848440927817846, 0.9922951815043705]"
asqa,asqa_186,adaptive_k_full,0.660377,0.695652,312.0,1405.0,"[10.0, 9.0, 0.9, 1.0, 0.0, 1.0, 0.0, 0.0, 0.0, 0.456446, 0.1818904, 0.11725332017576305, 0.356984, 0.23275918728611927, 0.3501071320594331, 0.026804923254886717, 0.02125552639304537, 0.7371934467604054, 0.3501071320594331, 2.0, 0.2509456243979891, 0.5481592211573563, 0.7120606695020737, 0.28793933049792625, 3.8050801537217507, 0.6156763121998572, 2.1289120595739437, 0.9245747599302506]"
asqa,asqa_187,adaptive_k_full,0.494949,0.510204,806.0,1338.0,"[9.0, 7.0, 0.7777777777777778, 1.0, 0.0, 1.0, 0.0, 0.0, 0.0, 0.321311, 0.25139670000000003, 0.05353574694173978, 0.153846, 0.04303929837447219, 0.009635524460724928, 0.06966148062157843, 0.006672662934042031, 0.15774436605033762, 0.16948688342447038, 6.0, 0.12781034914141673, 0.37119779217467846, 0.5910212823000461, 0.4089787176999539, 1.1872879915455279, 0.4319729182251124, 2.2791795479536474, 0.989835100943017]"
asqa,asqa_188,answer_aware_fallback,0.231884,0.368421,375.0,738.0,"[10.0, 10.0, 1.0, 1.0, 0.0, 1.0, 0.0, 0.0, 1.0, 0.412216, 0.3409625, 0.05117919495117133, 0.14349100000000004, 0.01202767481126404, 0.018820230170590143, 0.09005230267626685, 0.017536922390203158, 0.167793098763755, 0.09005230267626685, 3.0, 0.12089775268541263, 0.3575096968141658, 0.5644028302232651, 0.43559716977673496, 1.2016242577590956, 0.42559370540815794, 2.291273895652765, 0.9950876094109631]"
asqa,asqa_189,fixed_10_full,0.641026,0.641026,1047.0,1047.0,"[10.0, 9.0, 0.9, 1.0, 0.0, 1.0, 0.0, 0.0, 0.0, 0.733027, 0.3030866, 0.2478171187582488, 0.610241, 0.08301194908236663, 0.06343558968496384, 0.538392173821701, 0.011307905438681001, 0.809393105574556, 0.538392173821701, 3.0, 0.2418539783678988, 0.6700662450929866, 0.7923880501480435, 0.2076119498519565, 5.246399942742627, 0.729510631686899, 2.001528896052002, 0.8692529549252916]"
asqa,asqa_190,fixed_10_full,0.440000,0.440000,995.0,995.0,"[9.0, 8.0, 0.8888888888888888, 1.0, 0.0, 1.0, 0.0, 1.0, 0.0, 0.444825, 0.1975525, 0.09592696972202344, 0.313515, 0.3254965435845557, 0.18511099870735687, 0.1365233518799528, 0.01289720676670599, 0.6578429719552633, 0.3254965435845557, 1.0, 0.22516799331823187, 0.4872401007327167, 0.6437377406005999, 0.35626225939940015, 2.922634691195795, 0.5646732444651985, 2.2045234243006346, 0.9574123584002266]"
asqa,asqa_191,adaptive_k_full,0.333333,0.391304,178.0,1049.0,"[8.0, 8.0, 1.0, 1.0, 0.0, 1.0, 0.0, 0.0, 0.0, 0.282181, 0.14502900000000002, 0.06088054768314753, 0.194146, 0.2166375482403139, 0.20169323944560402, 0.05028687261013324, 0.035980452262909246, 0.5032124770980329, 0.2166375482403139, 1.0, 0.19456867247240206, 0.46016107123402905, 0.6602107164773942, 0.33978928352260585, 2.012933002339782, 0.5241408071727748, 2.2217902418448268, 0.9649112419796996]"
asqa,asqa_192,adaptive_k_full,0.314607,0.350515,418.0,1259.0,"[11.0, 11.0, 1.0, 1.0, 1.0, 0.0, 1.0, 1.0, 0.0, 0.155421, 0.08047180000000001, 0.02673923706765023, 0.094727, 0.42322466076012893, 0.0017565193892716908, 0.09949105976669823, 0.026733839056498194, 0.5363560908757504, 0.42322466076012893, 1.0, 0.1931372232260245, 0.41559154884071187, 0.5969805571641246, 0.4030194428358754, 2.156827643630308, 0.4909735526634516, 2.2560299661672185, 0.9797813653148029]"
asqa,asqa_193,answer_aware_fallback,0.620690,0.621359,391.0,1276.0,"[8.0, 8.0, 1.0, 1.0, 0.0, 1.0, 0.0, 0.0, 0.0, 0.196991, 0.0856918, 0.040782887342119364, 0.143243, 0.40730794807884624, 0.18067322872618544, 0.020158281342802474, 0.02636668680295034, 0.6093577879192451, 0.40730794807884624, 1.0, 0.22988313934355448, 0.4608492294478585, 0.6407334190669353, 0.35926658093306474, 2.559887203877692, 0.5289410062884657, 2.2101515614186953, 0.9598566272939952]"
asqa,asqa_194,answer_aware_fallback,0.555556,0.549451,404.0,1565.0,"[8.0, 8.0, 1.0, 1.0, 0.0, 1.0, 0.0, 0.0, 0.0, 0.265741, 0.1589134, 0.06270739248637278, 0.168356, 0.0779142097004226, 0.030691538001286954, 0.24229230717126826, 7.902431314698615e-05, 0.5268099390007563, 0.24229230717126826, 3.0, 0.16722378351982903, 0.47048077758074525, 0.6581546930592385, 0.34184530694076143, 2.113315731713136, 0.5374214792627623, 2.228522058468579, 0.9678348327925798]"
asqa,asqa_195,answer_aware_fallback,0.400000,0.492308,364.0,918.0,"[11.0, 10.0, 0.9090909090909091, 1.0, 0.0, 1.0, 0.0, 0.0, 0.0, 0.486763, 0.2979275, 0.147366785359015, 0.34698300000000004, 0.03348035902482318, 0.04732282445461133, 0.047548807119686634, 0.46070264173735476, 0.20633655392870862, 0.46070264173735476, 5.0, 0.16338303781960378, 0.4714771211116799, 0.743560765622509, 0.25643923437749117, 1.2599799133374403, 0.522485520300221, 2.176007447444824, 0.9450280270056672]"
asqa,asqa_196,task_aware_coverage_ultra,0.339286,0.485294,447.0,1197.0,"[9.0, 9.0, 1.0, 1.0, 0.0, 1.0, 0.0, 0.0, 0.0, 0.455391, 0.1894471, 0.11793443727889662, 0.342311, 0.14874470509957377, 0.5040437777646023, 0.003544207066015807, 0.02015410932583207, 0.6990827662382436, 0.5040437777646023, 2.0, 0.24037897650584253, 0.5284652021593362, 0.6834097750770531, 0.31659022492294686, 3.3231729120297735, 0.6019738661753846, 2.143980607099549, 0.9311189469709178]"
asqa,asqa_197,answer_aware_fallback,0.293578,0.395062,1318.0,1602.0,"[8.0, 8.0, 1.0, 1.0, 0.0, 1.0, 0.0, 0.0, 0.0, 0.302258, 0.20586700000000002, 0.07316067359312653, 0.22656800000000005, 0.07521389012036085, 0.009392638077404007, 0.04228506772360032, 0.09261624175373352, 0.23993078760529093, 0.16420739897703285, 9.0, 0.14682197729602123, 0.4170007820583192, 0.6567871489845385, 0.3432128510154614, 1.3156696570426185, 0.4621235244181246, 2.2337708113227555, 0.9701143371940225]"
asqa,asqa_198,answer_aware_fallback,0.400000,0.423077,492.0,1370.0,"[13.0, 9.0, 0.6923076923076923, 1.0, 0.0, 1.0, 1.0, 0.0, 0.0, 0.485384, 0.24685959999999998, 0.13625122474253212, 0.332388, 0.006250721078568682, 0.19989328037182938, 0.4344045127157055, 0.031939660145369475, 0.6466241161636971, 0.4344045127157055, 3.0, 0.19662350583084476, 0.5481087225289193, 0.6882673390056534, 0.3117326609943466, 2.829847892119424, 0.6256853684330757, 2.1663573852330846, 0.9408370582370857]"
asqa,asqa_199,answer_aware_fallback,0.388889,0.388889,408.0,1104.0,"[8.0, 8.0, 1.0, 1.0, 0.0, 1.0, 0.0, 0.0, 0.0, 0.50977, 0.23175589999999996, 0.135504567124839, 0.39342099999999997, 0.23401141691350996, 0.008911862212370324, 0.3250485513074524, 0.0233163975910705, 0.6889067618730015, 0.3250485513074524, 3.0, 0.21995988020153964, 0.5549731419998369, 0.7184300378113352, 0.2815699621886649, 3.2144703820009326, 0.6186927333669412, 2.1478442725233946, 0.9327969155444144]"
asqa,asqa_200,answer_aware_fallback,0.324786,0.435484,356.0,1232.0,"[8.0, 8.0, 1.0, 1.0, 0.0, 1.0, 1.0, 0.0, 0.0, 0.50577, 0.2665022, 0.1642544006763898, 0.4238700000000001, 0.07454178776914415, 0.022528026573343643, 0.1639124503232694, 0.2591731419419894, 0.40898827530300336, 0.2591731419419894, 5.0, 0.18978079730673894, 0.5367738052443844, 0.7891878566105647, 0.21081214338943546, 1.6920138098997712, 0.5744454778070653, 2.1046602364640017, 0.914042326977509]"
asqa,asqa_201,coverage_guided_ultra,0.187500,0.228070,304.0,1225.0,"[8.0, 8.0, 1.0, 1.0, 0.0, 1.0, 0.0, 0.0, 0.0, 0.590202, 0.3117567, 0.11555202101914964, 0.425435, 0.3106207705158573, 0.12289860081802495, 0.023973148176387106, 0.03665863551800907, 0.4615114825093781, 0.3106207705158573, 1.0, 0.18931493693639942, 0.4270679667830715, 0.6317166559692221, 0.3682833440307778, 1.8570498116840823, 0.47992682575156803, 2.2384290364343866, 0.972137378655467]"
asqa,asqa_202,coverage_guided_ultra,0.299065,0.314607,259.0,1151.0,"[9.0, 8.0, 0.8888888888888888, 1.0, 0.0, 1.0, 0.0, 0.0, 0.0, 0.451452, 0.25745640000000003, 0.07032986924088513, 0.272743, 0.3919530758530253, 0.021384333218149552, 0.010300098349326147, 0.013735679540682031, 0.45357424488096193, 0.3919530758530253, 1.0, 0.17535085552349836, 0.3848441910941037, 0.5817260708997718, 0.4182739291002282, 1.8300747917384521, 0.4521616509185334, 2.2697254378739165, 0.9857292331040839]"
asqa,asqa_203,adaptive_k_full,0.367647,0.409449,382.0,1769.0,"[10.0, 9.0, 0.9, 1.0, 0.0, 1.0, 0.0, 0.0, 0.0, 0.299768, 0.1636977, 0.05541400359304496, 0.19110899999999997, 0.3342918523658295, 0.0016079101171573025, 0.09775893357529823, 0.002985642229991124, 0.49916602172346614, 0.3342918523658295, 1.0, 0.1831229149829228, 0.4266413028405408, 0.62206555131807, 0.3779344486819302, 1.9966696417866705, 0.4925379028834259, 2.250282642721107, 0.9772853344564434]"
asqa,asqa_204,answer_aware_fallback,0.448485,0.452381,540.0,1285.0,"[9.0, 9.0, 1.0, 1.0, 0.0, 1.0, 1.0, 0.0, 0.0, 0.209266, 0.0970298, 0.0449454379593747, 0.15231, 0.322269264954651, 0.11594334483384786, 0.15611231638202097, 0.021718769413091508, 0.609468332170539, 0.322269264954651, 1.0, 0.21567188636892998, 0.4830010986315545, 0.6547205085447976, 0.3452794914552024, 2.5606118078923217, 0.5496091267095576, 2.209861961797025, 0.9597308557763427]"
asqa,asqa_205,adaptive_k_full,0.420290,0.451613,508.0,1678.0,"[11.0, 11.0, 1.0, 1.0, 0.0, 1.0, 0.0, 0.0, 0.0, 0.530491, 0.20415550000000002, 0.1548157161875047, 0.43144200000000005, 0.16481523720477828, 0.25057918041964894, 0.3432800933474838, 0.006539224982139187, 0.7931256138181421, 0.3432800933474838, 3.0, 0.2598465385453735, 0.6287741451981455, 0.7452373313479186, 0.25476266865208136, 4.833851200510274, 0.6979236440346223, 2.0571134066407026, 0.8933930011532573]"
asqa,asqa_206,fixed_10_full,0.545455,0.545455,1457.0,1457.0,"[8.0, 6.0, 0.75, 1.0, 0.0, 1.0, 0.0, 1.0, 0.0, 0.502806, 0.15613280000000002, 0.12721160974832446, 0.421645, 0.4608099346467623, 0.29751236063213254, 0.01617124696204898, 0.010572666197300752, 0.7809194798789195, 0.4608099346467623, 1.0, 0.3220373938083477, 0.5735060153920252, 0.716679647069674, 0.2833203529303259, 4.564531796105487, 0.6405429475830248, 2.0570409463660786, 0.8933615320558308]"
asqa,asqa_207,coverage_guided_ultra,0.444444,0.424242,369.0,1118.0,"[8.0, 8.0, 1.0, 1.0, 0.0, 1.0, 0.0, 0.0, 0.0, 0.209962, 0.1283636, 0.038856290165686175, 0.114514, 0.06706927920290343, 0.33690858345795904, 0.00317676531943876, 0.053100084777245364, 0.4238290738324078, 0.33690858345795904, 2.0, 0.1635681766482087, 0.4136562078346198, 0.6048700722011536, 0.39512992779884637, 1.735596078496206, 0.48622014257393104, 2.260991202794643, 0.9819360030055096]"
asqa,asqa_208,fixed_10_full,0.578512,0.578512,1314.0,1314.0,"[11.0, 11.0, 1.0, 1.0, 0.0, 1.0, 0.0, 0.0, 0.0, 0.2495, 0.1772953, 0.04045251303701662, 0.115669, 0.011002004008016021, 0.23303406813627253, 0.018028056112224456, 0.10835270541082154, 0.2623366733466934, 0.23303406813627253, 2.0, 0.14072567067485714, 0.3862866077104131, 0.5939412945520834, 0.4060587054479166, 1.3556319853081007, 0.455173697188013, 2.27753675752034, 0.989121646122908]"
asqa,asqa_209,adaptive_k_full,0.413793,0.556962,306.0,1083.0,"[9.0, 9.0, 1.0, 1.0, 1.0, 1.0, 0.0, 0.0, 1.0, 0.544389, 0.21074959999999998, 0.1558747938649479, 0.444438, 0.09328256081588715, 0.5969279320485903, 0.009046839667957995, 0.02509786200676356, 0.7291238434281369, 0.5969279320485903, 2.0, 0.2583108105543261, 0.5725477059031192, 0.7202030276688545, 0.2797969723311456, 3.6917239695650403, 0.6381246367507016, 2.0818012215493553, 0.9041147829383339]"
asqa,asqa_210,fixed_10_full,0.306748,0.306748,1544.0,1544.0,"[9.0, 8.0, 0.8888888888888888, 1.0, 0.0, 1.0, 0.0, 0.0, 0.0, 0.431632, 0.2791881, 0.0675118952532811, 0.21007900000000002, 0.12366784668421249, 0.1902268599177077, 0.06262742336064055, 0.038495755643696526, 0.3977508618452756, 0.1902268599177077, 2.0, 0.1546025779752074, 0.39615943516217206, 0.5856599905225186, 0.4143400094774813, 1.66044239276784, 0.47129704160468455, 2.2756295178373733, 0.9882933424529288]"
asqa,asqa_211,fixed_10_full,0.626506,0.626506,1261.0,1261.0,"[8.0, 8.0, 1.0, 1.0, 0.0, 1.0, 0.0, 0.0, 0.0, 0.336721, 0.14042179999999999, 0.08059316293433333, 0.253222, 0.28553312683200627, 0.21790146738694652, 0.16265394792721571, 0.017103180377820215, 0.6900430920554406, 0.28553312683200627, 1.0, 0.2397925393350605, 0.5301890447209764, 0.6845838751532881, 0.31541612484671183, 3.226254922438655, 0.6017900907250894, 2.164407332675936, 0.9399901611720947]"
asqa,asqa_212,fixed_10_full,0.527778,0.527778,1525.0,1525.0,"[11.0, 10.0, 0.9090909090909091, 1.0, 1.0, 1.0, 0.0, 0.0, 0.0, 0.639746, 0.2905504, 0.1558969137360968, 0.494308, 0.27842456224814227, 0.129546726357023, 0.05977372269619504, 0.09693534621552927, 0.5940154373767089, 0.27842456224814227, 1.0, 0.2201841745872661, 0.5094190199015386, 0.7160045210744848, 0.2839954789255152, 2.463147843697421, 0.5662815623982544, 2.1708784903327865, 0.9428005492339909]"
asqa,asqa_213,answer_aware_fallback,0.402685,0.435374,448.0,1103.0,"[10.0, 10.0, 1.0, 1.0, 0.0, 1.0, 0.0, 0.0, 0.0, 0.315224, 0.1742032, 0.05969142591159973, 0.196438, 0.2637362637362638, 0.12558688424739228, 0.0141296347993808, 0.1483960612136132, 0.41898142273430955, 0.2637362637362638, 1.0, 0.18095189985028978, 0.4246833582850372, 0.6377661259953893, 0.3622338740046107, 1.7211153638254773, 0.4921737788327461, 2.24864120583075, 0.9765724674725689]"
asqa,asqa_214,adaptive_k_full,0.525000,0.545455,319.0,1146.0,"[12.0, 10.0, 0.8333333333333334, 1.0, 0.0, 1.0, 0.0, 0.0, 0.0, 0.331598, 0.1841208, 0.06444287479124439, 0.19561900000000002, 0.13268475684413047, 0.33688381715209387, 0.03488259880940173, 0.0066918377071031755, 0.5305490382933552, 0.33688381715209387, 2.0, 0.18009806605228743, 0.4318295379989659, 0.6056241337209051, 0.39437586627909504, 2.1301479421079343, 0.5073454857311316, 2.248818331597036, 0.9766493922154699]"
asqa,asqa_215,fixed_10_full,0.461538,0.461538,976.0,976.0,"[10.0, 10.0, 1.0, 1.0, 0.0, 1.0, 0.0, 0.0, 0.0, 0.730349, 0.21780499999999997, 0.1995975036777765, 0.626314, 0.36207484367062875, 0.42683977112312055, 0.028389167370668, 0.005721921985242674, 0.8277768573654514, 0.42683977112312055, 2.0, 0.3353224214320149, 0.6200146920410459, 0.7390271114069925, 0.26097288859300755, 5.806420581477624, 0.6858176702707369, 1.9894925279597808, 0.8640256266806837]"
asqa,asqa_216,adaptive_k_full,0.348485,0.444444,432.0,1529.0,"[8.0, 8.0, 1.0, 1.0, 0.0, 1.0, 0.0, 0.0, 0.0, 0.390857, 0.1205856, 0.0907005493282152, 0.314365, 0.697459684744037, 0.05974819435241021, 0.003346492451203355, 0.0014225151398081675, 0.7741194349851735, 0.697459684744037, 1.0, 0.324132400551973, 0.5008923121832125, 0.6517196083114402, 0.34828039168855984, 4.4271183752987415, 0.5770125088605225, 2.1101781572483045, 0.9164387295257109]"
asqa,asqa_217,fixed_10_full,0.461538,0.461538,722.0,722.0,"[8.0, 8.0, 1.0, 1.0, 0.0, 1.0, 0.0, 0.0, 0.0, 0.498703, 0.2592616, 0.12077932256160405, 0.349499, 0.07667689987828431, 0.3534508515088139, 0.012897456000866234, 0.0936068160809139, 0.5002556631903157, 0.3534508515088139, 2.0, 0.19235513473649782, 0.47957892723025697, 0.6828442777488066, 0.3171557222511934, 2.001023175938112, 0.542073847819936, 2.203142369102313, 0.9568125737483917]"
asqa,asqa_218,task_aware_coverage_ultra,0.445652,0.423729,374.0,1038.0,"[8.0, 8.0, 1.0, 1.0, 0.0, 1.0, 0.0, 0.0, 0.0, 0.507627, 0.2909154, 0.11163996995986698, 0.3549570000000001, 0.2133456258236856, 0.018318568555258093, 0.0978257657689603, 0.07034889791126159, 0.4359638080716747, 0.2133456258236856, 1.0, 0.17449299693312903, 0.4458278936075574, 0.6612475654434244, 0.33875243455657555, 1.772935875943001, 0.4994833722103929, 2.229494590211518, 0.9682571979620139]"
asqa,asqa_219,adaptive_k_full,0.400000,0.384615,328.0,1258.0,"[12.0, 11.0, 0.9166666666666666, 1.0, 0.0, 1.0, 0.0, 0.0, 0.0, 0.420341, 0.2218602, 0.12369522887225684, 0.297995, 0.04657884907729679, 0.0030736949286413063, 0.44297843893410344, 0.002961880949038985, 0.672644353037177, 0.44297843893410344, 3.0, 0.18946210271152733, 0.5501541060541728, 0.7083027960851022, 0.29169720391489773, 3.0547815786222485, 0.6189417818777788, 2.1591317679997606, 0.9376990125443081]"
asqa,asqa_220,fixed_10_full,0.289855,0.289855,1489.0,1489.0,"[10.0, 9.0, 0.9, 1.0, 0.0, 1.0, 0.0, 0.0, 0.0, 0.373808, 0.1887941, 0.08760600974413799, 0.264911, 0.11108376492744926, 0.3341528271198049, 0.10217812352865645, 0.01765879809955912, 0.5491455506570218, 0.3341528271198049, 2.0, 0.19799771285225545, 0.4838429802626248, 0.6627219812483547, 0.33727801875164537, 2.2180107160022073, 0.547887781811028, 2.206436364219085, 0.9582431376510222]"
asqa,asqa_221,coverage_guided_ultra,0.368794,0.400000,1092.0,1246.0,"[9.0, 9.0, 1.0, 1.0, 0.0, 1.0, 0.0, 0.0, 0.0, 0.506745, 0.2764263, 0.11746070462588755, 0.38737900000000003, 0.14461711511707076, 0.17782316549743954, 0.09487020098866289, 0.01146730604150013, 0.5108407581722564, 0.18935559304975874, 8.0, 0.18332011100246248, 0.46433931937735295, 0.6608307530795731, 0.3391692469204269, 2.0443240451994726, 0.5088561286440002, 2.213032794677074, 0.9611079309991852]"
asqa,asqa_222,fixed_10_full,0.363636,0.363636,863.0,863.0,"[8.0, 8.0, 1.0, 1.0, 0.0, 1.0, 0.0, 0.0, 0.0, 0.446658, 0.1935735, 0.08804263005073167, 0.326689, 0.5483904911587837, 0.014068929695650838, 0.003356035266355915, 0.056152582065025124, 0.5974951752795203, 0.5483904911587837, 1.0, 0.23074336104890392, 0.4359088408279026, 0.6289693578924802, 0.3710306421075199, 2.4844422689701973, 0.5055388534543394, 2.220380075558968, 0.9642988145431851]"
asqa,asqa_223,fixed_10_full,0.354610,0.354610,1601.0,1601.0,"[8.0, 8.0, 1.0, 1.0, 0.0, 1.0, 0.0, 0.0, 0.0, 0.516828, 0.2194426, 0.10831857704032119, 0.3955139999999999, 0.494193426052768, 0.07062117377541466, 0.02116758379963935, 0.030851656643989908, 0.586229848228037, 0.494193426052768, 1.0, 0.2355185365102309, 0.4571395891226225, 0.6520989999207082, 0.3479010000792918, 2.4168007182671802, 0.5156977575072766, 2.2016645144614064, 0.9561707496327909]"
asqa,asqa_224,fixed_10_full,0.344262,0.344262,856.0,856.0,"[11.0, 10.0, 0.9090909090909091, 1.0, 0.0, 1.0, 0.0, 0.0, 0.0, 0.501776, 0.2873008, 0.08680856266613335, 0.304308, 0.27247616466311664, 0.0954250502216128, 0.015421223813016211, 0.04220209814738045, 0.48074240298459875, 0.27247616466311664, 1.0, 0.17465179352093693, 0.41211232269454173, 0.6105054354182098, 0.38949456458179027, 1.9258264216986312, 0.4827914104050344, 2.2611534848264316, 0.9820064811964274]"
asqa,asqa_225,task_aware_coverage_ultra,0.382979,0.403509,453.0,1624.0,"[8.0, 8.0, 1.0, 1.0, 0.0, 1.0, 0.0, 0.0, 0.0, 0.433848, 0.30849380000000004, 0.07321978481913205, 0.245538, 0.08905653592963442, 0.01682386457929966, 0.17178597112352703, 0.06691283583190426, 0.28519435378289176, 0.17178597112352703, 3.0, 0.14063426882485158, 0.3944879929515601, 0.5965990240322495, 0.4034009759677504, 1.3989816746582744, 0.45628381904784754, 2.2742994037794046, 0.987715681257251]"
asqa,asqa_226,adaptive_k_full,0.269231,0.269231,323.0,1609.0,"[8.0, 8.0, 1.0, 1.0, 0.0, 1.0, 0.0, 0.0, 0.0, 0.372079, 0.209376, 0.1198017723307965, 0.296301, 0.008780393411076734, 0.02642718347447714, 0.27489592264008456, 0.18369754810134406, 0.36064115416349757, 0.27489592264008456, 3.0, 0.177708524377197, 0.5253085358398287, 0.7615285419532324, 0.2384714580467675, 1.564066887495166, 0.5669222585553525, 2.132178600082389, 0.9259934004479817]"
asqa,asqa_227,adaptive_k_full,0.181818,0.303030,177.0,1642.0,"[10.0, 9.0, 0.9, 1.0, 0.0, 1.0, 0.0, 0.0, 0.0, 0.438912, 0.1669028, 0.09551628488880838, 0.332064, 0.5272127442403033, 0.06957658938466027, 0.09177010425780106, 0.001228036599591681, 0.7112428003791194, 0.5272127442403033, 1.0, 0.26297461756183843, 0.493339836120185, 0.6511766129747374, 0.34882338702526267, 3.46311711470029, 0.5674220137397226, 2.177269503266589, 0.9455761308849138]"
asqa,asqa_228,fixed_10_full,0.410714,0.410714,1111.0,1111.0,"[9.0, 9.0, 1.0, 1.0, 0.0, 1.0, 0.0, 0.0, 0.0, 0.340197, 0.23235960000000003, 0.056160260402174075, 0.19619200000000003, 0.18298221324703046, 0.022492849731185142, 0.04425377060938216, 0.003389212720864638, 0.30407969500024995, 0.18298221324703046, 1.0, 0.14640970289155258, 0.38235519427645764, 0.5940916579302081, 0.40590834206979176, 1.436946145723337, 0.43853931946463437, 2.2729057055116306, 0.9871104057901186]"
asqa,asqa_229,fixed_10_full,0.439560,0.439560,1710.0,1710.0,"[8.0, 8.0, 1.0, 1.0, 0.0, 1.0, 0.0, 0.0, 0.0, 0.353416, 0.157416, 0.09862316623998643, 0.26395, 0.0028012314100097076, 0.6315277180433257, 0.010061796862620752, 0.019840641057563863, 0.6603747425130724, 0.6315277180433257, 2.0, 0.22451085023123443, 0.5304899120800936, 0.686577603293185, 0.31342239670681504, 2.944421764740188, 0.5989569772854585, 2.140635547558932, 0.9296662060707901]"
asqa,asqa_230,adaptive_k_full,0.442748,0.472441,535.0,1530.0,"[10.0, 9.0, 0.9, 1.0, 1.0, 1.0, 0.0, 0.0, 0.0, 0.503503, 0.2051462, 0.14947786085223458, 0.40740000000000004, 0.10971136219645168, 0.2618554407818822, 0.33537238109802714, 0.011197549964945598, 0.7585793927742238, 0.33537238109802714, 3.0, 0.2454361816109682, 0.6181854696796724, 0.749366549319461, 0.25063345068053905, 4.142148474777058, 0.6826120656245963, 2.0717089278020393, 0.8997317554541279]"
asqa,asqa_231,coverage_guided_ultra,0.407767,0.461538,446.0,1162.0,"[10.0, 10.0, 1.0, 1.0, 2.0, 1.0, 0.0, 0.0, 0.0, 0.207521, 0.1645861, 0.022716615220802597, 0.07647200000000001, 0.032112412719676575, 0.13787520299150446, 0.01546831405014441, 0.001084227620337233, 0.2354701451901254, 0.13787520299150446, 2.0, 0.12608658932923256, 0.3527776646995099, 0.5518777102076057, 0.4481222897923943, 1.307993394513917, 0.42395723502627175, 2.293279062993103, 0.9959584425221643]"
asqa,asqa_232,fixed_10_full,0.500000,0.500000,1137.0,1137.0,"[9.0, 8.0, 0.8888888888888888, 1.0, 1.0, 1.0, 0.0, 0.0, 0.0, 0.434363, 0.2234272, 0.08277625447288611, 0.27979200000000004, 0.3208008048567673, 0.12798972288155294, 0.004328177123742107, 0.023061356515172788, 0.5346127547696282, 0.3208008048567673, 1.0, 0.19440918563183, 0.43361193265636416, 0.6304062352300884, 0.3695937647699116, 2.1487481881996766, 0.5032564948085166, 2.2421333236697376, 0.9737461301611646]"
asqa,asqa_233,coverage_guided_ultra,0.247191,0.405063,337.0,1279.0,"[11.0, 11.0, 1.0, 1.0, 0.0, 1.0, 0.0, 0.0, 0.0, 0.235112, 0.14324889999999998, 0.04240853212845264, 0.129197, 0.11346507196570137, 0.1943286603831366, 0.12254585048827796, 0.01486950899996603, 0.47763619041137834, 0.1943286603831366, 2.0, 0.16412831093292862, 0.4232444367810154, 0.6024765286155775, 0.3975234713844225, 1.9143745827022975, 0.4997465382900278, 2.262533357198731, 0.9826057521534478]"
asqa,asqa_234,adaptive_k_full,0.720721,0.720721,857.0,1503.0,"[8.0, 7.0, 0.875, 1.0, 0.0, 1.0, 0.0, 1.0, 0.0, 0.425231, 0.2316793, 0.10938806768752249, 0.312985, 0.0805632703166044, 0.1392866465521094, 0.14320922040020595, 0.08773349073797537, 0.5287243874505857, 0.16566525018166597, 4.0, 0.18354294060798698, 0.49549010205055, 0.6988954127537506, 0.30110458724624944, 2.121900589318417, 0.5512842431216011, 2.195521391593485, 0.953502825269599]"
asqa,asqa_235,answer_aware_fallback,0.271845,0.291262,517.0,1279.0,"[9.0, 9.0, 1.0, 1.0, 0.0, 1.0, 0.0, 0.0, 0.0, 0.292769, 0.12380709999999999, 0.058374913732612915, 0.20690999999999998, 0.5753068118550803, 0.005854444971974516, 0.0004884396913607327, 0.025590141032691298, 0.6022051515016958, 0.5753068118550803, 1.0, 0.23647189862293844, 0.4359434959707481, 0.6289388896113389, 0.37106111038866113, 2.5138585976541705, 0.506485328949097, 2.2154929765532905, 0.9621763744125045]"
asqa,asqa_236,task_aware_coverage_ultra,0.276730,0.358491,412.0,880.0,"[8.0, 7.0, 0.875, 1.0, 0.0, 1.0, 0.0, 0.0, 0.0, 0.34716, 0.2156991, 0.08505878805326349, 0.23267100000000002, 0.02979317893766576, 0.09571379191151048, 0.09380112916234583, 0.06409436571033526, 0.4638063140914852, 0.24449821407996314, 4.0, 0.16094642954003982, 0.4578442840048938, 0.6697923171677582, 0.3302076828322417, 1.8649977168336513, 0.5147055221214769, 2.226139717477367, 0.9668001952460845]"
asqa,asqa_237,answer_aware_fallback,0.604651,0.604651,301.0,995.0,"[8.0, 8.0, 1.0, 1.0, 0.0, 1.0, 0.0, 0.0, 0.0, 0.300824, 0.18950830000000002, 0.06210889339064092, 0.19523599999999997, 0.21251296439113898, 0.005199053267026508, 0.03907932877695934, 0.03058599047948307, 0.3034166156955561, 0.21251296439113898, 1.0, 0.15873922144834815, 0.40792408564690835, 0.6364755527858147, 0.3635244472141853, 1.4355783134254994, 0.46008855983145064, 2.2470998443133574, 0.9759030626709473]"
asqa,asqa_238,fixed_10_full,0.500000,0.500000,1096.0,1096.0,"[8.0, 8.0, 1.0, 1.0, 0.0, 1.0, 0.0, 0.0, 0.0, 0.359239, 0.1811193, 0.07849932337549158, 0.268495, 0.35123413660543534, 0.03502125326036422, 0.005060697752749602, 0.17038239166682909, 0.42743132009609197, 0.35123413660543534, 1.0, 0.19834385402328739, 0.4487550470877482, 0.6830492388166253, 0.3169507611833747, 1.7465153702920426, 0.5031493962135436, 2.2137446446853626, 0.9614170835297278]"
asqa,asqa_239,coverage_guided_ultra,0.243902,0.297143,298.0,879.0,"[9.0, 9.0, 1.0, 1.0, 0.0, 1.0, 0.0, 0.0, 1.0, 0.664441, 0.24918619999999997, 0.18089272991350425, 0.5652539999999999, 0.2417024235409916, 0.3118606467692391, 0.11650093838279092, 0.047930516027758656, 0.7001915896219529, 0.3118606467692391, 2.0, 0.26664438078834224, 0.5878800671947323, 0.755797873236961, 0.24420212676303907, 3.3354634672824477, 0.6399628843929221, 2.0774141541714406, 0.9022095037843678]"
asqa,asqa_240,fixed_10_full,0.369565,0.369565,1317.0,1317.0,"[10.0, 9.0, 0.9, 1.0, 0.0, 1.0, 0.0, 0.0, 0.0, 0.503624, 0.24425629999999998, 0.13485391196109217, 0.38889999999999997, 0.06694875542071058, 0.2981510015408321, 0.15689681190729593, 0.04401895064571981, 0.6001898241545279, 0.2981510015408321, 2.0, 0.2061866981527191, 0.5294774382482663, 0.7104709274643071, 0.2895290725356931, 2.5011869642520135, 0.5843807795557415, 2.163119603441139, 0.9394309074712368]"
asqa,asqa_241,coverage_guided_ultra,0.290598,0.280992,313.0,1122.0,"[11.0, 11.0, 1.0, 1.0, 0.0, 1.0, 0.0, 0.0, 0.0, 0.585027, 0.18585089999999999, 0.14113256289775936, 0.48197899999999994, 0.5669345175521814, 0.08576185372640921, 0.09472041461334263, 0.008527811536903414, 0.7866064301305752, 0.5669345175521814, 1.0, 0.3147829792591803, 0.5604298929948685, 0.7071114533209149, 0.29288854667908526, 4.686176816911111, 0.6307157563279642, 2.090796065325887, 0.9080211939560635]"
asqa,asqa_242,fixed_10_full,0.324607,0.324607,1303.0,1303.0,"[8.0, 8.0, 1.0, 1.0, 0.0, 1.0, 0.0, 0.0, 0.0, 0.35133, 0.2112619, 0.05583571692644413, 0.18540299999999998, 0.22836080038710038, 0.1563828878831868, 0.016093131813394793, 0.0579882162069849, 0.4204736287820567, 0.22836080038710038, 1.0, 0.1663006912273344, 0.39694237342369826, 0.5929592605197624, 0.40704073948023756, 1.7255470150536576, 0.47156828784409344, 2.2710507932569146, 0.9863048276334807]"
asqa,asqa_243,adaptive_k_full,0.300000,0.333333,337.0,1597.0,"[9.0, 8.0, 0.8888888888888888, 1.0, 0.0, 1.0, 0.0, 0.0, 0.0, 0.246552, 0.12417149999999999, 0.055479135365018084, 0.161402, 0.11532252831045778, 0.40330234595541714, 0.03724163665271422, 0.04744638047957429, 0.5706950257957754, 0.40330234595541714, 2.0, 0.19855764003817303, 0.4697978199506328, 0.643225699939197, 0.356774300060803, 2.329346408933734, 0.5446627060265778, 2.216548450733506, 0.9626347610247634]"
asqa,asqa_244,adaptive_k_full,0.312500,0.357143,374.0,839.0,"[10.0, 10.0, 1.0, 1.0, 0.0, 1.0, 0.0, 0.0, 1.0, 0.540027, 0.2652869, 0.1503843508842925, 0.39232100000000003, 0.007821831130665698, 0.28570978858464485, 0.3400274430722908, 0.0007573695389304987, 0.6753940080773739, 0.3400274430722908, 3.0, 0.2035633874118926, 0.5493456329732076, 0.6900174867285193, 0.30998251327148085, 3.0806578587075575, 0.6210371827466329, 2.160499879475777, 0.9382931758089704]"
asqa,asqa_245,fixed_10_full,0.500000,0.500000,817.0,817.0,"[8.0, 8.0, 1.0, 1.0, 0.0, 1.0, 0.0, 0.0, 0.0, 0.517916, 0.19229590000000002, 0.11241623211836448, 0.388826, 0.5463569381907492, 0.13034546142617717, 0.013386340642111838, 0.0022493995165239673, 0.6989801434981735, 0.5463569381907492, 1.0, 0.26933283548947223, 0.4785884670447992, 0.6431322768712178, 0.35686772312878223, 3.3220399864018013, 0.5536680948960353, 2.1749724618989275, 0.9445785384942348]"
asqa,asqa_246,adaptive_k_full,0.600000,0.582278,496.0,947.0,"[10.0, 10.0, 1.0, 1.0, 0.0, 1.0, 0.0, 0.0, 0.0, 0.472352, 0.2534654, 0.1388422884831563, 0.366911, 0.0, 0.1871443330397669, 0.1467655477271188, 0.028281874534245667, 0.5624449563037736, 0.22853507553688773, 4.0, 0.18635758569019675, 0.5241969909896972, 0.729869639011873, 0.270130360988127, 2.2854267466615057, 0.5731364066355997, 2.1553320087611376, 0.9360487980744132]"
asqa,asqa_247,fixed_10_full,0.604651,0.604651,1474.0,1474.0,"[9.0, 9.0, 1.0, 1.0, 1.0, 1.0, 0.0, 0.0, 0.0, 0.276722, 0.1632509, 0.06440567889161639, 0.17836800000000003, 0.07971899595984426, 0.16919869038240543, 0.015542674597610594, 0.1567927378379746, 0.4226769104010523, 0.16919869038240543, 2.0, 0.16950718188996203, 0.4528152677871914, 0.6753549291305593, 0.32464507086944083, 1.7321323501796468, 0.5154349846636782, 2.2271705379714986, 0.9672478748985185]"
asqa,asqa_248,fixed_10_full,0.477612,0.477612,1239.0,1239.0,"[8.0, 8.0, 1.0, 1.0, 0.0, 1.0, 0.0, 0.0, 0.0, 0.206428, 0.1620094, 0.036631452557058124, 0.097241, 0.022322553142015623, 0.02981669153409418, 0.03673920204623407, 0.0809483209642103, 0.1138120797566221, 0.1513021489332843, 6.0, 0.12741729800863408, 0.3727641729430515, 0.6017724897444223, 0.3982275102555778, 1.1284288322564422, 0.4313026573927998, 2.276123677296708, 0.9885079531792982]"
asqa,asqa_249,answer_aware_fallback,0.440000,0.480769,424.0,1082.0,"[8.0, 8.0, 1.0, 1.0, 0.0, 1.0, 0.0, 0.0, 0.0, 0.289145, 0.1657724, 0.04857917603088796, 0.168564, 0.24957028480520146, 0.1638070864099328, 0.024918293589721384, 0.025143094295249784, 0.47216448494699886, 0.24957028480520146, 1.0, 0.17442288342329604, 0.4076354085481057, 0.5976760908329735, 0.40232390916702665, 1.8945295863609855, 0.48100596357507, 2.2643165873171727, 0.9833801991538507]"
