retriever,query_id,ranked_doc_ids,scores,ndcg_at_10,mrr_at_10,recall_at_10
tfidf,5a8e1027554299653c1aa15f,"[""5ab3e45655429976abd1bcd4::doc_3::America East Conference"", ""5a8e1027554299653c1aa15f::doc_2::2009 Colorado Buffaloes football team"", ""5a8e1027554299653c1aa15f::doc_6::2011 Colorado Buffaloes football team"", ""5a8e1027554299653c1aa15f::doc_7::2014 Colorado Buffaloes football team"", ""5a8e1027554299653c1aa15f::doc_3::2015 Colorado Buffaloes football team"", ""5a8e1027554299653c1aa15f::doc_4::2012 Colorado Buffaloes football team"", ""5a8e1027554299653c1aa15f::doc_8::2009 Big 12 Conference football season"", ""5a8e1027554299653c1aa15f::doc_5::1989 Colorado Buffaloes football team"", ""5a8e1027554299653c1aa15f::doc_1::2015\u201316 Colorado Buffaloes men's basketball team"", ""5a8e1027554299653c1aa15f::doc_9::2014\u201315 Colorado Buffaloes men's basketball team""]","[0.46579, 0.435768, 0.427201, 0.422523, 0.410019, 0.383352, 0.380067, 0.363396, 0.352439, 0.339194]",0.591235,0.5,1.0
tfidf,5ab84bf555429916710eb01f,"[""5ab84bf555429916710eb01f::doc_8::Euromarch\u00e9"", ""5ab84bf555429916710eb01f::doc_7::Uno-X"", ""5ab84bf555429916710eb01f::doc_5::John A. Brown (department store)"", ""5ab84bf555429916710eb01f::doc_9::Lewis's"", ""5ab84bf555429916710eb01f::doc_2::Tesco Extra"", ""5ab84bf555429916710eb01f::doc_3::Tazweed Center"", ""5ab47d765542991751b4d78f::doc_7::1991 Mr. Olympia"", ""5ab84bf555429916710eb01f::doc_0::Selver"", ""5ab84bf555429916710eb01f::doc_6::SavaCentre"", ""5ab84bf555429916710eb01f::doc_1::Holiday Inn Lake Buena Vista Downtown""]","[0.32003, 0.224267, 0.201978, 0.194812, 0.186282, 0.176411, 0.140194, 0.133616, 0.124232, 0.120864]",0.613147,1.0,0.5
tfidf,5a77724455429972597f153e,"[""5a77724455429972597f153e::doc_1::Carolina Dodge Dealers 400"", ""5a77724455429972597f153e::doc_4::Lean Horse Ultramarathon"", ""5a77724455429972597f153e::doc_0::Subway 400"", ""5a77724455429972597f153e::doc_8::1964 Armstrong 500"", ""5a77724455429972597f153e::doc_9::Allison Transmission"", ""5a77724455429972597f153e::doc_5::Orange County Fair Speedway"", ""5a77724455429972597f153e::doc_2::Louis Schwitzer Award"", ""5ae7a8175542993210983ed8::doc_0::2009 Singapore Grand Prix"", ""5a77724455429972597f153e::doc_7::1957 Indianapolis 500"", ""5ac2659b55429963665199a1::doc_4::10,000 metres""]","[0.414109, 0.368791, 0.297063, 0.292136, 0.263204, 0.252221, 0.239455, 0.236915, 0.22841, 0.194478]",0.184576,0.111111,0.5
tfidf,5a87c13f5542996e4f30890c,"[""5a87c13f5542996e4f30890c::doc_7::Festival Puccini"", ""5a87c13f5542996e4f30890c::doc_9::Jacopo Puccini"", ""5a87c13f5542996e4f30890c::doc_3::Franco Corelli"", ""5a87c13f5542996e4f30890c::doc_2::Gianni Schicchi"", ""5a87c13f5542996e4f30890c::doc_1::La Boh\u00e8me (1988 film)"", ""5a87c13f5542996e4f30890c::doc_6::Tosca (1956 film)"", ""5a87c13f5542996e4f30890c::doc_8::Cesira Ferrani"", ""5a87c13f5542996e4f30890c::doc_5::La fanciulla del West"", ""5a87c13f5542996e4f30890c::doc_0::Ron Bottcher"", ""5a87c13f5542996e4f30890c::doc_4::O mio babbino caro""]","[0.348225, 0.316804, 0.216141, 0.215341, 0.214154, 0.208808, 0.204642, 0.202584, 0.194109, 0.182261]",0.524981,0.333333,1.0
tfidf,5ab96ab755429970cfb8eacd,"[""5ab96ab755429970cfb8eacd::doc_4::Army (Ellie Goulding song)"", ""5ab96ab755429970cfb8eacd::doc_7::Delirium (Ellie Goulding album)"", ""5ab96ab755429970cfb8eacd::doc_2::Outside (Calvin Harris song)"", ""5ab96ab755429970cfb8eacd::doc_9::List of songs recorded by Ellie Goulding"", ""5ab96ab755429970cfb8eacd::doc_5::Delirium World Tour"", ""5ab96ab755429970cfb8eacd::doc_6::Flashlight (DJ Fresh song)"", ""5ab96ab755429970cfb8eacd::doc_3::On My Mind (Ellie Goulding song)"", ""5ab96ab755429970cfb8eacd::doc_8::Something in the Way You Move"", ""5ab96ab755429970cfb8eacd::doc_0::Halcyon (album)"", ""5ab96ab755429970cfb8eacd::doc_1::Love Me like You Do""]","[0.553886, 0.442052, 0.356423, 0.343559, 0.328061, 0.324487, 0.322131, 0.315064, 0.3135, 0.303119]",0.591235,0.5,1.0
tfidf,5a8a43eb5542996c9b8d5e82,"[""5a8a43eb5542996c9b8d5e82::doc_9::Westminster School, Adelaide"", ""5a8a43eb5542996c9b8d5e82::doc_6::Grace Church School"", ""5a8a43eb5542996c9b8d5e82::doc_8::Grennaskolan"", ""5a8a43eb5542996c9b8d5e82::doc_5::Concho Indian Boarding School"", ""5a8a43eb5542996c9b8d5e82::doc_4::Princeton High School (Illinois)"", ""5a8a43eb5542996c9b8d5e82::doc_0::Sainik School Balachadi, Jamnagar"", ""5ae52c0f5542992663a4f12e::doc_2::Port Charlotte High School"", ""5ae52c0f5542992663a4f12e::doc_5::Sullivan East High School"", ""5ae52c0f5542992663a4f12e::doc_7::Paso Robles High School"", ""5a8a43eb5542996c9b8d5e82::doc_2::Cotter High School (Winona, Minnesota)""]","[0.447069, 0.351828, 0.300485, 0.280981, 0.26965, 0.267487, 0.250682, 0.239738, 0.238017, 0.228387]",0.613147,1.0,0.5
tfidf,5ae73acb5542991e8301cc07,"[""5ae73acb5542991e8301cc07::doc_8::D1NZ"", ""5ae73acb5542991e8301cc07::doc_4::List of The Office (U.S. TV series) characters"", ""5a77152355429966f1a36c2e::doc_9::What Are Little Girls Made Of?"", ""5a77152355429966f1a36c2e::doc_8::What Are Little Boys Made Of?"", ""5ae73acb5542991e8301cc07::doc_5::Night School: the Web Series"", ""5adef80b5542993a75d263c4::doc_2::Snatch (TV series)"", ""5ae73acb5542991e8301cc07::doc_3::Raaz Pichhle Janam Ka"", ""5ae73acb5542991e8301cc07::doc_2::Iron Man (TV series)"", ""5ae73acb5542991e8301cc07::doc_6::Ripley's Believe It or Not! (TV series)"", ""5adef80b5542993a75d263c4::doc_1::Orange Is the New Black""]","[0.250235, 0.170547, 0.166864, 0.138461, 0.137632, 0.135599, 0.123197, 0.117799, 0.114858, 0.113535]",0.613147,1.0,0.5
tfidf,5a7320565542991f9a20c61d,"[""5a7320565542991f9a20c61d::doc_9::Keith Bostic (American football)"", ""5a7320565542991f9a20c61d::doc_3::Keith Bostic"", ""5a7320565542991f9a20c61d::doc_6::Portland State Vikings football under Jerry Glanville"", ""5a7320565542991f9a20c61d::doc_5::Jerry Glanville"", ""5a7320565542991f9a20c61d::doc_2::1987 Pittsburgh Steelers season"", ""5a85fb085542994775f606de::doc_7::Legend (film score)"", ""5a7320565542991f9a20c61d::doc_7::Lucky to Be Alive (Confederate Railroad album)"", ""5aba749055429901930fa7d8::doc_9::CrissCross"", ""5a7320565542991f9a20c61d::doc_0::Ken Herock"", ""5a7bae20554299294a54aa96::doc_6::American Idol (season 12)""]","[0.433215, 0.417052, 0.328335, 0.225236, 0.160958, 0.109195, 0.093332, 0.091861, 0.080751, 0.077588]",0.877215,1.0,1.0
tfidf,5ae32e125542991a06ce9946,"[""5ae32e125542991a06ce9946::doc_5::Kirton, Nottinghamshire"", ""5ae32e125542991a06ce9946::doc_9::Kirton End"", ""5ae32e125542991a06ce9946::doc_4::Kirton, Suffolk"", ""5ae32e125542991a06ce9946::doc_2::2001 Bangladesh census"", ""5ae32e125542991a06ce9946::doc_6::Urbanisation in India"", ""5ae32e125542991a06ce9946::doc_1::Willoughton"", ""5ae32e125542991a06ce9946::doc_7::Sauce Viejo, Argentina"", ""5ae32e125542991a06ce9946::doc_8::Borough of Berwick-upon-Tweed"", ""5ae32e125542991a06ce9946::doc_0::Parkridge, Saskatoon"", ""5ae67dba55429908198fa5f0::doc_4::Memphis metropolitan area""]","[0.48864, 0.425408, 0.40209, 0.335922, 0.301545, 0.296818, 0.277929, 0.25699, 0.247435, 0.237731]",0.386853,0.5,0.5
tfidf,5adc53f75542996e6852530a,"[""5adc53f75542996e6852530a::doc_7::Cypress-pine"", ""5adc53f75542996e6852530a::doc_9::Cypress"", ""5adc53f75542996e6852530a::doc_8::Ajugeae"", ""5adc53f75542996e6852530a::doc_5::Libocedrus"", ""5adc53f75542996e6852530a::doc_2::Ajuga"", ""5adc53f75542996e6852530a::doc_3::Cupressus"", ""5abc0a5d5542993f40c73c64::doc_6::Psycho Realm"", ""5adc53f75542996e6852530a::doc_4::Cedrol"", ""5adc53f75542996e6852530a::doc_0::Fokienia"", ""5adc53f75542996e6852530a::doc_6::Pilgerodendron""]","[0.428642, 0.269996, 0.246421, 0.237271, 0.213153, 0.203562, 0.140915, 0.139854, 0.135244, 0.121875]",0.624051,0.5,1.0
tfidf,5a8b20335542996c9b8d5fb3,"[""5a8b20335542996c9b8d5fb3::doc_7::Charlotte Hornets"", ""5a8b20335542996c9b8d5fb3::doc_9::2014\u201315 Charlotte Hornets season"", ""5a8b20335542996c9b8d5fb3::doc_3::Charlotte Hornets draft history"", ""5a8b20335542996c9b8d5fb3::doc_0::Charlotte Hornets all-time roster"", ""5a8b20335542996c9b8d5fb3::doc_6::List of Charlotte Hornets seasons"", ""5a8b20335542996c9b8d5fb3::doc_2::1992\u201393 Charlotte Hornets season"", ""5a8b20335542996c9b8d5fb3::doc_8::Muggsy Bogues"", ""5a8b20335542996c9b8d5fb3::doc_5::2003 WNBA season"", ""5a8b20335542996c9b8d5fb3::doc_1::List of Texas Tech Lady Raiders in the WNBA Draft"", ""5ae52c0f5542992663a4f12e::doc_2::Port Charlotte High School""]","[0.504584, 0.490944, 0.467709, 0.431682, 0.426268, 0.405895, 0.388158, 0.325097, 0.257583, 0.230493]",0.42279,0.166667,1.0
tfidf,5a85fb085542994775f606de,"[""5a85fb085542994775f606de::doc_7::Legend (film score)"", ""5a85fb085542994775f606de::doc_1::Alien (soundtrack)"", ""5a85fb085542994775f606de::doc_4::Aliens (soundtrack)"", ""5a85fb085542994775f606de::doc_0::Christus Apollo"", ""5a85fb085542994775f606de::doc_3::Innerspace"", ""5a85fb085542994775f606de::doc_2::L.A. Confidential (soundtrack)"", ""5a85fb085542994775f606de::doc_9::Lionheart (1987 film)"", ""5a85fb085542994775f606de::doc_8::Total Recall (1990 film)"", ""5ab341f755429969a97a8114::doc_2::My Kind of Town"", ""5a85fb085542994775f606de::doc_5::Mulan (soundtrack)""]","[0.460584, 0.332985, 0.3287, 0.302658, 0.262895, 0.244231, 0.240094, 0.218947, 0.18917, 0.184547]",0.386853,0.5,0.5
tfidf,5a7be2595542997c3ec972ac,"[""5a7be2595542997c3ec972ac::doc_0::The Mark on the Wall"", ""5a7be2595542997c3ec972ac::doc_1::Emma Bull"", ""5a7be2595542997c3ec972ac::doc_5::Jane de Gay"", ""5a7be2595542997c3ec972ac::doc_4::Me! I'm Afraid of Virginia Woolf"", ""5a7be2595542997c3ec972ac::doc_2::Virginia Woolf"", ""5a7be2595542997c3ec972ac::doc_6::Freshwater (opera)"", ""5a7be2595542997c3ec972ac::doc_9::Jane Marcus"", ""5a7633ad5542992db9473741::doc_8::Northern Virginia Campaign"", ""5a7be2595542997c3ec972ac::doc_8::Moments of Being"", ""5a7be2595542997c3ec972ac::doc_3::Orlando: A Biography""]","[0.304282, 0.285286, 0.284705, 0.270437, 0.243031, 0.220464, 0.215058, 0.200966, 0.195778, 0.186455]",0.624051,0.5,1.0
tfidf,5a77152355429966f1a36c2e,"[""5a77152355429966f1a36c2e::doc_8::What Are Little Boys Made Of?"", ""5a77152355429966f1a36c2e::doc_9::What Are Little Girls Made Of?"", ""5a77152355429966f1a36c2e::doc_1::Pretty Little Dutch Girl"", ""5a77152355429966f1a36c2e::doc_6::Did You Ever See a Lassie?"", ""5a77152355429966f1a36c2e::doc_3::Aiken Drum"", ""5a77152355429966f1a36c2e::doc_7::A Wise Old Owl"", ""5a77152355429966f1a36c2e::doc_0::Billy Boy"", ""5a77152355429966f1a36c2e::doc_2::Tweedledum and Tweedledee"", ""5a77152355429966f1a36c2e::doc_5::Three Little Kittens"", ""5a77152355429966f1a36c2e::doc_4::Row, Row, Row Your Boat""]","[0.653267, 0.474411, 0.402465, 0.347779, 0.342524, 0.338098, 0.320874, 0.320346, 0.293733, 0.235443]",1.0,1.0,1.0
tfidf,5a8f4c8d554299458435d5a3,"[""5a8f4c8d554299458435d5a3::doc_2::Scott Parkin"", ""5a8f4c8d554299458435d5a3::doc_0::Yvonne Ridley"", ""5a8f4c8d554299458435d5a3::doc_1::Mobil Producing Nigeria"", ""5a8f4c8d554299458435d5a3::doc_5::Exxon"", ""5a8f4c8d554299458435d5a3::doc_3::Halliburton"", ""5ac298f9554299657fa28fc9::doc_9::Josey Scott"", ""5a8f4c8d554299458435d5a3::doc_9::Dummy corporation"", ""5a8f4c8d554299458435d5a3::doc_7::Corporate synergy"", ""5a8c4c625542995e66a475a1::doc_1::486th Flight Test Squadron"", ""5a8f4c8d554299458435d5a3::doc_8::Religious Technology Center""]","[0.345318, 0.168368, 0.165699, 0.149886, 0.146712, 0.141513, 0.120736, 0.098098, 0.096557, 0.092292]",0.850345,1.0,1.0
tfidf,5a80840f554299485f59863b,"[""5a80840f554299485f59863b::doc_3::Rose McGowan"", ""5a80840f554299485f59863b::doc_5::Jawbreaker (film)"", ""5a80840f554299485f59863b::doc_4::Kerr Smith"", ""5a80840f554299485f59863b::doc_2::Kay Tagal Kang Hinintay"", ""5a80840f554299485f59863b::doc_0::Safe Harbor (TV series)"", ""5a80840f554299485f59863b::doc_6::Sarah Drew"", ""5a80840f554299485f59863b::doc_7::Charmed (season 4)"", ""5ab2c5e255429916697740ba::doc_9::NHL All-Star Skills Competition"", ""5a80840f554299485f59863b::doc_8::List of Charmed characters"", ""5ac2ffbd554299677310267b::doc_4::Hilarie Burton""]","[0.44985, 0.248449, 0.203132, 0.201047, 0.196124, 0.186166, 0.149787, 0.144651, 0.143028, 0.138107]",1.0,1.0,1.0
tfidf,5a8361b65542992ef85e22a0,"[""5a8361b65542992ef85e22a0::doc_2::Vince Phillips"", ""5a8361b65542992ef85e22a0::doc_6::Jeff Malcolm"", ""5a8361b65542992ef85e22a0::doc_4::Fatai Onikeke"", ""5a8361b65542992ef85e22a0::doc_5::Julian Holland (boxer)"", ""5a8361b65542992ef85e22a0::doc_7::Zab Judah"", ""5a8361b65542992ef85e22a0::doc_1::Bunny Grant"", ""5a8361b65542992ef85e22a0::doc_0::Ralph Charles"", ""5a8361b65542992ef85e22a0::doc_9::Lawrence Austin"", ""5a8361b65542992ef85e22a0::doc_3::Andrew Murray (Guyanese boxer)"", ""5adf65555542992d7e9f9334::doc_2::New York State Writers Hall of Fame""]","[0.408016, 0.335832, 0.295769, 0.295397, 0.265618, 0.246938, 0.235712, 0.203534, 0.20234, 0.16094]",0.613147,1.0,0.5
tfidf,5ae7ba7a5542993210983f12,"[""5ae7ba7a5542993210983f12::doc_9::Stay (Sugarland song)"", ""5ae7ba7a5542993210983f12::doc_2::U Know What's Up"", ""5ae7ba7a5542993210983f12::doc_5::No One (Alicia Keys song)"", ""5ae7ba7a5542993210983f12::doc_6::Feel Good Inc."", ""5ab96ab755429970cfb8eacd::doc_4::Army (Ellie Goulding song)"", ""5ae7ba7a5542993210983f12::doc_8::Yeah! (Usher song)"", ""5ae7ba7a5542993210983f12::doc_4::I Don't Wanna Know"", ""5ae7ba7a5542993210983f12::doc_1::Stay (Shakespears Sister song)"", ""5a77c1505542997042120b1b::doc_6::Chattahoochee (song)"", ""5ae7ba7a5542993210983f12::doc_3::Billy Ray Cyrus discography""]","[0.328059, 0.328048, 0.324014, 0.30529, 0.278424, 0.277081, 0.260693, 0.258649, 0.256019, 0.239583]",0.42279,0.166667,1.0
tfidf,5ac2acff55429921a00ab02b,"[""5ac2acff55429921a00ab02b::doc_6::The Hard Easy (Adventure Time)"", ""5ac2acff55429921a00ab02b::doc_0::The Hard Easy (film)"", ""5ac2acff55429921a00ab02b::doc_2::Brother from Another Series"", ""5ac2acff55429921a00ab02b::doc_1::Moving On (The Office)"", ""5ac2acff55429921a00ab02b::doc_3::Roy's Wedding"", ""5ac2acff55429921a00ab02b::doc_9::Andy's Ancestry"", ""5ac2acff55429921a00ab02b::doc_5::The Farm (The Office)"", ""5ac2acff55429921a00ab02b::doc_8::Evicted!"", ""5ac2acff55429921a00ab02b::doc_7::Web Weirdos"", ""5a77152355429966f1a36c2e::doc_9::What Are Little Girls Made Of?""]","[0.440014, 0.303185, 0.291951, 0.279211, 0.278557, 0.278318, 0.235624, 0.231027, 0.203766, 0.170859]",0.613147,1.0,0.5
tfidf,5aba7cfe554299232ef4a2fd,"[""5aba7cfe554299232ef4a2fd::doc_0::2017\u201318 Wigan Athletic F.C. season"", ""5aba7cfe554299232ef4a2fd::doc_1::2007\u201308 Wigan Athletic F.C. season"", ""5aba7cfe554299232ef4a2fd::doc_7::2006\u201307 Wigan Athletic F.C. season"", ""5aba7cfe554299232ef4a2fd::doc_5::1979\u201380 Wigan Athletic F.C. season"", ""5aba7cfe554299232ef4a2fd::doc_9::List of Wigan Borough F.C. players"", ""5aba7cfe554299232ef4a2fd::doc_8::1978\u201379 Wigan Athletic F.C. season"", ""5aba7cfe554299232ef4a2fd::doc_3::Springfield Park (Wigan)"", ""5aba7cfe554299232ef4a2fd::doc_2::EFL Cup"", ""5aba7cfe554299232ef4a2fd::doc_6::Nick Powell"", ""5ae0aaf455429945ae959401::doc_1::National League North""]","[0.480637, 0.456806, 0.451985, 0.449271, 0.392629, 0.351489, 0.345364, 0.268138, 0.241106, 0.239827]",0.806574,1.0,1.0
tfidf,5ae5aba0554299546bf82f17,"[""5ae5aba0554299546bf82f17::doc_4::Teen Titans Go! (TV series)"", ""5ae5aba0554299546bf82f17::doc_0::List of Teen Titans Go! episodes"", ""5ae5aba0554299546bf82f17::doc_6::Teen Titans: Trouble in Tokyo"", ""5ae5aba0554299546bf82f17::doc_1::Teen Titans (season 4)"", ""5ae5aba0554299546bf82f17::doc_5::Teen Titans (season 1)"", ""5ae5aba0554299546bf82f17::doc_2::Tara Strong"", ""5ae5aba0554299546bf82f17::doc_8::Tara Strong filmography"", ""5ae5aba0554299546bf82f17::doc_7::Teen Titans"", ""5ae5aba0554299546bf82f17::doc_9::List of Teen Titans episodes"", ""5ae5aba0554299546bf82f17::doc_3::Roy Harper (comics)""]","[0.616934, 0.529478, 0.487502, 0.483458, 0.482291, 0.424401, 0.420696, 0.393118, 0.339909, 0.316523]",0.831555,1.0,1.0
tfidf,5ae1f4cb554299234fd0436d,"[""5ae1f4cb554299234fd0436d::doc_0::122nd SS-Standarte"", ""5ae1f4cb554299234fd0436d::doc_4::122nd Division"", ""5ae1f4cb554299234fd0436d::doc_5::122nd Ohio Infantry"", ""5ae1f4cb554299234fd0436d::doc_7::122d Fighter Squadron"", ""5ae1f4cb554299234fd0436d::doc_9::122nd Division (Imperial Japanese Army)"", ""5ae1f4cb554299234fd0436d::doc_6::122nd Infantry Regiment (United States)"", ""5ae1f4cb554299234fd0436d::doc_1::122nd Hydroplane Liaison Squadron"", ""5ae1f4cb554299234fd0436d::doc_8::122nd (Muskoka) Battalion, CEF"", ""5a77152355429966f1a36c2e::doc_9::What Are Little Girls Made Of?"", ""5a7166395542994082a3e814::doc_0::North Kansas City, Missouri""]","[0.711468, 0.296159, 0.238254, 0.201656, 0.189181, 0.185427, 0.158873, 0.153476, 0.14187, 0.122899]",0.613147,1.0,0.5
tfidf,5ae7e1fc55429952e35ea9cc,"[""5ae7e1fc55429952e35ea9cc::doc_3::Koningsdag"", ""5ae7e1fc55429952e35ea9cc::doc_7::Oranjegekte"", ""5ae7e1fc55429952e35ea9cc::doc_0::Queen's Day (disambiguation)"", ""5ae7e1fc55429952e35ea9cc::doc_9::Christmas in the Basque Country"", ""5ae7e1fc55429952e35ea9cc::doc_2::Garifuna Settlement Day"", ""5ae7e1fc55429952e35ea9cc::doc_8::White Sunday"", ""5ae7e1fc55429952e35ea9cc::doc_4::Jounen Kw\u00e9y\u00f2l"", ""5ae7e1fc55429952e35ea9cc::doc_5::The Eighth (United States)"", ""5ae7e1fc55429952e35ea9cc::doc_1::Children's Day (Japan)"", ""5a7a5b3a5542996c55b2dd71::doc_2::Great Hall of the People""]","[0.316495, 0.312908, 0.265845, 0.219633, 0.18734, 0.178635, 0.177021, 0.147693, 0.142204, 0.127743]",1.0,1.0,1.0
tfidf,5ae37c765542992f92d822d4,"[""5ae37c765542992f92d822d4::doc_9::The Tragedy of Romeo and Juliet (film)"", ""5ae37c765542992f92d822d4::doc_5::Tromeo and Juliet"", ""5ae37c765542992f92d822d4::doc_2::Romeo + Juliet"", ""5ae37c765542992f92d822d4::doc_6::Romeo \u00d7 Juliet"", ""5ae37c765542992f92d822d4::doc_1::Romeo"", ""5ae37c765542992f92d822d4::doc_0::Romeo and Juliet on screen"", ""5ae37c765542992f92d822d4::doc_3::A rose by any other name would smell as sweet"", ""5ae37c765542992f92d822d4::doc_7::James Gunn"", ""5ae37c765542992f92d822d4::doc_8::James Gunn's PG Porn"", ""5ae37c765542992f92d822d4::doc_4::List of Romeo \u00d7 Juliet episodes""]","[0.519333, 0.518773, 0.477986, 0.464249, 0.412831, 0.396566, 0.328955, 0.285991, 0.285496, 0.265049]",0.580279,0.5,1.0
tfidf,5ae33c4d5542992f92d82262,"[""5ae33c4d5542992f92d82262::doc_4::Robert Suettinger"", ""5ae33c4d5542992f92d82262::doc_6::National Intelligence Cross"", ""5ae33c4d5542992f92d82262::doc_0::Director of the Defense Intelligence Agency"", ""5ae33c4d5542992f92d82262::doc_3::National Intelligence Board"", ""5ae33c4d5542992f92d82262::doc_8::Ground Intelligence Officer"", ""5ae33c4d5542992f92d82262::doc_7::National Intelligence Reform Medal"", ""5ae33c4d5542992f92d82262::doc_2::National Intelligence Medal of Achievement"", ""5ae33c4d5542992f92d82262::doc_9::National Intelligence Estimate"", ""5ae33c4d5542992f92d82262::doc_1::National Intelligence Superior Service Medal"", ""5ae33c4d5542992f92d82262::doc_5::Bill Clinton""]","[0.50906, 0.370077, 0.333198, 0.32955, 0.310573, 0.309937, 0.309247, 0.304681, 0.266598, 0.147647]",0.790386,1.0,1.0
tfidf,5a77cb335542997042120b3a,"[""5a77cb335542997042120b3a::doc_9::MEO Rip Curl Pro Portugal"", ""5a77cb335542997042120b3a::doc_3::Moche Rip Curl Pro Portugal 2014"", ""5a77cb335542997042120b3a::doc_1::Moche Rip Curl Pro Portugal 2015"", ""5a77cb335542997042120b3a::doc_7::MEO Rip Curl Pro Portugal 2016"", ""5a77cb335542997042120b3a::doc_4::MEO Rip Curl Pro Portugal 2017"", ""5a77cb335542997042120b3a::doc_2::John John Florence"", ""5a77cb335542997042120b3a::doc_5::Supertubos"", ""5a77cb335542997042120b3a::doc_6::Andy Irons"", ""5a77cb335542997042120b3a::doc_0::Coco Ho"", ""5a77cb335542997042120b3a::doc_8::Barton Lynch""]","[0.58076, 0.457793, 0.452142, 0.430928, 0.428292, 0.292808, 0.266874, 0.254224, 0.249483, 0.220373]",0.831555,1.0,1.0
tfidf,5a8979f4554299669944a52e,"[""5a8979f4554299669944a52e::doc_2::Suburban Madness"", ""5a8979f4554299669944a52e::doc_6::Bobbi Bacha"", ""5a8979f4554299669944a52e::doc_9::Middle name"", ""5a8979f4554299669944a52e::doc_0::Barend"", ""5a8979f4554299669944a52e::doc_3::Latvian name"", ""5a77152355429966f1a36c2e::doc_9::What Are Little Girls Made Of?"", ""5a8979f4554299669944a52e::doc_8::Chris Funk"", ""5a80721b554299485f5985ef::doc_0::Livesey Hall War Memorial"", ""5a77152355429966f1a36c2e::doc_8::What Are Little Boys Made Of?"", ""5ab6ba245542995eadef007f::doc_3::As the Music Plays""]","[0.531634, 0.511043, 0.162318, 0.157741, 0.12991, 0.116389, 0.115328, 0.10697, 0.102231, 0.090213]",0.386853,0.5,0.5
tfidf,5a713ea95542994082a3e6e4,"[""5a713ea95542994082a3e6e4::doc_4::Alvaro Mexia"", ""5a713ea95542994082a3e6e4::doc_1::Diplomatic mission"", ""5a713ea95542994082a3e6e4::doc_7::Head of mission"", ""5a713ea95542994082a3e6e4::doc_8::United States Mission to the European Union"", ""5a713ea95542994082a3e6e4::doc_0::High Commission of Australia, London"", ""5a713ea95542994082a3e6e4::doc_2::Diplomatic bag"", ""5a713ea95542994082a3e6e4::doc_3::Embassy of China, London"", ""5a713ea95542994082a3e6e4::doc_6::List of diplomatic missions of Azerbaijan"", ""5a713ea95542994082a3e6e4::doc_9::Indigenous peoples of Florida"", ""5ade51b45542997c77adedf4::doc_0::Shawnee Mission District Stadium""]","[0.485441, 0.348117, 0.294158, 0.269008, 0.268936, 0.231221, 0.207187, 0.180656, 0.176455, 0.138724]",0.797723,1.0,1.0
tfidf,5a78bd9b554299078472774a,"[""5a78bd9b554299078472774a::doc_0::Edmund Leach"", ""5a78bd9b554299078472774a::doc_8::Alfred Gell"", ""5a78bd9b554299078472774a::doc_7::Association of Social Anthropologists"", ""5a78bd9b554299078472774a::doc_2::Social Anthropology (journal)"", ""5a78bd9b554299078472774a::doc_1::Thomas Hylland Eriksen"", ""5ae2b770554299495565db0f::doc_7::British Journal of Social Psychology"", ""5ac3e0f7554299194317388b::doc_3::La Belle Am\u00e9ricaine"", ""5a78bd9b554299078472774a::doc_3::Network Analysis and Ethnographic Problems"", ""5a74c85055429916b0164218::doc_1::British people"", ""5a77152355429966f1a36c2e::doc_8::What Are Little Boys Made Of?""]","[0.480161, 0.39085, 0.266395, 0.157801, 0.129932, 0.12085, 0.104007, 0.093339, 0.089532, 0.084845]",1.0,1.0,1.0
tfidf,5a7625e8554299109176e66a,"[""5a7625e8554299109176e66a::doc_9::1925 Birthday Honours"", ""5a7625e8554299109176e66a::doc_4::Birthday Honours"", ""5a7625e8554299109176e66a::doc_7::1951 Birthday Honours"", ""5a7625e8554299109176e66a::doc_0::2017 Birthday Honours"", ""5a7625e8554299109176e66a::doc_3::2016 Birthday Honours"", ""5a7625e8554299109176e66a::doc_2::2015 Birthday Honours"", ""5a7625e8554299109176e66a::doc_5::1965 Birthday Honours"", ""5a7625e8554299109176e66a::doc_1::2014 Birthday Honours"", ""5a7625e8554299109176e66a::doc_8::2013 Birthday Honours"", ""5ae7e1fc55429952e35ea9cc::doc_0::Queen's Day (disambiguation)""]","[0.693274, 0.509368, 0.502649, 0.460778, 0.458501, 0.426545, 0.417713, 0.410186, 0.408273, 0.182142]",0.613147,1.0,0.5
tfidf,5ae2dd2055429928c423950d,"[""5ae2dd2055429928c423950d::doc_7::East Lempster, New Hampshire"", ""5ae2dd2055429928c423950d::doc_2::Sullivan County, New Hampshire"", ""5ae2dd2055429928c423950d::doc_9::Lempster, New Hampshire"", ""5ae2dd2055429928c423950d::doc_6::Carroll County, New Hampshire"", ""5ae2dd2055429928c423950d::doc_5::Hampden County, Massachusetts"", ""5ae2dd2055429928c423950d::doc_3::Dover, New Hampshire"", ""5ae2dd2055429928c423950d::doc_4::Woodsville, New Hampshire"", ""5a75e05c55429976ec32bc5f::doc_9::Brown County, Kansas"", ""5a85eed75542996432c5713b::doc_6::Seminole County, Oklahoma"", ""5a8db19d5542994ba4e3dd00::doc_3::Amherst, Massachusetts""]","[0.645987, 0.568772, 0.55691, 0.459645, 0.440147, 0.406825, 0.381255, 0.331558, 0.30658, 0.282493]",1.0,1.0,1.0
tfidf,5abdf12255429976d4830a2f,"[""5abdf12255429976d4830a2f::doc_3::Against the Wind (album)"", ""5abdf12255429976d4830a2f::doc_0::Ride Out (album)"", ""5abdf12255429976d4830a2f::doc_8::Stranger in Town (album)"", ""5abdf12255429976d4830a2f::doc_2::Bob Seger"", ""5abdf12255429976d4830a2f::doc_9::Heaven Knows (Robert Plant song)"", ""5ac298f9554299657fa28fc9::doc_7::In It to Win It (Saliva album)"", ""5a8bb29b554299240d9c2089::doc_3::Cool from the Wire"", ""5ac298f9554299657fa28fc9::doc_5::Under Your Skin (album)"", ""5a722b8655429971e9dc9329::doc_6::Boots (album)"", ""5abdf12255429976d4830a2f::doc_1::10 Hronia Mazi""]","[0.411875, 0.342213, 0.266008, 0.260755, 0.24291, 0.219087, 0.199367, 0.199058, 0.196386, 0.196041]",0.877215,1.0,1.0
tfidf,5a88658955429938390d3f47,"[""5a88658955429938390d3f47::doc_1::Rostker v. Goldberg"", ""5a88658955429938390d3f47::doc_7::Armed Forces Covenant"", ""5a88658955429938390d3f47::doc_3::Chief of the Defence Staff (Canada)"", ""5a88658955429938390d3f47::doc_8::Armed Forces Day (Poland)"", ""5a88658955429938390d3f47::doc_5::Fernando Tapias Stahelin"", ""5a88658955429938390d3f47::doc_4::September 16 military parade"", ""5a88658955429938390d3f47::doc_0::2010 Kiev Victory Day Parade"", ""5ab9b29c554299743d22ebae::doc_8::Criminal law in the Waite Court"", ""5a88658955429938390d3f47::doc_6::Conscription in the United States"", ""5a88658955429938390d3f47::doc_2::One Rank, One Pension""]","[0.362613, 0.227803, 0.214634, 0.211081, 0.200344, 0.186258, 0.172844, 0.153325, 0.149246, 0.148097]",0.797723,1.0,1.0
tfidf,5a86ebac55429960ec39b6d6,"[""5a86ebac55429960ec39b6d6::doc_8::Handi-Snacks"", ""5a86ebac55429960ec39b6d6::doc_0::Canyon Creek Food Company"", ""5a86ebac55429960ec39b6d6::doc_1::Robert's American Gourmet Food"", ""5a86ebac55429960ec39b6d6::doc_9::Mondelez International"", ""5a86ebac55429960ec39b6d6::doc_4::Snackbox Food Holdings"", ""5a86ebac55429960ec39b6d6::doc_5::Snack Foods Limited"", ""5a86ebac55429960ec39b6d6::doc_3::PepsiCo"", ""5a86ebac55429960ec39b6d6::doc_2::Rewrapped"", ""5a7bae20554299294a54aa96::doc_3::Rewrapped"", ""5a86ebac55429960ec39b6d6::doc_6::Deep-fried peanuts""]","[0.463481, 0.349926, 0.305607, 0.286299, 0.272302, 0.269455, 0.259486, 0.258899, 0.258899, 0.17778]",0.877215,1.0,1.0
tfidf,5aba5d2e55429901930fa799,"[""5aba5d2e55429901930fa799::doc_4::Their Lives"", ""5aba5d2e55429901930fa799::doc_2::The White House Doctor"", ""5a8e3ea95542995a26add48d::doc_6::Clinton, Minnesota"", ""5aba5d2e55429901930fa799::doc_7::Mark D. Fabiani"", ""5aba5d2e55429901930fa799::doc_9::Lewinsky scandal"", ""5aba5d2e55429901930fa799::doc_6::William H. Ginsburg"", ""5aba5d2e55429901930fa799::doc_1::Gregory B. Craig"", ""5aba5d2e55429901930fa799::doc_8::Monica Lewinsky"", ""5aba5d2e55429901930fa799::doc_5::Eric Schultz"", ""5a7633ad5542992db9473741::doc_5::Savage's Station, Virginia""]","[0.364912, 0.318121, 0.202478, 0.195992, 0.194552, 0.193616, 0.188175, 0.169983, 0.167226, 0.163327]",0.806574,1.0,1.0
tfidf,5ae5736e5542990ba0bbb2b3,"[""5ae5736e5542990ba0bbb2b3::doc_6::Donald Trump presidential campaign, 2000"", ""5ae5736e5542990ba0bbb2b3::doc_3::Donald Trump in music"", ""5ae5736e5542990ba0bbb2b3::doc_1::Donald Trump (Last Week Tonight)"", ""5ae5736e5542990ba0bbb2b3::doc_4::Trump campaign\u2013Russian meeting"", ""5ae5736e5542990ba0bbb2b3::doc_8::David Urban"", ""5ae5736e5542990ba0bbb2b3::doc_9::Immigration policy of Donald Trump"", ""5ae5736e5542990ba0bbb2b3::doc_5::Protests against Donald Trump"", ""5ae5736e5542990ba0bbb2b3::doc_2::Brad Parscale"", ""5ae5736e5542990ba0bbb2b3::doc_0::Paul Manafort"", ""5ae5736e5542990ba0bbb2b3::doc_7::Tony Fabrizio""]","[0.427428, 0.3673, 0.360566, 0.340974, 0.329029, 0.304549, 0.302651, 0.288806, 0.284738, 0.272218]",0.448644,0.25,1.0
tfidf,5ae005b555429942ec259bec,"[""5ae005b555429942ec259bec::doc_8::Louren\u00e7o Mutarelli"", ""5ae005b555429942ec259bec::doc_7::Drained"", ""5ae005b555429942ec259bec::doc_5::4 a.m. (novel)"", ""5ae005b555429942ec259bec::doc_2::Quando Eu Era Vivo"", ""5ae005b555429942ec259bec::doc_9::The Birds on the Trees"", ""5ae005b555429942ec259bec::doc_0::The Golden Hour (novel)"", ""5ae005b555429942ec259bec::doc_4::Before We Say Goodbye"", ""5ae005b555429942ec259bec::doc_6::Three Comrades (novel)"", ""5adf65555542992d7e9f9334::doc_0::Nebula Award for Best Novel"", ""5ae005b555429942ec259bec::doc_3::Spirit of the Border""]","[0.513284, 0.315383, 0.254623, 0.244153, 0.210684, 0.178121, 0.177895, 0.17293, 0.149143, 0.14873]",0.613147,1.0,0.5
tfidf,5a7759fc5542993569682d60,"[""5a7759fc5542993569682d60::doc_2::Teide National Park"", ""5a7759fc5542993569682d60::doc_1::Garajonay National Park"", ""5a7759fc5542993569682d60::doc_9::North Cascades National Park"", ""5a7759fc5542993569682d60::doc_8::Alpine National Park"", ""5a7759fc5542993569682d60::doc_3::Crater Lake National Park"", ""5a7759fc5542993569682d60::doc_4::Glacier National Park Fund"", ""5ab7e4dc5542995dae37e9df::doc_1::Wapusk National Park"", ""5ae6828f5542996d980e7bb9::doc_2::Stanley Park, Blackpool"", ""5aba65a055429939ce03dcd2::doc_4::Blackstone River and Canal Heritage State Park"", ""5a87ab9b5542996e4f3088c2::doc_7::Prophetstown State Park""]","[0.647099, 0.50757, 0.469214, 0.435859, 0.424925, 0.395445, 0.326105, 0.267936, 0.238437, 0.218053]",1.0,1.0,1.0
tfidf,5a835478554299123d8c20ed,"[""5a835478554299123d8c20ed::doc_3::The Best of Roald Dahl"", ""5a835478554299123d8c20ed::doc_2::Roald Dahl"", ""5a835478554299123d8c20ed::doc_8::The Roald Dahl Treasury"", ""5a835478554299123d8c20ed::doc_5::Roald Dahl short stories bibliography"", ""5a835478554299123d8c20ed::doc_1::The Collected Short Stories of Roald Dahl"", ""5a835478554299123d8c20ed::doc_4::Roald Dahl Children's Gallery"", ""5a835478554299123d8c20ed::doc_6::Roald Dahl Plass"", ""5a835478554299123d8c20ed::doc_0::Roald Dahl: Collected Stories"", ""5a835478554299123d8c20ed::doc_7::Mrs. Bixby and the Colonel's Coat"", ""5a835478554299123d8c20ed::doc_9::Roald Dahl's Willy Wonka (musical)""]","[0.438039, 0.39701, 0.375752, 0.337082, 0.333745, 0.320267, 0.277597, 0.264751, 0.263857, 0.20101]",0.571429,0.5,1.0
tfidf,5aba749055429901930fa7d8,"[""5aba749055429901930fa7d8::doc_7::Aram Avakian"", ""5aba749055429901930fa7d8::doc_4::Chris Menges"", ""5aba749055429901930fa7d8::doc_3::End of the Road (1970 film)"", ""5aba749055429901930fa7d8::doc_1::Second Best (film)"", ""5aba749055429901930fa7d8::doc_6::Cops and Robbers (1973 film)"", ""5aba749055429901930fa7d8::doc_2::11 Harrowhouse"", ""5aba749055429901930fa7d8::doc_9::CrissCross"", ""5ae0aaf455429945ae959401::doc_4::Chris Williams (English footballer)"", ""5aba749055429901930fa7d8::doc_5::A World Apart (film)"", ""5a77152355429966f1a36c2e::doc_8::What Are Little Boys Made Of?""]","[0.346704, 0.295568, 0.18159, 0.160299, 0.142196, 0.139154, 0.124606, 0.105096, 0.098734, 0.091596]",1.0,1.0,1.0
tfidf,5abfb3425542990832d3a1c0,"[""5abfb3425542990832d3a1c0::doc_2::Andrew Jaspan"", ""5abfb3425542990832d3a1c0::doc_1::State media"", ""5abfb3425542990832d3a1c0::doc_9::EvidenceNetwork.ca"", ""5abfb3425542990832d3a1c0::doc_7::14ymedio"", ""5abfb3425542990832d3a1c0::doc_0::Chicago Public Media"", ""5abfb3425542990832d3a1c0::doc_4::The Conversation (website)"", ""5abfb3425542990832d3a1c0::doc_5::990WBOB"", ""5abfb3425542990832d3a1c0::doc_3::Advice column"", ""5abfb3425542990832d3a1c0::doc_6::Accessible Media"", ""5a77152355429966f1a36c2e::doc_9::What Are Little Girls Made Of?""]","[0.483954, 0.252022, 0.161066, 0.154661, 0.140654, 0.133753, 0.133072, 0.126336, 0.125791, 0.117131]",0.831555,1.0,1.0
tfidf,5ac3165c5542995ef918c10a,"[""5ac3165c5542995ef918c10a::doc_6::18th Independent Spirit Awards"", ""5ac3165c5542995ef918c10a::doc_4::28th Independent Spirit Awards"", ""5ac3165c5542995ef918c10a::doc_7::Independent Spirit Award for Best Editing"", ""5ac3165c5542995ef918c10a::doc_1::Independent Spirit Award for Best Cinematography"", ""5ac3165c5542995ef918c10a::doc_8::Independent Spirit Award for Best First Feature"", ""5ac3165c5542995ef918c10a::doc_0::Independent Spirit Awards"", ""5ac3165c5542995ef918c10a::doc_3::32nd Independent Spirit Awards"", ""5ac3165c5542995ef918c10a::doc_2::Silent Light"", ""5adbfbd555429947ff173893::doc_4::2003 Kids' Choice Awards"", ""5adbfbd555429947ff173893::doc_3::12th Youth in Film Awards""]","[0.67558, 0.482928, 0.474533, 0.469483, 0.385287, 0.36817, 0.349532, 0.206289, 0.192609, 0.16911]",0.613147,1.0,0.5
tfidf,5ae53b545542990ba0bbb23c,"[""5ae53b545542990ba0bbb23c::doc_3::Disco Bill"", ""5ae53b545542990ba0bbb23c::doc_7::Bill Cosby Is a Very Funny Fellow...Right!"", ""5ae53b545542990ba0bbb23c::doc_2::Why Is There Air?"", ""5ae53b545542990ba0bbb23c::doc_4::Hikky Burr"", ""5ae53b545542990ba0bbb23c::doc_6::Inside the Mind of Bill Cosby"", ""5ae53b545542990ba0bbb23c::doc_8::Bill's Best Friend"", ""5ae53b545542990ba0bbb23c::doc_0::The Original Jam Sessions 1969"", ""5ae53b545542990ba0bbb23c::doc_5::At Last Bill Cosby Really Sings"", ""5ae53b545542990ba0bbb23c::doc_9::Yes, Yes, Yes"", ""5ab2a186554299295394677b::doc_7::The Forbury Hotel""]","[0.370058, 0.367066, 0.344656, 0.334015, 0.332012, 0.311432, 0.31013, 0.288645, 0.243674, 0.182382]",0.306574,0.333333,0.5
tfidf,5ae224da554299234fd043ee,"[""5ae224da554299234fd043ee::doc_5::Gibson (cocktail)"", ""5ae224da554299234fd043ee::doc_9::Gin pennant"", ""5ae224da554299234fd043ee::doc_7::Rubicon Drinks"", ""5ae224da554299234fd043ee::doc_4::List of soft drinks by country"", ""5ae224da554299234fd043ee::doc_2::Energy shot"", ""5ae224da554299234fd043ee::doc_8::Zurracapote"", ""5ae224da554299234fd043ee::doc_6::Soft drink"", ""5ae224da554299234fd043ee::doc_1::Flaming beverage"", ""5ae224da554299234fd043ee::doc_0::Phillips Distilling Company"", ""5aba65a055429939ce03dcd2::doc_1::Sally Gibson""]","[0.398041, 0.252937, 0.234225, 0.198831, 0.15068, 0.145175, 0.139413, 0.137543, 0.115845, 0.11194]",0.831555,1.0,1.0
tfidf,5ae2b770554299495565db0f,"[""5ae2b770554299495565db0f::doc_4::London Review of Books"", ""5ae2b770554299495565db0f::doc_0::London International Documentary Festival"", ""5ae2b770554299495565db0f::doc_2::Chagrin Documentary Film Festival"", ""5ae2b770554299495565db0f::doc_1::Docville"", ""5ae2b770554299495565db0f::doc_9::New Haven Documentary Film Festival"", ""5ae2b770554299495565db0f::doc_3::British Journal"", ""5ae2b770554299495565db0f::doc_7::British Journal of Social Psychology"", ""5ae2b770554299495565db0f::doc_8::Thomas Gordon (writer)"", ""5ae2b770554299495565db0f::doc_5::FreedomFilmFest"", ""5ae2b770554299495565db0f::doc_6::Doc NYC""]","[0.414314, 0.356912, 0.300132, 0.29571, 0.268598, 0.239535, 0.222059, 0.215628, 0.211937, 0.203806]",1.0,1.0,1.0
tfidf,5a80b3a9554299485f5986cc,"[""5a80b3a9554299485f5986cc::doc_1::Tysons Galleria"", ""5a80b3a9554299485f5986cc::doc_3::Tysons, Virginia"", ""5a80b3a9554299485f5986cc::doc_2::Poughkeepsie Galleria"", ""5a80b3a9554299485f5986cc::doc_4::Tysons Corner Center"", ""5a80b3a9554299485f5986cc::doc_7::McLean station"", ""5a80b3a9554299485f5986cc::doc_9::Spring Hill station"", ""5a80b3a9554299485f5986cc::doc_5::Cobb Galleria Centre"", ""5ae2dd2055429928c423950d::doc_5::Hampden County, Massachusetts"", ""5ae2dd2055429928c423950d::doc_2::Sullivan County, New Hampshire"", ""5ae2dd2055429928c423950d::doc_6::Carroll County, New Hampshire""]","[0.543559, 0.45979, 0.34809, 0.335662, 0.307916, 0.280748, 0.256521, 0.225631, 0.213606, 0.195792]",0.613147,1.0,0.5
tfidf,5a8e0a005542995085b373a1,"[""5a8e0a005542995085b373a1::doc_3::Bordan Tkachuk"", ""5a8e0a005542995085b373a1::doc_8::Jonathan Michael Ansell"", ""5a8e0a005542995085b373a1::doc_0::Cardinal Health"", ""5a86ebac55429960ec39b6d6::doc_0::Canyon Creek Food Company"", ""5a8e0a005542995085b373a1::doc_7::Kingstone Companies"", ""5a8e0a005542995085b373a1::doc_5::Compass Minerals"", ""5a8e0a005542995085b373a1::doc_2::BankUnited"", ""5a8e0a005542995085b373a1::doc_1::Terren Peizer"", ""5a77152355429966f1a36c2e::doc_9::What Are Little Girls Made Of?"", ""5a77152355429966f1a36c2e::doc_8::What Are Little Boys Made Of?""]","[0.540701, 0.196896, 0.180043, 0.175867, 0.162481, 0.160046, 0.133965, 0.133635, 0.13361, 0.121598]",0.613147,1.0,0.5
tfidf,5ac1b8ee5542994d76dccedc,"[""5ac1b8ee5542994d76dccedc::doc_8::Pamela B. Green"", ""5ac1b8ee5542994d76dccedc::doc_6::Lev Yilmaz"", ""5ac1b8ee5542994d76dccedc::doc_9::Pamela B. Davis"", ""5ac1b8ee5542994d76dccedc::doc_4::Lev Kuleshov"", ""5ac1b8ee5542994d76dccedc::doc_0::Aryanto Yuniawan"", ""5ac1b8ee5542994d76dccedc::doc_5::Pamela Gilbert"", ""5ac1c6805542994ab5c67e11::doc_3::Rankin/Bass Productions"", ""5ac1b8ee5542994d76dccedc::doc_7::Eliezer ben Jacob I"", ""5a8b57f25542995d1e6f1371::doc_4::Ed Wood"", ""5ac1b8ee5542994d76dccedc::doc_1::Seasoned Veteran""]","[0.356899, 0.350228, 0.219984, 0.139017, 0.137776, 0.135163, 0.134073, 0.116506, 0.097102, 0.091192]",1.0,1.0,1.0
tfidf,5adccd795542990d50227d2c,"[""5adccd795542990d50227d2c::doc_1::Rabat"", ""5adccd795542990d50227d2c::doc_7::Moroccan Ambassador to China"", ""5adccd795542990d50227d2c::doc_2::Sinuiju Special Administrative Region"", ""5adccd795542990d50227d2c::doc_6::Wolong Special Administrative Region"", ""5adccd795542990d50227d2c::doc_5::Ilocos Region"", ""5a713ea95542994082a3e6e4::doc_3::Embassy of China, London"", ""5adccd795542990d50227d2c::doc_9::Hong Kong Basic Law"", ""5adccd795542990d50227d2c::doc_8::Liaison Office (Hong Kong)"", ""5adccd795542990d50227d2c::doc_4::2014 NPCSC Decision on Hong Kong"", ""5adccd795542990d50227d2c::doc_3::Caraga""]","[0.528042, 0.400912, 0.254453, 0.204824, 0.195524, 0.184438, 0.180239, 0.175285, 0.169842, 0.160862]",1.0,1.0,1.0
tfidf,5a84c4135542994c784dda31,"[""5a84c4135542994c784dda31::doc_1::Yingkou"", ""5a84c4135542994c784dda31::doc_2::Fuding"", ""5a84c4135542994c784dda31::doc_8::Yingkou East Railway Station"", ""5a84c4135542994c784dda31::doc_3::Roman Catholic Diocese of Yingkou"", ""5a84c4135542994c784dda31::doc_5::Tongcheng Subdistrict, Fuding"", ""5a84c4135542994c784dda31::doc_4::Yingkou Lanqi Airport"", ""5a84c4135542994c784dda31::doc_0::Fuding Railway Station"", ""5a84c4135542994c784dda31::doc_6::Xiapu County"", ""5a84c4135542994c784dda31::doc_9::Bayuquan Railway Station"", ""5a7166395542994082a3e814::doc_0::North Kansas City, Missouri""]","[0.429231, 0.413441, 0.354181, 0.332365, 0.301413, 0.292319, 0.237022, 0.163825, 0.151894, 0.13656]",1.0,1.0,1.0
tfidf,5a85eed75542996432c5713b,"[""5a85eed75542996432c5713b::doc_9::Black Seminoles"", ""5a85eed75542996432c5713b::doc_8::Seminole Nation of Oklahoma"", ""5a85eed75542996432c5713b::doc_3::Seminole"", ""5a85eed75542996432c5713b::doc_2::Seminole music"", ""5a85eed75542996432c5713b::doc_6::Seminole County, Oklahoma"", ""5a85eed75542996432c5713b::doc_7::Battle of Jupiter Inlet"", ""5a85eed75542996432c5713b::doc_0::Mascogos"", ""5a8c65a1554299585d9e3680::doc_3::Black Bermudian"", ""5a713ea95542994082a3e6e4::doc_9::Indigenous peoples of Florida"", ""5a7a5b3a5542996c55b2dd71::doc_2::Great Hall of the People""]","[0.416088, 0.300258, 0.26109, 0.233623, 0.209568, 0.205514, 0.181569, 0.148272, 0.147056, 0.145569]",0.81753,1.0,1.0
tfidf,5a774e9c55429972597f14f3,"[""5a774e9c55429972597f14f3::doc_2::Just as I Am (Yolanda Adams album)"", ""5a774e9c55429972597f14f3::doc_9::Muyiwa Olarewaju"", ""5a774e9c55429972597f14f3::doc_0::Karen Clark Sheard"", ""5a774e9c55429972597f14f3::doc_8::Latice Crawford"", ""5a774e9c55429972597f14f3::doc_7::Charles Charamba"", ""5a774e9c55429972597f14f3::doc_6::Kierra Sheard"", ""5a774e9c55429972597f14f3::doc_3::Andra\u00e9 Crouch"", ""5a774e9c55429972597f14f3::doc_1::David Huntsinger"", ""5a774e9c55429972597f14f3::doc_5::Larnelle Harris"", ""5a774e9c55429972597f14f3::doc_4::J-Shin""]","[0.271389, 0.248676, 0.2221, 0.214206, 0.213383, 0.191186, 0.178972, 0.170695, 0.1599, 0.122602]",0.378002,0.125,1.0
tfidf,5ae738f75542991bbc9761c4,"[""5ae738f75542991bbc9761c4::doc_2::Jeris White"", ""5ae738f75542991bbc9761c4::doc_3::Champ Bailey"", ""5ae738f75542991bbc9761c4::doc_8::Anthony Woodson"", ""5ae738f75542991bbc9761c4::doc_6::LaRon Landry"", ""5ae738f75542991bbc9761c4::doc_7::Ron Snidow"", ""5ae738f75542991bbc9761c4::doc_0::Tom Draper"", ""5ae738f75542991bbc9761c4::doc_9::Fred Hageman"", ""5a88658955429938390d3f47::doc_6::Conscription in the United States"", ""5ae738f75542991bbc9761c4::doc_5::Boss Bailey"", ""5ae738f75542991bbc9761c4::doc_1::Robin Cole""]","[0.365663, 0.276599, 0.270176, 0.267101, 0.262666, 0.256951, 0.204015, 0.198505, 0.194233, 0.190759]",0.571429,0.5,1.0
tfidf,5ac32b565542995ef918c154,"[""5ac32b565542995ef918c154::doc_7::1964 Georgia Tech Yellow Jackets football team"", ""5ac32b565542995ef918c154::doc_6::1953 Georgia Tech Yellow Jackets football team"", ""5ac32b565542995ef918c154::doc_1::1987 Georgia Tech Yellow Jackets football team"", ""5ac32b565542995ef918c154::doc_3::Georgia Tech Yellow Jackets football"", ""5ac32b565542995ef918c154::doc_0::1988 Georgia Tech Yellow Jackets football team"", ""5ac32b565542995ef918c154::doc_2::1980 Georgia Tech Yellow Jackets football team"", ""5ac32b565542995ef918c154::doc_4::1959 Georgia Tech Yellow Jackets football team"", ""5ac32b565542995ef918c154::doc_9::1990 Georgia Tech Yellow Jackets football team"", ""5ac32b565542995ef918c154::doc_5::Georgia Tech Yellow Jackets men's basketball"", ""5ac32b565542995ef918c154::doc_8::Bobby Dodd Stadium""]","[0.683256, 0.619074, 0.603779, 0.602571, 0.601555, 0.582849, 0.557547, 0.494189, 0.490306, 0.443961]",0.790386,1.0,1.0
tfidf,5abc8d75554299700f9d7900,"[""5abc8d75554299700f9d7900::doc_2::Leader of Fine Gael"", ""5abc8d75554299700f9d7900::doc_1::Fine Gael leadership election, 2017"", ""5abc8d75554299700f9d7900::doc_4::Leo Varadkar"", ""5abc8d75554299700f9d7900::doc_0::Enda Kenny"", ""5abc8d75554299700f9d7900::doc_8::Simon Coveney"", ""5abc8d75554299700f9d7900::doc_7::Frances Fitzgerald (politician)"", ""5abc8d75554299700f9d7900::doc_9::Liam Cosgrave"", ""5abc8d75554299700f9d7900::doc_6::James Reilly (Irish politician)"", ""5abc8d75554299700f9d7900::doc_5::Paddy O'Toole"", ""5abc8d75554299700f9d7900::doc_3::John Bruton""]","[0.680836, 0.597761, 0.569445, 0.543922, 0.513359, 0.447852, 0.434529, 0.412546, 0.372997, 0.367607]",0.919721,1.0,1.0
tfidf,5a8bb29b554299240d9c2089,"[""5a8bb29b554299240d9c2089::doc_1::Johnny Angel"", ""5a8bb29b554299240d9c2089::doc_8::Johnny Angel (song)"", ""5a85b2d95542997b5ce40028::doc_5::Criss Angel"", ""5a8bb29b554299240d9c2089::doc_0::Johnny Angel Wendell"", ""5ab271fe554299449642c8a6::doc_0::Film laboratory"", ""5a877e5d5542993e715abf7d::doc_8::City of Angels (film)"", ""5a8c7595554299585d9e36b6::doc_6::Kiss and Tell (1945 film)"", ""5a877e5d5542993e715abf7d::doc_5::Gone in 60 Seconds (2000 film)"", ""5a8bb29b554299240d9c2089::doc_5::Johnny Lee Clary"", ""5a8bb29b554299240d9c2089::doc_7::George Raft""]","[0.374329, 0.334013, 0.24715, 0.222753, 0.198335, 0.193903, 0.193501, 0.190303, 0.182093, 0.17874]",0.790386,1.0,1.0
tfidf,5ab659e355429954757d324e,"[""5ab659e355429954757d324e::doc_3::Three Men on a Horse"", ""5ab659e355429954757d324e::doc_6::Jeffrey Stanley"", ""5a77724455429972597f153e::doc_4::Lean Horse Ultramarathon"", ""5adf37a95542995ec70e8f97::doc_8::2014\u201315 VCU Rams men's basketball team"", ""5ab659e355429954757d324e::doc_1::Michael Wynne (playwright)"", ""5adf37a95542995ec70e8f97::doc_9::2004\u201305 VCU Rams men's basketball team"", ""5a77724455429972597f153e::doc_5::Orange County Fair Speedway"", ""5ab659e355429954757d324e::doc_5::Finn Iunker"", ""5ab659e355429954757d324e::doc_8::Bertha Runkle"", ""5adf37a95542995ec70e8f97::doc_4::2013\u201314 VCU Rams men's basketball team""]","[0.499705, 0.186312, 0.184744, 0.176121, 0.168473, 0.165615, 0.164607, 0.163823, 0.154824, 0.149844]",0.613147,1.0,0.5
tfidf,5a8b8b3155429949d91db5d7,"[""5a8b8b3155429949d91db5d7::doc_9::Owner earnings"", ""5a8b8b3155429949d91db5d7::doc_8::The Warren Buffett Way"", ""5a8b8b3155429949d91db5d7::doc_1::George D. Buffett"", ""5a8b8b3155429949d91db5d7::doc_0::Howard Graham Buffett"", ""5a8b8b3155429949d91db5d7::doc_4::Buffett Foundation"", ""5a8b8b3155429949d91db5d7::doc_3::Warren Buffett"", ""5a8b8b3155429949d91db5d7::doc_7::Susan Alice Buffett"", ""5a8b8b3155429949d91db5d7::doc_6::Susan Buffett"", ""5a8b8b3155429949d91db5d7::doc_5::Howard Warren Buffett"", ""5a8b8b3155429949d91db5d7::doc_2::TaeguTec""]","[0.490442, 0.335319, 0.314089, 0.282659, 0.264611, 0.243263, 0.233663, 0.204778, 0.190184, 0.109782]",0.831555,1.0,1.0
tfidf,5ae7eaf65542994a481bbe1d,"[""5ae7eaf65542994a481bbe1d::doc_3::2000 ICC KnockOut Trophy"", ""5ae7eaf65542994a481bbe1d::doc_2::2000 ICC KnockOut Trophy squads"", ""5ae7eaf65542994a481bbe1d::doc_6::1998 ICC KnockOut Trophy squads"", ""5ae7eaf65542994a481bbe1d::doc_0::1998 ICC KnockOut Trophy Final"", ""5ae7eaf65542994a481bbe1d::doc_1::Zaheer Khan"", ""5ae7eaf65542994a481bbe1d::doc_7::Sam Davies (cricketer)"", ""5ae7eaf65542994a481bbe1d::doc_9::Digswell Park"", ""5ae7eaf65542994a481bbe1d::doc_5::Guy Randall-Johnson"", ""5ae7eaf65542994a481bbe1d::doc_8::Peter Kingston-Davey"", ""5ae7eaf65542994a481bbe1d::doc_4::Lindum Sports Club Ground""]","[0.494901, 0.447264, 0.311732, 0.259108, 0.215566, 0.205692, 0.140914, 0.133699, 0.122855, 0.120336]",0.850345,1.0,1.0
tfidf,5a8c4c625542995e66a475a1,"[""5a8c4c625542995e66a475a1::doc_7::370th Flight Test Squadron"", ""5a8c4c625542995e66a475a1::doc_4::514th Flight Test Squadron"", ""5a8c4c625542995e66a475a1::doc_8::417th Flight Test Squadron"", ""5a8c4c625542995e66a475a1::doc_2::415th Flight Test Flight"", ""5a8c4c625542995e66a475a1::doc_6::419th Flight Test Squadron"", ""5a8c4c625542995e66a475a1::doc_0::413th Flight Test Squadron"", ""5a8c4c625542995e66a475a1::doc_3::10th Flight Test Squadron"", ""5a8c4c625542995e66a475a1::doc_9::339th Flight Test Squadron"", ""5a8c4c625542995e66a475a1::doc_1::486th Flight Test Squadron"", ""5a8c4c625542995e66a475a1::doc_5::Hill Air Force Base""]","[0.439603, 0.438541, 0.390843, 0.390431, 0.35414, 0.349901, 0.317855, 0.30189, 0.280887, 0.210251]",0.564092,0.5,1.0
tfidf,5a818387554299260e20a291,"[""5a818387554299260e20a291::doc_2::My Eyes (Blake Shelton song)"", ""5a818387554299260e20a291::doc_1::Based on a True Story..."", ""5a818387554299260e20a291::doc_7::Country Music Star No. 1"", ""5a818387554299260e20a291::doc_5::Stranger in the House (song)"", ""5a818387554299260e20a291::doc_9::Old 8\u00d710"", ""5a818387554299260e20a291::doc_4::Keyed Up"", ""5a83880e554299123d8c214e::doc_7::In My Country There Is Problem"", ""5ae7ba7a5542993210983f12::doc_3::Billy Ray Cyrus discography"", ""5a818387554299260e20a291::doc_6::This Is Me (Randy Travis album)"", ""5a77c1505542997042120b1b::doc_3::Holler Back""]","[0.457337, 0.362474, 0.272005, 0.238248, 0.233477, 0.233414, 0.212924, 0.210799, 0.210159, 0.209832]",1.0,1.0,1.0
tfidf,5ab978855542996be2020512,"[""5ab978855542996be2020512::doc_5::Tabernacle"", ""5ab978855542996be2020512::doc_7::V\u00eddbl\u00e1in"", ""5ab978855542996be2020512::doc_2::Heaven in Judaism"", ""5ae305df5542992decbdcdc3::doc_1::Dead or Alive 5 Plus"", ""5ab978855542996be2020512::doc_3::Montezuma Castle National Monument"", ""5ab978855542996be2020512::doc_4::Andlang"", ""5ab978855542996be2020512::doc_0::Flaming Feather"", ""5a7b7ff75542995eb53be93d::doc_0::Dead Man's Land"", ""5ab978855542996be2020512::doc_9::List of oldest synagogues"", ""5a7625c7554299109176e668::doc_5::Chris Hardwick""]","[0.21899, 0.200304, 0.200002, 0.18294, 0.17026, 0.166047, 0.146173, 0.138163, 0.131328, 0.117369]",0.44158,0.2,1.0
tfidf,5ae63dad55429929b0807afe,"[""5ae63dad55429929b0807afe::doc_0::Here We Go Round the Mulberry Bush (disambiguation)"", ""5ae63dad55429929b0807afe::doc_7::Here We Go Round the Mulberry Bush (film)"", ""5ae63dad55429929b0807afe::doc_3::Here We Go Round the Mulberry Bush"", ""5ae63dad55429929b0807afe::doc_4::Here We Go Round the Mulberry Bush (Traffic song)"", ""5ae63dad55429929b0807afe::doc_8::Clive Donner"", ""5ae63dad55429929b0807afe::doc_9::Christopher Mitchell (actor)"", ""5ae63dad55429929b0807afe::doc_1::The Wheels on the Bus"", ""5ae005b555429942ec259bec::doc_5::4 a.m. (novel)"", ""5ae63dad55429929b0807afe::doc_2::Roy Holder"", ""5ae63dad55429929b0807afe::doc_5::Michael Finnegan (song)""]","[0.667792, 0.616628, 0.550072, 0.503907, 0.3369, 0.283827, 0.240157, 0.232833, 0.228972, 0.18379]",0.386853,0.5,0.5
tfidf,5a7a455c5542994f819ef1a7,"[""5a7a455c5542994f819ef1a7::doc_6::Ralph Murphy"", ""5a7a455c5542994f819ef1a7::doc_5::George Archainbaud"", ""5a7571135542992d0ec05f98::doc_7::Ralph Hefferline"", ""5a7a455c5542994f819ef1a7::doc_9::Campus Confessions"", ""5a7a455c5542994f819ef1a7::doc_3::Flying with Music"", ""5ae0bae555429906c02dab08::doc_7::Ralph Garman"", ""5a7a455c5542994f819ef1a7::doc_0::The Big Brain"", ""5a7625e8554299109176e66a::doc_6::George V"", ""5a7a455c5542994f819ef1a7::doc_4::Thrill of a Lifetime (film)"", ""5a7a455c5542994f819ef1a7::doc_7::Alias French Gertie""]","[0.446271, 0.400517, 0.196208, 0.155211, 0.14848, 0.139325, 0.138458, 0.136649, 0.130121, 0.122353]",1.0,1.0,1.0
tfidf,5a7dcc775542990b8f503ab5,"[""5a7dcc775542990b8f503ab5::doc_2::Shellite (explosive)"", ""5a7dcc775542990b8f503ab5::doc_8::Conductivity near the percolation threshold"", ""5a7dcc775542990b8f503ab5::doc_7::Xylitol"", ""5a7dcc775542990b8f503ab5::doc_3::Tetrakis(hydroxymethyl)phosphonium chloride"", ""5a7dcc775542990b8f503ab5::doc_1::Index of alcohol-related articles"", ""5a7dcc775542990b8f503ab5::doc_5::1-Pentanol"", ""5ae7a8175542993210983ed8::doc_9::2014 Bahrain Grand Prix"", ""5a7dcc775542990b8f503ab5::doc_4::1-Hexanol"", ""5a7dcc775542990b8f503ab5::doc_0::Isopropyl alcohol"", ""5a7dcc775542990b8f503ab5::doc_6::Aldonic acid""]","[0.221675, 0.195162, 0.175372, 0.174768, 0.171057, 0.161367, 0.161251, 0.143064, 0.139721, 0.136814]",0.613147,1.0,0.5
tfidf,5a887bc0554299206df2b2b6,"[""5a887bc0554299206df2b2b6::doc_3::Argentine PGA Championship"", ""5a887bc0554299206df2b2b6::doc_0::1939 PGA Championship"", ""5a887bc0554299206df2b2b6::doc_6::2018 PGA Championship"", ""5a887bc0554299206df2b2b6::doc_1::Middle Atlantic PGA Championship"", ""5a887bc0554299206df2b2b6::doc_8::1940 PGA Championship"", ""5a887bc0554299206df2b2b6::doc_4::Northern California PGA Championship"", ""5a887bc0554299206df2b2b6::doc_2::2000 PGA Championship"", ""5a887bc0554299206df2b2b6::doc_7::1977 PGA Championship"", ""5a887bc0554299206df2b2b6::doc_5::2006 PGA Championship"", ""5a887bc0554299206df2b2b6::doc_9::Roberto De Vicenzo""]","[0.375661, 0.35435, 0.322289, 0.319421, 0.311618, 0.300086, 0.293026, 0.289832, 0.287782, 0.253226]",0.790386,1.0,1.0
tfidf,5a83880e554299123d8c214e,"[""5a83880e554299123d8c214e::doc_8::Ghost Rider (Suicide song)"", ""5a83880e554299123d8c214e::doc_9::Suicide (1977 album)"", ""5a83880e554299123d8c214e::doc_4::A Boy in a Man's World"", ""5ab96ab755429970cfb8eacd::doc_4::Army (Ellie Goulding song)"", ""5ae7ba7a5542993210983f12::doc_2::U Know What's Up"", ""5ab96ab755429970cfb8eacd::doc_6::Flashlight (DJ Fresh song)"", ""5a77c1505542997042120b1b::doc_6::Chattahoochee (song)"", ""5a83880e554299123d8c214e::doc_7::In My Country There Is Problem"", ""5a83880e554299123d8c214e::doc_1::Impossible Dream"", ""5abd94525542992ac4f382d2::doc_2::2014 S/S""]","[0.344821, 0.329995, 0.207165, 0.193091, 0.183792, 0.173971, 0.17098, 0.166525, 0.164235, 0.164069]",1.0,1.0,1.0
tfidf,5a879adb5542996e4f30887f,"[""5a879adb5542996e4f30887f::doc_3::DISCLOSE Act"", ""5a879adb5542996e4f30887f::doc_8::Modernization of Investigative Techniques Act"", ""5a879adb5542996e4f30887f::doc_2::Hannah Gale"", ""5a879adb5542996e4f30887f::doc_4::Abteilungsleiter (NSDAP)"", ""5a879adb5542996e4f30887f::doc_5::Public Law 113-167"", ""5a879adb5542996e4f30887f::doc_6::Attorney misconduct"", ""5a879adb5542996e4f30887f::doc_9::Campaign finance reform in the United States"", ""5a879adb5542996e4f30887f::doc_0::State Secretary (Norway)"", ""5a879adb5542996e4f30887f::doc_1::Vice President of Panama"", ""5ab5ed505542997d4ad1f255::doc_1::Marsha Albert""]","[0.282952, 0.190419, 0.178028, 0.174315, 0.153807, 0.144562, 0.13972, 0.131296, 0.124529, 0.12265]",0.613147,1.0,0.5
tfidf,5add11935542994734353827,"[""5add11935542994734353827::doc_3::Skin Yard (album)"", ""5add11935542994734353827::doc_5::Skin Yard"", ""5add11935542994734353827::doc_2::Ostava"", ""5add11935542994734353827::doc_9::Daniel House"", ""5add11935542994734353827::doc_4::Mark Arm"", ""5ac298f9554299657fa28fc9::doc_5::Under Your Skin (album)"", ""5add11935542994734353827::doc_8::Cat Butt"", ""5add11935542994734353827::doc_7::Gruntruck"", ""5add11935542994734353827::doc_0::Matt Cameron"", ""5add11935542994734353827::doc_1::Chris Hanzsek""]","[0.493828, 0.36064, 0.332037, 0.240987, 0.236835, 0.214198, 0.211898, 0.211258, 0.209555, 0.20729]",0.693426,0.5,1.0
tfidf,5a8c5569554299240d9c2126,"[""5a8c5569554299240d9c2126::doc_9::Gerry Marsden"", ""5a8c5569554299240d9c2126::doc_5::Daryl Hall"", ""5a8c5569554299240d9c2126::doc_7::Jonathan Wolfson"", ""5a8c5569554299240d9c2126::doc_3::Live from Daryl's House"", ""5a8c5569554299240d9c2126::doc_4::Don't Let the Sun Catch You Crying"", ""5a8c5569554299240d9c2126::doc_6::Ferry Cross the Mersey"", ""5a8c5569554299240d9c2126::doc_8::Hall &amp; Oates"", ""5a8c5569554299240d9c2126::doc_0::Did It in a Minute"", ""5a8c5569554299240d9c2126::doc_2::Janna Allen"", ""5a8c5569554299240d9c2126::doc_1::One on One (song)""]","[0.444384, 0.311744, 0.272851, 0.266885, 0.264115, 0.261782, 0.22461, 0.222793, 0.204335, 0.199653]",1.0,1.0,1.0
tfidf,5a75f0ea5542994ccc91866c,"[""5a75f0ea5542994ccc91866c::doc_1::Backford Cross"", ""5a8133725542995ce29dcbdb::doc_2::R509 road (Ireland)"", ""5a75f0ea5542994ccc91866c::doc_7::U.S. Route 19 Truck (Pittsburgh)"", ""5a75f0ea5542994ccc91866c::doc_5::A5117 road"", ""5a75f0ea5542994ccc91866c::doc_8::Strawberry Park, Cheshire"", ""5ae82ae555429952e35eaa71::doc_8::Kyle Craig"", ""5a75f0ea5542994ccc91866c::doc_3::Param, Rampur"", ""5a8c5569554299240d9c2126::doc_6::Ferry Cross the Mersey"", ""5a75f0ea5542994ccc91866c::doc_6::U.S. Route 287"", ""5a7633ad5542992db9473741::doc_3::Battle of Cross Keys""]","[0.407174, 0.240272, 0.21318, 0.193397, 0.183173, 0.161212, 0.150492, 0.142597, 0.126869, 0.121768]",0.613147,1.0,0.5
tfidf,5a89f5815542993b751ca9c5,"[""5a89f5815542993b751ca9c5::doc_7::Caroline Carver (actress)"", ""5a89f5815542993b751ca9c5::doc_3::The Magical Legend of the Leprechauns"", ""5a89f5815542993b751ca9c5::doc_1::Silver Bells (film)"", ""5a89f5815542993b751ca9c5::doc_4::The Boys Next Door (1996 film)"", ""5a89f5815542993b751ca9c5::doc_2::La Femme Musketeer"", ""5a89f5815542993b751ca9c5::doc_9::Family Plan"", ""5a89f5815542993b751ca9c5::doc_5::Snow White: The Fairest of Them All"", ""5a89f5815542993b751ca9c5::doc_0::Donald J. Hall Jr."", ""5a89f5815542993b751ca9c5::doc_8::Snow Queen (2002 film)"", ""5ac1c6805542994ab5c67e11::doc_4::Santa Claus: The Movie""]","[0.383928, 0.240169, 0.229166, 0.225122, 0.224038, 0.209748, 0.205715, 0.160613, 0.153705, 0.148301]",1.0,1.0,1.0
tfidf,5a8d5fc6554299585d9e37c6,"[""5a8d5fc6554299585d9e37c6::doc_6::The Spiderwick Chronicles (film)"", ""5a8d5fc6554299585d9e37c6::doc_4::Sarah Bolger"", ""5a8d5fc6554299585d9e37c6::doc_0::Magic in Harry Potter"", ""5a8d5fc6554299585d9e37c6::doc_2::As Cool as I Am (film)"", ""5a8d5fc6554299585d9e37c6::doc_1::Sinbad of the Seven Seas"", ""5a89f5815542993b751ca9c5::doc_3::The Magical Legend of the Leprechauns"", ""5ab56e32554299637185c594::doc_0::Real estate benchmarking"", ""5a8d5fc6554299585d9e37c6::doc_9::The Moth Diaries (film)"", ""5a877e5d5542993e715abf7d::doc_9::The Family Man"", ""5aba749055429901930fa7d8::doc_1::Second Best (film)""]","[0.339079, 0.235099, 0.223184, 0.192724, 0.166577, 0.16354, 0.159559, 0.149434, 0.144397, 0.143601]",1.0,1.0,1.0
tfidf,5ac120c55542992a796dedfc,"[""5ac120c55542992a796dedfc::doc_1::Maxeda"", ""5ac120c55542992a796dedfc::doc_2::Kohlberg Kravis Roberts"", ""5ac120c55542992a796dedfc::doc_4::Leeds Equity Partners"", ""5ac120c55542992a796dedfc::doc_0::Lincolnshire Management"", ""5ac120c55542992a796dedfc::doc_7::Avenue Capital Group"", ""5ac120c55542992a796dedfc::doc_3::HGGC"", ""5ac120c55542992a796dedfc::doc_8::Court Square Capital Partners"", ""5ac120c55542992a796dedfc::doc_5::Manischewitz"", ""5ac120c55542992a796dedfc::doc_9::Mekong Capital"", ""5a834ed95542990548d0b1ca::doc_3::Supreme Life Building""]","[0.469373, 0.336201, 0.273497, 0.265765, 0.265629, 0.205179, 0.190865, 0.190767, 0.179595, 0.135266]",1.0,1.0,1.0
tfidf,5ab7c1a955429928e1fe38c8,"[""5ab7c1a955429928e1fe38c8::doc_7::Cressida Bonas"", ""5ab7c1a955429928e1fe38c8::doc_5::Lady Alexandra Curzon"", ""5ab7c1a955429928e1fe38c8::doc_1::The Bye Bye Man"", ""5ab7c1a955429928e1fe38c8::doc_8::Bottom of the World (film)"", ""5ae057fd55429945ae959328::doc_4::Robert Smith (Illinois politician)"", ""5ab7c1a955429928e1fe38c8::doc_0::Love Beats Rhymes"", ""5ab7c1a955429928e1fe38c8::doc_6::Gelston Castle"", ""5ab341f755429969a97a8114::doc_5::Mary Poppins Returns"", ""5ab7c1a955429928e1fe38c8::doc_4::One Night in Istanbul"", ""5ab341f755429969a97a8114::doc_7::Mary Poppins (film)""]","[0.368186, 0.31428, 0.203144, 0.191337, 0.178808, 0.161191, 0.14679, 0.139325, 0.134861, 0.134595]",0.919721,1.0,1.0
tfidf,5abd01205542992ac4f3819b,"[""5abd01205542992ac4f3819b::doc_4::Mummulgum"", ""5abd01205542992ac4f3819b::doc_2::Casino, New South Wales"", ""5abd01205542992ac4f3819b::doc_5::Bruxner Highway"", ""5abd01205542992ac4f3819b::doc_1::Wollongbar, New South Wales"", ""5abd01205542992ac4f3819b::doc_0::Richmond Valley Council"", ""5abd01205542992ac4f3819b::doc_8::Bonshaw, New South Wales"", ""5a8eea4a5542990e94052bb7::doc_9::Leda (river)"", ""5abd01205542992ac4f3819b::doc_3::Tabulam"", ""5a8eea4a5542990e94052bb7::doc_6::Leer"", ""5abd01205542992ac4f3819b::doc_6::Alstonville, New South Wales""]","[0.426242, 0.311237, 0.303947, 0.239151, 0.192528, 0.172642, 0.167763, 0.165057, 0.161813, 0.151825]",1.0,1.0,1.0
tfidf,5ab69c25554299110f219a39,"[""5ab69c25554299110f219a39::doc_8::Owsley Stanley"", ""5ab69c25554299110f219a39::doc_7::Key System"", ""5ab69c25554299110f219a39::doc_9::Gary Arlington"", ""5ab69c25554299110f219a39::doc_1::Oakland, California"", ""5ab69c25554299110f219a39::doc_6::Old and in the Way (album)"", ""5ab69c25554299110f219a39::doc_5::San Francisco Bay Area Water Trail"", ""5ab69c25554299110f219a39::doc_2::Ragazzi Boys Chorus"", ""5ab69c25554299110f219a39::doc_4::Association of Bay Area Governments"", ""5ab69c25554299110f219a39::doc_3::Codornices Creek"", ""5ab69c25554299110f219a39::doc_0::Jory Prum""]","[0.402252, 0.316278, 0.278711, 0.275212, 0.259312, 0.252679, 0.234308, 0.227575, 0.205973, 0.19801]",0.850345,1.0,1.0
tfidf,5a7b12a355429927d897bf2a,"[""5a7b12a355429927d897bf2a::doc_0::Columba de Dunbar"", ""5a7b12a355429927d897bf2a::doc_9::Bishop Dunbar's Hospital"", ""5a7b12a355429927d897bf2a::doc_7::Mike Dunbar"", ""5a7b12a355429927d897bf2a::doc_4::Gospatric, Earl of Northumbria"", ""5a7a5b3a5542996c55b2dd71::doc_9::St James's Palace"", ""5a7b12a355429927d897bf2a::doc_2::George II, Earl of March"", ""5a7b12a355429927d897bf2a::doc_1::Earl of Dunbar"", ""5a7b12a355429927d897bf2a::doc_6::George I, Earl of March"", ""5a7b12a355429927d897bf2a::doc_8::Spynie Palace"", ""5a7b12a355429927d897bf2a::doc_3::Haripur Barabari""]","[0.666785, 0.224276, 0.21644, 0.212979, 0.206682, 0.20028, 0.186878, 0.181126, 0.179556, 0.158302]",0.797723,1.0,1.0
tfidf,5ae0006755429925eb1afbd3,"[""5ae0006755429925eb1afbd3::doc_9::Gum Wall"", ""5ae0006755429925eb1afbd3::doc_7::Bubblegum Alley"", ""5ae0006755429925eb1afbd3::doc_2::Ouch! (gum)"", ""5ae0006755429925eb1afbd3::doc_3::Hollywood Star Lanes"", ""5ae0006755429925eb1afbd3::doc_6::Lower Louviers and Chicken Alley"", ""5ae0006755429925eb1afbd3::doc_5::Up Your Alley Fair"", ""5ae0006755429925eb1afbd3::doc_1::Philadelphia Baseball Wall of Fame"", ""5ae0006755429925eb1afbd3::doc_4::Digital Media Factory"", ""5ae4a3265542995ad6573de5::doc_6::Hailstorm Alley"", ""5a7be2595542997c3ec972ac::doc_0::The Mark on the Wall""]","[0.592348, 0.462159, 0.3303, 0.203668, 0.201291, 0.198143, 0.160029, 0.123959, 0.119267, 0.117138]",0.613147,1.0,0.5
tfidf,5ae305df5542992decbdcdc3,"[""5ae305df5542992decbdcdc3::doc_7::2012 Louisville Cardinals football team"", ""5ae305df5542992decbdcdc3::doc_6::2013 Sugar Bowl"", ""5ae305df5542992decbdcdc3::doc_0::Parkway Field"", ""5ab2c5e255429916697740ba::doc_1::60th National Hockey League All-Star Game"", ""5ae305df5542992decbdcdc3::doc_8::1989 Cotton Bowl Classic"", ""5ae305df5542992decbdcdc3::doc_3::1956 NAIA Division I Men's Basketball Tournament"", ""5ae305df5542992decbdcdc3::doc_4::2008 Fiesta Bowl"", ""5ab2c5e255429916697740ba::doc_4::20th National Hockey League All-Star Game"", ""5ae305df5542992decbdcdc3::doc_9::1943 NAIA Division I Men's Basketball Tournament"", ""5ab2c5e255429916697740ba::doc_7::57th National Hockey League All-Star Game""]","[0.311216, 0.30025, 0.282129, 0.215591, 0.19302, 0.175876, 0.171831, 0.16673, 0.166505, 0.151946]",1.0,1.0,1.0
tfidf,5a8574945542997b5ce3fffb,"[""5a8574945542997b5ce3fffb::doc_5::LaLee's Kin: The Legacy of Cotton"", ""5a8574945542997b5ce3fffb::doc_0::Gimme Shelter (disambiguation)"", ""5a8574945542997b5ce3fffb::doc_7::Gimme Shelter (1970 film)"", ""5a8574945542997b5ce3fffb::doc_2::Gimme Shelter (album)"", ""5a8574945542997b5ce3fffb::doc_9::Gimme Shelter"", ""5a8574945542997b5ce3fffb::doc_6::Altamont Diary"", ""5a8574945542997b5ce3fffb::doc_8::Keith Richards"", ""5a8574945542997b5ce3fffb::doc_1::Merry Clayton"", ""5a8574945542997b5ce3fffb::doc_3::Baird Bryant"", ""5a8574945542997b5ce3fffb::doc_4::Stanton Y. Hill""]","[0.582071, 0.476754, 0.415243, 0.388467, 0.318532, 0.255633, 0.201783, 0.188239, 0.172936, 0.157506]",0.919721,1.0,1.0
tfidf,5a7332935542991f9a20c67d,"[""5a7332935542991f9a20c67d::doc_3::Pirate's Cove"", ""5a7332935542991f9a20c67d::doc_2::The Rivals for Catan"", ""5a7332935542991f9a20c67d::doc_1::The Kids of Catan"", ""5a7332935542991f9a20c67d::doc_8::Catan Dice Game"", ""5a7332935542991f9a20c67d::doc_0::Struggle for Rome (board game)"", ""5a7332935542991f9a20c67d::doc_5::Catan Card Game"", ""5a7332935542991f9a20c67d::doc_4::Catan: Seafarers"", ""5a7332935542991f9a20c67d::doc_7::Catan"", ""5a7332935542991f9a20c67d::doc_9::Elasund"", ""5a7332935542991f9a20c67d::doc_6::Catan: Cities &amp; Knights""]","[0.422011, 0.387628, 0.373537, 0.348235, 0.340943, 0.339405, 0.304569, 0.270993, 0.229314, 0.20756]",0.806574,1.0,1.0
tfidf,5a80071f5542992bc0c4a684,"[""5a80071f5542992bc0c4a684::doc_9::Alice David"", ""5a80071f5542992bc0c4a684::doc_4::Lara Croft and the Temple of Osiris"", ""5a80071f5542992bc0c4a684::doc_2::Lara Croft Go"", ""5a80071f5542992bc0c4a684::doc_5::Lara Croft: Tomb Raider"", ""5a80071f5542992bc0c4a684::doc_8::Lara Croft"", ""5a80071f5542992bc0c4a684::doc_6::Lara Croft and the Guardian of Light"", ""5a80071f5542992bc0c4a684::doc_0::List of Tomb Raider media"", ""5a80071f5542992bc0c4a684::doc_3::Tomb Raider III"", ""5a80071f5542992bc0c4a684::doc_1::Tomb Raider"", ""5a80071f5542992bc0c4a684::doc_7::Tomb Raider (2013 video game)""]","[0.553445, 0.488375, 0.430118, 0.387954, 0.36606, 0.34293, 0.326769, 0.257641, 0.22761, 0.214553]",0.790386,1.0,1.0
tfidf,5ae73c065542991e8301cc18,"[""5ae73c065542991e8301cc18::doc_4::Encore (Eminem song)"", ""5ae73c065542991e8301cc18::doc_7::Numb (Rihanna song)"", ""5ae73c065542991e8301cc18::doc_6::The Monster (song)"", ""5ac298f9554299657fa28fc9::doc_5::Under Your Skin (album)"", ""5a722b8655429971e9dc9329::doc_6::Boots (album)"", ""5ae73c065542991e8301cc18::doc_2::Drop the World"", ""5abdf12255429976d4830a2f::doc_0::Ride Out (album)"", ""5ac298f9554299657fa28fc9::doc_7::In It to Win It (Saliva album)"", ""5ab69c25554299110f219a39::doc_6::Old and in the Way (album)"", ""5ae73c065542991e8301cc18::doc_8::List of songs recorded by Linkin Park""]","[0.296592, 0.284314, 0.281085, 0.255408, 0.253272, 0.250434, 0.23384, 0.208181, 0.170222, 0.164048]",0.693426,0.5,1.0
tfidf,5a87d8215542994775f60800,"[""5a87d8215542994775f60800::doc_4::David Ayer"", ""5a87d8215542994775f60800::doc_2::End of Watch"", ""5a87d8215542994775f60800::doc_8::Street Kings 2: Motor City"", ""5a87d8215542994775f60800::doc_7::South of 8"", ""5a87d8215542994775f60800::doc_5::Harsh Times"", ""5a87d8215542994775f60800::doc_6::DoubleTree by Hilton Hotel Los Angeles Downtown"", ""5a87d8215542994775f60800::doc_1::Central Avenue (Los Angeles)"", ""5a87d8215542994775f60800::doc_3::Bonsallo Avenue"", ""5adddccd5542997dc7907069::doc_6::Apple Watch"", ""5aba749055429901930fa7d8::doc_3::End of the Road (1970 film)""]","[0.480723, 0.331066, 0.30544, 0.248994, 0.241445, 0.222696, 0.218367, 0.186483, 0.171915, 0.16463]",0.850345,1.0,1.0
tfidf,5ac2ffbd554299677310267b,"[""5ac2ffbd554299677310267b::doc_2::Mitch Pileggi"", ""5ac2ffbd554299677310267b::doc_9::Jeff Hephner"", ""5ac2ffbd554299677310267b::doc_7::Jenna Dewan"", ""5ac2ffbd554299677310267b::doc_4::Hilarie Burton"", ""5ac2ffbd554299677310267b::doc_5::Jo Marie Payton"", ""5ac2ffbd554299677310267b::doc_6::Jillian Bell"", ""5ac2ffbd554299677310267b::doc_0::Helen Modern"", ""5ac2ffbd554299677310267b::doc_1::SuperMansion"", ""5ac2ffbd554299677310267b::doc_3::John Amos"", ""5ac2ffbd554299677310267b::doc_8::John Pappas""]","[0.225372, 0.21793, 0.206964, 0.203509, 0.202005, 0.200288, 0.191921, 0.177242, 0.167226, 0.142479]",0.411834,0.166667,1.0
tfidf,5a7c960655429935c91b5244,"[""5a7c960655429935c91b5244::doc_0::2013 Texas Tech Red Raiders football team"", ""5a7c960655429935c91b5244::doc_2::Texas Tech University"", ""5a7c960655429935c91b5244::doc_9::2016 Texas Tech Red Raiders football team"", ""5a7c960655429935c91b5244::doc_1::2015 Texas Tech Red Raiders football team"", ""5a7c960655429935c91b5244::doc_7::2014 Texas Tech Red Raiders football team"", ""5a7c960655429935c91b5244::doc_6::2012 Texas Tech Red Raiders football team"", ""5a7c960655429935c91b5244::doc_4::2009 Texas Tech Red Raiders football team"", ""5a7c960655429935c91b5244::doc_8::Texas A&amp;M\u2013Texas Tech football rivalry"", ""5a7c960655429935c91b5244::doc_3::1974 Texas Tech Red Raiders football team"", ""5a7c960655429935c91b5244::doc_5::1986 Texas Tech Red Raiders football team""]","[0.609839, 0.597576, 0.57859, 0.576328, 0.573635, 0.561311, 0.495984, 0.478365, 0.460619, 0.458144]",0.571429,0.5,1.0
tfidf,5a7d61775542991319bc93b9,"[""5a7d61775542991319bc93b9::doc_8::Commander-in-Chief, India"", ""5a7d61775542991319bc93b9::doc_2::Claude Auchinleck"", ""5a7d61775542991319bc93b9::doc_9::Siege of Bharatpur (1805)"", ""5a7d61775542991319bc93b9::doc_5::Stapleton Cotton, 1st Viscount Combermere"", ""5a7d61775542991319bc93b9::doc_7::Siege of Bharatpur"", ""5a7d61775542991319bc93b9::doc_1::Bharatpur district"", ""5a7d61775542991319bc93b9::doc_3::Vishvendra Singh"", ""5a7d61775542991319bc93b9::doc_4::Bharatpur, Rajasthan"", ""5a88658955429938390d3f47::doc_3::Chief of the Defence Staff (Canada)"", ""5a88dcf9554299206df2b383::doc_2::Auchterhouse Castle""]","[0.557608, 0.461732, 0.316474, 0.281582, 0.277762, 0.242533, 0.241102, 0.240657, 0.22928, 0.211657]",0.501266,0.25,1.0
tfidf,5ac1c6805542994ab5c67e11,"[""5ac1c6805542994ab5c67e11::doc_9::The Year Without a Santa Claus (2006 film)"", ""5ac1c6805542994ab5c67e11::doc_8::Santa Claus in film"", ""5ac1c6805542994ab5c67e11::doc_6::The Year Without a Santa Claus"", ""5ac1c6805542994ab5c67e11::doc_5::Santa Claus Is a Black Man"", ""5ac1c6805542994ab5c67e11::doc_0::Santa's Workshop (Colorado)"", ""5ac1c6805542994ab5c67e11::doc_4::Santa Claus: The Movie"", ""5ac1c6805542994ab5c67e11::doc_2::Jonathan Meath"", ""5ac1c6805542994ab5c67e11::doc_1::Larry Wilson (screenwriter)"", ""5ac1c6805542994ab5c67e11::doc_7::A Miser Brothers' Christmas"", ""5a7b3f4d5542992d025e67bb::doc_3::David and Sandy Reynolds-Wasco""]","[0.475497, 0.405914, 0.386392, 0.291779, 0.285404, 0.270924, 0.260509, 0.259928, 0.210765, 0.171551]",0.306574,0.333333,0.5
tfidf,5a7a230e5542996a35c170ee,"[""5a7a230e5542996a35c170ee::doc_8::The Naked Brothers Band (album)"", ""5a7a230e5542996a35c170ee::doc_7::The Naked Brothers Band: Music from the Movie"", ""5a7a230e5542996a35c170ee::doc_6::I Don't Want to Go to School"", ""5a7a230e5542996a35c170ee::doc_1::Operation Mojo"", ""5a7a230e5542996a35c170ee::doc_4::Mystery Girl (film)"", ""5a7a230e5542996a35c170ee::doc_9::The Premiere (film)"", ""5a7a230e5542996a35c170ee::doc_2::Nat and Alex Wolff"", ""5a7a230e5542996a35c170ee::doc_0::Alex Wolff"", ""5a7a230e5542996a35c170ee::doc_5::Nat Wolff"", ""5ac23ff0554299636651994d::doc_5::Poison (American band)""]","[0.578833, 0.457349, 0.354943, 0.353314, 0.344551, 0.318789, 0.297785, 0.291198, 0.2757, 0.161141]",0.184576,0.111111,0.5
tfidf,5ae4627d5542991a06ce9a4d,"[""5ae4627d5542991a06ce9a4d::doc_8::Sexual Politics"", ""5ae4627d5542991a06ce9a4d::doc_1::Contract with the World"", ""5ae4627d5542991a06ce9a4d::doc_7::Shannon Bell"", ""5ae4627d5542991a06ce9a4d::doc_0::Kate Millett"", ""5ae4627d5542991a06ce9a4d::doc_3::British University Hurling Championship"", ""5ae4627d5542991a06ce9a4d::doc_6::Susie Bright"", ""5ae4627d5542991a06ce9a4d::doc_4::Au Pairs (band)"", ""5ae4627d5542991a06ce9a4d::doc_2::Carol J. Adams"", ""5ab8688b55429934fafe6daa::doc_4::University of Leeds"", ""5ae63dad55429929b0807afe::doc_6::Hunter Davies""]","[0.445825, 0.245376, 0.237608, 0.232516, 0.195033, 0.18864, 0.185832, 0.178621, 0.170418, 0.167628]",0.877215,1.0,1.0
tfidf,5ac2d1d755429921a00ab053,"[""5ac2d1d755429921a00ab053::doc_3::2011 Barcelona Ladies Open \u2013 Doubles"", ""5ac2d1d755429921a00ab053::doc_2::Roberta Vinci"", ""5ac2d1d755429921a00ab053::doc_4::1994 Athens International \u2013 Doubles"", ""5ac2d1d755429921a00ab053::doc_7::Jorge Lozano"", ""5ac2d1d755429921a00ab053::doc_9::2015 Wimbledon Championships \u2013 Women's Doubles"", ""5ac2d1d755429921a00ab053::doc_1::Morbo (band)"", ""5ac2d1d755429921a00ab053::doc_8::1988 Volvo International \u2013 Doubles"", ""5ac2d1d755429921a00ab053::doc_5::Flavia Pennetta"", ""5ac2d1d755429921a00ab053::doc_0::2015 Rogers Cup \u2013 Women's Doubles"", ""5ac2d1d755429921a00ab053::doc_6::Marta Domachowska""]","[0.349118, 0.290499, 0.241112, 0.228401, 0.217672, 0.216498, 0.21612, 0.175704, 0.170779, 0.15254]",0.650921,0.5,1.0
tfidf,5ab4e3065542990594ba9cb4,"[""5ab4e3065542990594ba9cb4::doc_7::Truth (anti-tobacco campaign)"", ""5ab4e3065542990594ba9cb4::doc_0::Truth in Science"", ""5ab4e3065542990594ba9cb4::doc_9::Discovery Networks Benelux"", ""5ab4e3065542990594ba9cb4::doc_3::Discovery Museum and Planetarium"", ""5ab4e3065542990594ba9cb4::doc_5::Truth Initiative"", ""5ab4e3065542990594ba9cb4::doc_2::The Last Embrace"", ""5a7633ad5542992db9473741::doc_8::Northern Virginia Campaign"", ""5ab4e3065542990594ba9cb4::doc_4::Discovery Institute"", ""5a77152355429966f1a36c2e::doc_9::What Are Little Girls Made Of?"", ""5ae5736e5542990ba0bbb2b3::doc_7::Tony Fabrizio""]","[0.372048, 0.327978, 0.32167, 0.250986, 0.225431, 0.192511, 0.184136, 0.180324, 0.137824, 0.121109]",0.580279,0.5,1.0
tfidf,5ac298f9554299657fa28fc9,"[""5ac298f9554299657fa28fc9::doc_9::Josey Scott"", ""5ac298f9554299657fa28fc9::doc_2::Ian Watkins (Lostprophets)"", ""5ac298f9554299657fa28fc9::doc_4::Lostprophets"", ""5ac298f9554299657fa28fc9::doc_5::Under Your Skin (album)"", ""5ac298f9554299657fa28fc9::doc_8::Always (Saliva song)"", ""5ac298f9554299657fa28fc9::doc_1::Shinobi vs. Dragon Ninja"", ""5ac298f9554299657fa28fc9::doc_7::In It to Win It (Saliva album)"", ""5ac298f9554299657fa28fc9::doc_6::We Bring an Arsenal"", ""5ac298f9554299657fa28fc9::doc_3::Family Reunion (Saliva song)"", ""5ab3b0bf5542992ade7c6e39::doc_3::Steven Adler""]","[0.275278, 0.215006, 0.173557, 0.162432, 0.146631, 0.146111, 0.131235, 0.124276, 0.108233, 0.101632]",1.0,1.0,1.0
tfidf,5ab6a2be554299710c8d1f08,"[""5ab6a2be554299710c8d1f08::doc_5::Battle Beyond the Sun"", ""5ab6a2be554299710c8d1f08::doc_0::I Was a Satellite of the Sun"", ""5ab6a2be554299710c8d1f08::doc_8::Queen of Blood"", ""5ab6a2be554299710c8d1f08::doc_3::Battle Beyond the Stars"", ""5add61d65542995b365fab21::doc_7::Mikhail Gorbachev"", ""5a7633ad5542992db9473741::doc_2::Seven Days Union order of battle"", ""5a7633ad5542992db9473741::doc_0::Seven Days Confederate order of battle"", ""5a7633ad5542992db9473741::doc_1::Battle of Manila (1945)"", ""5a7625e8554299109176e66a::doc_5::1965 Birthday Honours"", ""5add61d65542995b365fab21::doc_8::David Waksberg""]","[0.345762, 0.291082, 0.271594, 0.183592, 0.156827, 0.151723, 0.148706, 0.145054, 0.131747, 0.12867]",0.919721,1.0,1.0
tfidf,5a738d27554299623ed4abf3,"[""5a738d27554299623ed4abf3::doc_1::Em\u00edlio da Silva"", ""5a738d27554299623ed4abf3::doc_9::Marco da Silva (French footballer)"", ""5a738d27554299623ed4abf3::doc_0::Erika Jayne"", ""5a738d27554299623ed4abf3::doc_3::Viscount of Cardoso da Silva"", ""5a738d27554299623ed4abf3::doc_8::Caf\u00e9 (musician)"", ""5a738d27554299623ed4abf3::doc_6::Marco Da Silva (dancer)"", ""5a738d27554299623ed4abf3::doc_4::Marisa Let\u00edcia Lula da Silva"", ""5a738d27554299623ed4abf3::doc_2::Marquinhos (footballer, born June 1989)"", ""5a738d27554299623ed4abf3::doc_7::Jos\u00e9 Graziano da Silva"", ""5a738d27554299623ed4abf3::doc_5::Fortaleza Metro""]","[0.357385, 0.354258, 0.340632, 0.337868, 0.324892, 0.318473, 0.267476, 0.255671, 0.246766, 0.153238]",0.524981,0.333333,1.0
tfidf,5ab2a186554299295394677b,"[""5a80721b554299485f5985ef::doc_6::Tower Hill Memorial"", ""5ab2a186554299295394677b::doc_9::Forbury Gardens"", ""5ab2a186554299295394677b::doc_7::The Forbury Hotel"", ""5ab2a186554299295394677b::doc_4::Maiwand Lion"", ""5ab2a186554299295394677b::doc_0::Dras War Memorial"", ""5ab2a186554299295394677b::doc_1::Devon County War Memorial"", ""5a80721b554299485f5985ef::doc_5::Vietnam War Memorial, Hanoi"", ""5ab2a186554299295394677b::doc_6::Spalding War Memorial"", ""5a80721b554299485f5985ef::doc_3::Portsmouth Naval Memorial"", ""5ab2a186554299295394677b::doc_2::Manchester Cenotaph""]","[0.343201, 0.338605, 0.290962, 0.290665, 0.26671, 0.254068, 0.243463, 0.242749, 0.234296, 0.220924]",0.264068,0.25,0.5
tfidf,5a8704f8554299211dda2ba4,"[""5a8704f8554299211dda2ba4::doc_1::Aonghus M\u00f3r"", ""5a8704f8554299211dda2ba4::doc_8::Kingdom of the Isles"", ""5a8704f8554299211dda2ba4::doc_9::List of rulers of the Kingdom of the Isles"", ""5a8704f8554299211dda2ba4::doc_4::List of islands of Tasmania"", ""5a8704f8554299211dda2ba4::doc_6::Geography of the Philippines"", ""5a8704f8554299211dda2ba4::doc_7::National parks of Taiwan"", ""5a8704f8554299211dda2ba4::doc_3::Ashanti Region"", ""5a8704f8554299211dda2ba4::doc_5::Jaluit Atoll"", ""5a8704f8554299211dda2ba4::doc_0::Lord of Islay"", ""5a8704f8554299211dda2ba4::doc_2::Protected areas of Himachal Pradesh""]","[0.323162, 0.31626, 0.310179, 0.286009, 0.258676, 0.182664, 0.171255, 0.16318, 0.163142, 0.152526]",1.0,1.0,1.0
tfidf,5ab5ed505542997d4ad1f255,"[""5ab5ed505542997d4ad1f255::doc_8::Bruce Spizer"", ""5ab5ed505542997d4ad1f255::doc_6::Cultural impact of the Beatles"", ""5ab5ed505542997d4ad1f255::doc_0::The Beatles"", ""5ab5ed505542997d4ad1f255::doc_2::Cargo Records (Canada)"", ""5ab5ed505542997d4ad1f255::doc_3::Azra"", ""5a879adb5542996e4f30887f::doc_3::DISCLOSE Act"", ""5ab5ed505542997d4ad1f255::doc_5::Christian Death"", ""5ab5ed505542997d4ad1f255::doc_1::Marsha Albert"", ""5a7571135542992d0ec05f98::doc_4::Kimberly Young"", ""5ab5ed505542997d4ad1f255::doc_4::The Beach Boys""]","[0.489732, 0.21013, 0.194519, 0.170447, 0.168122, 0.15688, 0.150499, 0.148798, 0.14212, 0.138451]",0.919721,1.0,1.0
tfidf,5a77c1505542997042120b1b,"[""5a77c1505542997042120b1b::doc_5::A Lot About Livin' (And a Little 'bout Love)"", ""5a77c1505542997042120b1b::doc_6::Chattahoochee (song)"", ""5a77c1505542997042120b1b::doc_1::(Who Says) You Can't Have It All"", ""5a77c1505542997042120b1b::doc_9::Tonight I Climbed the Wall"", ""5a77c1505542997042120b1b::doc_7::She's Got the Rhythm (And I Got the Blues)"", ""5a77c1505542997042120b1b::doc_0::Steers &amp; Stripes"", ""5ae7ba7a5542993210983f12::doc_9::Stay (Sugarland song)"", ""5a77c1505542997042120b1b::doc_3::Holler Back"", ""5a77c1505542997042120b1b::doc_4::High Lonesome (Randy Travis album)"", ""5ae7ba7a5542993210983f12::doc_3::Billy Ray Cyrus discography""]","[0.484111, 0.479937, 0.384603, 0.373473, 0.342303, 0.296421, 0.292453, 0.292237, 0.288761, 0.240498]",0.386853,0.5,0.5
tfidf,5a88d745554299206df2b378,"[""5a88d745554299206df2b378::doc_4::David Yates"", ""5a88d745554299206df2b378::doc_7::Pietro Germi"", ""5a88d745554299206df2b378::doc_0::Divorce Italian Style"", ""5a88d745554299206df2b378::doc_2::Serafino (film)"", ""5a88d745554299206df2b378::doc_3::Black 13"", ""5a88d745554299206df2b378::doc_5::The Testimony (1946 film)"", ""5a88d745554299206df2b378::doc_6::Cineriz"", ""5a88d745554299206df2b378::doc_8::Lipstick (1960 film)"", ""5a88d745554299206df2b378::doc_1::Ottavio Alessi"", ""5a77152355429966f1a36c2e::doc_9::What Are Little Girls Made Of?""]","[0.362062, 0.347516, 0.203835, 0.153695, 0.150241, 0.132814, 0.123237, 0.122751, 0.120481, 0.106301]",1.0,1.0,1.0
tfidf,5ae748d1554299572ea547b0,"[""5ae748d1554299572ea547b0::doc_3::Baltimore Orioles"", ""5ae748d1554299572ea547b0::doc_4::History of the Cleveland Indians"", ""5ae748d1554299572ea547b0::doc_8::Wayne Garland"", ""5ae748d1554299572ea547b0::doc_6::List of Detroit Tigers managers"", ""5ae0aaf455429945ae959401::doc_6::National League (English football)"", ""5a7f113d55429934daa2fcbe::doc_3::Charles Teague (baseball)"", ""5ae748d1554299572ea547b0::doc_0::History of the Washington Senators (1901\u201360)"", ""5ae748d1554299572ea547b0::doc_5::Boston Red Sox"", ""5ae0aaf455429945ae959401::doc_5::National League South"", ""5ae748d1554299572ea547b0::doc_7::List of Atlanta Braves managers""]","[0.401062, 0.322338, 0.3088, 0.292578, 0.241649, 0.228599, 0.227704, 0.221172, 0.215101, 0.210225]",0.919721,1.0,1.0
tfidf,5a7a8a9c554299042af8f666,"[""5a7a8a9c554299042af8f666::doc_7::Lewis lamp"", ""5a7a8a9c554299042af8f666::doc_0::Argand lamp"", ""5a7a8a9c554299042af8f666::doc_8::Hefner lamp"", ""5a7a8a9c554299042af8f666::doc_9::Carbon button lamp"", ""5a7a8a9c554299042af8f666::doc_3::Kerosene lamp"", ""5a7a8a9c554299042af8f666::doc_1::Hollow-cathode lamp"", ""5a7a8a9c554299042af8f666::doc_5::Kudlik"", ""5a7a8a9c554299042af8f666::doc_4::Glow switch starter"", ""5a7a8a9c554299042af8f666::doc_6::Trouble light"", ""5a78bd9b554299078472774a::doc_5::Participant observation""]","[0.638753, 0.515345, 0.360669, 0.264517, 0.223895, 0.223265, 0.209914, 0.209052, 0.145745, 0.112476]",1.0,1.0,1.0
tfidf,5adffe7155429906c02daa9e,"[""5adffe7155429906c02daa9e::doc_6::When Harry Met Sally... (soundtrack)"", ""5adffe7155429906c02daa9e::doc_5::When Harry Met Sally..."", ""5adffe7155429906c02daa9e::doc_0::Harry Connick Jr."", ""5adffe7155429906c02daa9e::doc_9::Dumb and Dumberer: When Harry Met Lloyd"", ""5a77c1505542997042120b1b::doc_8::Alan Jackson albums discography"", ""5adffe7155429906c02daa9e::doc_3::Connie Sawyer"", ""5adffe7155429906c02daa9e::doc_1::Nora Ephron"", ""5ae0bae555429906c02dab08::doc_0::Gretchen Palmer"", ""5adffe7155429906c02daa9e::doc_7::Bruno Kirby"", ""5ae7ba7a5542993210983f12::doc_3::Billy Ray Cyrus discography""]","[0.508001, 0.327702, 0.264577, 0.244155, 0.201438, 0.18535, 0.178311, 0.165803, 0.160051, 0.144685]",0.919721,1.0,1.0
tfidf,5ab642845542995eadeeff8e,"[""5ab642845542995eadeeff8e::doc_6::Broughtonia"", ""5ab642845542995eadeeff8e::doc_0::Broughtonia sanguinea"", ""5ab642845542995eadeeff8e::doc_4::Laeliocattleya"", ""5ab642845542995eadeeff8e::doc_3::Paracaleana"", ""5ab642845542995eadeeff8e::doc_5::Caladenia"", ""5ab642845542995eadeeff8e::doc_8::Cattleytonia"", ""5ab642845542995eadeeff8e::doc_7::Calochilus"", ""5ab642845542995eadeeff8e::doc_9::Hawkinsara"", ""5ab642845542995eadeeff8e::doc_2::Otaara"", ""5ab642845542995eadeeff8e::doc_1::William Henry Nicholls""]","[0.373607, 0.366472, 0.315572, 0.305368, 0.249763, 0.241818, 0.236284, 0.230359, 0.222096, 0.166449]",0.919721,1.0,1.0
tfidf,5a906a685542990a9849362e,"[""5a906a685542990a9849362e::doc_4::Algeria at the FIFA World Cup"", ""5a906a685542990a9849362e::doc_3::1991 Rugby World Cup"", ""5a906a685542990a9849362e::doc_2::2002 FIFA World Cup"", ""5a906a685542990a9849362e::doc_9::Switzerland women's national football team"", ""5a906a685542990a9849362e::doc_1::Orvar Bergmark"", ""5a906a685542990a9849362e::doc_7::1968\u201369 in Belgian football"", ""5a906a685542990a9849362e::doc_6::2014 FIFA World Cup"", ""5a906a685542990a9849362e::doc_8::Tertiary Student Rugby League World Cup"", ""5a906a685542990a9849362e::doc_5::Ukraine national football team"", ""5a906a685542990a9849362e::doc_0::2015 Cricket World Cup opening ceremony""]","[0.592775, 0.339248, 0.329177, 0.307427, 0.294644, 0.293251, 0.262747, 0.238664, 0.236709, 0.226417]",0.81753,1.0,1.0
tfidf,5a7633ad5542992db9473741,"[""5a7633ad5542992db9473741::doc_2::Seven Days Union order of battle"", ""5a7633ad5542992db9473741::doc_0::Seven Days Confederate order of battle"", ""5a7633ad5542992db9473741::doc_7::Seven Days Battles"", ""5a7633ad5542992db9473741::doc_1::Battle of Manila (1945)"", ""5a7633ad5542992db9473741::doc_6::Battle of Port Republic"", ""5a7633ad5542992db9473741::doc_3::Battle of Cross Keys"", ""5a7633ad5542992db9473741::doc_9::Battle of Malvern Hill"", ""5a7633ad5542992db9473741::doc_8::Northern Virginia Campaign"", ""5a7633ad5542992db9473741::doc_4::Battle of Gaines's Mill"", ""5ab6a2be554299710c8d1f08::doc_3::Battle Beyond the Stars""]","[0.364231, 0.355884, 0.337285, 0.33587, 0.264669, 0.229503, 0.219948, 0.201538, 0.182829, 0.162354]",0.570642,0.333333,1.0
tfidf,5a74ce9655429974ef308c6c,"[""5a74ce9655429974ef308c6c::doc_9::ABQ Uptown"", ""5a74ce9655429974ef308c6c::doc_6::Lush (company)"", ""5a74ce9655429974ef308c6c::doc_1::Poole Methodist Church"", ""5a74ce9655429974ef308c6c::doc_7::Fire Radio"", ""5a74ce9655429974ef308c6c::doc_3::List of cider producers in Dorset"", ""5a74ce9655429974ef308c6c::doc_4::Canford Cliffs"", ""5a74ce9655429974ef308c6c::doc_8::Dorset County Council election, 2013"", ""5a74ce9655429974ef308c6c::doc_0::Viscount Wimborne"", ""5a74ce9655429974ef308c6c::doc_5::Viscount Trenchard"", ""5ab84bf555429916710eb01f::doc_2::Tesco Extra""]","[0.296677, 0.269328, 0.260918, 0.23333, 0.23305, 0.181896, 0.148502, 0.146369, 0.144934, 0.135975]",1.0,1.0,1.0
tfidf,5a713a5a5542994082a3e6a9,"[""5a713a5a5542994082a3e6a9::doc_4::Old Trafford, Greater Manchester"", ""5a713a5a5542994082a3e6a9::doc_8::Ragbi Klub Mornar Bar"", ""5a713a5a5542994082a3e6a9::doc_5::Trafford Bar tram stop"", ""5a713a5a5542994082a3e6a9::doc_9::Maxine's Tap Room"", ""5a713a5a5542994082a3e6a9::doc_1::Manchester United F.C."", ""5a713a5a5542994082a3e6a9::doc_7::Aquinas Old Collegians Football Club"", ""5a713a5a5542994082a3e6a9::doc_0::Manchester United F.C. in European football"", ""5a713a5a5542994082a3e6a9::doc_6::Gorse Hill"", ""5ae0aaf455429945ae959401::doc_8::Salford City F.C."", ""5ae0aaf455429945ae959401::doc_0::Boston United F.C.""]","[0.495129, 0.363212, 0.34048, 0.337636, 0.291429, 0.234955, 0.225235, 0.200571, 0.180506, 0.159306]",0.81753,1.0,1.0
tfidf,5ab341f755429969a97a8114,"[""5ab341f755429969a97a8114::doc_6::Chim Chim Cher-ee"", ""5ab341f755429969a97a8114::doc_2::My Kind of Town"", ""5ab341f755429969a97a8114::doc_8::Mary Poppins (song)"", ""5ab341f755429969a97a8114::doc_4::Mary Poppins Opens the Door"", ""5ab341f755429969a97a8114::doc_7::Mary Poppins (film)"", ""5ab341f755429969a97a8114::doc_5::Mary Poppins Returns"", ""5ab341f755429969a97a8114::doc_9::The Great Movie Ride"", ""5ab341f755429969a97a8114::doc_3::A Man Has Dreams"", ""5ab341f755429969a97a8114::doc_0::I Love to Laugh"", ""5ab341f755429969a97a8114::doc_1::Step in Time""]","[0.76007, 0.308179, 0.244468, 0.233025, 0.215264, 0.193215, 0.173152, 0.172463, 0.172461, 0.132492]",0.81753,1.0,1.0
tfidf,5a8325b35542990548d0b18f,"[""5a8325b35542990548d0b18f::doc_3::Kathy Sullivan (Australian politician)"", ""5a8325b35542990548d0b18f::doc_0::Bronwyn Bishop"", ""5a8325b35542990548d0b18f::doc_6::Bob Debus"", ""5a8325b35542990548d0b18f::doc_4::Michael Atkinson"", ""5a8325b35542990548d0b18f::doc_5::Roslyn Dundas"", ""5a8325b35542990548d0b18f::doc_9::Peter Blacker"", ""5a8325b35542990548d0b18f::doc_7::Mehmet Tillem"", ""5a8325b35542990548d0b18f::doc_1::Philip Ruddock"", ""5a8325b35542990548d0b18f::doc_2::Carol Martin"", ""5a8325b35542990548d0b18f::doc_8::Richard Torbay""]","[0.518007, 0.369009, 0.361174, 0.33815, 0.307767, 0.303852, 0.303586, 0.290048, 0.287909, 0.224386]",1.0,1.0,1.0
tfidf,5ab9374b554299131ca422c6,"[""5ab9374b554299131ca422c6::doc_9::Australia 2022 FIFA World Cup bid"", ""5ab9374b554299131ca422c6::doc_1::Qatar 2022 FIFA World Cup bid"", ""5ab9374b554299131ca422c6::doc_4::Japan 2022 FIFA World Cup bid"", ""5ab9374b554299131ca422c6::doc_7::United States 2022 FIFA World Cup bid"", ""5ab9374b554299131ca422c6::doc_3::Indonesia 2022 FIFA World Cup bid"", ""5ab9374b554299131ca422c6::doc_6::South Korea 2022 FIFA World Cup bid"", ""5ab9374b554299131ca422c6::doc_8::Morocco 2026 FIFA World Cup bid"", ""5ab9374b554299131ca422c6::doc_5::2018 and 2022 FIFA World Cup bids"", ""5ab9374b554299131ca422c6::doc_2::Russia 2018 FIFA World Cup bid"", ""5a906a685542990a9849362e::doc_6::2014 FIFA World Cup""]","[0.583579, 0.503414, 0.48587, 0.480025, 0.419902, 0.419223, 0.406283, 0.398119, 0.385861, 0.325583]",0.613147,1.0,0.5
tfidf,5ae52c0f5542992663a4f12e,"[""5ae52c0f5542992663a4f12e::doc_3::Faith Lutheran Middle School &amp; High School"", ""5ae52c0f5542992663a4f12e::doc_8::Faith Lutheran High School"", ""5ae52c0f5542992663a4f12e::doc_1::Faith Lutheran College, Redlands"", ""5ae52c0f5542992663a4f12e::doc_0::Lutheran High School (La Verne, California)"", ""5ae52c0f5542992663a4f12e::doc_7::Paso Robles High School"", ""5ae52c0f5542992663a4f12e::doc_5::Sullivan East High School"", ""5ae52c0f5542992663a4f12e::doc_2::Port Charlotte High School"", ""5ae52c0f5542992663a4f12e::doc_6::Mentor High School"", ""5a8a43eb5542996c9b8d5e82::doc_6::Grace Church School"", ""5a7ddc5a5542995f4f4022da::doc_1::Spalding Catholic High School""]","[0.709983, 0.619508, 0.532838, 0.505518, 0.423845, 0.423305, 0.420536, 0.402373, 0.379154, 0.336064]",0.613147,1.0,0.5
tfidf,5adbfbd555429947ff173893,"[""5adbfbd555429947ff173893::doc_2::2014 Young Hollywood Awards"", ""5adbfbd555429947ff173893::doc_0::2013 Young Hollywood Awards"", ""5adbfbd555429947ff173893::doc_9::Young Hollywood Awards"", ""5adbfbd555429947ff173893::doc_5::Maureen Dragone"", ""5adbfbd555429947ff173893::doc_3::12th Youth in Film Awards"", ""5adbfbd555429947ff173893::doc_4::2003 Kids' Choice Awards"", ""5ac3165c5542995ef918c10a::doc_4::28th Independent Spirit Awards"", ""5adf58f15542993a75d264d2::doc_1::The Young Ones (video game)"", ""5ac3165c5542995ef918c10a::doc_6::18th Independent Spirit Awards"", ""5a774e9c55429972597f14f3::doc_5::Larnelle Harris""]","[0.386573, 0.352543, 0.273053, 0.260577, 0.239674, 0.233537, 0.212348, 0.200116, 0.153809, 0.138561]",0.613147,1.0,0.5
tfidf,5ab7f0015542992aa3b8c88b,"[""5ae819ac55429952e35eaa16::doc_9::Marry Me a Little, Marry Me a Little More"", ""5ab7f0015542992aa3b8c88b::doc_3::Sean Yseult"", ""5ab7f0015542992aa3b8c88b::doc_4::Double Dagger"", ""5ab7f0015542992aa3b8c88b::doc_5::Didi Beck"", ""5ab7f0015542992aa3b8c88b::doc_0::Rodney Slatford"", ""5ab7f0015542992aa3b8c88b::doc_1::Walkdown"", ""5ab2c5e255429916697740ba::doc_9::NHL All-Star Skills Competition"", ""5ab7f0015542992aa3b8c88b::doc_8::Even Steven Levee"", ""5ab7f0015542992aa3b8c88b::doc_2::Dave Meros"", ""5ab7f0015542992aa3b8c88b::doc_6::Winnebago Deal""]","[0.327549, 0.267328, 0.250039, 0.226526, 0.204173, 0.173654, 0.162218, 0.160363, 0.145872, 0.140155]",0.386853,0.5,0.5
tfidf,5ac547525542993e66e822a3,"[""5ac547525542993e66e822a3::doc_4::Center for Pan Asian Community Services, Inc."", ""5ac547525542993e66e822a3::doc_5::Ontario Veterinary College"", ""5ac547525542993e66e822a3::doc_8::United States Public Health Service"", ""5ac547525542993e66e822a3::doc_9::Western University of Health Sciences"", ""5ae0d4c9554299603e418468::doc_8::Roger O. Egeberg"", ""5ac547525542993e66e822a3::doc_7::Oyewale Tomori"", ""5ac547525542993e66e822a3::doc_0::New Bolton Center"", ""5ac547525542993e66e822a3::doc_2::Supporting Healthy Marriage Project"", ""5ac547525542993e66e822a3::doc_6::Food and Drug Administration"", ""5ae0d4c9554299603e418468::doc_7::Office of Population Affairs""]","[0.322758, 0.313901, 0.312858, 0.287908, 0.235785, 0.235425, 0.220336, 0.21128, 0.207252, 0.200868]",0.184576,0.111111,0.5
tfidf,5a7cbf8c554299452d57b9f4,"[""5a7cbf8c554299452d57b9f4::doc_5::McFarland, USA"", ""5a7cbf8c554299452d57b9f4::doc_2::Oryctodromeus"", ""5a7cbf8c554299452d57b9f4::doc_8::Fruitadens"", ""5a7cbf8c554299452d57b9f4::doc_7::Dinosaur (film)"", ""5ac3e0f7554299194317388b::doc_1::Miss American Beauty 1963"", ""5ab6d09255429954757d337d::doc_7::David Beckham's Soccer USA"", ""5a7cbf8c554299452d57b9f4::doc_6::Mark Ciardi"", ""5a7cbf8c554299452d57b9f4::doc_9::Dakotadon"", ""5a7cbf8c554299452d57b9f4::doc_1::Sphaerotholus"", ""5a7ed2c655429930675135e5::doc_2::Golden Globe Award for Best Animated Feature Film""]","[0.342669, 0.165898, 0.146482, 0.114228, 0.09886, 0.095425, 0.09435, 0.086594, 0.082175, 0.079484]",0.877215,1.0,1.0
tfidf,5a7ddc5a5542995f4f4022da,"[""5a7ddc5a5542995f4f4022da::doc_3::Bishop Carroll Catholic High School"", ""5a7ddc5a5542995f4f4022da::doc_4::Kapaun Mt. Carmel Catholic High School"", ""5a7ddc5a5542995f4f4022da::doc_6::Bishop Manogue High School"", ""5a7ddc5a5542995f4f4022da::doc_7::Carmel High School (Mundelein, Illinois)"", ""5a7ddc5a5542995f4f4022da::doc_5::Monroe Catholic High School"", ""5a7ddc5a5542995f4f4022da::doc_1::Spalding Catholic High School"", ""5a7ddc5a5542995f4f4022da::doc_9::Bishop Sullivan Catholic High School"", ""5a7ddc5a5542995f4f4022da::doc_0::John S. Burke Catholic High School"", ""5a7ddc5a5542995f4f4022da::doc_2::St. Petersburg Catholic High School"", ""5ac0d83a554299294b219038::doc_3::Bishop Gorman High School""]","[0.827722, 0.671053, 0.573895, 0.543231, 0.5393, 0.528, 0.50676, 0.454335, 0.444762, 0.362813]",1.0,1.0,1.0
tfidf,5a7a1cd85542990783324e65,"[""5a7a1cd85542990783324e65::doc_4::Michigan Democratic primary, 2016"", ""5a7a1cd85542990783324e65::doc_1::United States presidential election, 2016"", ""5a7a1cd85542990783324e65::doc_6::United States presidential election, 1968"", ""5a7a1cd85542990783324e65::doc_7::United States presidential election, 1960"", ""5a7a1cd85542990783324e65::doc_0::United States presidential election, 1976"", ""5a7a1cd85542990783324e65::doc_2::United States presidential election, 2012"", ""5a7a1cd85542990783324e65::doc_9::United States presidential election, 1892"", ""5a7a1cd85542990783324e65::doc_5::United States presidential election, 2020"", ""5a7a1cd85542990783324e65::doc_8::United States presidential election, 1964"", ""5a7a1cd85542990783324e65::doc_3::2044 election""]","[0.589998, 0.410354, 0.36538, 0.330607, 0.324788, 0.306397, 0.289889, 0.284632, 0.276369, 0.26958]",1.0,1.0,1.0
tfidf,5ae0a59a55429945ae9593e2,"[""5ae0a59a55429945ae9593e2::doc_8::Catuvellauni"", ""5ae0a59a55429945ae9593e2::doc_6::Roman conquest of Britain"", ""5ab2659e554299340b5254b2::doc_8::Sasanian Empire"", ""5ae0a59a55429945ae9593e2::doc_0::Romano-British culture"", ""5ae0a59a55429945ae9593e2::doc_4::AD 43"", ""5ab2659e554299340b5254b2::doc_1::Khosrow IV"", ""5ae0a59a55429945ae9593e2::doc_5::Togodumnus"", ""5ae0a59a55429945ae9593e2::doc_9::History of England"", ""5ae0a59a55429945ae9593e2::doc_1::History of Wales"", ""5ae0a59a55429945ae9593e2::doc_3::Corieltauvi""]","[0.297908, 0.272891, 0.237235, 0.231739, 0.206947, 0.191789, 0.177268, 0.165038, 0.158682, 0.156945]",0.81753,1.0,1.0
tfidf,5a8b987f5542997f31a41d7a,"[""5a8b987f5542997f31a41d7a::doc_0::&quot;Q&quot; Is for Quarry"", ""5a8b987f5542997f31a41d7a::doc_7::Rubislaw quarry"", ""5a8b987f5542997f31a41d7a::doc_3::Sue Grafton"", ""5a8b987f5542997f31a41d7a::doc_8::He Who Whispers"", ""5a8b987f5542997f31a41d7a::doc_1::Lake District Mysteries"", ""5a8b987f5542997f31a41d7a::doc_5::C. Hugh Holman"", ""5a77152355429966f1a36c2e::doc_9::What Are Little Girls Made Of?"", ""5a8b987f5542997f31a41d7a::doc_9::The Crooked Hinge"", ""5ac2bbd0554299218029db09::doc_2::William Goldman"", ""5ae63dad55429929b0807afe::doc_6::Hunter Davies""]","[0.390049, 0.246752, 0.237771, 0.18185, 0.168372, 0.164887, 0.160159, 0.142802, 0.130417, 0.129195]",0.919721,1.0,1.0
tfidf,5a8739a05542994775f607ab,"[""5a8739a05542994775f607ab::doc_3::New York's 1st State Senate district"", ""5a8739a05542994775f607ab::doc_1::New York's 2nd State Senate district"", ""5a8739a05542994775f607ab::doc_9::New York's 4th State Senate district"", ""5a8739a05542994775f607ab::doc_5::New York's 3rd State Senate district"", ""5a8739a05542994775f607ab::doc_2::Nesting (voting districts)"", ""5a8739a05542994775f607ab::doc_8::Hawaii Senate"", ""5a8739a05542994775f607ab::doc_4::California State Senate"", ""5a8739a05542994775f607ab::doc_0::Kenneth LaValle"", ""5a8739a05542994775f607ab::doc_7::Andrea Stewart-Cousins"", ""5a760ab65542994ccc918697::doc_4::President pro tempore of the United States Senate""]","[0.43445, 0.39033, 0.379456, 0.378095, 0.365024, 0.337526, 0.286296, 0.23817, 0.234022, 0.195217]",0.806574,1.0,1.0
tfidf,5ae67dba55429908198fa5f0,"[""5ae67dba55429908198fa5f0::doc_8::Memphis Hustle"", ""5ae67dba55429908198fa5f0::doc_6::West Memphis, Arkansas"", ""5ae67dba55429908198fa5f0::doc_1::Lakeland, Tennessee"", ""5ae67dba55429908198fa5f0::doc_7::Southaven, Mississippi"", ""5ae67dba55429908198fa5f0::doc_5::Marion, Arkansas"", ""5ae67dba55429908198fa5f0::doc_4::Memphis metropolitan area"", ""5ae67dba55429908198fa5f0::doc_9::Olive Branch, Mississippi"", ""5ae67dba55429908198fa5f0::doc_3::Covington, Tennessee"", ""5ae67dba55429908198fa5f0::doc_0::Ellenbrook, Western Australia"", ""5ae67dba55429908198fa5f0::doc_2::Millington, Tennessee""]","[0.497137, 0.351974, 0.321543, 0.296103, 0.285484, 0.275755, 0.239735, 0.217687, 0.206952, 0.204719]",0.877215,1.0,1.0
tfidf,5a7b3f4d5542992d025e67bb,"[""5a7b3f4d5542992d025e67bb::doc_8::A Christmas Story: The Musical"", ""5a7b3f4d5542992d025e67bb::doc_5::La La Land (soundtrack)"", ""5a7b3f4d5542992d025e67bb::doc_4::List of accolades received by La La Land"", ""5a7b3f4d5542992d025e67bb::doc_2::Pasek and Paul"", ""5a7b3f4d5542992d025e67bb::doc_9::Mary Zophres"", ""5a7b3f4d5542992d025e67bb::doc_0::City of Stars"", ""5a7b3f4d5542992d025e67bb::doc_6::Audition (The Fools Who Dream)"", ""5a7b3f4d5542992d025e67bb::doc_7::La La Land (Demi Lovato song)"", ""5a87c13f5542996e4f30890c::doc_1::La Boh\u00e8me (1988 film)"", ""5a7b3f4d5542992d025e67bb::doc_1::Another Day of Sun""]","[0.41148, 0.365987, 0.312963, 0.280748, 0.255045, 0.241102, 0.225713, 0.223729, 0.182976, 0.182308]",0.877215,1.0,1.0
tfidf,5ae2dfd155429928c423951b,"[""5ae2dfd155429928c423951b::doc_7::Shelly Beach, New South Wales"", ""5ae2dfd155429928c423951b::doc_4::Shelly Beach (Manly)"", ""5ae2dfd155429928c423951b::doc_0::Mount View, New South Wales"", ""5ae2dfd155429928c423951b::doc_6::City of Newcastle"", ""5ae2dfd155429928c423951b::doc_2::Bucketty"", ""5abd01205542992ac4f3819b::doc_2::Casino, New South Wales"", ""5ae2dfd155429928c423951b::doc_5::Unincorporated Far West Region"", ""5abd01205542992ac4f3819b::doc_1::Wollongbar, New South Wales"", ""5abd01205542992ac4f3819b::doc_7::Tenterfield, New South Wales"", ""5ae2dfd155429928c423951b::doc_8::Niagara Park, New South Wales""]","[0.600911, 0.459144, 0.443281, 0.413818, 0.397444, 0.394128, 0.394062, 0.387486, 0.385387, 0.349148]",0.877215,1.0,1.0
tfidf,5ab6ba245542995eadef007f,"[""5ab6ba245542995eadef007f::doc_5::Bamboo Ma\u00f1alac"", ""5ab6ba245542995eadef007f::doc_7::Bamboo (band)"", ""5ab6ba245542995eadef007f::doc_2::Danny Jones"", ""5ab6ba245542995eadef007f::doc_8::No Water, No Moon"", ""5ab6ba245542995eadef007f::doc_3::As the Music Plays"", ""5ab6ba245542995eadef007f::doc_4::Rivermaya"", ""5ab6ba245542995eadef007f::doc_6::The Voice Teens (Philippine TV series)"", ""5ab6ba245542995eadef007f::doc_1::Kakoy Legaspi"", ""5ab6ba245542995eadef007f::doc_9::The Voice of the Philippines"", ""5ab6ba245542995eadef007f::doc_0::The Voice Teens (Philippines season 1)""]","[0.525068, 0.366855, 0.304571, 0.300814, 0.262728, 0.179582, 0.174264, 0.163821, 0.138205, 0.137732]",0.919721,1.0,1.0
tfidf,5ab8854555429934fafe6e0c,"[""5ab8854555429934fafe6e0c::doc_7::Hanna Varis"", ""5ab8854555429934fafe6e0c::doc_8::Albertina"", ""5ab8854555429934fafe6e0c::doc_6::Darayim District"", ""5ab4e3065542990594ba9cb4::doc_3::Discovery Museum and Planetarium"", ""5a77152355429966f1a36c2e::doc_8::What Are Little Boys Made Of?"", ""5a77152355429966f1a36c2e::doc_9::What Are Little Girls Made Of?"", ""5a7be2595542997c3ec972ac::doc_0::The Mark on the Wall"", ""5ac2bbd0554299218029db09::doc_9::Who Goes There? (collection)"", ""5ab8854555429934fafe6e0c::doc_3::United Negro College Fund"", ""5ab8854555429934fafe6e0c::doc_4::Karaboro languages""]","[0.371756, 0.285063, 0.148889, 0.129912, 0.112174, 0.105282, 0.103492, 0.101964, 0.097595, 0.0972]",1.0,1.0,1.0
tfidf,5a8eea4a5542990e94052bb7,"[""5a8eea4a5542990e94052bb7::doc_6::Leer"", ""5a8eea4a5542990e94052bb7::doc_9::Leda (river)"", ""5a8eea4a5542990e94052bb7::doc_3::Dutch language"", ""5a8eea4a5542990e94052bb7::doc_1::English language"", ""5a8eea4a5542990e94052bb7::doc_0::German language"", ""5a8eea4a5542990e94052bb7::doc_2::Proto-Norse language"", ""5a8eea4a5542990e94052bb7::doc_8::Old Saxon"", ""5a8eea4a5542990e94052bb7::doc_4::Old Frisian"", ""5a8eea4a5542990e94052bb7::doc_5::Afrikaans"", ""5ab28019554299722f9b4d51::doc_5::List of largest pharmaceutical settlements""]","[0.426481, 0.417503, 0.324091, 0.316303, 0.275395, 0.209102, 0.193258, 0.164336, 0.145131, 0.144046]",0.580279,0.5,1.0
tfidf,5a74c85055429916b0164218,"[""5a74c85055429916b0164218::doc_8::Australian referendum, 1937"", ""5a74c85055429916b0164218::doc_6::Robin Bailie"", ""5a74c85055429916b0164218::doc_4::Paul M\u00e9fano"", ""5a74c85055429916b0164218::doc_0::Vatroslav Ro\u017ei\u0107"", ""5a74c85055429916b0164218::doc_2::Alistair Grant"", ""5a74c85055429916b0164218::doc_3::William Bonfield"", ""5ac2bbd0554299218029db09::doc_5::Man Booker International Prize"", ""5a74c85055429916b0164218::doc_7::Chawalit Kamutchati"", ""5ae73acb5542991e8301cc07::doc_2::Iron Man (TV series)"", ""5a74c85055429916b0164218::doc_5::Valentina Tereshkova""]","[0.292575, 0.204847, 0.192939, 0.191414, 0.184732, 0.181977, 0.176797, 0.1595, 0.159001, 0.156618]",0.237198,0.2,0.5
tfidf,5a88dcf9554299206df2b383,"[""5a88dcf9554299206df2b383::doc_3::Hatton Hill"", ""5a88dcf9554299206df2b383::doc_8::Hatton Castle, Angus"", ""5a88dcf9554299206df2b383::doc_4::Hatton baronets"", ""5a88dcf9554299206df2b383::doc_9::Hatton, Warwickshire"", ""5a88dcf9554299206df2b383::doc_6::Hatton Castle, Aberdeenshire"", ""5a88dcf9554299206df2b383::doc_2::Auchterhouse Castle"", ""5a88dcf9554299206df2b383::doc_5::Broughty Castle"", ""5a88dcf9554299206df2b383::doc_0::Angus cattle"", ""5a88dcf9554299206df2b383::doc_7::Hutton Castle"", ""5a7d54165542995f4f402256::doc_6::Dirleton Castle""]","[0.643776, 0.560584, 0.383704, 0.341072, 0.307001, 0.286808, 0.230853, 0.215009, 0.201762, 0.123143]",1.0,1.0,1.0
tfidf,5a7625c7554299109176e668,"[""5a7625c7554299109176e668::doc_6::Nerdist Industries"", ""5a7625c7554299109176e668::doc_7::The Nerdist Podcast"", ""5a7625c7554299109176e668::doc_2::Nerdist News"", ""5a7625c7554299109176e668::doc_3::The Drop-In (podcast)"", ""5a7625c7554299109176e668::doc_8::Jessica Chobot"", ""5a7625c7554299109176e668::doc_0::Maltin on Movies"", ""5a7625c7554299109176e668::doc_1::Comedy Film Nerds"", ""5abc0a5d5542993f40c73c64::doc_1::Freakonomics Radio"", ""5a7625c7554299109176e668::doc_5::Chris Hardwick"", ""5a7625c7554299109176e668::doc_9::Bobby Mehta""]","[0.574581, 0.46012, 0.345127, 0.252695, 0.252468, 0.246734, 0.162088, 0.15964, 0.157124, 0.157073]",0.388958,0.142857,1.0
tfidf,5ac0d83a554299294b219038,"[""5ac0d83a554299294b219038::doc_9::Vashti Cunningham"", ""5ac0d83a554299294b219038::doc_1::Randall Cunningham"", ""5ac0d83a554299294b219038::doc_0::List of multi-sport athletes"", ""5ac0d83a554299294b219038::doc_4::Randall Cunningham II"", ""5ac0d83a554299294b219038::doc_7::Nevada Union High School"", ""5a7ddc5a5542995f4f4022da::doc_6::Bishop Manogue High School"", ""5ae52c0f5542992663a4f12e::doc_5::Sullivan East High School"", ""5ac0d83a554299294b219038::doc_3::Bishop Gorman High School"", ""5a8a43eb5542996c9b8d5e82::doc_6::Grace Church School"", ""5ae52c0f5542992663a4f12e::doc_2::Port Charlotte High School""]","[0.443845, 0.428489, 0.411553, 0.409791, 0.291676, 0.243667, 0.214881, 0.21485, 0.209693, 0.205684]",0.457495,0.25,1.0
tfidf,5a790d8f554299029c4b5eec,"[""5a790d8f554299029c4b5eec::doc_1::Sharon Gannon"", ""5a790d8f554299029c4b5eec::doc_2::See Yourself"", ""5a77152355429966f1a36c2e::doc_6::Did You Ever See a Lassie?"", ""5a790d8f554299029c4b5eec::doc_9::Within You Without You"", ""5a790d8f554299029c4b5eec::doc_0::Love Songs: A Compilation... Old and New"", ""5ac23ff0554299636651994d::doc_4::Greatest Hits (Dan Fogelberg album)"", ""5ac23ff0554299636651994d::doc_0::All I Wanna Do Is Make Love to You"", ""5ab96ab755429970cfb8eacd::doc_8::Something in the Way You Move"", ""5ac23ff0554299636651994d::doc_8::Mind If We Make Love to You"", ""5a818387554299260e20a291::doc_4::Keyed Up""]","[0.392498, 0.331082, 0.260158, 0.231528, 0.182062, 0.177755, 0.174739, 0.167453, 0.164901, 0.15093]",0.650921,0.5,1.0
tfidf,5ab2c5e255429916697740ba,"[""5ab2c5e255429916697740ba::doc_5::National Hockey League All-Star Game"", ""5ab2c5e255429916697740ba::doc_1::60th National Hockey League All-Star Game"", ""5ab2c5e255429916697740ba::doc_3::Fred Doherty"", ""5ab2c5e255429916697740ba::doc_4::20th National Hockey League All-Star Game"", ""5ab2c5e255429916697740ba::doc_0::Ryan Johansen"", ""5ab2c5e255429916697740ba::doc_2::List of Stanley Cup champions"", ""5ab3e45655429976abd1bcd4::doc_5::Vermont Catamounts men's ice hockey"", ""5ab2c5e255429916697740ba::doc_7::57th National Hockey League All-Star Game"", ""5ab2c5e255429916697740ba::doc_6::Jonathan Toews"", ""5a87ab905542996e4f3088c1::doc_8::Dwyer Arena""]","[0.584162, 0.542139, 0.519335, 0.493096, 0.447156, 0.392916, 0.392402, 0.383218, 0.374263, 0.371153]",0.571429,0.5,1.0
tfidf,5abcfc365542993a06baf9d6,"[""5abcfc365542993a06baf9d6::doc_9::Sal Mineo"", ""5abcfc365542993a06baf9d6::doc_1::Rebel Without a Pause"", ""5abcfc365542993a06baf9d6::doc_0::Jack Grinnage"", ""5abcfc365542993a06baf9d6::doc_8::Stewart Stern"", ""5abcfc365542993a06baf9d6::doc_5::Corey Allen"", ""5abcfc365542993a06baf9d6::doc_2::CBS Television Workshop"", ""5abcfc365542993a06baf9d6::doc_4::Rebel Highway"", ""5abcfc365542993a06baf9d6::doc_7::Casey Braxton"", ""5ac1c6805542994ab5c67e11::doc_9::The Year Without a Santa Claus (2006 film)"", ""5abcfc365542993a06baf9d6::doc_6::James Dean""]","[0.367214, 0.323679, 0.306662, 0.249319, 0.238024, 0.219386, 0.174481, 0.166346, 0.166058, 0.163133]",0.395647,0.166667,1.0
tfidf,5a8ee6915542990e94052bad,"[""5a8ee6915542990e94052bad::doc_1::Zaheer"", ""5a8ee6915542990e94052bad::doc_5::Avatar: The Last Airbender (season 1)"", ""5a8ee6915542990e94052bad::doc_3::Iroh"", ""5a8ee6915542990e94052bad::doc_9::Avatar: The Last Airbender (season 3)"", ""5a8ee6915542990e94052bad::doc_4::Avatar: The Last Airbender (season 2)"", ""5a8ee6915542990e94052bad::doc_7::Kuvira"", ""5a8ee6915542990e94052bad::doc_6::The Legend of Korra"", ""5a8ee6915542990e94052bad::doc_0::Bolin (The Legend of Korra)"", ""5a8ee6915542990e94052bad::doc_2::List of Avatar: The Last Airbender episodes"", ""5a8ee6915542990e94052bad::doc_8::List of The Legend of Korra episodes""]","[0.439483, 0.438724, 0.429545, 0.407164, 0.398228, 0.37476, 0.367166, 0.34276, 0.277585, 0.254713]",0.42279,0.166667,1.0
tfidf,5abba4855542993f40c73b68,"[""5abba4855542993f40c73b68::doc_2::List of Dexter episodes"", ""5abba4855542993f40c73b68::doc_1::Hello, Dexter Morgan"", ""5abba4855542993f40c73b68::doc_3::Dexter (TV series)"", ""5abba4855542993f40c73b68::doc_5::Michael C. Hall"", ""5abba4855542993f40c73b68::doc_6::Sage Kirkpatrick"", ""5abba4855542993f40c73b68::doc_0::It's Alive! (Dexter)"", ""5abba4855542993f40c73b68::doc_7::The British Invasion (Dexter)"", ""5abba4855542993f40c73b68::doc_8::Vince Masuka"", ""5abba4855542993f40c73b68::doc_4::The Damage a Man Can Do"", ""5adf65555542992d7e9f9334::doc_0::Nebula Award for Best Novel""]","[0.49398, 0.480575, 0.430867, 0.428011, 0.367991, 0.335229, 0.322379, 0.304427, 0.298683, 0.158731]",0.264068,0.25,0.5
tfidf,5ae0bae555429906c02dab08,"[""5ae0bae555429906c02dab08::doc_7::Ralph Garman"", ""5ae0bae555429906c02dab08::doc_2::The Joe Schmo Show"", ""5ae0bae555429906c02dab08::doc_3::List of The Joe Schmo Show episodes"", ""5ae819ac55429952e35eaa16::doc_3::James Carroll (actor)"", ""5ae0bae555429906c02dab08::doc_5::Lance Krall"", ""5ae0bae555429906c02dab08::doc_8::Robert Belushi"", ""5abc0a5d5542993f40c73c64::doc_1::Freakonomics Radio"", ""5a7625c7554299109176e668::doc_5::Chris Hardwick"", ""5ae0bae555429906c02dab08::doc_1::Free Radio (TV series)"", ""5ae73acb5542991e8301cc07::doc_4::List of The Office (U.S. TV series) characters""]","[0.445258, 0.335823, 0.319894, 0.256796, 0.246254, 0.204626, 0.194503, 0.191042, 0.182244, 0.150621]",0.613147,1.0,0.5
tfidf,5ab271fe554299449642c8a6,"[""5ab271fe554299449642c8a6::doc_7::The Importance of Being Icelandic"", ""5ab271fe554299449642c8a6::doc_1::Music composition and composers in Pristina"", ""5ac298f9554299657fa28fc9::doc_0::Where We Belong (Lostprophets song)"", ""5ab271fe554299449642c8a6::doc_3::Parody film"", ""5ab271fe554299449642c8a6::doc_6::Buddy film"", ""5ab271fe554299449642c8a6::doc_8::The Five Obstructions"", ""5ab271fe554299449642c8a6::doc_2::Take 21"", ""5ac23ff0554299636651994d::doc_0::All I Wanna Do Is Make Love to You"", ""5ab271fe554299449642c8a6::doc_4::Three are Three"", ""5ab271fe554299449642c8a6::doc_0::Film laboratory""]","[0.390812, 0.224916, 0.191957, 0.176789, 0.167876, 0.167763, 0.143333, 0.131211, 0.117084, 0.110604]",0.831555,1.0,1.0
tfidf,5a7997a2554299029c4b5f59,"[""5a7997a2554299029c4b5f59::doc_7::Tefik Mborja"", ""5a7997a2554299029c4b5f59::doc_5::People's Socialist Republic of Albania"", ""5a7997a2554299029c4b5f59::doc_6::Albanian Fascist Party"", ""5a7997a2554299029c4b5f59::doc_9::Hungarian Communist Party"", ""5a7997a2554299029c4b5f59::doc_3::United Bermuda Party"", ""5a7997a2554299029c4b5f59::doc_0::Swedish general election, 1982"", ""5a879adb5542996e4f30887f::doc_4::Abteilungsleiter (NSDAP)"", ""5add61d65542995b365fab21::doc_3::Mikhail Suslov"", ""5a7997a2554299029c4b5f59::doc_4::Australian federal election, 1972"", ""5a7997a2554299029c4b5f59::doc_2::Confederation of Mexican Workers""]","[0.521536, 0.283969, 0.252312, 0.172095, 0.161213, 0.152512, 0.13626, 0.131166, 0.127989, 0.112799]",0.919721,1.0,1.0
tfidf,5add673e5542992ae4cec54d,"[""5add673e5542992ae4cec54d::doc_6::Joe Walker (American football)"", ""5add673e5542992ae4cec54d::doc_1::Civil War (college football game)"", ""5a8b20335542996c9b8d5fb3::doc_4::Ayana Walker"", ""5add673e5542992ae4cec54d::doc_3::The Rivalry (Lehigh\u2013Lafayette)"", ""5add673e5542992ae4cec54d::doc_4::1983 Oregon State vs. Oregon football game"", ""5add673e5542992ae4cec54d::doc_9::Battle for the Bell"", ""5add673e5542992ae4cec54d::doc_8::Army\u2013Navy Game"", ""5add673e5542992ae4cec54d::doc_5::Magnolia Bowl"", ""5ab2c5e255429916697740ba::doc_1::60th National Hockey League All-Star Game"", ""5add673e5542992ae4cec54d::doc_0::Oregon Ducks football""]","[0.321249, 0.303298, 0.27651, 0.270025, 0.214904, 0.207245, 0.203913, 0.187516, 0.172943, 0.172476]",0.790386,1.0,1.0
tfidf,5ae819ac55429952e35eaa16,"[""5ae819ac55429952e35eaa16::doc_9::Marry Me a Little, Marry Me a Little More"", ""5a77152355429966f1a36c2e::doc_9::What Are Little Girls Made Of?"", ""5ae819ac55429952e35eaa16::doc_1::David Kohan"", ""5a77152355429966f1a36c2e::doc_8::What Are Little Boys Made Of?"", ""5a87c13f5542996e4f30890c::doc_1::La Boh\u00e8me (1988 film)"", ""5ae819ac55429952e35eaa16::doc_6::Partners (2012 TV series)"", ""5ae819ac55429952e35eaa16::doc_4::The Stones (TV series)"", ""5ae37c765542992f92d822d4::doc_4::List of Romeo \u00d7 Juliet episodes"", ""5ae819ac55429952e35eaa16::doc_0::Boston Common (TV series)"", ""5ae819ac55429952e35eaa16::doc_7::Four Kings""]","[0.747795, 0.297825, 0.281853, 0.206487, 0.198412, 0.179849, 0.174732, 0.171273, 0.170087, 0.164652]",0.613147,1.0,0.5
tfidf,5aba65a055429939ce03dcd2,"[""5aba65a055429939ce03dcd2::doc_0::Georges-Henri Bousquet"", ""5aba65a055429939ce03dcd2::doc_7::Latresne"", ""5ae0361155429925eb1afc2c::doc_1::Georges Madon"", ""5aba65a055429939ce03dcd2::doc_5::Don Bousquet"", ""5a7b8749554299294a54a9db::doc_4::Henri Bergson"", ""5aba65a055429939ce03dcd2::doc_1::Sally Gibson"", ""5aba65a055429939ce03dcd2::doc_4::Blackstone River and Canal Heritage State Park"", ""5aba65a055429939ce03dcd2::doc_9::John Hirst (historian)"", ""5a7b8749554299294a54a9db::doc_6::\u00c9lan vital"", ""5a77152355429966f1a36c2e::doc_9::What Are Little Girls Made Of?""]","[0.359761, 0.224197, 0.171745, 0.170243, 0.161221, 0.153339, 0.15095, 0.133783, 0.126626, 0.123961]",0.613147,1.0,0.5
tfidf,5a87bada5542994846c1cddc,"[""5a87bada5542994846c1cddc::doc_2::Ravi Sethi"", ""5a87bada5542994846c1cddc::doc_4::Annie Easley"", ""5a87bada5542994846c1cddc::doc_0::Nuria Oliver"", ""5a87bada5542994846c1cddc::doc_5::David H. Bailey"", ""5a87bada5542994846c1cddc::doc_8::Franz Josef Och"", ""5a87bada5542994846c1cddc::doc_3::Sethi\u2013Ullman algorithm"", ""5a87bada5542994846c1cddc::doc_7::Bell Labs"", ""5abd94525542992ac4f382d2::doc_6::List of songs written by Ravi"", ""5a87bada5542994846c1cddc::doc_1::Pharma Medica"", ""5a87bada5542994846c1cddc::doc_6::Compilers: Principles, Techniques, and Tools""]","[0.416718, 0.272588, 0.26924, 0.267618, 0.265017, 0.255003, 0.174759, 0.159797, 0.157076, 0.154322]",0.81753,1.0,1.0
tfidf,5ae74fc45542997b22f6a6b4,"[""5ae74fc45542997b22f6a6b4::doc_3::Yi Guan"", ""5ae74fc45542997b22f6a6b4::doc_6::Chronic Respiratory Disease"", ""5ae74fc45542997b22f6a6b4::doc_0::Timeline of the SARS outbreak"", ""5ae74fc45542997b22f6a6b4::doc_7::SARS (disambiguation)"", ""5ae74fc45542997b22f6a6b4::doc_2::Journal of Thoracic Disease"", ""5ae74fc45542997b22f6a6b4::doc_8::Feline viral rhinotracheitis"", ""5ae74fc45542997b22f6a6b4::doc_5::Severe acute respiratory syndrome"", ""5ae74fc45542997b22f6a6b4::doc_4::Irish Thoracic Society"", ""5ae74fc45542997b22f6a6b4::doc_1::Pulmonary rehabilitation"", ""5ae74fc45542997b22f6a6b4::doc_9::Asthma-related microbes""]","[0.46887, 0.258517, 0.239232, 0.231005, 0.22302, 0.199131, 0.197841, 0.183206, 0.171101, 0.117614]",0.919721,1.0,1.0
tfidf,5adf65555542992d7e9f9334,"[""5adf65555542992d7e9f9334::doc_4::Dim Gray Bar Press"", ""5adf65555542992d7e9f9334::doc_2::New York State Writers Hall of Fame"", ""5adf65555542992d7e9f9334::doc_8::Wendell Berry"", ""5a713a5a5542994082a3e6a9::doc_9::Maxine's Tap Room"", ""5adf65555542992d7e9f9334::doc_6::Blinkey Horn"", ""5a713a5a5542994082a3e6a9::doc_8::Ragbi Klub Mornar Bar"", ""5a7f113d55429934daa2fcbe::doc_0::Eddy Furniss"", ""5adf65555542992d7e9f9334::doc_1::Melissa Fay Greene"", ""5adf65555542992d7e9f9334::doc_5::Jay Cronley"", ""5adf65555542992d7e9f9334::doc_7::Winfred Blevins""]","[0.275427, 0.262912, 0.176836, 0.174776, 0.156377, 0.152615, 0.145414, 0.138828, 0.136428, 0.13579]",0.919721,1.0,1.0
tfidf,5ade69e455429975fa854ec5,"[""5ade69e455429975fa854ec5::doc_5::Phhir"", ""5ade69e455429975fa854ec5::doc_1::1920 (film)"", ""5ade69e455429975fa854ec5::doc_6::Rajneesh Duggal"", ""5ade69e455429975fa854ec5::doc_9::Ankahee (2006 film)"", ""5ade69e455429975fa854ec5::doc_8::1920 (film series)"", ""5ade69e455429975fa854ec5::doc_4::Inteha (2003 film)"", ""5ade69e455429975fa854ec5::doc_0::Anhoniyon Ka Andhera"", ""5ade69e455429975fa854ec5::doc_2::Be Careful (film)"", ""5ade69e455429975fa854ec5::doc_3::Spark (2014 film)"", ""5ade69e455429975fa854ec5::doc_7::Udanchhoo""]","[0.351861, 0.314666, 0.299413, 0.276024, 0.249982, 0.242833, 0.202632, 0.183532, 0.15468, 0.11957]",0.624051,0.5,1.0
tfidf,5ae057fd55429945ae959328,"[""5ae057fd55429945ae959328::doc_4::Robert Smith (Illinois politician)"", ""5ae057fd55429945ae959328::doc_9::Corey Smith (artist)"", ""5ae057fd55429945ae959328::doc_7::Hyrum W. Smith"", ""5ae057fd55429945ae959328::doc_6::Henkel"", ""5ae057fd55429945ae959328::doc_2::Stevanato Group"", ""5ae057fd55429945ae959328::doc_3::RetailMeNot"", ""5a86ebac55429960ec39b6d6::doc_1::Robert's American Gourmet Food"", ""5ae057fd55429945ae959328::doc_8::Equinix"", ""5a74106b55429979e288289e::doc_6::Tata Consultancy Services"", ""5a77152355429966f1a36c2e::doc_9::What Are Little Girls Made Of?""]","[0.385385, 0.246681, 0.242827, 0.233281, 0.220173, 0.19266, 0.191461, 0.188285, 0.158202, 0.153325]",0.613147,1.0,0.5
tfidf,5ab28019554299722f9b4d51,"[""5ab28019554299722f9b4d51::doc_6::Al Utouriya"", ""5a77c1505542997042120b1b::doc_7::She's Got the Rhythm (And I Got the Blues)"", ""5ab28019554299722f9b4d51::doc_5::List of largest pharmaceutical settlements"", ""5ab28019554299722f9b4d51::doc_3::Mana Al Otaiba"", ""5ab28019554299722f9b4d51::doc_0::Fraley v. Facebook, Inc."", ""5ab28019554299722f9b4d51::doc_4::Damian Wayne"", ""5ae748d1554299572ea547b0::doc_2::Detroit Tigers"", ""5ab28019554299722f9b4d51::doc_8::Tell El Sakan"", ""5ab28019554299722f9b4d51::doc_9::Son of al Qaeda"", ""5a77c1505542997042120b1b::doc_5::A Lot About Livin' (And a Little 'bout Love)""]","[0.315788, 0.245645, 0.234557, 0.216471, 0.2125, 0.199426, 0.191928, 0.182011, 0.173833, 0.157]",0.184576,0.111111,0.5
tfidf,5a75f79555429976ec32bcca,"[""5a75f79555429976ec32bcca::doc_5::2002\u201303 Australian region cyclone season"", ""5a75f79555429976ec32bcca::doc_0::Cyclone Donna"", ""5a75f79555429976ec32bcca::doc_2::Cyclone Anne"", ""5a75f79555429976ec32bcca::doc_6::Cyclone Gonu"", ""5a75f79555429976ec32bcca::doc_9::2011\u201312 South Pacific cyclone season"", ""5a75f79555429976ec32bcca::doc_4::Cyclone Hondo"", ""5a75f79555429976ec32bcca::doc_8::Cyclone Esau"", ""5a75f79555429976ec32bcca::doc_7::Cyclone Kesiny"", ""5a75f79555429976ec32bcca::doc_1::1999 Odisha cyclone"", ""5a75f79555429976ec32bcca::doc_3::Kathantara""]","[0.575039, 0.504659, 0.489011, 0.481188, 0.466732, 0.431924, 0.414049, 0.387868, 0.331947, 0.182289]",0.361815,0.111111,1.0
tfidf,5adef80b5542993a75d263c4,"[""5adef80b5542993a75d263c4::doc_2::Snatch (TV series)"", ""5adef80b5542993a75d263c4::doc_0::Snatch (film)"", ""5adef80b5542993a75d263c4::doc_7::Please Don't Eat the Daisies"", ""5adef80b5542993a75d263c4::doc_6::Please Twins!"", ""5adef80b5542993a75d263c4::doc_8::Gilmore Girls: A Year in the Life"", ""5adef80b5542993a75d263c4::doc_5::AXN"", ""5adef80b5542993a75d263c4::doc_1::Orange Is the New Black"", ""5a77152355429966f1a36c2e::doc_9::What Are Little Girls Made Of?"", ""5adef80b5542993a75d263c4::doc_4::Romper Stomper (TV series)"", ""5a738fe855429908901be2fb::doc_7::Samuel Sim""]","[0.410752, 0.289667, 0.201895, 0.191571, 0.186837, 0.182464, 0.169953, 0.164233, 0.154456, 0.138222]",1.0,1.0,1.0
tfidf,5ae0aaf455429945ae959401,"[""5ae0aaf455429945ae959401::doc_4::Chris Williams (English footballer)"", ""5ae0aaf455429945ae959401::doc_1::National League North"", ""5ae0aaf455429945ae959401::doc_6::National League (English football)"", ""5ae0aaf455429945ae959401::doc_5::National League South"", ""5ae0aaf455429945ae959401::doc_3::Gainsborough Trinity F.C."", ""5ae0aaf455429945ae959401::doc_8::Salford City F.C."", ""5aba7cfe554299232ef4a2fd::doc_2::EFL Cup"", ""5ae0aaf455429945ae959401::doc_7::Curzon Ashton F.C."", ""5ae0aaf455429945ae959401::doc_0::Boston United F.C."", ""5add673e5542992ae4cec54d::doc_6::Joe Walker (American football)""]","[0.420834, 0.406278, 0.386415, 0.347207, 0.284589, 0.283392, 0.278092, 0.272667, 0.267449, 0.254535]",0.831555,1.0,1.0
tfidf,5ab47d765542991751b4d78f,"[""5ab47d765542991751b4d78f::doc_7::1991 Mr. Olympia"", ""5ab47d765542991751b4d78f::doc_3::1991 Ms. Olympia"", ""5ab47d765542991751b4d78f::doc_2::1980 Ms. Olympia"", ""5ab47d765542991751b4d78f::doc_9::1981 Ms. Olympia"", ""5ab47d765542991751b4d78f::doc_6::1975 Mr. Olympia"", ""5ab47d765542991751b4d78f::doc_4::2017 Mr. Olympia"", ""5ab47d765542991751b4d78f::doc_1::2012 Ms. Olympia"", ""5ab47d765542991751b4d78f::doc_0::2010 Ms. Olympia"", ""5ab47d765542991751b4d78f::doc_8::2011 Ms. Olympia"", ""5ab2a186554299295394677b::doc_7::The Forbury Hotel""]","[0.536121, 0.414973, 0.357235, 0.353199, 0.314028, 0.302057, 0.276687, 0.208048, 0.206977, 0.196624]",0.613147,1.0,0.5
tfidf,5a7ed2c655429930675135e5,"[""5a7ed2c655429930675135e5::doc_0::71st Golden Globe Awards"", ""5a7ed2c655429930675135e5::doc_7::31st Golden Globe Awards"", ""5a7ed2c655429930675135e5::doc_4::Brooklyn Nine-Nine"", ""5a7ed2c655429930675135e5::doc_1::51st Golden Globe Awards"", ""5a7ed2c655429930675135e5::doc_5::61st Golden Globe Awards"", ""5a7ed2c655429930675135e5::doc_6::Dancing on the Edge (TV series)"", ""5a7ed2c655429930675135e5::doc_3::Breaking Bad"", ""5a7ed2c655429930675135e5::doc_2::Golden Globe Award for Best Animated Feature Film"", ""5a7b3f4d5542992d025e67bb::doc_0::City of Stars"", ""5adbfbd555429947ff173893::doc_5::Maureen Dragone""]","[0.417443, 0.256006, 0.236399, 0.224375, 0.219819, 0.215713, 0.211917, 0.202839, 0.129737, 0.120267]",0.919721,1.0,1.0
tfidf,5ac3e0f7554299194317388b,"[""5ac3e0f7554299194317388b::doc_0::American Beauty (1927 film)"", ""5ac3e0f7554299194317388b::doc_9::American Beauty (soundtrack)"", ""5ac3e0f7554299194317388b::doc_5::American Beauty/American Psycho Tour"", ""5ac3e0f7554299194317388b::doc_8::American Beauty (1999 film)"", ""5a74ce9655429974ef308c6c::doc_6::Lush (company)"", ""5ac3e0f7554299194317388b::doc_1::Miss American Beauty 1963"", ""5ac2bbd0554299218029db09::doc_8::A Thing of Beauty"", ""5ac3e0f7554299194317388b::doc_2::Coty, Inc."", ""5ac3e0f7554299194317388b::doc_4::List of accolades received by American Beauty"", ""5ac3e0f7554299194317388b::doc_6::The Kids Aren't Alright (Fall Out Boy song)""]","[0.371766, 0.338942, 0.298247, 0.29705, 0.273655, 0.271924, 0.262021, 0.241539, 0.238595, 0.237304]",0.650921,0.5,1.0
tfidf,5a7bae20554299294a54aa96,"[""5a7bae20554299294a54aa96::doc_4::Freedom Watch with Judge Napolitano"", ""5a7bae20554299294a54aa96::doc_2::Nicki Minaj"", ""5a7bae20554299294a54aa96::doc_9::On the Ball (ITV television show)"", ""5a86ebac55429960ec39b6d6::doc_2::Rewrapped"", ""5a7bae20554299294a54aa96::doc_3::Rewrapped"", ""5a7bae20554299294a54aa96::doc_7::The House of Tiny Tearaways"", ""5ae0bae555429906c02dab08::doc_2::The Joe Schmo Show"", ""5ae0bae555429906c02dab08::doc_3::List of The Joe Schmo Show episodes"", ""5a7bae20554299294a54aa96::doc_1::The Sarah Millican Television Programme"", ""5a7bae20554299294a54aa96::doc_5::The Apartment - Design Your Destiny""]","[0.262776, 0.234569, 0.197635, 0.178914, 0.178914, 0.155742, 0.152089, 0.146569, 0.141599, 0.125739]",0.386853,0.5,0.5
tfidf,5ab8ee035542991b5579f04b,"[""5ab8ee035542991b5579f04b::doc_7::The Memory of Our People"", ""5ab8ee035542991b5579f04b::doc_4::Rat rod"", ""5ae058e855429945ae959331::doc_8::List of magazines in Portugal"", ""5ab8ee035542991b5579f04b::doc_9::Hot Rod Lincoln"", ""5ab8ee035542991b5579f04b::doc_0::National Hot Rod Reunion"", ""5ab8ee035542991b5579f04b::doc_6::Hot Rod (magazine)"", ""5ae058e855429945ae959331::doc_1::List of magazines in Austria"", ""5ab8ee035542991b5579f04b::doc_2::California Hot Rod Reunion"", ""5ab8ee035542991b5579f04b::doc_5::Fender Hot Rod Deluxe"", ""5a7b8749554299294a54a9db::doc_9::Matter and Memory""]","[0.402776, 0.379545, 0.373656, 0.362804, 0.326145, 0.320031, 0.313516, 0.300388, 0.262706, 0.250839]",0.831555,1.0,1.0
tfidf,5a7a276d5542996c55b2dd27,"[""5a7a276d5542996c55b2dd27::doc_2::Charles Hastings Judd"", ""5a7a276d5542996c55b2dd27::doc_4::George W. Macfarlane"", ""5a7a276d5542996c55b2dd27::doc_1::Merrie Monarch Festival"", ""5a7a276d5542996c55b2dd27::doc_7::Staff (military)"", ""5a7a276d5542996c55b2dd27::doc_5::Corps of Military Staff Clerks"", ""5a7a276d5542996c55b2dd27::doc_6::Ottoman Military College"", ""5a7a5b3a5542996c55b2dd71::doc_3::Accession Council"", ""5a88658955429938390d3f47::doc_0::2010 Kiev Victory Day Parade"", ""5a7a276d5542996c55b2dd27::doc_0::James A. Winnefeld Jr."", ""5a7a276d5542996c55b2dd27::doc_8::Kal\u0101kaua""]","[0.386782, 0.321724, 0.303499, 0.300066, 0.262925, 0.199655, 0.170763, 0.16364, 0.157783, 0.152014]",0.790386,1.0,1.0
tfidf,5a717d4c5542994082a3e854,"[""5a717d4c5542994082a3e854::doc_2::Pavel Alexandrov"", ""5a717d4c5542994082a3e854::doc_6::Semyon Aranovich Gershgorin"", ""5a717d4c5542994082a3e854::doc_9::Gershgorin circle theorem"", ""5a717d4c5542994082a3e854::doc_4::Semyon Aranovich"", ""5a717d4c5542994082a3e854::doc_7::Confrontation (TV series)"", ""5a717d4c5542994082a3e854::doc_5::Rafferty (1980 TV series)"", ""5a717d4c5542994082a3e854::doc_8::The Year of the Dog (film)"", ""5a717d4c5542994082a3e854::doc_3::Alexandroff extension"", ""5a717d4c5542994082a3e854::doc_1::Pavel Urysohn"", ""5a717d4c5542994082a3e854::doc_0::Nerve of a covering""]","[0.363436, 0.338656, 0.311652, 0.297023, 0.182852, 0.155147, 0.140007, 0.133527, 0.127052, 0.112499]",1.0,1.0,1.0
tfidf,5ac02e31554299294b218f3f,"[""5ac02e31554299294b218f3f::doc_1::List of DC Extended Universe cast members"", ""5ac02e31554299294b218f3f::doc_0::DC Extended Universe"", ""5ac02e31554299294b218f3f::doc_4::Aquaman (film)"", ""5ac02e31554299294b218f3f::doc_3::Arrowverse"", ""5ac02e31554299294b218f3f::doc_7::Gal Gadot"", ""5ac02e31554299294b218f3f::doc_5::Justice League (film)"", ""5ac02e31554299294b218f3f::doc_8::Man of Steel (film)"", ""5ac02e31554299294b218f3f::doc_2::Suicide Squad (film)"", ""5ac02e31554299294b218f3f::doc_9::Wonder Woman (2017 film)"", ""5ae5aba0554299546bf82f17::doc_0::List of Teen Titans Go! episodes""]","[0.562608, 0.455571, 0.298206, 0.259685, 0.240519, 0.236123, 0.228542, 0.212518, 0.177441, 0.139924]",0.455605,0.2,1.0
tfidf,5a79ea435542996c55b2dc9e,"[""5a79ea435542996c55b2dc9e::doc_4::United States naval gunfire support debate"", ""5a79ea435542996c55b2dc9e::doc_0::USS New Jersey (BB-62)"", ""5a79ea435542996c55b2dc9e::doc_1::Operation Market Time"", ""5a79ea435542996c55b2dc9e::doc_3::J. Edward Snyder"", ""5a79ea435542996c55b2dc9e::doc_5::Naval gunfire support"", ""5a79ea435542996c55b2dc9e::doc_9::French battleship Jean Bart (1911)"", ""5a79ea435542996c55b2dc9e::doc_6::Tonkin Gulf Yacht Club"", ""5a79ea435542996c55b2dc9e::doc_8::Soviet cruiser Kirov"", ""5a80721b554299485f5985ef::doc_5::Vietnam War Memorial, Hanoi"", ""5a79ea435542996c55b2dc9e::doc_7::List of battleships of Italy""]","[0.329861, 0.313286, 0.291888, 0.286651, 0.269878, 0.248726, 0.23457, 0.227584, 0.22084, 0.192445]",0.650921,0.5,1.0
tfidf,5ab7e4dc5542995dae37e9df,"[""5ab7e4dc5542995dae37e9df::doc_3::The Polar Bears"", ""5ab7e4dc5542995dae37e9df::doc_2::Armie Hammer"", ""5ab7e4dc5542995dae37e9df::doc_7::Cars 3"", ""5ab6ba245542995eadef007f::doc_9::The Voice of the Philippines"", ""5ab6ba245542995eadef007f::doc_0::The Voice Teens (Philippines season 1)"", ""5ab7e4dc5542995dae37e9df::doc_5::Beatitude (album)"", ""5ab7e4dc5542995dae37e9df::doc_4::Cheech Marin"", ""5abcfc365542993a06baf9d6::doc_3::Jim Backus"", ""5ab4e3065542990594ba9cb4::doc_1::Every Voice"", ""5ae6050f55429929b0807a5e::doc_3::Kate Higgins""]","[0.348839, 0.320966, 0.243527, 0.230983, 0.225349, 0.209921, 0.200209, 0.187754, 0.186977, 0.181659]",1.0,1.0,1.0
tfidf,5a834ed95542990548d0b1ca,"[""5a834ed95542990548d0b1ca::doc_7::712 Fifth Avenue"", ""5a834ed95542990548d0b1ca::doc_1::Manhattan Life Insurance Company"", ""5a834ed95542990548d0b1ca::doc_4::Manhattan Life Insurance Building"", ""5a834ed95542990548d0b1ca::doc_2::New York Life Building"", ""5a834ed95542990548d0b1ca::doc_3::Supreme Life Building"", ""5a834ed95542990548d0b1ca::doc_8::Flatiron Building"", ""5a834ed95542990548d0b1ca::doc_5::New York Life Insurance Building (Montreal)"", ""5a834ed95542990548d0b1ca::doc_0::Whole life insurance"", ""5a834ed95542990548d0b1ca::doc_9::Physicians Mutual"", ""5ab56e32554299637185c594::doc_3::888 7th Avenue""]","[0.436196, 0.405255, 0.360278, 0.335005, 0.305613, 0.276824, 0.268171, 0.244828, 0.231343, 0.196809]",0.919721,1.0,1.0
tfidf,5ab41d855542996a3a969f4b,"[""5ab41d855542996a3a969f4b::doc_7::Kent County Cricket Club in 2011"", ""5ab41d855542996a3a969f4b::doc_6::Tom Caplen"", ""5ab41d855542996a3a969f4b::doc_3::List of Kent County Cricket Club captains"", ""5ab41d855542996a3a969f4b::doc_5::Kent County Cricket Club in 2010"", ""5ab41d855542996a3a969f4b::doc_4::Doug Bollinger"", ""5ab41d855542996a3a969f4b::doc_8::Kent County Cricket Club in 2013"", ""5ab41d855542996a3a969f4b::doc_1::Wayne Parnell"", ""5ab41d855542996a3a969f4b::doc_2::Arthur Fielder"", ""5ab41d855542996a3a969f4b::doc_9::Wahab Riaz"", ""5ab41d855542996a3a969f4b::doc_0::Jack Mason""]","[0.428142, 0.376399, 0.369496, 0.337761, 0.317913, 0.312152, 0.278824, 0.27882, 0.253712, 0.253324]",0.797723,1.0,1.0
tfidf,5a7b7ff75542995eb53be93d,"[""5a7b7ff75542995eb53be93d::doc_9::Adrian Conan Doyle"", ""5a7b7ff75542995eb53be93d::doc_6::Penelope Lively"", ""5a7b7ff75542995eb53be93d::doc_0::Dead Man's Land"", ""5a7b7ff75542995eb53be93d::doc_3::Arthur Conan Doyle"", ""5a7b7ff75542995eb53be93d::doc_4::Sherlock Holmes (1916 film)"", ""5a7b7ff75542995eb53be93d::doc_8::The Lost World (TV series)"", ""5a7b7ff75542995eb53be93d::doc_1::The Adventure of the Empty House"", ""5a7b7ff75542995eb53be93d::doc_2::The Return of Sherlock Holmes (1929 film)"", ""5a7b7ff75542995eb53be93d::doc_5::Douglas Ainslie"", ""5a7b7ff75542995eb53be93d::doc_7::Sherlock Holmes (2010 film)""]","[0.429648, 0.379915, 0.371578, 0.353403, 0.317021, 0.255364, 0.228694, 0.19922, 0.192569, 0.181885]",0.650921,0.5,1.0
tfidf,5a7d19d85542995ed0d165e8,"[""5a7d19d85542995ed0d165e8::doc_3::1983 Tennessee Volunteers football team"", ""5a7d19d85542995ed0d165e8::doc_6::1891 Tennessee Volunteers football team"", ""5a7d19d85542995ed0d165e8::doc_7::1896 Tennessee Volunteers football team"", ""5a7d19d85542995ed0d165e8::doc_8::1938 Tennessee Volunteers football team"", ""5a7d19d85542995ed0d165e8::doc_2::1984 Tennessee Volunteers football team"", ""5a7d19d85542995ed0d165e8::doc_4::1985 Tennessee Volunteers football team"", ""5a7d19d85542995ed0d165e8::doc_1::1899 Tennessee Volunteers football team"", ""5a7d19d85542995ed0d165e8::doc_5::Tennessee Volunteers football statistical leaders"", ""5a7d19d85542995ed0d165e8::doc_9::1930 Tennessee Volunteers football team"", ""5ae67dba55429908198fa5f0::doc_2::Millington, Tennessee""]","[0.532669, 0.528072, 0.518989, 0.49292, 0.489436, 0.48038, 0.452389, 0.439936, 0.430754, 0.267173]",0.237198,0.2,0.5
tfidf,5ae7ed17554299540e5a56a3,"[""5ae7ed17554299540e5a56a3::doc_1::Ernest Foot"", ""5ae7ed17554299540e5a56a3::doc_0::Lydia Litvyak"", ""5ae7ed17554299540e5a56a3::doc_2::Ilmari Juutilainen"", ""5ae7ed17554299540e5a56a3::doc_5::Fighter Pilot: Operation Red Flag"", ""5ae7ed17554299540e5a56a3::doc_9::Egon Mayer"", ""5ae7ed17554299540e5a56a3::doc_3::Manfred Meurer"", ""5ae7ed17554299540e5a56a3::doc_8::Ayesha Farooq"", ""5ae7ed17554299540e5a56a3::doc_7::Ashley Rolfe"", ""5ae7ed17554299540e5a56a3::doc_4::Paul Zorner"", ""5ae7ed17554299540e5a56a3::doc_6::Albert Ball""]","[0.477173, 0.287482, 0.264399, 0.260505, 0.259227, 0.258114, 0.249947, 0.247397, 0.216843, 0.162725]",0.790386,1.0,1.0
tfidf,5ab2659e554299340b5254b2,"[""5ab2659e554299340b5254b2::doc_2::Farrukhzad Khosrow V"", ""5ab2659e554299340b5254b2::doc_8::Sasanian Empire"", ""5ab2659e554299340b5254b2::doc_7::Samo's Empire"", ""5ab2659e554299340b5254b2::doc_0::Duchy of Thuringia"", ""5ab2659e554299340b5254b2::doc_1::Khosrow IV"", ""5ab2659e554299340b5254b2::doc_9::Hormizd VI"", ""5ab2659e554299340b5254b2::doc_6::Suintila"", ""5ab2659e554299340b5254b2::doc_5::Ashur-etil-ilani"", ""5ab2659e554299340b5254b2::doc_4::Chach of Alor"", ""5ab9b29c554299743d22ebae::doc_8::Criminal law in the Waite Court""]","[0.765297, 0.32529, 0.245042, 0.231006, 0.225759, 0.218814, 0.207174, 0.171748, 0.155446, 0.150022]",1.0,1.0,1.0
tfidf,5abd2eab5542992ac4f38210,"[""5abd2eab5542992ac4f38210::doc_7::Beverly Marshall"", ""5abd2eab5542992ac4f38210::doc_6::Victor Newman"", ""5abd2eab5542992ac4f38210::doc_1::Roger Howarth"", ""5abd2eab5542992ac4f38210::doc_9::Katie Landers"", ""5abd2eab5542992ac4f38210::doc_0::Shaunna O'Grady"", ""5abd2eab5542992ac4f38210::doc_2::Ramsay Street"", ""5add673e5542992ae4cec54d::doc_9::Battle for the Bell"", ""5abd2eab5542992ac4f38210::doc_4::John Black (Days of Our Lives)"", ""5abd2eab5542992ac4f38210::doc_5::Alamo Heights SA"", ""5abd2eab5542992ac4f38210::doc_8::Phil Mitchell""]","[0.381609, 0.244715, 0.234835, 0.201681, 0.19544, 0.18967, 0.18803, 0.1858, 0.177795, 0.175027]",0.831555,1.0,1.0
tfidf,5abaf3195542996cc5e49f2c,"[""5abaf3195542996cc5e49f2c::doc_6::Falkland Islands at the 2010 Commonwealth Games"", ""5abaf3195542996cc5e49f2c::doc_2::Falkland Islands at the 2014 Commonwealth Games"", ""5abaf3195542996cc5e49f2c::doc_0::Falkland Islands official football team"", ""5abaf3195542996cc5e49f2c::doc_7::George Paice (bowls)"", ""5abaf3195542996cc5e49f2c::doc_3::Archery at the Commonwealth Games"", ""5abaf3195542996cc5e49f2c::doc_1::2010 Commonwealth Games medal table"", ""5abaf3195542996cc5e49f2c::doc_8::2010 Commonwealth Games"", ""5abaf3195542996cc5e49f2c::doc_4::Gerald Reive"", ""5abaf3195542996cc5e49f2c::doc_5::KTV Ltd."", ""5abaf3195542996cc5e49f2c::doc_9::Samoa""]","[0.563119, 0.455102, 0.325672, 0.309901, 0.287914, 0.286573, 0.277499, 0.235845, 0.183363, 0.181508]",0.370666,0.125,1.0
tfidf,5a791a97554299148911f9f2,"[""5a791a97554299148911f9f2::doc_6::Ellie Kemper"", ""5a791a97554299148911f9f2::doc_4::Unbreakable Kimmy Schmidt"", ""5a791a97554299148911f9f2::doc_5::List of Unbreakable Kimmy Schmidt episodes"", ""5a791a97554299148911f9f2::doc_1::Claire Temple (Marvel Cinematic Universe)"", ""5a791a97554299148911f9f2::doc_0::Kimmy Schmidt"", ""5a791a97554299148911f9f2::doc_3::Claire Liddell"", ""5a791a97554299148911f9f2::doc_9::Sam Means"", ""5a791a97554299148911f9f2::doc_7::Wet Hot American Summer (series)"", ""5a791a97554299148911f9f2::doc_8::Azie Mira Dungey"", ""5adef80b5542993a75d263c4::doc_1::Orange Is the New Black""]","[0.423938, 0.341212, 0.337304, 0.218524, 0.212558, 0.183597, 0.179839, 0.16634, 0.156351, 0.152923]",0.850345,1.0,1.0
tfidf,5adf58f15542993a75d264d2,"[""5adf58f15542993a75d264d2::doc_1::The Young Ones (video game)"", ""5adf58f15542993a75d264d2::doc_9::The Young Ones (TV series)"", ""5adf58f15542993a75d264d2::doc_3::Oh, No! Not THEM!"", ""5adf58f15542993a75d264d2::doc_6::Filthy Rich &amp; Catflap"", ""5adbfbd555429947ff173893::doc_9::Young Hollywood Awards"", ""5adf58f15542993a75d264d2::doc_0::Ade Edmondson"", ""5ab7f0015542992aa3b8c88b::doc_7::Zachary Throne"", ""5adf58f15542993a75d264d2::doc_2::Roland Rat"", ""5adf58f15542993a75d264d2::doc_5::Ben Elton"", ""5a738fe855429908901be2fb::doc_1::Beautiful Young Minds""]","[0.54026, 0.303097, 0.286632, 0.253739, 0.2185, 0.212675, 0.18184, 0.179186, 0.168776, 0.165381]",0.218407,0.166667,0.5
tfidf,5adc65e85542996e68525350,"[""5adc65e85542996e68525350::doc_1::Yandu District"", ""5adc65e85542996e68525350::doc_3::Dafeng District"", ""5adc65e85542996e68525350::doc_2::Dazhou"", ""5adc65e85542996e68525350::doc_4::Tinghu District"", ""5ab8854555429934fafe6e0c::doc_6::Darayim District"", ""5a7d61775542991319bc93b9::doc_1::Bharatpur district"", ""5adc65e85542996e68525350::doc_0::Sichuan\u2013Shanghai gas pipeline"", ""5a8b987f5542997f31a41d7a::doc_1::Lake District Mysteries"", ""5ae32e125542991a06ce9946::doc_8::Borough of Berwick-upon-Tweed"", ""5ae32e125542991a06ce9946::doc_7::Sauce Viejo, Argentina""]","[0.384087, 0.345187, 0.342547, 0.332082, 0.210957, 0.171753, 0.157, 0.14025, 0.122632, 0.106037]",0.693426,0.5,1.0
tfidf,5a87ab9b5542996e4f3088c2,"[""5a87ab9b5542996e4f3088c2::doc_1::Tippecanoe order of battle"", ""5a87ab9b5542996e4f3088c2::doc_6::Battle of Tippecanoe"", ""5a87ab9b5542996e4f3088c2::doc_3::Tecumseh"", ""5a87ab9b5542996e4f3088c2::doc_7::Prophetstown State Park"", ""5a87ab9b5542996e4f3088c2::doc_8::Battle of Fallen Timbers"", ""5a87ab9b5542996e4f3088c2::doc_4::Tecumseh's Confederacy"", ""5a87ab9b5542996e4f3088c2::doc_2::Tenskwatawa"", ""5a7633ad5542992db9473741::doc_2::Seven Days Union order of battle"", ""5a7633ad5542992db9473741::doc_0::Seven Days Confederate order of battle"", ""5a87ab9b5542996e4f3088c2::doc_0::Kasi (Pashtun tribe)""]","[0.409535, 0.37694, 0.373223, 0.231705, 0.217808, 0.215789, 0.213413, 0.205021, 0.199265, 0.157158]",0.919721,1.0,1.0
tfidf,5a738fe855429908901be2fb,"[""5a738fe855429908901be2fb::doc_7::Samuel Sim"", ""5a738fe855429908901be2fb::doc_6::Awake (film)"", ""5a738fe855429908901be2fb::doc_9::By the Beautiful Sea (song)"", ""5a738fe855429908901be2fb::doc_2::Joby Talbot"", ""5a738fe855429908901be2fb::doc_5::Blog Wars"", ""5a738fe855429908901be2fb::doc_4::King Arthur: Legend of the Sword"", ""5a7a455c5542994f819ef1a7::doc_3::Flying with Music"", ""5a738fe855429908901be2fb::doc_3::Robin Hood (2018 film)"", ""5a738fe855429908901be2fb::doc_0::Here (1954 song)"", ""5adf58f15542993a75d264d2::doc_6::Filthy Rich &amp; Catflap""]","[0.340113, 0.269781, 0.258354, 0.203925, 0.200959, 0.194464, 0.177452, 0.176194, 0.173591, 0.16057]",1.0,1.0,1.0
tfidf,5a8c65a1554299585d9e3680,"[""5a8c65a1554299585d9e3680::doc_5::Shiners' War"", ""5a8c65a1554299585d9e3680::doc_1::Ancient Order of Hibernians"", ""5a8c65a1554299585d9e3680::doc_7::History of Irish Americans in Boston"", ""5a8c65a1554299585d9e3680::doc_4::History of the Irish Americans in Philadelphia"", ""5a8c65a1554299585d9e3680::doc_8::French Canadians"", ""5a8c65a1554299585d9e3680::doc_9::Czechs in Ukraine"", ""5a7ddc5a5542995f4f4022da::doc_5::Monroe Catholic High School"", ""5a8c65a1554299585d9e3680::doc_3::Black Bermudian"", ""5a7ddc5a5542995f4f4022da::doc_6::Bishop Manogue High School"", ""5a7ddc5a5542995f4f4022da::doc_3::Bishop Carroll Catholic High School""]","[0.381771, 0.311722, 0.301656, 0.274276, 0.188797, 0.18666, 0.185719, 0.182629, 0.173568, 0.169674]",0.850345,1.0,1.0
tfidf,5ac2bbd0554299218029db09,"[""5ac2bbd0554299218029db09::doc_0::The Thing of It Is..."", ""5ac2bbd0554299218029db09::doc_8::A Thing of Beauty"", ""5ac2bbd0554299218029db09::doc_4::Creacionismo"", ""5ac2bbd0554299218029db09::doc_7::The Most Incredible Thing"", ""5ac2bbd0554299218029db09::doc_9::Who Goes There? (collection)"", ""5a77152355429966f1a36c2e::doc_9::What Are Little Girls Made Of?"", ""5ac2bbd0554299218029db09::doc_1::Australian property law"", ""5a77152355429966f1a36c2e::doc_8::What Are Little Boys Made Of?"", ""5ac2bbd0554299218029db09::doc_5::Man Booker International Prize"", ""5ae63dad55429929b0807afe::doc_6::Hunter Davies""]","[0.30515, 0.296732, 0.263947, 0.243828, 0.221441, 0.211135, 0.190086, 0.179289, 0.179271, 0.167665]",0.613147,1.0,0.5
tfidf,5adf3e355542993a75d26440,"[""5adf3e355542993a75d26440::doc_9::Copenhagen Malm\u00f6 Port"", ""5adf3e355542993a75d26440::doc_4::\u00d8resund Region"", ""5adf3e355542993a75d26440::doc_6::\u00d8resund Bridge"", ""5adf3e355542993a75d26440::doc_8::\u00d6resund Committee"", ""5adf3e355542993a75d26440::doc_2::\u00d8resund"", ""5adf3e355542993a75d26440::doc_3::Sweden"", ""5adf3e355542993a75d26440::doc_5::European route E47"", ""5adf3e355542993a75d26440::doc_1::Malm\u00f6 Harbour Heliport"", ""5adf3e355542993a75d26440::doc_7::City Tunnel (Malm\u00f6)"", ""5adf3e355542993a75d26440::doc_0::Bjark\u00f8y Fixed Link""]","[0.483747, 0.479253, 0.384297, 0.358582, 0.35767, 0.31274, 0.288109, 0.185456, 0.166507, 0.141841]",0.693426,0.5,1.0
tfidf,5ae82ae555429952e35eaa71,"[""5ae82ae555429952e35eaa71::doc_3::Pat Hingle"", ""5ae82ae555429952e35eaa71::doc_7::Dr. Kildare (TV series)"", ""5a8325b35542990548d0b18f::doc_2::Carol Martin"", ""5ae82ae555429952e35eaa71::doc_9::Damon Dark"", ""5ae82ae555429952e35eaa71::doc_8::Kyle Craig"", ""5ae82ae555429952e35eaa71::doc_4::Alie Ward"", ""5ae82ae555429952e35eaa71::doc_0::Longhorn Ballroom"", ""5ae82ae555429952e35eaa71::doc_6::Virginia Foster Durr"", ""5ae82ae555429952e35eaa71::doc_5::Dir\u00e1s que estoy loco"", ""5a77152355429966f1a36c2e::doc_9::What Are Little Girls Made Of?""]","[0.492688, 0.151201, 0.143913, 0.134457, 0.132877, 0.130086, 0.127585, 0.120952, 0.114962, 0.109655]",0.613147,1.0,0.5
tfidf,5ac289ff5542996366519a02,"[""5ac289ff5542996366519a02::doc_9::Marsilea minuta"", ""5ac289ff5542996366519a02::doc_1::Marsilea"", ""5a8e068b5542995085b37384::doc_3::Silene"", ""5ac289ff5542996366519a02::doc_2::Myiodynastes"", ""5ab642845542995eadeeff8e::doc_5::Caladenia"", ""5ac289ff5542996366519a02::doc_0::Sinocyclocheilus"", ""5ac289ff5542996366519a02::doc_4::Brabejum"", ""5abd259d55429924427fcf1a::doc_1::Huernia"", ""5ac289ff5542996366519a02::doc_6::Marsileaceae"", ""5ac289ff5542996366519a02::doc_8::Fen""]","[0.364167, 0.341064, 0.292825, 0.258611, 0.232521, 0.23122, 0.226424, 0.224506, 0.199465, 0.186883]",0.591235,0.5,1.0
tfidf,5a7a5b3a5542996c55b2dd71,"[""5a7a5b3a5542996c55b2dd71::doc_3::Accession Council"", ""5a7a5b3a5542996c55b2dd71::doc_9::St James's Palace"", ""5a7a5b3a5542996c55b2dd71::doc_1::President of the Queen's Privy Council for Canada"", ""5a7a5b3a5542996c55b2dd71::doc_2::Great Hall of the People"", ""5a834ed95542990548d0b1ca::doc_5::New York Life Insurance Building (Montreal)"", ""5a7a5b3a5542996c55b2dd71::doc_4::Grange Hall (Murphysboro, Illinois)"", ""5a74ce9655429974ef308c6c::doc_8::Dorset County Council election, 2013"", ""5a7a5b3a5542996c55b2dd71::doc_7::Pollokshields Burgh Hall"", ""5a7a3a945542996a35c17147::doc_3::One Raffles Place"", ""5a7a5b3a5542996c55b2dd71::doc_6::Crowther Masonic Hall""]","[0.408402, 0.351, 0.270319, 0.218055, 0.206281, 0.186609, 0.172794, 0.171103, 0.158903, 0.146709]",0.386853,0.5,0.5
tfidf,5ab8688b55429934fafe6daa,"[""5ab8688b55429934fafe6daa::doc_3::West Yorkshire Association Football League"", ""5ab8688b55429934fafe6daa::doc_2::Maurice Ward"", ""5ab8688b55429934fafe6daa::doc_7::History of the East Riding of Yorkshire"", ""5ab8688b55429934fafe6daa::doc_8::Bradley, North Yorkshire"", ""5ab8688b55429934fafe6daa::doc_9::Norman Yardley"", ""5ab8688b55429934fafe6daa::doc_5::Starlite"", ""5ab8688b55429934fafe6daa::doc_4::University of Leeds"", ""5ab8688b55429934fafe6daa::doc_1::Nidderdale Museum"", ""5ab8688b55429934fafe6daa::doc_6::Bedale"", ""5ab8688b55429934fafe6daa::doc_0::William Levett (baron)""]","[0.301408, 0.259404, 0.208519, 0.207545, 0.193414, 0.190328, 0.146496, 0.143846, 0.140173, 0.138626]",0.60526,0.5,1.0
tfidf,5a7a3a945542996a35c17147,"[""5a7a3a945542996a35c17147::doc_3::One Raffles Place"", ""5a7a3a945542996a35c17147::doc_7::Republic Plaza (Singapore)"", ""5a7a3a945542996a35c17147::doc_9::Raffles Place"", ""5a7a3a945542996a35c17147::doc_4::CapitaGreen"", ""5a7a3a945542996a35c17147::doc_0::List of tallest buildings in S\u00e3o Paulo"", ""5a7a3a945542996a35c17147::doc_1::One Raffles Link"", ""5a7a3a945542996a35c17147::doc_6::Raffles Place MRT Station"", ""5a7a3a945542996a35c17147::doc_8::One Marina Boulevard"", ""5a834ed95542990548d0b1ca::doc_8::Flatiron Building"", ""5a7a3a945542996a35c17147::doc_5::Chevron House""]","[0.639331, 0.424446, 0.423995, 0.411068, 0.360438, 0.333235, 0.2899, 0.262782, 0.258931, 0.243895]",0.613147,1.0,0.5
tfidf,5ab9b29c554299743d22ebae,"[""5ab9b29c554299743d22ebae::doc_6::Craig v. Boren"", ""5ab9b29c554299743d22ebae::doc_2::United States v. Paramount Pictures, Inc."", ""5ab9b29c554299743d22ebae::doc_9::Criminal law in the Marshall Court"", ""5ab9b29c554299743d22ebae::doc_8::Criminal law in the Waite Court"", ""5ab9b29c554299743d22ebae::doc_4::United States v. Binion"", ""5ab9b29c554299743d22ebae::doc_7::City of Norwood v. Horney"", ""5ab9b29c554299743d22ebae::doc_3::R v Van der Peet"", ""5ab9b29c554299743d22ebae::doc_1::Baker v. Nelson"", ""5ab9b29c554299743d22ebae::doc_5::Lau Kong Yung v Director of Immigration"", ""5ae82ae555429952e35eaa71::doc_8::Kyle Craig""]","[0.487469, 0.452981, 0.365747, 0.35537, 0.274164, 0.235862, 0.211554, 0.184022, 0.182604, 0.181203]",1.0,1.0,1.0
tfidf,5a8b63fa55429950cd6afcd7,"[""5a8b63fa55429950cd6afcd7::doc_2::Darling's Waterfront Pavilion"", ""5a8b63fa55429950cd6afcd7::doc_4::Concord Pavilion"", ""5a8b63fa55429950cd6afcd7::doc_3::Oleson Park Music Pavilion"", ""5a8b63fa55429950cd6afcd7::doc_1::Kertha Gosa Pavilion"", ""5ae748d1554299572ea547b0::doc_1::History of the Minnesota Twins"", ""5a8b63fa55429950cd6afcd7::doc_9::Grandview Park Music Pavilion"", ""5a8b63fa55429950cd6afcd7::doc_8::Corus Quay"", ""5a8b63fa55429950cd6afcd7::doc_0::Silver Line Way (MBTA station)"", ""5a8b63fa55429950cd6afcd7::doc_5::Paulus Hook, Jersey City"", ""5a8b63fa55429950cd6afcd7::doc_7::Sala (architecture)""]","[0.580097, 0.281792, 0.234315, 0.233641, 0.217694, 0.207734, 0.191725, 0.177435, 0.159232, 0.150125]",0.613147,1.0,0.5
tfidf,5ade51b45542997c77adedf4,"[""5ade51b45542997c77adedf4::doc_7::2008 Kansas City Wizards season"", ""5ade51b45542997c77adedf4::doc_2::CommunityAmerica Ballpark"", ""5a7166395542994082a3e814::doc_0::North Kansas City, Missouri"", ""5a7166395542994082a3e814::doc_2::Kansas City jazz"", ""5a7166395542994082a3e814::doc_5::Downtown Kansas City"", ""5a7166395542994082a3e814::doc_4::Kansas Song"", ""5a7166395542994082a3e814::doc_6::Kansas City metropolitan area"", ""5a7166395542994082a3e814::doc_9::University of Kansas"", ""5a7166395542994082a3e814::doc_8::History of the Kansas City metropolitan area"", ""5ade51b45542997c77adedf4::doc_6::All-time Sporting Kansas City roster""]","[0.621897, 0.510801, 0.491771, 0.475414, 0.429788, 0.42744, 0.415691, 0.385434, 0.379016, 0.377243]",0.386853,0.5,0.5
tfidf,5ae4c49a5542995dadf24400,"[""5ae4c49a5542995dadf24400::doc_6::Henry Hall (American revolution)"", ""5ae4c49a5542995dadf24400::doc_7::John Adlum"", ""5ae4c49a5542995dadf24400::doc_1::Historic Camden Revolutionary War Site"", ""5ae4c49a5542995dadf24400::doc_0::Robert Plampin"", ""5ae4c49a5542995dadf24400::doc_2::Blanket bog"", ""5a86ebac55429960ec39b6d6::doc_0::Canyon Creek Food Company"", ""5a86ebac55429960ec39b6d6::doc_1::Robert's American Gourmet Food"", ""5a8c5569554299240d9c2126::doc_3::Live from Daryl's House"", ""5a80721b554299485f5985ef::doc_0::Livesey Hall War Memorial"", ""5a86ebac55429960ec39b6d6::doc_2::Rewrapped""]","[0.460288, 0.196827, 0.189307, 0.16055, 0.152019, 0.149987, 0.146676, 0.144289, 0.141163, 0.1376]",0.613147,1.0,0.5
tfidf,5a7d3470554299452d57bb56,"[""5a7d3470554299452d57bb56::doc_1::Strip search phone call scam"", ""5a7d3470554299452d57bb56::doc_5::Police perjury"", ""5a7d3470554299452d57bb56::doc_0::Compliance (film)"", ""5a7d3470554299452d57bb56::doc_9::Body cavity search"", ""5a86ebac55429960ec39b6d6::doc_0::Canyon Creek Food Company"", ""5a7d3470554299452d57bb56::doc_6::Jacob D. Robida"", ""5a7d3470554299452d57bb56::doc_8::Coronado, Panama"", ""5a7d3470554299452d57bb56::doc_3::A&amp;W Restaurants"", ""5ab4e3065542990594ba9cb4::doc_8::I Am... Gabriel"", ""5a86ebac55429960ec39b6d6::doc_4::Snackbox Food Holdings""]","[0.43987, 0.217929, 0.187075, 0.158819, 0.148834, 0.141066, 0.131714, 0.123472, 0.123244, 0.112734]",0.919721,1.0,1.0
tfidf,5ae4f2c75542993aec5ec0fb,"[""5ae4f2c75542993aec5ec0fb::doc_6::American Airlines Shuttle"", ""5ae4f2c75542993aec5ec0fb::doc_4::Coimbatore International Airport"", ""5ae4f2c75542993aec5ec0fb::doc_7::Dalian Zhoushuizi International Airport"", ""5ae4f2c75542993aec5ec0fb::doc_2::Charlotte Douglas International Airport"", ""5ae4f2c75542993aec5ec0fb::doc_5::Townsville Airport"", ""5ab51dae5542991779162d82::doc_7::Bishop International Airport"", ""5ae4f2c75542993aec5ec0fb::doc_1::Pitt Meadows Airport"", ""5ab51dae5542991779162d82::doc_0::Grantley Adams International Airport"", ""5ae4f2c75542993aec5ec0fb::doc_3::Logan International Airport"", ""5ae4f2c75542993aec5ec0fb::doc_0::Kazan International Airport""]","[0.537104, 0.420776, 0.416304, 0.405692, 0.395897, 0.392744, 0.388789, 0.370984, 0.360219, 0.356351]",0.797723,1.0,1.0
tfidf,5ab1d7ac554299449642c7e6,"[""5ab1d7ac554299449642c7e6::doc_1::Ehretia"", ""5ab1d7ac554299449642c7e6::doc_0::Xanthoceras"", ""5a8e068b5542995085b37384::doc_3::Silene"", ""5ac289ff5542996366519a02::doc_2::Myiodynastes"", ""5ab642845542995eadeeff8e::doc_5::Caladenia"", ""5ac289ff5542996366519a02::doc_0::Sinocyclocheilus"", ""5adc53f75542996e6852530a::doc_2::Ajuga"", ""5abd259d55429924427fcf1a::doc_1::Huernia"", ""5a8e068b5542995085b37384::doc_7::Ferocactus"", ""5ab642845542995eadeeff8e::doc_6::Broughtonia""]","[0.360727, 0.332014, 0.237776, 0.225324, 0.194926, 0.188762, 0.172281, 0.167534, 0.16373, 0.134055]",1.0,1.0,1.0
tfidf,5a85cead5542991dd0999ea9,"[""5a85cead5542991dd0999ea9::doc_9::List of Major League Baseball batting champions"", ""5a85cead5542991dd0999ea9::doc_1::Ron Herbel"", ""5a85cead5542991dd0999ea9::doc_5::Frank Thomas (designated hitter)"", ""5a85cead5542991dd0999ea9::doc_6::Germ\u00e1n Barranca"", ""5a85cead5542991dd0999ea9::doc_7::1921 Detroit Tigers season"", ""5a85cead5542991dd0999ea9::doc_8::Chick Shorten"", ""5a85cead5542991dd0999ea9::doc_4::Frank Crossin"", ""5ab2c5e255429916697740ba::doc_4::20th National Hockey League All-Star Game"", ""5a85cead5542991dd0999ea9::doc_2::Dick Kauffman"", ""5a85cead5542991dd0999ea9::doc_0::Jack Fox (baseball)""]","[0.388421, 0.32393, 0.284947, 0.239089, 0.223835, 0.20946, 0.180831, 0.173898, 0.172834, 0.145303]",0.306574,0.333333,0.5
tfidf,5a73a7c755429978a71e9068,"[""5a73a7c755429978a71e9068::doc_9::Something There"", ""5a73a7c755429978a71e9068::doc_7::Beauty and the Beast (Disney song)"", ""5a73a7c755429978a71e9068::doc_6::Evermore (Beauty and the Beast song)"", ""5a73a7c755429978a71e9068::doc_0::Robby Benson"", ""5a73a7c755429978a71e9068::doc_8::Paige O'Hara"", ""5a73a7c755429978a71e9068::doc_3::Belle (Disney song)"", ""5ab96ab755429970cfb8eacd::doc_8::Something in the Way You Move"", ""5a73a7c755429978a71e9068::doc_4::Belle (Disney)"", ""5a73a7c755429978a71e9068::doc_2::Be Our Guest"", ""5ae7ba7a5542993210983f12::doc_2::U Know What's Up""]","[0.500999, 0.42776, 0.306019, 0.291843, 0.257703, 0.25521, 0.221398, 0.218503, 0.198598, 0.183146]",0.850345,1.0,1.0
tfidf,5a7f113d55429934daa2fcbe,"[""5a7f113d55429934daa2fcbe::doc_3::Charles Teague (baseball)"", ""5a7f113d55429934daa2fcbe::doc_5::Tim Jorgensen"", ""5a7f113d55429934daa2fcbe::doc_0::Eddy Furniss"", ""5a7f113d55429934daa2fcbe::doc_9::Mickey Mantle"", ""5a7f113d55429934daa2fcbe::doc_2::Reggie Jackson"", ""5a7f113d55429934daa2fcbe::doc_6::Babe Ruth"", ""5a7f113d55429934daa2fcbe::doc_1::Greatest Sports Legends"", ""5a7f113d55429934daa2fcbe::doc_4::Dizzy Dean"", ""5a7f113d55429934daa2fcbe::doc_7::Robin Ventura"", ""5a7f113d55429934daa2fcbe::doc_8::Emma Carney""]","[0.420595, 0.384059, 0.341332, 0.314742, 0.302524, 0.283398, 0.272877, 0.249803, 0.228708, 0.210977]",0.44158,0.2,1.0
tfidf,5ae6828f5542996d980e7bb9,"[""5ae6828f5542996d980e7bb9::doc_5::Salisbury Woodland Gardens, Blackpool"", ""5ae6828f5542996d980e7bb9::doc_2::Stanley Park, Blackpool"", ""5ab2a186554299295394677b::doc_9::Forbury Gardens"", ""5a7759fc5542993569682d60::doc_8::Alpine National Park"", ""5ae6828f5542996d980e7bb9::doc_0::Conferencier"", ""5a8b63fa55429950cd6afcd7::doc_3::Oleson Park Music Pavilion"", ""5a7759fc5542993569682d60::doc_9::North Cascades National Park"", ""5ae6828f5542996d980e7bb9::doc_9::Sasquatched! The Musical"", ""5ae6828f5542996d980e7bb9::doc_4::List of The Thick of It characters"", ""5a7759fc5542993569682d60::doc_3::Crater Lake National Park""]","[0.399764, 0.336738, 0.163, 0.14912, 0.147207, 0.145624, 0.135993, 0.131073, 0.128547, 0.127525]",1.0,1.0,1.0
tfidf,5ab31864554299233954ff06,"[""5ab31864554299233954ff06::doc_5::Experimental musical instrument"", ""5ab31864554299233954ff06::doc_2::Chander Bari"", ""5ab31864554299233954ff06::doc_6::Udaka vadya"", ""5ab31864554299233954ff06::doc_4::Bukkehorn"", ""5a85cead5542991dd0999ea9::doc_0::Jack Fox (baseball)"", ""5ab31864554299233954ff06::doc_8::Asset classes"", ""5ab31864554299233954ff06::doc_0::Apratim Majumdar"", ""5ab31864554299233954ff06::doc_3::Sousaphone"", ""5ae005b555429942ec259bec::doc_9::The Birds on the Trees"", ""5a79ea435542996c55b2dc9e::doc_7::List of battleships of Italy""]","[0.258612, 0.242721, 0.227717, 0.201736, 0.171146, 0.161223, 0.159614, 0.150429, 0.13778, 0.135076]",0.204382,0.142857,0.5
tfidf,5abe239355429976d4830a7d,"[""5abe239355429976d4830a7d::doc_1::Jamie Harris (actor)"", ""5abe239355429976d4830a7d::doc_0::Usman Ally"", ""5a8b63fa55429950cd6afcd7::doc_5::Paulus Hook, Jersey City"", ""5abe239355429976d4830a7d::doc_7::Jalam (film)"", ""5abe239355429976d4830a7d::doc_9::The Dragon, the Hero"", ""5a774e9c55429972597f14f3::doc_5::Larnelle Harris"", ""5a85b2d95542997b5ce40028::doc_1::Method Man"", ""5ac2ffbd554299677310267b::doc_2::Mitch Pileggi"", ""5abe239355429976d4830a7d::doc_2::Badla Jatti Da"", ""5abe239355429976d4830a7d::doc_8::Man Against the Mob""]","[0.532068, 0.215632, 0.187723, 0.185259, 0.175266, 0.173567, 0.167921, 0.165584, 0.163374, 0.161667]",0.613147,1.0,0.5
tfidf,5ac2659b55429963665199a1,"[""5ac2659b55429963665199a1::doc_4::10,000 metres"", ""5ac2659b55429963665199a1::doc_6::Harry Prowell"", ""5ac2659b55429963665199a1::doc_2::2015 Pan American Games"", ""5ac2659b55429963665199a1::doc_9::2011 Pan American Games"", ""5ac2659b55429963665199a1::doc_8::Nora Rocha"", ""5ac2659b55429963665199a1::doc_5::Brian MacLaren"", ""5ac2659b55429963665199a1::doc_7::Dave Bailey (athlete)"", ""5ac2659b55429963665199a1::doc_0::Ross MacKenzie (athlete)"", ""5ac2659b55429963665199a1::doc_3::Kavita Tungar"", ""5ac2659b55429963665199a1::doc_1::European 10,000m Cup""]","[0.385376, 0.309042, 0.278673, 0.277297, 0.27342, 0.255765, 0.251504, 0.236966, 0.23458, 0.198357]",1.0,1.0,1.0
tfidf,5ae058e855429945ae959331,"[""5ae058e855429945ae959331::doc_8::List of magazines in Portugal"", ""5ae058e855429945ae959331::doc_0::List of magazines in Malaysia"", ""5ae058e855429945ae959331::doc_1::List of magazines in Austria"", ""5ae058e855429945ae959331::doc_4::Lifestyle magazine"", ""5ae058e855429945ae959331::doc_6::Chrysalis (magazine)"", ""5ae058e855429945ae959331::doc_3::Look (UK magazine)"", ""5a906a685542990a9849362e::doc_9::Switzerland women's national football team"", ""5ae058e855429945ae959331::doc_5::Customer magazine"", ""5ae058e855429945ae959331::doc_9::Surfer hair"", ""5ae058e855429945ae959331::doc_7::Rick Wilber""]","[0.458765, 0.383524, 0.360938, 0.301972, 0.203125, 0.202424, 0.200298, 0.187211, 0.173215, 0.145711]",0.455605,0.2,1.0
tfidf,5a7b8749554299294a54a9db,"[""5a7b8749554299294a54a9db::doc_5::Thomas Friedman"", ""5a7b8749554299294a54a9db::doc_3::2011 Pulitzer Prize"", ""5a7b8749554299294a54a9db::doc_4::Henri Bergson"", ""5a7b8749554299294a54a9db::doc_2::Samuel Eliot Morison"", ""5a7b8749554299294a54a9db::doc_0::Introduction to Metaphysics (Bergson)"", ""5a7b8749554299294a54a9db::doc_1::Duration (philosophy)"", ""5a7b8749554299294a54a9db::doc_7::Time and Free Will"", ""5a7b8749554299294a54a9db::doc_8::Moina Mathers"", ""5a85cead5542991dd0999ea9::doc_3::Frank Thomas' Big Hurt"", ""5a7b8749554299294a54a9db::doc_6::\u00c9lan vital""]","[0.506393, 0.333648, 0.295308, 0.216018, 0.199443, 0.178806, 0.134398, 0.127545, 0.11858, 0.116022]",0.919721,1.0,1.0
tfidf,5a864ff7554299211dda2af2,"[""5a864ff7554299211dda2af2::doc_4::Yoann Lemoine"", ""5a864ff7554299211dda2af2::doc_6::Blue Jeans (Lana Del Rey song)"", ""5a864ff7554299211dda2af2::doc_9::Lana Del Rey discography"", ""5a864ff7554299211dda2af2::doc_0::Lana Del Rey (EP)"", ""5a864ff7554299211dda2af2::doc_8::Lana Del Rey videography"", ""5a864ff7554299211dda2af2::doc_3::Video Games (song)"", ""5a864ff7554299211dda2af2::doc_5::Lana Del Ray (album)"", ""5a864ff7554299211dda2af2::doc_7::Yayo (Lana Del Rey song)"", ""5a864ff7554299211dda2af2::doc_2::Kill Kill (song)"", ""5a864ff7554299211dda2af2::doc_1::Back to December""]","[0.499504, 0.339271, 0.321979, 0.320591, 0.311254, 0.302559, 0.300857, 0.279558, 0.219876, 0.132774]",0.790386,1.0,1.0
tfidf_cross_encoder,5a8e1027554299653c1aa15f,"[""5a8e1027554299653c1aa15f::doc_1::2015\u201316 Colorado Buffaloes men's basketball team"", ""5a8e1027554299653c1aa15f::doc_9::2014\u201315 Colorado Buffaloes men's basketball team"", ""5a8e1027554299653c1aa15f::doc_0::2016\u201317 Colorado Buffaloes men's basketball team"", ""5a8e1027554299653c1aa15f::doc_3::2015 Colorado Buffaloes football team"", ""5a8e1027554299653c1aa15f::doc_6::2011 Colorado Buffaloes football team"", ""5a8e1027554299653c1aa15f::doc_7::2014 Colorado Buffaloes football team"", ""5a8e1027554299653c1aa15f::doc_5::1989 Colorado Buffaloes football team"", ""5a8e1027554299653c1aa15f::doc_4::2012 Colorado Buffaloes football team"", ""5a8e1027554299653c1aa15f::doc_2::2009 Colorado Buffaloes football team"", ""5a8e1027554299653c1aa15f::doc_8::2009 Big 12 Conference football season""]","[4.800325, 4.737442, 4.72462, 4.686472, 4.619938, 4.613104, 4.59037, 4.556593, 3.92515, 2.875061]",0.361815,0.111111,1.0
tfidf_cross_encoder,5ab84bf555429916710eb01f,"[""5ab84bf555429916710eb01f::doc_8::Euromarch\u00e9"", ""5ab84bf555429916710eb01f::doc_4::Carrefour"", ""5ab84bf555429916710eb01f::doc_6::SavaCentre"", ""5ab84bf555429916710eb01f::doc_2::Tesco Extra"", ""5ab84bf555429916710eb01f::doc_3::Tazweed Center"", ""5ab84bf555429916710eb01f::doc_9::Lewis's"", ""5ab84bf555429916710eb01f::doc_0::Selver"", ""5ab84bf555429916710eb01f::doc_7::Uno-X"", ""5ab84bf555429916710eb01f::doc_1::Holiday Inn Lake Buena Vista Downtown"", ""5ab84bf555429916710eb01f::doc_5::John A. Brown (department store)""]","[3.67251, 0.905881, -1.383816, -3.030013, -4.53713, -4.666848, -4.786162, -6.804147, -7.40318, -8.923693]",1.0,1.0,1.0
tfidf_cross_encoder,5a77724455429972597f153e,"[""5a77724455429972597f153e::doc_7::1957 Indianapolis 500"", ""5a77724455429972597f153e::doc_1::Carolina Dodge Dealers 400"", ""5a77724455429972597f153e::doc_0::Subway 400"", ""5a77724455429972597f153e::doc_9::Allison Transmission"", ""5a77724455429972597f153e::doc_8::1964 Armstrong 500"", ""5a77724455429972597f153e::doc_4::Lean Horse Ultramarathon"", ""5a77724455429972597f153e::doc_2::Louis Schwitzer Award"", ""5a77724455429972597f153e::doc_5::Orange County Fair Speedway"", ""5a77724455429972597f153e::doc_6::Johnny Rutherford"", ""5ac2659b55429963665199a1::doc_4::10,000 metres""]","[2.125155, -0.118639, -2.28513, -2.646348, -2.947662, -5.245578, -5.361197, -6.602687, -7.381021, -8.371799]",0.613147,1.0,0.5
tfidf_cross_encoder,5a87c13f5542996e4f30890c,"[""5a87c13f5542996e4f30890c::doc_3::Franco Corelli"", ""5a87c13f5542996e4f30890c::doc_6::Tosca (1956 film)"", ""5a87c13f5542996e4f30890c::doc_1::La Boh\u00e8me (1988 film)"", ""5a87c13f5542996e4f30890c::doc_8::Cesira Ferrani"", ""5a87c13f5542996e4f30890c::doc_0::Ron Bottcher"", ""5a87c13f5542996e4f30890c::doc_5::La fanciulla del West"", ""5a87c13f5542996e4f30890c::doc_4::O mio babbino caro"", ""5a87c13f5542996e4f30890c::doc_2::Gianni Schicchi"", ""5a87c13f5542996e4f30890c::doc_9::Jacopo Puccini"", ""5a87c13f5542996e4f30890c::doc_7::Festival Puccini""]","[3.135814, 2.975404, 2.741523, 1.757587, 1.613919, 1.41949, 1.112721, 0.836033, 0.747767, -2.036445]",1.0,1.0,1.0
tfidf_cross_encoder,5ab96ab755429970cfb8eacd,"[""5ab96ab755429970cfb8eacd::doc_3::On My Mind (Ellie Goulding song)"", ""5ab96ab755429970cfb8eacd::doc_7::Delirium (Ellie Goulding album)"", ""5ab96ab755429970cfb8eacd::doc_8::Something in the Way You Move"", ""5ab96ab755429970cfb8eacd::doc_0::Halcyon (album)"", ""5ab96ab755429970cfb8eacd::doc_5::Delirium World Tour"", ""5ab96ab755429970cfb8eacd::doc_4::Army (Ellie Goulding song)"", ""5ab96ab755429970cfb8eacd::doc_9::List of songs recorded by Ellie Goulding"", ""5ab96ab755429970cfb8eacd::doc_1::Love Me like You Do"", ""5ab96ab755429970cfb8eacd::doc_2::Outside (Calvin Harris song)"", ""5ab96ab755429970cfb8eacd::doc_6::Flashlight (DJ Fresh song)""]","[6.384495, 5.742531, 5.25403, 4.946067, 4.8773, 4.689772, 4.428996, 4.248766, 2.888429, 1.250972]",1.0,1.0,1.0
tfidf_cross_encoder,5a8a43eb5542996c9b8d5e82,"[""5a8a43eb5542996c9b8d5e82::doc_9::Westminster School, Adelaide"", ""5a713ea95542994082a3e6e4::doc_0::High Commission of Australia, London"", ""5a8a43eb5542996c9b8d5e82::doc_0::Sainik School Balachadi, Jamnagar"", ""5a8a43eb5542996c9b8d5e82::doc_6::Grace Church School"", ""5a8a43eb5542996c9b8d5e82::doc_4::Princeton High School (Illinois)"", ""5a8a43eb5542996c9b8d5e82::doc_8::Grennaskolan"", ""5ae2dfd155429928c423951b::doc_9::Yanco Agricultural High School"", ""5a8a43eb5542996c9b8d5e82::doc_3::Marion, South Australia"", ""5a8a43eb5542996c9b8d5e82::doc_5::Concho Indian Boarding School"", ""5a8a43eb5542996c9b8d5e82::doc_1::PNG solution""]","[4.253418, -4.32893, -4.403486, -4.789764, -4.835639, -4.972132, -5.343052, -6.028101, -6.053367, -7.130712]",0.806574,1.0,1.0
tfidf_cross_encoder,5ae73acb5542991e8301cc07,"[""5ae73acb5542991e8301cc07::doc_8::D1NZ"", ""5ae73acb5542991e8301cc07::doc_7::Drifting (motorsport)"", ""5ae73acb5542991e8301cc07::doc_3::Raaz Pichhle Janam Ka"", ""5ae73acb5542991e8301cc07::doc_4::List of The Office (U.S. TV series) characters"", ""5ae73acb5542991e8301cc07::doc_1::Rising Star (France)"", ""5a80071f5542992bc0c4a684::doc_2::Lara Croft Go"", ""5abba4855542993f40c73b68::doc_2::List of Dexter episodes"", ""5ae82ae555429952e35eaa71::doc_9::Damon Dark"", ""5a717d4c5542994082a3e854::doc_7::Confrontation (TV series)"", ""5ae5aba0554299546bf82f17::doc_9::List of Teen Titans episodes""]","[3.451021, -2.039149, -6.213411, -7.171895, -9.501789, -9.50376, -9.55579, -9.658388, -9.764108, -9.776251]",1.0,1.0,1.0
tfidf_cross_encoder,5a7320565542991f9a20c61d,"[""5a7320565542991f9a20c61d::doc_9::Keith Bostic (American football)"", ""5a7320565542991f9a20c61d::doc_5::Jerry Glanville"", ""5a7320565542991f9a20c61d::doc_3::Keith Bostic"", ""5a7320565542991f9a20c61d::doc_2::1987 Pittsburgh Steelers season"", ""5a7320565542991f9a20c61d::doc_6::Portland State Vikings football under Jerry Glanville"", ""5a7320565542991f9a20c61d::doc_4::Mouse Davis"", ""5a7320565542991f9a20c61d::doc_0::Ken Herock"", ""5a7320565542991f9a20c61d::doc_1::1990 Atlanta Falcons season"", ""5a7320565542991f9a20c61d::doc_8::1989 Houston Oilers season"", ""5a8574945542997b5ce3fffb::doc_8::Keith Richards""]","[5.466491, 3.269394, 3.164763, -2.954852, -3.045708, -3.322391, -3.89671, -4.278045, -6.091797, -6.586466]",1.0,1.0,1.0
tfidf_cross_encoder,5ae32e125542991a06ce9946,"[""5ae32e125542991a06ce9946::doc_5::Kirton, Nottinghamshire"", ""5ae32e125542991a06ce9946::doc_4::Kirton, Suffolk"", ""5ae32e125542991a06ce9946::doc_9::Kirton End"", ""5ae32e125542991a06ce9946::doc_1::Willoughton"", ""5ae32e125542991a06ce9946::doc_2::2001 Bangladesh census"", ""5ae32e125542991a06ce9946::doc_8::Borough of Berwick-upon-Tweed"", ""5ae32e125542991a06ce9946::doc_0::Parkridge, Saskatoon"", ""5a88dcf9554299206df2b383::doc_9::Hatton, Warwickshire"", ""5ae32e125542991a06ce9946::doc_7::Sauce Viejo, Argentina"", ""5ae32e125542991a06ce9946::doc_3::Boston, Lincolnshire""]","[6.396986, 4.277387, 3.148902, 1.324594, -2.48124, -2.566661, -2.784556, -3.386892, -3.449544, -3.855972]",0.483813,0.333333,1.0
tfidf_cross_encoder,5adc53f75542996e6852530a,"[""5adc53f75542996e6852530a::doc_2::Ajuga"", ""5adc53f75542996e6852530a::doc_8::Ajugeae"", ""5adc53f75542996e6852530a::doc_7::Cypress-pine"", ""5adc53f75542996e6852530a::doc_3::Cupressus"", ""5adc53f75542996e6852530a::doc_0::Fokienia"", ""5adc53f75542996e6852530a::doc_5::Libocedrus"", ""5adc53f75542996e6852530a::doc_9::Cypress"", ""5adc53f75542996e6852530a::doc_6::Pilgerodendron"", ""5adc53f75542996e6852530a::doc_4::Cedrol"", ""5adc53f75542996e6852530a::doc_1::Frenchman Formation""]","[2.475592, 2.403858, 0.73254, 0.711318, -1.306793, -1.362363, -1.543144, -3.657763, -6.722491, -9.116467]",0.81753,1.0,1.0
tfidf_cross_encoder,5a8b20335542996c9b8d5fb3,"[""5a8b20335542996c9b8d5fb3::doc_2::1992\u201393 Charlotte Hornets season"", ""5a8b20335542996c9b8d5fb3::doc_9::2014\u201315 Charlotte Hornets season"", ""5a8b20335542996c9b8d5fb3::doc_7::Charlotte Hornets"", ""5a8b20335542996c9b8d5fb3::doc_8::Muggsy Bogues"", ""5a8b20335542996c9b8d5fb3::doc_3::Charlotte Hornets draft history"", ""5a8b20335542996c9b8d5fb3::doc_6::List of Charlotte Hornets seasons"", ""5a8b20335542996c9b8d5fb3::doc_0::Charlotte Hornets all-time roster"", ""5a8b20335542996c9b8d5fb3::doc_4::Ayana Walker"", ""5a8b20335542996c9b8d5fb3::doc_5::2003 WNBA season"", ""5a7320565542991f9a20c61d::doc_4::Mouse Davis""]","[2.462884, 2.124776, 1.445208, 1.157626, 0.061993, 0.002186, -0.25187, -1.155878, -3.431882, -5.414758]",0.877215,1.0,1.0
tfidf_cross_encoder,5a85fb085542994775f606de,"[""5a85fb085542994775f606de::doc_1::Alien (soundtrack)"", ""5a85fb085542994775f606de::doc_7::Legend (film score)"", ""5a85fb085542994775f606de::doc_9::Lionheart (1987 film)"", ""5a85fb085542994775f606de::doc_4::Aliens (soundtrack)"", ""5a85fb085542994775f606de::doc_3::Innerspace"", ""5a85fb085542994775f606de::doc_5::Mulan (soundtrack)"", ""5a85fb085542994775f606de::doc_2::L.A. Confidential (soundtrack)"", ""5a85fb085542994775f606de::doc_8::Total Recall (1990 film)"", ""5a85fb085542994775f606de::doc_0::Christus Apollo"", ""5ab6a2be554299710c8d1f08::doc_3::Battle Beyond the Stars""]","[5.845391, 5.840385, 4.098784, 4.054574, 3.485587, 2.782099, 2.440114, 2.315502, 2.056926, -4.179776]",0.613147,1.0,0.5
tfidf_cross_encoder,5a7be2595542997c3ec972ac,"[""5a7be2595542997c3ec972ac::doc_1::Emma Bull"", ""5a7be2595542997c3ec972ac::doc_2::Virginia Woolf"", ""5a7be2595542997c3ec972ac::doc_9::Jane Marcus"", ""5a7be2595542997c3ec972ac::doc_3::Orlando: A Biography"", ""5a7be2595542997c3ec972ac::doc_0::The Mark on the Wall"", ""5a7be2595542997c3ec972ac::doc_8::Moments of Being"", ""5a7f113d55429934daa2fcbe::doc_8::Emma Carney"", ""5a7be2595542997c3ec972ac::doc_5::Jane de Gay"", ""5a7be2595542997c3ec972ac::doc_7::The Duchess and the Jeweller"", ""5a7be2595542997c3ec972ac::doc_4::Me! I'm Afraid of Virginia Woolf""]","[4.332197, 3.890446, -3.019831, -3.473197, -4.621756, -4.956996, -5.058862, -5.108766, -5.685483, -6.612062]",1.0,1.0,1.0
tfidf_cross_encoder,5a77152355429966f1a36c2e,"[""5a77152355429966f1a36c2e::doc_8::What Are Little Boys Made Of?"", ""5a77152355429966f1a36c2e::doc_1::Pretty Little Dutch Girl"", ""5ae63dad55429929b0807afe::doc_3::Here We Go Round the Mulberry Bush"", ""5a77152355429966f1a36c2e::doc_5::Three Little Kittens"", ""5a77152355429966f1a36c2e::doc_0::Billy Boy"", ""5a77152355429966f1a36c2e::doc_7::A Wise Old Owl"", ""5a77152355429966f1a36c2e::doc_4::Row, Row, Row Your Boat"", ""5a77152355429966f1a36c2e::doc_9::What Are Little Girls Made Of?"", ""5a77152355429966f1a36c2e::doc_3::Aiken Drum"", ""5a77152355429966f1a36c2e::doc_2::Tweedledum and Tweedledee""]","[6.293677, 4.316931, 2.702688, 2.678904, 2.614857, 2.279539, 1.800065, 1.683889, 1.612577, 1.599257]",0.806574,1.0,1.0
tfidf_cross_encoder,5a8f4c8d554299458435d5a3,"[""5a8f4c8d554299458435d5a3::doc_2::Scott Parkin"", ""5a8f4c8d554299458435d5a3::doc_5::Exxon"", ""5a8f4c8d554299458435d5a3::doc_3::Halliburton"", ""5a8f4c8d554299458435d5a3::doc_1::Mobil Producing Nigeria"", ""5a8b57f25542995d1e6f1371::doc_1::Scott Derrickson"", ""5a8f4c8d554299458435d5a3::doc_0::Yvonne Ridley"", ""5ae63dad55429929b0807afe::doc_9::Christopher Mitchell (actor)"", ""5ac298f9554299657fa28fc9::doc_9::Josey Scott"", ""5a8b8b3155429949d91db5d7::doc_2::TaeguTec"", ""5a828c8355429966c78a6a50::doc_9::Edgar Kaiser Sr.""]","[4.858945, -3.519894, -3.69545, -5.200424, -9.697575, -9.716997, -10.056292, -10.076075, -10.252487, -10.595489]",0.919721,1.0,1.0
tfidf_cross_encoder,5a80840f554299485f59863b,"[""5a80840f554299485f59863b::doc_3::Rose McGowan"", ""5a80840f554299485f59863b::doc_5::Jawbreaker (film)"", ""5a80840f554299485f59863b::doc_7::Charmed (season 4)"", ""5a80840f554299485f59863b::doc_8::List of Charmed characters"", ""5a80840f554299485f59863b::doc_1::Power of Three (Charmed)"", ""5a8d5fc6554299585d9e37c6::doc_4::Sarah Bolger"", ""5a80840f554299485f59863b::doc_9::Charmed"", ""5a80840f554299485f59863b::doc_4::Kerr Smith"", ""5a80840f554299485f59863b::doc_0::Safe Harbor (TV series)"", ""5a80840f554299485f59863b::doc_6::Sarah Drew""]","[5.521841, 3.366488, 0.564773, 0.563782, -0.490551, -3.03789, -3.502388, -4.256297, -5.526188, -5.696267]",1.0,1.0,1.0
tfidf_cross_encoder,5a8361b65542992ef85e22a0,"[""5a8361b65542992ef85e22a0::doc_2::Vince Phillips"", ""5a8361b65542992ef85e22a0::doc_8::International Boxing Federation"", ""5a8361b65542992ef85e22a0::doc_7::Zab Judah"", ""5a8361b65542992ef85e22a0::doc_0::Ralph Charles"", ""5a8361b65542992ef85e22a0::doc_1::Bunny Grant"", ""5a8361b65542992ef85e22a0::doc_3::Andrew Murray (Guyanese boxer)"", ""5a8361b65542992ef85e22a0::doc_6::Jeff Malcolm"", ""5a8361b65542992ef85e22a0::doc_4::Fatai Onikeke"", ""5a8361b65542992ef85e22a0::doc_5::Julian Holland (boxer)"", ""5a8361b65542992ef85e22a0::doc_9::Lawrence Austin""]","[5.259156, -2.283984, -2.952889, -3.201445, -4.624854, -4.801977, -5.24439, -5.4106, -6.011829, -7.122441]",1.0,1.0,1.0
tfidf_cross_encoder,5ae7ba7a5542993210983f12,"[""5ae7ba7a5542993210983f12::doc_8::Yeah! (Usher song)"", ""5ae7ba7a5542993210983f12::doc_5::No One (Alicia Keys song)"", ""5ae82ae555429952e35eaa71::doc_5::Dir\u00e1s que estoy loco"", ""5a8c5569554299240d9c2126::doc_1::One on One (song)"", ""5ae7ba7a5542993210983f12::doc_0::Can't Touch It"", ""5ae7ba7a5542993210983f12::doc_6::Feel Good Inc."", ""5ac23ff0554299636651994d::doc_0::All I Wanna Do Is Make Love to You"", ""5ab96ab755429970cfb8eacd::doc_4::Army (Ellie Goulding song)"", ""5a864ff7554299211dda2af2::doc_3::Video Games (song)"", ""5a77c1505542997042120b1b::doc_6::Chattahoochee (song)""]","[4.690822, 2.721324, 1.618684, 1.2012, 1.085884, 0.870778, 0.327807, 0.150688, -0.058815, -0.069974]",0.613147,1.0,0.5
tfidf_cross_encoder,5ac2acff55429921a00ab02b,"[""5ac2acff55429921a00ab02b::doc_6::The Hard Easy (Adventure Time)"", ""5ac2acff55429921a00ab02b::doc_0::The Hard Easy (film)"", ""5ac2acff55429921a00ab02b::doc_2::Brother from Another Series"", ""5ac2acff55429921a00ab02b::doc_5::The Farm (The Office)"", ""5ac2acff55429921a00ab02b::doc_3::Roy's Wedding"", ""5ac2acff55429921a00ab02b::doc_7::Web Weirdos"", ""5a7625c7554299109176e668::doc_3::The Drop-In (podcast)"", ""5ac2acff55429921a00ab02b::doc_1::Moving On (The Office)"", ""5ac2acff55429921a00ab02b::doc_8::Evicted!"", ""5ac2acff55429921a00ab02b::doc_9::Andy's Ancestry""]","[6.137029, 2.91789, 1.442084, 0.571233, -0.097744, -0.25434, -2.570272, -3.15553, -3.697871, -3.72341]",0.613147,1.0,0.5
tfidf_cross_encoder,5aba7cfe554299232ef4a2fd,"[""5aba7cfe554299232ef4a2fd::doc_0::2017\u201318 Wigan Athletic F.C. season"", ""5aba7cfe554299232ef4a2fd::doc_1::2007\u201308 Wigan Athletic F.C. season"", ""5aba7cfe554299232ef4a2fd::doc_8::1978\u201379 Wigan Athletic F.C. season"", ""5aba7cfe554299232ef4a2fd::doc_7::2006\u201307 Wigan Athletic F.C. season"", ""5aba7cfe554299232ef4a2fd::doc_5::1979\u201380 Wigan Athletic F.C. season"", ""5aba7cfe554299232ef4a2fd::doc_9::List of Wigan Borough F.C. players"", ""5aba7cfe554299232ef4a2fd::doc_2::EFL Cup"", ""5aba7cfe554299232ef4a2fd::doc_3::Springfield Park (Wigan)"", ""5aba7cfe554299232ef4a2fd::doc_4::Trinidad and Tobago League Cup"", ""5aba7cfe554299232ef4a2fd::doc_6::Nick Powell""]","[6.950912, 2.059713, 1.919445, 1.871505, 1.535705, -0.259505, -0.706358, -1.553798, -1.752282, -3.735518]",0.81753,1.0,1.0
tfidf_cross_encoder,5ae5aba0554299546bf82f17,"[""5ae5aba0554299546bf82f17::doc_2::Tara Strong"", ""5ae5aba0554299546bf82f17::doc_8::Tara Strong filmography"", ""5ae5aba0554299546bf82f17::doc_5::Teen Titans (season 1)"", ""5ae5aba0554299546bf82f17::doc_9::List of Teen Titans episodes"", ""5ae5aba0554299546bf82f17::doc_1::Teen Titans (season 4)"", ""5ae5aba0554299546bf82f17::doc_0::List of Teen Titans Go! episodes"", ""5ae5aba0554299546bf82f17::doc_4::Teen Titans Go! (TV series)"", ""5ae5aba0554299546bf82f17::doc_7::Teen Titans"", ""5ae5aba0554299546bf82f17::doc_6::Teen Titans: Trouble in Tokyo"", ""5a8ee6915542990e94052bad::doc_5::Avatar: The Last Airbender (season 1)""]","[8.143186, 8.083247, 7.604628, 7.148218, 6.691227, 3.235707, 2.339267, 1.053417, 0.885581, -0.478821]",0.81753,1.0,1.0
tfidf_cross_encoder,5ae1f4cb554299234fd0436d,"[""5ae1f4cb554299234fd0436d::doc_0::122nd SS-Standarte"", ""5ae1f4cb554299234fd0436d::doc_9::122nd Division (Imperial Japanese Army)"", ""5ae1f4cb554299234fd0436d::doc_6::122nd Infantry Regiment (United States)"", ""5ae1f4cb554299234fd0436d::doc_1::122nd Hydroplane Liaison Squadron"", ""5ae1f4cb554299234fd0436d::doc_7::122d Fighter Squadron"", ""5ae1f4cb554299234fd0436d::doc_8::122nd (Muskoka) Battalion, CEF"", ""5ae1f4cb554299234fd0436d::doc_5::122nd Ohio Infantry"", ""5ae1f4cb554299234fd0436d::doc_2::122nd Fighter Aviation Squadron"", ""5ae1f4cb554299234fd0436d::doc_4::122nd Division"", ""5a8e3ea95542995a26add48d::doc_5::New York Society of Model Engineers""]","[6.074073, -4.208783, -5.520704, -5.648007, -5.887956, -6.075547, -6.26942, -8.246412, -8.488543, -9.339833]",0.613147,1.0,0.5
tfidf_cross_encoder,5ae7e1fc55429952e35ea9cc,"[""5ae7e1fc55429952e35ea9cc::doc_7::Oranjegekte"", ""5ae7e1fc55429952e35ea9cc::doc_3::Koningsdag"", ""5ae7e1fc55429952e35ea9cc::doc_0::Queen's Day (disambiguation)"", ""5ae7e1fc55429952e35ea9cc::doc_4::Jounen Kw\u00e9y\u00f2l"", ""5ae7e1fc55429952e35ea9cc::doc_9::Christmas in the Basque Country"", ""5ae7e1fc55429952e35ea9cc::doc_8::White Sunday"", ""5a88658955429938390d3f47::doc_8::Armed Forces Day (Poland)"", ""5ae7e1fc55429952e35ea9cc::doc_6::Saint-Jean-Baptiste Day"", ""5ae7e1fc55429952e35ea9cc::doc_1::Children's Day (Japan)"", ""5a7a276d5542996c55b2dd27::doc_3::Muumuu""]","[8.50294, 1.472408, 0.304761, -3.061985, -3.470623, -7.119533, -8.187407, -8.204535, -8.551172, -9.162716]",1.0,1.0,1.0
tfidf_cross_encoder,5ae37c765542992f92d822d4,"[""5ae37c765542992f92d822d4::doc_5::Tromeo and Juliet"", ""5ae37c765542992f92d822d4::doc_2::Romeo + Juliet"", ""5ae37c765542992f92d822d4::doc_9::The Tragedy of Romeo and Juliet (film)"", ""5ae37c765542992f92d822d4::doc_7::James Gunn"", ""5ae37c765542992f92d822d4::doc_4::List of Romeo \u00d7 Juliet episodes"", ""5ae37c765542992f92d822d4::doc_0::Romeo and Juliet on screen"", ""5ae37c765542992f92d822d4::doc_1::Romeo"", ""5ae37c765542992f92d822d4::doc_6::Romeo \u00d7 Juliet"", ""5ae37c765542992f92d822d4::doc_3::A rose by any other name would smell as sweet"", ""5ab3b0bf5542992ade7c6e39::doc_5::True Lies""]","[8.306383, 6.293333, 3.472573, 3.330542, 2.099843, 1.833189, 0.840703, 0.563337, -2.331306, -3.442442]",0.877215,1.0,1.0
tfidf_cross_encoder,5ae33c4d5542992f92d82262,"[""5ae33c4d5542992f92d82262::doc_4::Robert Suettinger"", ""5abc0a5d5542993f40c73c64::doc_5::Peter W. Smith"", ""5ae33c4d5542992f92d82262::doc_5::Bill Clinton"", ""5ae33c4d5542992f92d82262::doc_3::National Intelligence Board"", ""5ae33c4d5542992f92d82262::doc_0::Director of the Defense Intelligence Agency"", ""5ae33c4d5542992f92d82262::doc_6::National Intelligence Cross"", ""5ae0d4c9554299603e418468::doc_5::Robert Hormats"", ""5a7d3470554299452d57bb56::doc_6::Jacob D. Robida"", ""5ae33c4d5542992f92d82262::doc_9::National Intelligence Estimate"", ""5ae33c4d5542992f92d82262::doc_2::National Intelligence Medal of Achievement""]","[5.105008, -3.19373, -3.467518, -5.700618, -6.806661, -7.05766, -7.818946, -7.947618, -8.087086, -8.415597]",0.919721,1.0,1.0
tfidf_cross_encoder,5a77cb335542997042120b3a,"[""5a77cb335542997042120b3a::doc_2::John John Florence"", ""5a77cb335542997042120b3a::doc_9::MEO Rip Curl Pro Portugal"", ""5a77cb335542997042120b3a::doc_6::Andy Irons"", ""5a77cb335542997042120b3a::doc_8::Barton Lynch"", ""5a77cb335542997042120b3a::doc_7::MEO Rip Curl Pro Portugal 2016"", ""5a77cb335542997042120b3a::doc_4::MEO Rip Curl Pro Portugal 2017"", ""5a77cb335542997042120b3a::doc_1::Moche Rip Curl Pro Portugal 2015"", ""5a77cb335542997042120b3a::doc_0::Coco Ho"", ""5a77cb335542997042120b3a::doc_3::Moche Rip Curl Pro Portugal 2014"", ""5a77cb335542997042120b3a::doc_5::Supertubos""]","[5.709311, 4.194832, 3.981173, 2.746268, 1.846303, 1.67636, 1.198271, 0.863616, 0.859825, -0.284093]",1.0,1.0,1.0
tfidf_cross_encoder,5a8979f4554299669944a52e,"[""5a8979f4554299669944a52e::doc_6::Bobbi Bacha"", ""5a8979f4554299669944a52e::doc_2::Suburban Madness"", ""5abe239355429976d4830a7d::doc_6::Estelle Hemsley"", ""5a89f5815542993b751ca9c5::doc_7::Caroline Carver (actress)"", ""5adf58f15542993a75d264d2::doc_4::Carole Gray"", ""5a80071f5542992bc0c4a684::doc_9::Alice David"", ""5a7a230e5542996a35c170ee::doc_3::The Fault in Our Stars (film)"", ""5aba749055429901930fa7d8::doc_0::Linda Mvusi"", ""5a8c7595554299585d9e36b6::doc_1::Shirley Temple"", ""5a8979f4554299669944a52e::doc_9::Middle name""]","[7.679328, 6.872052, -6.346959, -6.948765, -7.298732, -7.406911, -7.718383, -8.081352, -8.145264, -8.39854]",0.613147,1.0,0.5
tfidf_cross_encoder,5a713ea95542994082a3e6e4,"[""5a713ea95542994082a3e6e4::doc_4::Alvaro Mexia"", ""5a713ea95542994082a3e6e4::doc_1::Diplomatic mission"", ""5a713ea95542994082a3e6e4::doc_9::Indigenous peoples of Florida"", ""5a713ea95542994082a3e6e4::doc_8::United States Mission to the European Union"", ""5a713ea95542994082a3e6e4::doc_6::List of diplomatic missions of Azerbaijan"", ""5a713ea95542994082a3e6e4::doc_3::Embassy of China, London"", ""5a713ea95542994082a3e6e4::doc_0::High Commission of Australia, London"", ""5a85b2d95542997b5ce40028::doc_9::Amaruk Kayshapanta"", ""5a713ea95542994082a3e6e4::doc_5::Embassy of the United States, Nairobi"", ""5a85eed75542996432c5713b::doc_3::Seminole""]","[6.672968, -6.401315, -7.339294, -7.92811, -8.47888, -8.4867, -8.800696, -9.183422, -9.320903, -9.553639]",0.919721,1.0,1.0
tfidf_cross_encoder,5a78bd9b554299078472774a,"[""5a78bd9b554299078472774a::doc_8::Alfred Gell"", ""5a78bd9b554299078472774a::doc_0::Edmund Leach"", ""5a78bd9b554299078472774a::doc_7::Association of Social Anthropologists"", ""5a78bd9b554299078472774a::doc_1::Thomas Hylland Eriksen"", ""5a78bd9b554299078472774a::doc_2::Social Anthropology (journal)"", ""5a78bd9b554299078472774a::doc_9::Coral Gardens and Their Magic"", ""5a78bd9b554299078472774a::doc_4::Aleksandar Bo\u0161kovi\u0107"", ""5a760ab65542994ccc918697::doc_8::Alfred Balk"", ""5a78bd9b554299078472774a::doc_3::Network Analysis and Ethnographic Problems"", ""5a78bd9b554299078472774a::doc_6::Muted group theory""]","[8.112669, 6.260138, -2.344943, -3.25563, -4.065797, -4.723785, -5.318708, -6.936357, -7.716763, -8.637672]",1.0,1.0,1.0
tfidf_cross_encoder,5a7625e8554299109176e66a,"[""5a7625e8554299109176e66a::doc_9::1925 Birthday Honours"", ""5a7625e8554299109176e66a::doc_7::1951 Birthday Honours"", ""5a7625e8554299109176e66a::doc_4::Birthday Honours"", ""5a7625e8554299109176e66a::doc_5::1965 Birthday Honours"", ""5a7625e8554299109176e66a::doc_1::2014 Birthday Honours"", ""5a7625e8554299109176e66a::doc_8::2013 Birthday Honours"", ""5a7625e8554299109176e66a::doc_0::2017 Birthday Honours"", ""5a7625e8554299109176e66a::doc_3::2016 Birthday Honours"", ""5a7625e8554299109176e66a::doc_2::2015 Birthday Honours"", ""5add61d65542995b365fab21::doc_4::Ephraim Sklyansky""]","[8.856756, 3.667356, 0.160171, -0.903168, -1.809338, -1.925941, -2.074411, -2.184008, -2.342997, -6.384147]",0.613147,1.0,0.5
tfidf_cross_encoder,5ae2dd2055429928c423950d,"[""5ae2dd2055429928c423950d::doc_7::East Lempster, New Hampshire"", ""5ae2dd2055429928c423950d::doc_9::Lempster, New Hampshire"", ""5ae2dd2055429928c423950d::doc_1::Miner Memorial Library"", ""5ae2dd2055429928c423950d::doc_0::Steven D. Smith"", ""5ae2dd2055429928c423950d::doc_6::Carroll County, New Hampshire"", ""5ae2dd2055429928c423950d::doc_2::Sullivan County, New Hampshire"", ""5ae2dd2055429928c423950d::doc_5::Hampden County, Massachusetts"", ""5ae2dd2055429928c423950d::doc_3::Dover, New Hampshire"", ""5ae2dd2055429928c423950d::doc_4::Woodsville, New Hampshire"", ""5a8db19d5542994ba4e3dd00::doc_3::Amherst, Massachusetts""]","[8.566681, 8.070078, 4.185386, 2.916706, 2.626501, 2.595274, 0.168775, 0.106978, -0.157318, -1.951098]",0.831555,1.0,1.0
tfidf_cross_encoder,5abdf12255429976d4830a2f,"[""5abdf12255429976d4830a2f::doc_3::Against the Wind (album)"", ""5abdf12255429976d4830a2f::doc_2::Bob Seger"", ""5abdf12255429976d4830a2f::doc_8::Stranger in Town (album)"", ""5abdf12255429976d4830a2f::doc_0::Ride Out (album)"", ""5abdf12255429976d4830a2f::doc_6::Freudiana"", ""5abdf12255429976d4830a2f::doc_4::Gary Cherone"", ""5abdf12255429976d4830a2f::doc_9::Heaven Knows (Robert Plant song)"", ""5abdf12255429976d4830a2f::doc_1::10 Hronia Mazi"", ""5a83880e554299123d8c214e::doc_9::Suicide (1977 album)"", ""5ac298f9554299657fa28fc9::doc_7::In It to Win It (Saliva album)""]","[6.646246, 3.627732, 2.224287, 0.924715, -2.860678, -3.466747, -4.353053, -5.604479, -6.87677, -7.226836]",1.0,1.0,1.0
tfidf_cross_encoder,5a88658955429938390d3f47,"[""5a88658955429938390d3f47::doc_1::Rostker v. Goldberg"", ""5a88658955429938390d3f47::doc_6::Conscription in the United States"", ""5a88658955429938390d3f47::doc_7::Armed Forces Covenant"", ""5a88658955429938390d3f47::doc_9::Franklin D. Roosevelt's record on civil rights"", ""5a88658955429938390d3f47::doc_2::One Rank, One Pension"", ""5ab9b29c554299743d22ebae::doc_6::Craig v. Boren"", ""5aba5d2e55429901930fa799::doc_9::Lewinsky scandal"", ""5ab9b29c554299743d22ebae::doc_1::Baker v. Nelson"", ""5a7dcc775542990b8f503ab5::doc_2::Shellite (explosive)"", ""5ab9b29c554299743d22ebae::doc_4::United States v. Binion""]","[1.78819, -4.189481, -9.246391, -9.71886, -10.146822, -10.367079, -10.4076, -10.652377, -10.680769, -10.715245]",1.0,1.0,1.0
tfidf_cross_encoder,5a86ebac55429960ec39b6d6,"[""5a86ebac55429960ec39b6d6::doc_8::Handi-Snacks"", ""5a86ebac55429960ec39b6d6::doc_9::Mondelez International"", ""5a86ebac55429960ec39b6d6::doc_3::PepsiCo"", ""5a86ebac55429960ec39b6d6::doc_5::Snack Foods Limited"", ""5a86ebac55429960ec39b6d6::doc_7::Twisties"", ""5a86ebac55429960ec39b6d6::doc_1::Robert's American Gourmet Food"", ""5a86ebac55429960ec39b6d6::doc_4::Snackbox Food Holdings"", ""5ae057fd55429945ae959328::doc_5::General Mills"", ""5ae224da554299234fd043ee::doc_3::CytoSport"", ""5ae057fd55429945ae959328::doc_3::RetailMeNot""]","[5.533532, 4.6332, 3.830037, 1.789995, 0.884622, 0.707047, -0.458973, -0.459579, -4.646643, -5.703724]",1.0,1.0,1.0
tfidf_cross_encoder,5aba5d2e55429901930fa799,"[""5aba5d2e55429901930fa799::doc_4::Their Lives"", ""5aba5d2e55429901930fa799::doc_2::The White House Doctor"", ""5aba5d2e55429901930fa799::doc_3::Once Upon a Secret"", ""5aba5d2e55429901930fa799::doc_6::William H. Ginsburg"", ""5aba5d2e55429901930fa799::doc_9::Lewinsky scandal"", ""5aba5d2e55429901930fa799::doc_8::Monica Lewinsky"", ""5ac02e31554299294b218f3f::doc_9::Wonder Woman (2017 film)"", ""5aba5d2e55429901930fa799::doc_1::Gregory B. Craig"", ""5ae33c4d5542992f92d82262::doc_5::Bill Clinton"", ""5aba5d2e55429901930fa799::doc_7::Mark D. Fabiani""]","[8.090813, 0.404244, -0.384051, -2.274358, -2.772785, -3.941583, -6.348857, -6.793242, -6.82358, -6.970181]",0.831555,1.0,1.0
tfidf_cross_encoder,5ae5736e5542990ba0bbb2b3,"[""5ae5736e5542990ba0bbb2b3::doc_0::Paul Manafort"", ""5ae5736e5542990ba0bbb2b3::doc_8::David Urban"", ""5ae5736e5542990ba0bbb2b3::doc_4::Trump campaign\u2013Russian meeting"", ""5ae5736e5542990ba0bbb2b3::doc_2::Brad Parscale"", ""5ae5736e5542990ba0bbb2b3::doc_7::Tony Fabrizio"", ""5aba5d2e55429901930fa799::doc_7::Mark D. Fabiani"", ""5ae5736e5542990ba0bbb2b3::doc_6::Donald Trump presidential campaign, 2000"", ""5a7a1cd85542990783324e65::doc_1::United States presidential election, 2016"", ""5ae82ae555429952e35eaa71::doc_6::Virginia Foster Durr"", ""5ae5736e5542990ba0bbb2b3::doc_1::Donald Trump (Last Week Tonight)""]","[7.731133, 5.534708, 3.746227, 2.08909, 0.706231, 0.515903, -0.173563, -2.937468, -3.225893, -3.249337]",0.919721,1.0,1.0
tfidf_cross_encoder,5ae005b555429942ec259bec,"[""5ae005b555429942ec259bec::doc_8::Louren\u00e7o Mutarelli"", ""5ae005b555429942ec259bec::doc_5::4 a.m. (novel)"", ""5ae005b555429942ec259bec::doc_7::Drained"", ""5ae005b555429942ec259bec::doc_9::The Birds on the Trees"", ""5ae005b555429942ec259bec::doc_2::Quando Eu Era Vivo"", ""5ae005b555429942ec259bec::doc_0::The Golden Hour (novel)"", ""5ae005b555429942ec259bec::doc_4::Before We Say Goodbye"", ""5ae005b555429942ec259bec::doc_6::Three Comrades (novel)"", ""5ae005b555429942ec259bec::doc_3::Spirit of the Border"", ""5a7be2595542997c3ec972ac::doc_0::The Mark on the Wall""]","[6.154219, 3.947903, 1.588296, 1.166234, 1.047191, 0.296345, -2.606976, -2.884368, -3.812723, -4.137774]",0.613147,1.0,0.5
tfidf_cross_encoder,5a7759fc5542993569682d60,"[""5a7759fc5542993569682d60::doc_1::Garajonay National Park"", ""5a7759fc5542993569682d60::doc_2::Teide National Park"", ""5a7759fc5542993569682d60::doc_0::Hermigua"", ""5a7759fc5542993569682d60::doc_5::Roque Cinchado"", ""5a7759fc5542993569682d60::doc_8::Alpine National Park"", ""5a7759fc5542993569682d60::doc_9::North Cascades National Park"", ""5a7759fc5542993569682d60::doc_3::Crater Lake National Park"", ""5ab7e4dc5542995dae37e9df::doc_1::Wapusk National Park"", ""5a7759fc5542993569682d60::doc_7::Training centre for release of the Atma-energy"", ""5a7759fc5542993569682d60::doc_6::Adenocarpus viscosus""]","[8.099493, 7.971691, 2.33075, 0.960271, -0.202553, -0.946954, -1.794394, -1.909238, -2.326805, -3.061155]",1.0,1.0,1.0
tfidf_cross_encoder,5a835478554299123d8c20ed,"[""5a835478554299123d8c20ed::doc_2::Roald Dahl"", ""5a835478554299123d8c20ed::doc_7::Mrs. Bixby and the Colonel's Coat"", ""5a835478554299123d8c20ed::doc_3::The Best of Roald Dahl"", ""5a835478554299123d8c20ed::doc_1::The Collected Short Stories of Roald Dahl"", ""5a835478554299123d8c20ed::doc_8::The Roald Dahl Treasury"", ""5a835478554299123d8c20ed::doc_0::Roald Dahl: Collected Stories"", ""5a835478554299123d8c20ed::doc_5::Roald Dahl short stories bibliography"", ""5a835478554299123d8c20ed::doc_4::Roald Dahl Children's Gallery"", ""5a835478554299123d8c20ed::doc_9::Roald Dahl's Willy Wonka (musical)"", ""5a8ef2a75542995a26add583::doc_9::Seven Brief Lessons on Physics""]","[4.123504, 2.140825, 0.026834, -2.108115, -2.996547, -3.536393, -4.664284, -4.923987, -5.539868, -5.73322]",1.0,1.0,1.0
tfidf_cross_encoder,5aba749055429901930fa7d8,"[""5aba749055429901930fa7d8::doc_4::Chris Menges"", ""5aba749055429901930fa7d8::doc_7::Aram Avakian"", ""5aba749055429901930fa7d8::doc_2::11 Harrowhouse"", ""5aba749055429901930fa7d8::doc_6::Cops and Robbers (1973 film)"", ""5aba749055429901930fa7d8::doc_0::Linda Mvusi"", ""5aba749055429901930fa7d8::doc_3::End of the Road (1970 film)"", ""5aba749055429901930fa7d8::doc_5::A World Apart (film)"", ""5aba749055429901930fa7d8::doc_9::CrissCross"", ""5aba749055429901930fa7d8::doc_1::Second Best (film)"", ""5add11935542994734353827::doc_1::Chris Hanzsek""]","[2.196012, 2.007385, -4.700133, -4.921715, -5.032199, -5.08268, -5.397634, -5.628319, -7.936162, -8.166185]",1.0,1.0,1.0
tfidf_cross_encoder,5abfb3425542990832d3a1c0,"[""5abfb3425542990832d3a1c0::doc_2::Andrew Jaspan"", ""5abfb3425542990832d3a1c0::doc_0::Chicago Public Media"", ""5abfb3425542990832d3a1c0::doc_6::Accessible Media"", ""5abfb3425542990832d3a1c0::doc_4::The Conversation (website)"", ""5abfb3425542990832d3a1c0::doc_7::14ymedio"", ""5a7cbf8c554299452d57b9f4::doc_6::Mark Ciardi"", ""5abfb3425542990832d3a1c0::doc_8::Vatican leaks scandal"", ""5abfb3425542990832d3a1c0::doc_1::State media"", ""5ae5736e5542990ba0bbb2b3::doc_2::Brad Parscale"", ""5add11935542994734353827::doc_9::Daniel House""]","[8.532873, -3.197367, -3.246854, -3.516901, -5.525304, -6.387654, -6.433722, -7.427067, -7.785803, -7.848814]",0.877215,1.0,1.0
tfidf_cross_encoder,5ac3165c5542995ef918c10a,"[""5ac3165c5542995ef918c10a::doc_6::18th Independent Spirit Awards"", ""5ac3165c5542995ef918c10a::doc_3::32nd Independent Spirit Awards"", ""5ac3165c5542995ef918c10a::doc_4::28th Independent Spirit Awards"", ""5ac3165c5542995ef918c10a::doc_0::Independent Spirit Awards"", ""5ac3165c5542995ef918c10a::doc_9::Mihai M\u0103laimare Jr."", ""5ac3165c5542995ef918c10a::doc_8::Independent Spirit Award for Best First Feature"", ""5ac3165c5542995ef918c10a::doc_1::Independent Spirit Award for Best Cinematography"", ""5ac3165c5542995ef918c10a::doc_7::Independent Spirit Award for Best Editing"", ""5ac3165c5542995ef918c10a::doc_2::Silent Light"", ""5a7ed2c655429930675135e5::doc_0::71st Golden Globe Awards""]","[9.592207, 4.321556, 3.757751, 1.75559, 1.392151, 1.320116, 0.713333, 0.455896, -0.531306, -2.454753]",0.613147,1.0,0.5
tfidf_cross_encoder,5ae53b545542990ba0bbb23c,"[""5ae53b545542990ba0bbb23c::doc_2::Why Is There Air?"", ""5ae53b545542990ba0bbb23c::doc_7::Bill Cosby Is a Very Funny Fellow...Right!"", ""5ae53b545542990ba0bbb23c::doc_6::Inside the Mind of Bill Cosby"", ""5ae53b545542990ba0bbb23c::doc_0::The Original Jam Sessions 1969"", ""5ae53b545542990ba0bbb23c::doc_3::Disco Bill"", ""5ae53b545542990ba0bbb23c::doc_5::At Last Bill Cosby Really Sings"", ""5ae53b545542990ba0bbb23c::doc_8::Bill's Best Friend"", ""5ae53b545542990ba0bbb23c::doc_9::Yes, Yes, Yes"", ""5ae53b545542990ba0bbb23c::doc_1::Flamingo Las Vegas"", ""5ae4a3265542995ad6573de5::doc_9::Skyscraper National Park""]","[8.028244, 3.436522, -0.706448, -1.000229, -1.254402, -1.456337, -1.636401, -2.007196, -4.247365, -4.711823]",0.797723,1.0,1.0
tfidf_cross_encoder,5ae224da554299234fd043ee,"[""5ae224da554299234fd043ee::doc_5::Gibson (cocktail)"", ""5ae224da554299234fd043ee::doc_8::Zurracapote"", ""5ae224da554299234fd043ee::doc_0::Phillips Distilling Company"", ""5ae224da554299234fd043ee::doc_7::Rubicon Drinks"", ""5ae224da554299234fd043ee::doc_1::Flaming beverage"", ""5ae224da554299234fd043ee::doc_9::Gin pennant"", ""5ae224da554299234fd043ee::doc_6::Soft drink"", ""5ae224da554299234fd043ee::doc_4::List of soft drinks by country"", ""5ae224da554299234fd043ee::doc_2::Energy shot"", ""5ae224da554299234fd043ee::doc_3::CytoSport""]","[3.509898, 1.297846, -6.649063, -7.502862, -8.262327, -8.263592, -8.833782, -9.673752, -10.154196, -10.409333]",1.0,1.0,1.0
tfidf_cross_encoder,5ae2b770554299495565db0f,"[""5ae2b770554299495565db0f::doc_0::London International Documentary Festival"", ""5ae2b770554299495565db0f::doc_9::New Haven Documentary Film Festival"", ""5ae2b770554299495565db0f::doc_4::London Review of Books"", ""5ae2b770554299495565db0f::doc_6::Doc NYC"", ""5ae2b770554299495565db0f::doc_5::FreedomFilmFest"", ""5ae2b770554299495565db0f::doc_1::Docville"", ""5ae2b770554299495565db0f::doc_2::Chagrin Documentary Film Festival"", ""5ae2b770554299495565db0f::doc_3::British Journal"", ""5ab6d09255429954757d337d::doc_6::The Class of '92"", ""5a738fe855429908901be2fb::doc_1::Beautiful Young Minds""]","[5.790847, 0.668714, -0.521575, -0.776605, -1.2259, -1.459216, -2.39464, -2.697317, -3.21298, -3.276997]",0.919721,1.0,1.0
tfidf_cross_encoder,5a80b3a9554299485f5986cc,"[""5a80b3a9554299485f5986cc::doc_3::Tysons, Virginia"", ""5a80b3a9554299485f5986cc::doc_4::Tysons Corner Center"", ""5a80b3a9554299485f5986cc::doc_1::Tysons Galleria"", ""5a80b3a9554299485f5986cc::doc_8::McLean, Virginia"", ""5a80b3a9554299485f5986cc::doc_7::McLean station"", ""5a80b3a9554299485f5986cc::doc_9::Spring Hill station"", ""5a80b3a9554299485f5986cc::doc_2::Poughkeepsie Galleria"", ""5a80b3a9554299485f5986cc::doc_5::Cobb Galleria Centre"", ""5a80b3a9554299485f5986cc::doc_6::West McLean, Virginia"", ""5a80b3a9554299485f5986cc::doc_0::Scott's Run Nature Preserve""]","[7.917268, 6.384486, 6.098672, 3.713623, 3.611985, 3.46902, 3.236033, 2.805901, 0.057096, -0.686606]",0.570642,0.333333,1.0
tfidf_cross_encoder,5a8e0a005542995085b373a1,"[""5a8e0a005542995085b373a1::doc_3::Bordan Tkachuk"", ""5a8e0a005542995085b373a1::doc_8::Jonathan Michael Ansell"", ""5a8e0a005542995085b373a1::doc_1::Terren Peizer"", ""5a8e0a005542995085b373a1::doc_4::Viglen"", ""5a86ebac55429960ec39b6d6::doc_0::Canyon Creek Food Company"", ""5a8e0a005542995085b373a1::doc_6::Owens &amp; Minor"", ""5a8e0a005542995085b373a1::doc_5::Compass Minerals"", ""5a8e0a005542995085b373a1::doc_0::Cardinal Health"", ""5a8e0a005542995085b373a1::doc_7::Kingstone Companies"", ""5a74106b55429979e288289e::doc_3::Wes McKinney""]","[5.138859, -5.250438, -5.293299, -6.789236, -7.509109, -7.555008, -7.812591, -8.040196, -8.256802, -8.322493]",0.877215,1.0,1.0
tfidf_cross_encoder,5ac1b8ee5542994d76dccedc,"[""5ac1b8ee5542994d76dccedc::doc_8::Pamela B. Green"", ""5ac1b8ee5542994d76dccedc::doc_6::Lev Yilmaz"", ""5ac1b8ee5542994d76dccedc::doc_4::Lev Kuleshov"", ""5a88d745554299206df2b378::doc_4::David Yates"", ""5a8574945542997b5ce3fffb::doc_3::Baird Bryant"", ""5ac1b8ee5542994d76dccedc::doc_0::Aryanto Yuniawan"", ""5ab6a2be554299710c8d1f08::doc_7::The Key (1961 film)"", ""5ae6828f5542996d980e7bb9::doc_7::Kiyoshi Kohatsu"", ""5ac1b8ee5542994d76dccedc::doc_5::Pamela Gilbert"", ""5a8b57f25542995d1e6f1371::doc_4::Ed Wood""]","[5.482933, 5.066057, -2.127617, -4.886396, -5.381605, -5.406399, -5.437305, -5.725632, -5.81758, -6.119306]",1.0,1.0,1.0
tfidf_cross_encoder,5adccd795542990d50227d2c,"[""5adccd795542990d50227d2c::doc_7::Moroccan Ambassador to China"", ""5adccd795542990d50227d2c::doc_1::Rabat"", ""5adccd795542990d50227d2c::doc_2::Sinuiju Special Administrative Region"", ""5adccd795542990d50227d2c::doc_8::Liaison Office (Hong Kong)"", ""5a713ea95542994082a3e6e4::doc_3::Embassy of China, London"", ""5adccd795542990d50227d2c::doc_6::Wolong Special Administrative Region"", ""5adccd795542990d50227d2c::doc_9::Hong Kong Basic Law"", ""5adccd795542990d50227d2c::doc_4::2014 NPCSC Decision on Hong Kong"", ""5a84c4135542994c784dda31::doc_1::Yingkou"", ""5adc65e85542996e68525350::doc_2::Dazhou""]","[4.037723, 2.095516, -2.882571, -3.065732, -3.938609, -4.291883, -4.374963, -5.979097, -6.867961, -7.210395]",1.0,1.0,1.0
tfidf_cross_encoder,5a84c4135542994c784dda31,"[""5a84c4135542994c784dda31::doc_1::Yingkou"", ""5a84c4135542994c784dda31::doc_2::Fuding"", ""5a84c4135542994c784dda31::doc_8::Yingkou East Railway Station"", ""5a84c4135542994c784dda31::doc_3::Roman Catholic Diocese of Yingkou"", ""5a84c4135542994c784dda31::doc_5::Tongcheng Subdistrict, Fuding"", ""5a84c4135542994c784dda31::doc_0::Fuding Railway Station"", ""5a84c4135542994c784dda31::doc_9::Bayuquan Railway Station"", ""5a84c4135542994c784dda31::doc_4::Yingkou Lanqi Airport"", ""5a84c4135542994c784dda31::doc_6::Xiapu County"", ""5a84c4135542994c784dda31::doc_7::Taimushan Railway Station""]","[3.808517, 2.056758, 1.539906, -1.256424, -1.856475, -2.191946, -2.531613, -2.605019, -5.975461, -6.14321]",1.0,1.0,1.0
tfidf_cross_encoder,5a85eed75542996432c5713b,"[""5a85eed75542996432c5713b::doc_9::Black Seminoles"", ""5a85eed75542996432c5713b::doc_0::Mascogos"", ""5a85eed75542996432c5713b::doc_3::Seminole"", ""5a85eed75542996432c5713b::doc_8::Seminole Nation of Oklahoma"", ""5a713ea95542994082a3e6e4::doc_9::Indigenous peoples of Florida"", ""5a85eed75542996432c5713b::doc_2::Seminole music"", ""5a85eed75542996432c5713b::doc_6::Seminole County, Oklahoma"", ""5a85eed75542996432c5713b::doc_5::Muscogee language"", ""5a85eed75542996432c5713b::doc_7::Battle of Jupiter Inlet"", ""5a8c65a1554299585d9e3680::doc_3::Black Bermudian""]","[7.594629, 4.906116, 4.512224, 4.178889, 0.446336, 0.02649, -1.287827, -2.674837, -2.812835, -5.744665]",1.0,1.0,1.0
tfidf_cross_encoder,5a774e9c55429972597f14f3,"[""5a774e9c55429972597f14f3::doc_1::David Huntsinger"", ""5a774e9c55429972597f14f3::doc_5::Larnelle Harris"", ""5a774e9c55429972597f14f3::doc_3::Andra\u00e9 Crouch"", ""5a774e9c55429972597f14f3::doc_8::Latice Crawford"", ""5ab5ed505542997d4ad1f255::doc_8::Bruce Spizer"", ""5a774e9c55429972597f14f3::doc_9::Muyiwa Olarewaju"", ""5a774e9c55429972597f14f3::doc_2::Just as I Am (Yolanda Adams album)"", ""5a774e9c55429972597f14f3::doc_4::J-Shin"", ""5abdf12255429976d4830a2f::doc_4::Gary Cherone"", ""5ac298f9554299657fa28fc9::doc_2::Ian Watkins (Lostprophets)""]","[1.671052, -1.905941, -2.45381, -3.254103, -4.603933, -4.893709, -4.907362, -5.155801, -5.88025, -5.883905]",1.0,1.0,1.0
tfidf_cross_encoder,5ae738f75542991bbc9761c4,"[""5ae738f75542991bbc9761c4::doc_3::Champ Bailey"", ""5ae738f75542991bbc9761c4::doc_2::Jeris White"", ""5ae738f75542991bbc9761c4::doc_7::Ron Snidow"", ""5ae738f75542991bbc9761c4::doc_6::LaRon Landry"", ""5ae738f75542991bbc9761c4::doc_9::Fred Hageman"", ""5ae738f75542991bbc9761c4::doc_5::Boss Bailey"", ""5ae738f75542991bbc9761c4::doc_1::Robin Cole"", ""5a88658955429938390d3f47::doc_6::Conscription in the United States"", ""5ae738f75542991bbc9761c4::doc_0::Tom Draper"", ""5ae738f75542991bbc9761c4::doc_8::Anthony Woodson""]","[5.210613, 2.456153, 1.759258, 1.2215, 1.100607, -3.271657, -3.549901, -4.71975, -5.354049, -5.734629]",0.831555,1.0,1.0
tfidf_cross_encoder,5ac32b565542995ef918c154,"[""5ac32b565542995ef918c154::doc_7::1964 Georgia Tech Yellow Jackets football team"", ""5ac32b565542995ef918c154::doc_4::1959 Georgia Tech Yellow Jackets football team"", ""5ac32b565542995ef918c154::doc_8::Bobby Dodd Stadium"", ""5ac32b565542995ef918c154::doc_6::1953 Georgia Tech Yellow Jackets football team"", ""5ac32b565542995ef918c154::doc_3::Georgia Tech Yellow Jackets football"", ""5ac32b565542995ef918c154::doc_0::1988 Georgia Tech Yellow Jackets football team"", ""5ac32b565542995ef918c154::doc_1::1987 Georgia Tech Yellow Jackets football team"", ""5ac32b565542995ef918c154::doc_2::1980 Georgia Tech Yellow Jackets football team"", ""5ac32b565542995ef918c154::doc_5::Georgia Tech Yellow Jackets men's basketball"", ""5ac32b565542995ef918c154::doc_9::1990 Georgia Tech Yellow Jackets football team""]","[9.290279, 7.758601, 7.313213, 7.244898, 6.597794, 6.55203, 6.540095, 6.281611, 4.494422, 1.301904]",0.919721,1.0,1.0
tfidf_cross_encoder,5abc8d75554299700f9d7900,"[""5abc8d75554299700f9d7900::doc_4::Leo Varadkar"", ""5abc8d75554299700f9d7900::doc_2::Leader of Fine Gael"", ""5abc8d75554299700f9d7900::doc_0::Enda Kenny"", ""5abc8d75554299700f9d7900::doc_8::Simon Coveney"", ""5abc8d75554299700f9d7900::doc_1::Fine Gael leadership election, 2017"", ""5abc8d75554299700f9d7900::doc_7::Frances Fitzgerald (politician)"", ""5abc8d75554299700f9d7900::doc_6::James Reilly (Irish politician)"", ""5abc8d75554299700f9d7900::doc_3::John Bruton"", ""5abc8d75554299700f9d7900::doc_9::Liam Cosgrave"", ""5abc8d75554299700f9d7900::doc_5::Paddy O'Toole""]","[8.420444, 7.982487, 7.658735, 7.651649, 7.011959, 6.738045, 5.467631, 4.968507, 4.52209, 0.715309]",1.0,1.0,1.0
tfidf_cross_encoder,5a8bb29b554299240d9c2089,"[""5a8bb29b554299240d9c2089::doc_1::Johnny Angel"", ""5a8bb29b554299240d9c2089::doc_7::George Raft"", ""5a8c7595554299585d9e36b6::doc_6::Kiss and Tell (1945 film)"", ""5a8bb29b554299240d9c2089::doc_6::G\u00f6sta Pr\u00fczelius"", ""5a8bb29b554299240d9c2089::doc_9::Claudia Drake"", ""5a8bb29b554299240d9c2089::doc_5::Johnny Lee Clary"", ""5a877e5d5542993e715abf7d::doc_8::City of Angels (film)"", ""5a8b57f25542995d1e6f1371::doc_0::Ed Wood (film)"", ""5a8bb29b554299240d9c2089::doc_8::Johnny Angel (song)"", ""5a8c7595554299585d9e36b6::doc_5::A Kiss for Corliss""]","[8.327016, 0.880346, 0.76228, -0.334339, -0.349237, -1.5078, -1.547701, -1.631934, -1.881181, -1.982016]",1.0,1.0,1.0
tfidf_cross_encoder,5ab659e355429954757d324e,"[""5ab659e355429954757d324e::doc_3::Three Men on a Horse"", ""5ab659e355429954757d324e::doc_1::Michael Wynne (playwright)"", ""5ab659e355429954757d324e::doc_6::Jeffrey Stanley"", ""5ab659e355429954757d324e::doc_5::Finn Iunker"", ""5ab659e355429954757d324e::doc_2::James Roland MacLaren"", ""5ab659e355429954757d324e::doc_8::Bertha Runkle"", ""5ab659e355429954757d324e::doc_4::DeObia Oparei"", ""5ac2bbd0554299218029db09::doc_2::William Goldman"", ""5ab659e355429954757d324e::doc_7::Lenelle Mo\u00efse"", ""5aba65a055429939ce03dcd2::doc_6::Armando Mook""]","[1.892401, -4.40513, -5.572567, -5.89891, -6.035523, -6.761587, -6.795103, -7.021585, -7.110809, -7.238356]",0.613147,1.0,0.5
tfidf_cross_encoder,5a8b8b3155429949d91db5d7,"[""5a8b8b3155429949d91db5d7::doc_9::Owner earnings"", ""5a8b8b3155429949d91db5d7::doc_3::Warren Buffett"", ""5a8b8b3155429949d91db5d7::doc_6::Susan Buffett"", ""5a8b8b3155429949d91db5d7::doc_5::Howard Warren Buffett"", ""5a8b8b3155429949d91db5d7::doc_8::The Warren Buffett Way"", ""5a8b8b3155429949d91db5d7::doc_1::George D. Buffett"", ""5a8b8b3155429949d91db5d7::doc_0::Howard Graham Buffett"", ""5a8b8b3155429949d91db5d7::doc_4::Buffett Foundation"", ""5a8b8b3155429949d91db5d7::doc_7::Susan Alice Buffett"", ""5a8b8b3155429949d91db5d7::doc_2::TaeguTec""]","[3.751416, -1.279785, -2.304185, -3.587561, -3.654081, -4.13782, -4.547403, -4.769745, -5.031183, -7.470405]",1.0,1.0,1.0
tfidf_cross_encoder,5ae7eaf65542994a481bbe1d,"[""5ae7eaf65542994a481bbe1d::doc_3::2000 ICC KnockOut Trophy"", ""5ae7eaf65542994a481bbe1d::doc_2::2000 ICC KnockOut Trophy squads"", ""5ae7eaf65542994a481bbe1d::doc_1::Zaheer Khan"", ""5ae7eaf65542994a481bbe1d::doc_0::1998 ICC KnockOut Trophy Final"", ""5ae7eaf65542994a481bbe1d::doc_6::1998 ICC KnockOut Trophy squads"", ""5ae7eaf65542994a481bbe1d::doc_5::Guy Randall-Johnson"", ""5ae7eaf65542994a481bbe1d::doc_7::Sam Davies (cricketer)"", ""5ae7eaf65542994a481bbe1d::doc_8::Peter Kingston-Davey"", ""5ab41d855542996a3a969f4b::doc_2::Arthur Fielder"", ""5ab41d855542996a3a969f4b::doc_6::Tom Caplen""]","[6.421189, 4.211473, 3.357195, 1.612417, -0.064478, -1.970925, -2.76209, -4.421298, -5.254129, -5.633871]",0.919721,1.0,1.0
tfidf_cross_encoder,5a8c4c625542995e66a475a1,"[""5a8c4c625542995e66a475a1::doc_4::514th Flight Test Squadron"", ""5a8c4c625542995e66a475a1::doc_1::486th Flight Test Squadron"", ""5a8c4c625542995e66a475a1::doc_9::339th Flight Test Squadron"", ""5a8c4c625542995e66a475a1::doc_8::417th Flight Test Squadron"", ""5a8c4c625542995e66a475a1::doc_0::413th Flight Test Squadron"", ""5a8c4c625542995e66a475a1::doc_7::370th Flight Test Squadron"", ""5a8c4c625542995e66a475a1::doc_3::10th Flight Test Squadron"", ""5a8c4c625542995e66a475a1::doc_6::419th Flight Test Squadron"", ""5a8c4c625542995e66a475a1::doc_2::415th Flight Test Flight"", ""5a8c4c625542995e66a475a1::doc_5::Hill Air Force Base""]","[4.612678, 3.808624, 2.856252, 2.855612, 2.695461, 2.425861, 2.229086, 1.973641, 1.280574, -2.6049]",0.790386,1.0,1.0
tfidf_cross_encoder,5a818387554299260e20a291,"[""5a818387554299260e20a291::doc_2::My Eyes (Blake Shelton song)"", ""5a818387554299260e20a291::doc_1::Based on a True Story..."", ""5a818387554299260e20a291::doc_4::Keyed Up"", ""5a818387554299260e20a291::doc_7::Country Music Star No. 1"", ""5a818387554299260e20a291::doc_6::This Is Me (Randy Travis album)"", ""5a818387554299260e20a291::doc_9::Old 8\u00d710"", ""5a818387554299260e20a291::doc_5::Stranger in the House (song)"", ""5a77c1505542997042120b1b::doc_0::Steers &amp; Stripes"", ""5a77c1505542997042120b1b::doc_9::Tonight I Climbed the Wall"", ""5a77c1505542997042120b1b::doc_1::(Who Says) You Can't Have It All""]","[7.526244, 5.522747, 0.013411, -0.004866, -0.875607, -1.753007, -2.774357, -3.961162, -4.06249, -4.251595]",1.0,1.0,1.0
tfidf_cross_encoder,5ab978855542996be2020512,"[""5ab978855542996be2020512::doc_5::Tabernacle"", ""5ab978855542996be2020512::doc_0::Flaming Feather"", ""5ab978855542996be2020512::doc_7::V\u00eddbl\u00e1in"", ""5ab978855542996be2020512::doc_2::Heaven in Judaism"", ""5ab978855542996be2020512::doc_3::Montezuma Castle National Monument"", ""5ab978855542996be2020512::doc_4::Andlang"", ""5ab978855542996be2020512::doc_1::Ch\u00e2teau de Druyes"", ""5a8704f8554299211dda2ba4::doc_9::List of rulers of the Kingdom of the Isles"", ""5a8704f8554299211dda2ba4::doc_8::Kingdom of the Isles"", ""5ab2a186554299295394677b::doc_6::Spalding War Memorial""]","[1.030003, -3.204313, -4.03347, -4.743635, -4.925749, -5.316074, -5.922818, -7.383833, -7.428673, -8.09067]",0.624051,0.5,1.0
tfidf_cross_encoder,5ae63dad55429929b0807afe,"[""5ae63dad55429929b0807afe::doc_7::Here We Go Round the Mulberry Bush (film)"", ""5ae63dad55429929b0807afe::doc_8::Clive Donner"", ""5ae63dad55429929b0807afe::doc_1::The Wheels on the Bus"", ""5ae63dad55429929b0807afe::doc_9::Christopher Mitchell (actor)"", ""5ae63dad55429929b0807afe::doc_4::Here We Go Round the Mulberry Bush (Traffic song)"", ""5ae63dad55429929b0807afe::doc_5::Michael Finnegan (song)"", ""5ae63dad55429929b0807afe::doc_2::Roy Holder"", ""5ae63dad55429929b0807afe::doc_3::Here We Go Round the Mulberry Bush"", ""5ae63dad55429929b0807afe::doc_0::Here We Go Round the Mulberry Bush (disambiguation)"", ""5ae005b555429942ec259bec::doc_5::4 a.m. (novel)""]","[7.616258, 3.153247, 2.708299, 2.650358, 2.15422, 1.083859, 0.766412, 0.399207, -0.293098, -2.929823]",0.613147,1.0,0.5
tfidf_cross_encoder,5a7a455c5542994f819ef1a7,"[""5a7a455c5542994f819ef1a7::doc_5::George Archainbaud"", ""5a7a455c5542994f819ef1a7::doc_6::Ralph Murphy"", ""5a7a455c5542994f819ef1a7::doc_9::Campus Confessions"", ""5a7a455c5542994f819ef1a7::doc_4::Thrill of a Lifetime (film)"", ""5a7a455c5542994f819ef1a7::doc_0::The Big Brain"", ""5a7a455c5542994f819ef1a7::doc_7::Alias French Gertie"", ""5a7a455c5542994f819ef1a7::doc_3::Flying with Music"", ""5a7a455c5542994f819ef1a7::doc_1::Hoppy Serves a Writ"", ""5a8b8b3155429949d91db5d7::doc_1::George D. Buffett"", ""5a7625e8554299109176e66a::doc_6::George V""]","[5.134434, 3.248023, -1.671369, -2.432022, -2.546768, -2.753228, -3.137074, -3.285433, -3.562372, -4.412874]",1.0,1.0,1.0
tfidf_cross_encoder,5a7dcc775542990b8f503ab5,"[""5a7dcc775542990b8f503ab5::doc_9::Picric acid"", ""5a7dcc775542990b8f503ab5::doc_2::Shellite (explosive)"", ""5a7dcc775542990b8f503ab5::doc_0::Isopropyl alcohol"", ""5a7dcc775542990b8f503ab5::doc_6::Aldonic acid"", ""5a7dcc775542990b8f503ab5::doc_3::Tetrakis(hydroxymethyl)phosphonium chloride"", ""5a7dcc775542990b8f503ab5::doc_7::Xylitol"", ""5a7dcc775542990b8f503ab5::doc_5::1-Pentanol"", ""5a7dcc775542990b8f503ab5::doc_4::1-Hexanol"", ""5a7dcc775542990b8f503ab5::doc_1::Index of alcohol-related articles"", ""5a7dcc775542990b8f503ab5::doc_8::Conductivity near the percolation threshold""]","[1.370199, 0.686203, 0.456805, -0.072002, -0.080482, -0.167071, -0.825153, -0.927738, -2.22904, -7.473427]",1.0,1.0,1.0
tfidf_cross_encoder,5a887bc0554299206df2b2b6,"[""5a887bc0554299206df2b2b6::doc_3::Argentine PGA Championship"", ""5a887bc0554299206df2b2b6::doc_9::Roberto De Vicenzo"", ""5a887bc0554299206df2b2b6::doc_1::Middle Atlantic PGA Championship"", ""5a887bc0554299206df2b2b6::doc_4::Northern California PGA Championship"", ""5a887bc0554299206df2b2b6::doc_0::1939 PGA Championship"", ""5a887bc0554299206df2b2b6::doc_2::2000 PGA Championship"", ""5a887bc0554299206df2b2b6::doc_7::1977 PGA Championship"", ""5a887bc0554299206df2b2b6::doc_8::1940 PGA Championship"", ""5a887bc0554299206df2b2b6::doc_5::2006 PGA Championship"", ""5a887bc0554299206df2b2b6::doc_6::2018 PGA Championship""]","[7.675539, 6.163811, 0.564237, -0.161773, -0.727041, -1.406687, -1.695876, -1.876965, -2.136577, -6.454898]",1.0,1.0,1.0
tfidf_cross_encoder,5a83880e554299123d8c214e,"[""5a83880e554299123d8c214e::doc_8::Ghost Rider (Suicide song)"", ""5a83880e554299123d8c214e::doc_9::Suicide (1977 album)"", ""5a83880e554299123d8c214e::doc_7::In My Country There Is Problem"", ""5a83880e554299123d8c214e::doc_4::A Boy in a Man's World"", ""5ac02e31554299294b218f3f::doc_2::Suicide Squad (film)"", ""5a83880e554299123d8c214e::doc_0::A Week of Garfield"", ""5a8574945542997b5ce3fffb::doc_6::Altamont Diary"", ""5ae73c065542991e8301cc18::doc_5::In Death Reborn"", ""5a83880e554299123d8c214e::doc_1::Impossible Dream"", ""5a877e5d5542993e715abf7d::doc_0::Ungod""]","[4.723139, 3.834344, -3.613079, -5.126935, -5.14676, -6.858328, -6.887962, -6.8901, -6.932526, -6.943263]",1.0,1.0,1.0
tfidf_cross_encoder,5a879adb5542996e4f30887f,"[""5a879adb5542996e4f30887f::doc_3::DISCLOSE Act"", ""5a879adb5542996e4f30887f::doc_5::Public Law 113-167"", ""5a879adb5542996e4f30887f::doc_9::Campaign finance reform in the United States"", ""5a879adb5542996e4f30887f::doc_8::Modernization of Investigative Techniques Act"", ""5a879adb5542996e4f30887f::doc_6::Attorney misconduct"", ""5a879adb5542996e4f30887f::doc_4::Abteilungsleiter (NSDAP)"", ""5a879adb5542996e4f30887f::doc_1::Vice President of Panama"", ""5a879adb5542996e4f30887f::doc_2::Hannah Gale"", ""5a8c7595554299585d9e36b6::doc_7::Secretary of State for Constitutional Affairs"", ""5a88658955429938390d3f47::doc_9::Franklin D. Roosevelt's record on civil rights""]","[5.742557, -2.526119, -3.919243, -4.430226, -6.163192, -6.549027, -7.180215, -7.428246, -7.592458, -8.32992]",0.613147,1.0,0.5
tfidf_cross_encoder,5add11935542994734353827,"[""5add11935542994734353827::doc_5::Skin Yard"", ""5add11935542994734353827::doc_3::Skin Yard (album)"", ""5add11935542994734353827::doc_2::Ostava"", ""5add11935542994734353827::doc_9::Daniel House"", ""5add11935542994734353827::doc_8::Cat Butt"", ""5add11935542994734353827::doc_7::Gruntruck"", ""5add11935542994734353827::doc_6::Jack Endino"", ""5add11935542994734353827::doc_0::Matt Cameron"", ""5add11935542994734353827::doc_4::Mark Arm"", ""5add11935542994734353827::doc_1::Chris Hanzsek""]","[5.832375, 1.868471, 1.684049, 1.383287, 0.545381, 0.542634, 0.009946, -0.056613, -1.01508, -2.58937]",0.919721,1.0,1.0
tfidf_cross_encoder,5a8c5569554299240d9c2126,"[""5a8c5569554299240d9c2126::doc_8::Hall &amp; Oates"", ""5a8c5569554299240d9c2126::doc_5::Daryl Hall"", ""5a8c5569554299240d9c2126::doc_9::Gerry Marsden"", ""5a8c5569554299240d9c2126::doc_0::Did It in a Minute"", ""5a8c5569554299240d9c2126::doc_1::One on One (song)"", ""5a8c5569554299240d9c2126::doc_4::Don't Let the Sun Catch You Crying"", ""5a8c5569554299240d9c2126::doc_7::Jonathan Wolfson"", ""5a8c5569554299240d9c2126::doc_6::Ferry Cross the Mersey"", ""5a8c5569554299240d9c2126::doc_3::Live from Daryl's House"", ""5a8c5569554299240d9c2126::doc_2::Janna Allen""]","[6.362468, 4.639781, 4.605568, 0.609042, 0.52934, -0.271926, -0.433668, -0.459004, -1.265246, -1.301693]",0.693426,0.5,1.0
tfidf_cross_encoder,5a75f0ea5542994ccc91866c,"[""5a75f0ea5542994ccc91866c::doc_1::Backford Cross"", ""5a75f0ea5542994ccc91866c::doc_5::A5117 road"", ""5a75f0ea5542994ccc91866c::doc_6::U.S. Route 287"", ""5a75f0ea5542994ccc91866c::doc_7::U.S. Route 19 Truck (Pittsburgh)"", ""5a75f0ea5542994ccc91866c::doc_8::Strawberry Park, Cheshire"", ""5a75f0ea5542994ccc91866c::doc_9::A41 road"", ""5a75f0ea5542994ccc91866c::doc_0::Pureland Industrial Complex"", ""5a75f0ea5542994ccc91866c::doc_3::Param, Rampur"", ""5a713a5a5542994082a3e6a9::doc_6::Gorse Hill"", ""5a8133725542995ce29dcbdb::doc_2::R509 road (Ireland)""]","[3.311029, 0.512103, -1.826997, -2.142756, -3.08283, -3.843548, -6.102759, -8.28903, -8.642826, -8.823898]",0.831555,1.0,1.0
tfidf_cross_encoder,5a89f5815542993b751ca9c5,"[""5a89f5815542993b751ca9c5::doc_3::The Magical Legend of the Leprechauns"", ""5a89f5815542993b751ca9c5::doc_7::Caroline Carver (actress)"", ""5a89f5815542993b751ca9c5::doc_5::Snow White: The Fairest of Them All"", ""5a89f5815542993b751ca9c5::doc_8::Snow Queen (2002 film)"", ""5a89f5815542993b751ca9c5::doc_6::You Me and Captain Longbridge"", ""5a89f5815542993b751ca9c5::doc_1::Silver Bells (film)"", ""5a89f5815542993b751ca9c5::doc_9::Family Plan"", ""5a89f5815542993b751ca9c5::doc_2::La Femme Musketeer"", ""5ac1c6805542994ab5c67e11::doc_4::Santa Claus: The Movie"", ""5a89f5815542993b751ca9c5::doc_4::The Boys Next Door (1996 film)""]","[7.017842, 6.211037, 0.935343, 0.00157, -0.373371, -1.370913, -2.737362, -3.243736, -4.162215, -4.373377]",1.0,1.0,1.0
tfidf_cross_encoder,5a8d5fc6554299585d9e37c6,"[""5a8d5fc6554299585d9e37c6::doc_6::The Spiderwick Chronicles (film)"", ""5a8d5fc6554299585d9e37c6::doc_4::Sarah Bolger"", ""5a8d5fc6554299585d9e37c6::doc_2::As Cool as I Am (film)"", ""5a8d5fc6554299585d9e37c6::doc_9::The Moth Diaries (film)"", ""5a89f5815542993b751ca9c5::doc_3::The Magical Legend of the Leprechauns"", ""5a8d5fc6554299585d9e37c6::doc_5::Identity Films"", ""5a8d5fc6554299585d9e37c6::doc_3::Barbie and the Secret Door"", ""5a8d5fc6554299585d9e37c6::doc_7::Stormbreaker (film)"", ""5ab341f755429969a97a8114::doc_7::Mary Poppins (film)"", ""5ab3b0bf5542992ade7c6e39::doc_7::End of Days (film)""]","[6.561485, 1.848265, 0.560849, -0.008991, -1.536879, -1.81369, -3.035734, -3.978792, -4.081121, -4.165764]",1.0,1.0,1.0
tfidf_cross_encoder,5ac120c55542992a796dedfc,"[""5ac120c55542992a796dedfc::doc_1::Maxeda"", ""5ac120c55542992a796dedfc::doc_2::Kohlberg Kravis Roberts"", ""5ac120c55542992a796dedfc::doc_6::Polycom"", ""5a8f4c8d554299458435d5a3::doc_3::Halliburton"", ""5ac120c55542992a796dedfc::doc_3::HGGC"", ""5ac120c55542992a796dedfc::doc_9::Mekong Capital"", ""5ae057fd55429945ae959328::doc_8::Equinix"", ""5a86ebac55429960ec39b6d6::doc_3::PepsiCo"", ""5ac1b8ee5542994d76dccedc::doc_5::Pamela Gilbert"", ""5ac120c55542992a796dedfc::doc_5::Manischewitz""]","[7.709205, -2.047512, -5.471144, -5.625462, -5.915549, -6.607259, -6.980869, -7.40044, -7.624245, -7.813051]",1.0,1.0,1.0
tfidf_cross_encoder,5ab7c1a955429928e1fe38c8,"[""5ab7c1a955429928e1fe38c8::doc_7::Cressida Bonas"", ""5ab7c1a955429928e1fe38c8::doc_1::The Bye Bye Man"", ""5ab7c1a955429928e1fe38c8::doc_5::Lady Alexandra Curzon"", ""5ab7c1a955429928e1fe38c8::doc_8::Bottom of the World (film)"", ""5ab7c1a955429928e1fe38c8::doc_0::Love Beats Rhymes"", ""5ab7c1a955429928e1fe38c8::doc_4::One Night in Istanbul"", ""5ac02e31554299294b218f3f::doc_9::Wonder Woman (2017 film)"", ""5a8d5fc6554299585d9e37c6::doc_4::Sarah Bolger"", ""5ab7c1a955429928e1fe38c8::doc_9::Chainsaw (Scream Queens)"", ""5ab7e4dc5542995dae37e9df::doc_2::Armie Hammer""]","[4.331265, 2.9319, 0.819675, -1.037435, -1.296589, -1.973458, -4.09559, -4.630033, -4.93887, -5.116022]",1.0,1.0,1.0
tfidf_cross_encoder,5abd01205542992ac4f3819b,"[""5abd01205542992ac4f3819b::doc_4::Mummulgum"", ""5abd01205542992ac4f3819b::doc_5::Bruxner Highway"", ""5abd01205542992ac4f3819b::doc_2::Casino, New South Wales"", ""5abd01205542992ac4f3819b::doc_1::Wollongbar, New South Wales"", ""5abd01205542992ac4f3819b::doc_3::Tabulam"", ""5abd01205542992ac4f3819b::doc_6::Alstonville, New South Wales"", ""5abd01205542992ac4f3819b::doc_9::Goonellabah, New South Wales"", ""5abd01205542992ac4f3819b::doc_7::Tenterfield, New South Wales"", ""5abd01205542992ac4f3819b::doc_8::Bonshaw, New South Wales"", ""5abd01205542992ac4f3819b::doc_0::Richmond Valley Council""]","[4.446349, -0.443181, -2.040956, -2.147664, -2.376731, -3.792575, -4.072841, -4.716798, -5.413158, -5.616585]",0.919721,1.0,1.0
tfidf_cross_encoder,5ab69c25554299110f219a39,"[""5ab69c25554299110f219a39::doc_8::Owsley Stanley"", ""5ab69c25554299110f219a39::doc_9::Gary Arlington"", ""5ab69c25554299110f219a39::doc_0::Jory Prum"", ""5add61d65542995b365fab21::doc_8::David Waksberg"", ""5ab5ed505542997d4ad1f255::doc_1::Marsha Albert"", ""5abdf12255429976d4830a2f::doc_2::Bob Seger"", ""5a7320565542991f9a20c61d::doc_3::Keith Bostic"", ""5ab69c25554299110f219a39::doc_7::Key System"", ""5ab6a2be554299710c8d1f08::doc_7::The Key (1961 film)"", ""5ab69c25554299110f219a39::doc_6::Old and in the Way (album)""]","[9.259526, 2.758213, 2.575944, -4.895307, -5.550679, -5.931905, -6.340836, -6.565341, -6.734553, -6.843883]",0.790386,1.0,1.0
tfidf_cross_encoder,5a7b12a355429927d897bf2a,"[""5a7b12a355429927d897bf2a::doc_0::Columba de Dunbar"", ""5a7b12a355429927d897bf2a::doc_4::Gospatric, Earl of Northumbria"", ""5a7b12a355429927d897bf2a::doc_9::Bishop Dunbar's Hospital"", ""5a7b12a355429927d897bf2a::doc_1::Earl of Dunbar"", ""5a7b12a355429927d897bf2a::doc_6::George I, Earl of March"", ""5a7b12a355429927d897bf2a::doc_2::George II, Earl of March"", ""5a7b12a355429927d897bf2a::doc_5::Patrick IV, Earl of March"", ""5a7b12a355429927d897bf2a::doc_8::Spynie Palace"", ""5a7b12a355429927d897bf2a::doc_7::Mike Dunbar"", ""5a7b12a355429927d897bf2a::doc_3::Haripur Barabari""]","[7.773501, 2.009997, 0.14154, -0.670456, -1.821963, -2.024394, -2.686986, -5.696452, -6.093354, -7.596306]",0.806574,1.0,1.0
tfidf_cross_encoder,5ae0006755429925eb1afbd3,"[""5ae0006755429925eb1afbd3::doc_9::Gum Wall"", ""5ae0006755429925eb1afbd3::doc_7::Bubblegum Alley"", ""5ae0006755429925eb1afbd3::doc_5::Up Your Alley Fair"", ""5ae0006755429925eb1afbd3::doc_3::Hollywood Star Lanes"", ""5ae0006755429925eb1afbd3::doc_4::Digital Media Factory"", ""5ae0006755429925eb1afbd3::doc_2::Ouch! (gum)"", ""5ae0006755429925eb1afbd3::doc_6::Lower Louviers and Chicken Alley"", ""5a87d8215542994775f60800::doc_1::Central Avenue (Los Angeles)"", ""5ae0006755429925eb1afbd3::doc_0::Old US 67 Rest Area"", ""5ae0006755429925eb1afbd3::doc_1::Philadelphia Baseball Wall of Fame""]","[8.88859, 8.113922, -4.27906, -5.763692, -6.042593, -6.594364, -7.671401, -8.030739, -8.55966, -9.130754]",0.613147,1.0,0.5
tfidf_cross_encoder,5ae305df5542992decbdcdc3,"[""5ae305df5542992decbdcdc3::doc_6::2013 Sugar Bowl"", ""5ae305df5542992decbdcdc3::doc_7::2012 Louisville Cardinals football team"", ""5ae305df5542992decbdcdc3::doc_8::1989 Cotton Bowl Classic"", ""5ae305df5542992decbdcdc3::doc_0::Parkway Field"", ""5ae305df5542992decbdcdc3::doc_4::2008 Fiesta Bowl"", ""5ae305df5542992decbdcdc3::doc_2::1989 Fiesta Bowl"", ""5a7c960655429935c91b5244::doc_6::2012 Texas Tech Red Raiders football team"", ""5ab2c5e255429916697740ba::doc_1::60th National Hockey League All-Star Game"", ""5adf37a95542995ec70e8f97::doc_0::2012\u201313 VCU Rams men's basketball team"", ""5ab2c5e255429916697740ba::doc_7::57th National Hockey League All-Star Game""]","[5.950384, 4.840606, 0.057127, -0.454291, -2.062722, -3.141624, -3.400616, -3.785913, -3.854988, -4.155616]",1.0,1.0,1.0
tfidf_cross_encoder,5a8574945542997b5ce3fffb,"[""5a8574945542997b5ce3fffb::doc_5::LaLee's Kin: The Legacy of Cotton"", ""5a8574945542997b5ce3fffb::doc_7::Gimme Shelter (1970 film)"", ""5a8574945542997b5ce3fffb::doc_3::Baird Bryant"", ""5a8574945542997b5ce3fffb::doc_2::Gimme Shelter (album)"", ""5a8574945542997b5ce3fffb::doc_0::Gimme Shelter (disambiguation)"", ""5a8574945542997b5ce3fffb::doc_6::Altamont Diary"", ""5a8574945542997b5ce3fffb::doc_1::Merry Clayton"", ""5a8574945542997b5ce3fffb::doc_9::Gimme Shelter"", ""5a8574945542997b5ce3fffb::doc_4::Stanton Y. Hill"", ""5a8574945542997b5ce3fffb::doc_8::Keith Richards""]","[6.878917, 5.511962, 0.651342, -0.1302, -0.72669, -0.867676, -1.533187, -1.833135, -4.379089, -6.042235]",1.0,1.0,1.0
tfidf_cross_encoder,5a7332935542991f9a20c67d,"[""5a7332935542991f9a20c67d::doc_3::Pirate's Cove"", ""5a7332935542991f9a20c67d::doc_7::Catan"", ""5a7332935542991f9a20c67d::doc_8::Catan Dice Game"", ""5a7332935542991f9a20c67d::doc_4::Catan: Seafarers"", ""5a7332935542991f9a20c67d::doc_1::The Kids of Catan"", ""5a7332935542991f9a20c67d::doc_2::The Rivals for Catan"", ""5a7332935542991f9a20c67d::doc_0::Struggle for Rome (board game)"", ""5a7332935542991f9a20c67d::doc_9::Elasund"", ""5a7332935542991f9a20c67d::doc_5::Catan Card Game"", ""5a7332935542991f9a20c67d::doc_6::Catan: Cities &amp; Knights""]","[6.263523, 3.720997, 3.369042, 2.680144, 2.581548, 2.542917, 1.842377, 1.392746, 1.334066, -1.567083]",1.0,1.0,1.0
tfidf_cross_encoder,5a80071f5542992bc0c4a684,"[""5a80071f5542992bc0c4a684::doc_9::Alice David"", ""5a80071f5542992bc0c4a684::doc_4::Lara Croft and the Temple of Osiris"", ""5a80071f5542992bc0c4a684::doc_8::Lara Croft"", ""5a80071f5542992bc0c4a684::doc_6::Lara Croft and the Guardian of Light"", ""5a80071f5542992bc0c4a684::doc_1::Tomb Raider"", ""5a80071f5542992bc0c4a684::doc_3::Tomb Raider III"", ""5a80071f5542992bc0c4a684::doc_7::Tomb Raider (2013 video game)"", ""5a80071f5542992bc0c4a684::doc_2::Lara Croft Go"", ""5a80071f5542992bc0c4a684::doc_0::List of Tomb Raider media"", ""5a80071f5542992bc0c4a684::doc_5::Lara Croft: Tomb Raider""]","[7.3634, 4.853344, 3.195081, 2.682834, 2.664931, 2.490177, 1.755549, 1.72188, 1.397187, 1.252865]",0.81753,1.0,1.0
tfidf_cross_encoder,5ae73c065542991e8301cc18,"[""5ae73c065542991e8301cc18::doc_7::Numb (Rihanna song)"", ""5ae73c065542991e8301cc18::doc_6::The Monster (song)"", ""5ae73c065542991e8301cc18::doc_4::Encore (Eminem song)"", ""5ae73c065542991e8301cc18::doc_2::Drop the World"", ""5ac298f9554299657fa28fc9::doc_5::Under Your Skin (album)"", ""5a83880e554299123d8c214e::doc_9::Suicide (1977 album)"", ""5ae73c065542991e8301cc18::doc_8::List of songs recorded by Linkin Park"", ""5a8c5569554299240d9c2126::doc_1::One on One (song)"", ""5ab96ab755429970cfb8eacd::doc_2::Outside (Calvin Harris song)"", ""5abdf12255429976d4830a2f::doc_3::Against the Wind (album)""]","[5.511652, 1.004745, -1.242521, -1.311229, -5.275692, -5.559851, -5.607902, -6.280478, -6.289881, -6.305999]",1.0,1.0,1.0
tfidf_cross_encoder,5a87d8215542994775f60800,"[""5a87d8215542994775f60800::doc_5::Harsh Times"", ""5a87d8215542994775f60800::doc_7::South of 8"", ""5a87d8215542994775f60800::doc_2::End of Watch"", ""5a87d8215542994775f60800::doc_4::David Ayer"", ""5a87d8215542994775f60800::doc_8::Street Kings 2: Motor City"", ""5ac2acff55429921a00ab02b::doc_0::The Hard Easy (film)"", ""5a8b57f25542995d1e6f1371::doc_1::Scott Derrickson"", ""5a7b3f4d5542992d025e67bb::doc_4::List of accolades received by La La Land"", ""5abc0a5d5542993f40c73c64::doc_0::Hackers (film)"", ""5ac1c6805542994ab5c67e11::doc_1::Larry Wilson (screenwriter)""]","[6.33286, 6.024163, 5.419284, 3.292468, 2.558074, 0.4959, 0.419229, 0.049535, -1.674615, -1.81596]",0.877215,1.0,1.0
tfidf_cross_encoder,5ac2ffbd554299677310267b,"[""5ac2ffbd554299677310267b::doc_1::SuperMansion"", ""5ac2ffbd554299677310267b::doc_6::Jillian Bell"", ""5ae0bae555429906c02dab08::doc_0::Gretchen Palmer"", ""5ac2ffbd554299677310267b::doc_0::Helen Modern"", ""5ac2ffbd554299677310267b::doc_5::Jo Marie Payton"", ""5ac2ffbd554299677310267b::doc_8::John Pappas"", ""5ac2ffbd554299677310267b::doc_7::Jenna Dewan"", ""5ac2ffbd554299677310267b::doc_4::Hilarie Burton"", ""5ac2ffbd554299677310267b::doc_2::Mitch Pileggi"", ""5ac2ffbd554299677310267b::doc_9::Jeff Hephner""]","[3.394368, 3.07143, -1.944787, -2.019071, -2.378126, -2.674855, -2.802959, -2.810843, -3.084517, -3.49308]",1.0,1.0,1.0
tfidf_cross_encoder,5a7c960655429935c91b5244,"[""5a7c960655429935c91b5244::doc_3::1974 Texas Tech Red Raiders football team"", ""5a7c960655429935c91b5244::doc_5::1986 Texas Tech Red Raiders football team"", ""5a7c960655429935c91b5244::doc_9::2016 Texas Tech Red Raiders football team"", ""5a7c960655429935c91b5244::doc_6::2012 Texas Tech Red Raiders football team"", ""5a7c960655429935c91b5244::doc_1::2015 Texas Tech Red Raiders football team"", ""5a7c960655429935c91b5244::doc_0::2013 Texas Tech Red Raiders football team"", ""5a7c960655429935c91b5244::doc_7::2014 Texas Tech Red Raiders football team"", ""5a7c960655429935c91b5244::doc_4::2009 Texas Tech Red Raiders football team"", ""5a7c960655429935c91b5244::doc_2::Texas Tech University"", ""5a7c960655429935c91b5244::doc_8::Texas A&amp;M\u2013Texas Tech football rivalry""]","[7.11492, 4.825819, 4.720942, 4.495511, 4.484948, 4.482711, 4.381186, 3.915111, 3.388994, 0.520679]",0.797723,1.0,1.0
tfidf_cross_encoder,5a7d61775542991319bc93b9,"[""5a7d61775542991319bc93b9::doc_9::Siege of Bharatpur (1805)"", ""5a7d61775542991319bc93b9::doc_7::Siege of Bharatpur"", ""5a7d61775542991319bc93b9::doc_5::Stapleton Cotton, 1st Viscount Combermere"", ""5a7d61775542991319bc93b9::doc_8::Commander-in-Chief, India"", ""5a7d61775542991319bc93b9::doc_6::Lohagarh Fort"", ""5a7d61775542991319bc93b9::doc_4::Bharatpur, Rajasthan"", ""5a7d61775542991319bc93b9::doc_2::Claude Auchinleck"", ""5a7d61775542991319bc93b9::doc_1::Bharatpur district"", ""5a7d61775542991319bc93b9::doc_3::Vishvendra Singh"", ""5a7d61775542991319bc93b9::doc_0::Maharaja Surajmal Brij University, Bharatpur""]","[5.323078, 4.093145, 1.616915, -1.147082, -1.537731, -3.796579, -4.002255, -4.328196, -4.617497, -6.069996]",0.693426,0.5,1.0
tfidf_cross_encoder,5ac1c6805542994ab5c67e11,"[""5ac1c6805542994ab5c67e11::doc_6::The Year Without a Santa Claus"", ""5ac1c6805542994ab5c67e11::doc_9::The Year Without a Santa Claus (2006 film)"", ""5ac1c6805542994ab5c67e11::doc_1::Larry Wilson (screenwriter)"", ""5ac1c6805542994ab5c67e11::doc_7::A Miser Brothers' Christmas"", ""5ac1c6805542994ab5c67e11::doc_4::Santa Claus: The Movie"", ""5ac1c6805542994ab5c67e11::doc_5::Santa Claus Is a Black Man"", ""5ac1c6805542994ab5c67e11::doc_8::Santa Claus in film"", ""5ac1c6805542994ab5c67e11::doc_2::Jonathan Meath"", ""5ac1c6805542994ab5c67e11::doc_0::Santa's Workshop (Colorado)"", ""5abcfc365542993a06baf9d6::doc_8::Stewart Stern""]","[5.72147, 3.680723, 3.204758, 1.120125, 0.482303, -0.293258, -1.197971, -1.887607, -5.140888, -7.226182]",0.613147,1.0,0.5
tfidf_cross_encoder,5a7a230e5542996a35c170ee,"[""5a7a230e5542996a35c170ee::doc_0::Alex Wolff"", ""5a7a230e5542996a35c170ee::doc_5::Nat Wolff"", ""5a7a230e5542996a35c170ee::doc_9::The Premiere (film)"", ""5a7a230e5542996a35c170ee::doc_1::Operation Mojo"", ""5a7a230e5542996a35c170ee::doc_2::Nat and Alex Wolff"", ""5a7a230e5542996a35c170ee::doc_7::The Naked Brothers Band: Music from the Movie"", ""5a7a230e5542996a35c170ee::doc_4::Mystery Girl (film)"", ""5a7a230e5542996a35c170ee::doc_8::The Naked Brothers Band (album)"", ""5a7a230e5542996a35c170ee::doc_6::I Don't Want to Go to School"", ""5ab29c24554299449642c932::doc_1::Giuseppe Verdi (film)""]","[6.889847, 6.859062, 6.425452, 5.549685, 4.879487, 4.848197, 3.725516, 1.331124, -0.611646, -1.752939]",0.386853,0.5,0.5
tfidf_cross_encoder,5ae4627d5542991a06ce9a4d,"[""5ae4627d5542991a06ce9a4d::doc_8::Sexual Politics"", ""5ae4627d5542991a06ce9a4d::doc_0::Kate Millett"", ""5ae4627d5542991a06ce9a4d::doc_9::Harris G. Mirkin"", ""5ae4627d5542991a06ce9a4d::doc_2::Carol J. Adams"", ""5ae4627d5542991a06ce9a4d::doc_6::Susie Bright"", ""5ae4627d5542991a06ce9a4d::doc_1::Contract with the World"", ""5ae4627d5542991a06ce9a4d::doc_5::C. V. Balakrishnan"", ""5ae4627d5542991a06ce9a4d::doc_7::Shannon Bell"", ""5a7be2595542997c3ec972ac::doc_2::Virginia Woolf"", ""5ae4627d5542991a06ce9a4d::doc_4::Au Pairs (band)""]","[3.208575, 1.871025, -1.121433, -1.652993, -2.98266, -2.991084, -5.674566, -5.895976, -6.612869, -6.785413]",1.0,1.0,1.0
tfidf_cross_encoder,5ac2d1d755429921a00ab053,"[""5ac2d1d755429921a00ab053::doc_7::Jorge Lozano"", ""5ac2d1d755429921a00ab053::doc_2::Roberta Vinci"", ""5ac2d1d755429921a00ab053::doc_6::Marta Domachowska"", ""5ac2d1d755429921a00ab053::doc_5::Flavia Pennetta"", ""5ac2d1d755429921a00ab053::doc_0::2015 Rogers Cup \u2013 Women's Doubles"", ""5ac2d1d755429921a00ab053::doc_8::1988 Volvo International \u2013 Doubles"", ""5ac2d1d755429921a00ab053::doc_4::1994 Athens International \u2013 Doubles"", ""5ac2d1d755429921a00ab053::doc_9::2015 Wimbledon Championships \u2013 Women's Doubles"", ""5ac2d1d755429921a00ab053::doc_3::2011 Barcelona Ladies Open \u2013 Doubles"", ""5ac2d1d755429921a00ab053::doc_1::Morbo (band)""]","[5.695005, 5.102654, 2.237589, 0.555157, -0.020804, -0.152924, -0.54975, -0.836388, -1.273461, -3.37008]",1.0,1.0,1.0
tfidf_cross_encoder,5ab4e3065542990594ba9cb4,"[""5ab4e3065542990594ba9cb4::doc_0::Truth in Science"", ""5ab4e3065542990594ba9cb4::doc_7::Truth (anti-tobacco campaign)"", ""5ab4e3065542990594ba9cb4::doc_4::Discovery Institute"", ""5ab4e3065542990594ba9cb4::doc_5::Truth Initiative"", ""5ab4e3065542990594ba9cb4::doc_3::Discovery Museum and Planetarium"", ""5ab4e3065542990594ba9cb4::doc_2::The Last Embrace"", ""5ab4e3065542990594ba9cb4::doc_9::Discovery Networks Benelux"", ""5a7633ad5542992db9473741::doc_8::Northern Virginia Campaign"", ""5ab4e3065542990594ba9cb4::doc_1::Every Voice"", ""5ae5736e5542990ba0bbb2b3::doc_6::Donald Trump presidential campaign, 2000""]","[5.662333, -0.086399, -0.574799, -3.718319, -4.958772, -5.429009, -9.00537, -9.038088, -9.142426, -10.119525]",0.919721,1.0,1.0
tfidf_cross_encoder,5ac298f9554299657fa28fc9,"[""5ac298f9554299657fa28fc9::doc_2::Ian Watkins (Lostprophets)"", ""5ac298f9554299657fa28fc9::doc_9::Josey Scott"", ""5ac298f9554299657fa28fc9::doc_4::Lostprophets"", ""5ac298f9554299657fa28fc9::doc_5::Under Your Skin (album)"", ""5ac298f9554299657fa28fc9::doc_8::Always (Saliva song)"", ""5ac298f9554299657fa28fc9::doc_6::We Bring an Arsenal"", ""5ac298f9554299657fa28fc9::doc_1::Shinobi vs. Dragon Ninja"", ""5ac298f9554299657fa28fc9::doc_7::In It to Win It (Saliva album)"", ""5ac298f9554299657fa28fc9::doc_3::Family Reunion (Saliva song)"", ""5ac298f9554299657fa28fc9::doc_0::Where We Belong (Lostprophets song)""]","[2.345441, 0.978518, -2.101526, -2.794358, -3.554741, -3.713282, -4.488639, -4.881371, -5.041161, -5.061968]",1.0,1.0,1.0
tfidf_cross_encoder,5ab6a2be554299710c8d1f08,"[""5ab6a2be554299710c8d1f08::doc_5::Battle Beyond the Sun"", ""5ab6a2be554299710c8d1f08::doc_8::Queen of Blood"", ""5ab6a2be554299710c8d1f08::doc_0::I Was a Satellite of the Sun"", ""5ab6a2be554299710c8d1f08::doc_3::Battle Beyond the Stars"", ""5ab6a2be554299710c8d1f08::doc_7::The Key (1961 film)"", ""5ab6a2be554299710c8d1f08::doc_2::Girl Seeks Father"", ""5ab6a2be554299710c8d1f08::doc_1::Tracker (1987 film)"", ""5ab6a2be554299710c8d1f08::doc_4::All Costs Paid"", ""5abe239355429976d4830a7d::doc_4::Midnight Sun (2006 film)"", ""5a89f5815542993b751ca9c5::doc_8::Snow Queen (2002 film)""]","[5.559721, 4.134552, 1.756621, -0.916948, -1.2985, -2.503467, -3.631674, -5.79382, -8.068716, -8.397693]",1.0,1.0,1.0
tfidf_cross_encoder,5a738d27554299623ed4abf3,"[""5a738d27554299623ed4abf3::doc_6::Marco Da Silva (dancer)"", ""5a738d27554299623ed4abf3::doc_0::Erika Jayne"", ""5a738d27554299623ed4abf3::doc_9::Marco da Silva (French footballer)"", ""5a738d27554299623ed4abf3::doc_2::Marquinhos (footballer, born June 1989)"", ""5a738d27554299623ed4abf3::doc_4::Marisa Let\u00edcia Lula da Silva"", ""5a738d27554299623ed4abf3::doc_1::Em\u00edlio da Silva"", ""5a738d27554299623ed4abf3::doc_7::Jos\u00e9 Graziano da Silva"", ""5a738d27554299623ed4abf3::doc_8::Caf\u00e9 (musician)"", ""5a738d27554299623ed4abf3::doc_3::Viscount of Cardoso da Silva"", ""5a8325b35542990548d0b18f::doc_2::Carol Martin""]","[4.711878, 3.825312, 2.346052, 1.971082, 0.357037, 0.216519, -0.428179, -1.248391, -2.511195, -8.88021]",1.0,1.0,1.0
tfidf_cross_encoder,5ab2a186554299295394677b,"[""5ab2a186554299295394677b::doc_4::Maiwand Lion"", ""5ab2a186554299295394677b::doc_5::Reading Post"", ""5ab2a186554299295394677b::doc_6::Spalding War Memorial"", ""5ab2a186554299295394677b::doc_9::Forbury Gardens"", ""5ab2a186554299295394677b::doc_2::Manchester Cenotaph"", ""5a80721b554299485f5985ef::doc_6::Tower Hill Memorial"", ""5ab2a186554299295394677b::doc_3::York City War Memorial"", ""5ae2b770554299495565db0f::doc_3::British Journal"", ""5a80721b554299485f5985ef::doc_0::Livesey Hall War Memorial"", ""5ab2a186554299295394677b::doc_7::The Forbury Hotel""]","[5.022017, 3.095169, -0.671787, -0.733553, -1.48945, -1.577679, -2.655133, -3.974744, -3.995779, -4.268203]",1.0,1.0,1.0
tfidf_cross_encoder,5a8704f8554299211dda2ba4,"[""5a8704f8554299211dda2ba4::doc_1::Aonghus M\u00f3r"", ""5a8704f8554299211dda2ba4::doc_0::Lord of Islay"", ""5a8704f8554299211dda2ba4::doc_8::Kingdom of the Isles"", ""5a8704f8554299211dda2ba4::doc_9::List of rulers of the Kingdom of the Isles"", ""5a8704f8554299211dda2ba4::doc_6::Geography of the Philippines"", ""5a8704f8554299211dda2ba4::doc_4::List of islands of Tasmania"", ""5a8704f8554299211dda2ba4::doc_5::Jaluit Atoll"", ""5a8eea4a5542990e94052bb7::doc_9::Leda (river)"", ""5a8704f8554299211dda2ba4::doc_7::National parks of Taiwan"", ""5a8704f8554299211dda2ba4::doc_3::Ashanti Region""]","[2.672295, -1.172558, -1.401767, -2.209488, -4.468451, -5.404426, -5.620893, -6.842502, -7.65662, -8.009473]",0.919721,1.0,1.0
tfidf_cross_encoder,5ab5ed505542997d4ad1f255,"[""5ab5ed505542997d4ad1f255::doc_8::Bruce Spizer"", ""5ab5ed505542997d4ad1f255::doc_0::The Beatles"", ""5ab5ed505542997d4ad1f255::doc_6::Cultural impact of the Beatles"", ""5ab5ed505542997d4ad1f255::doc_4::The Beach Boys"", ""5ab5ed505542997d4ad1f255::doc_1::Marsha Albert"", ""5ab5ed505542997d4ad1f255::doc_5::Christian Death"", ""5ab5ed505542997d4ad1f255::doc_9::Cultural depictions of Elvis Presley"", ""5ab5ed505542997d4ad1f255::doc_3::Azra"", ""5a818387554299260e20a291::doc_0::Randy Travis"", ""5ab5ed505542997d4ad1f255::doc_2::Cargo Records (Canada)""]","[5.804029, 1.211023, 0.649894, -1.144335, -3.342555, -3.753634, -4.241817, -5.15387, -6.037103, -6.810842]",1.0,1.0,1.0
tfidf_cross_encoder,5a77c1505542997042120b1b,"[""5a77c1505542997042120b1b::doc_5::A Lot About Livin' (And a Little 'bout Love)"", ""5a77c1505542997042120b1b::doc_6::Chattahoochee (song)"", ""5a77c1505542997042120b1b::doc_9::Tonight I Climbed the Wall"", ""5a77c1505542997042120b1b::doc_1::(Who Says) You Can't Have It All"", ""5a77c1505542997042120b1b::doc_7::She's Got the Rhythm (And I Got the Blues)"", ""5a77c1505542997042120b1b::doc_4::High Lonesome (Randy Travis album)"", ""5a77c1505542997042120b1b::doc_3::Holler Back"", ""5ab96ab755429970cfb8eacd::doc_8::Something in the Way You Move"", ""5a77c1505542997042120b1b::doc_2::We'll Burn That Bridge"", ""5a77c1505542997042120b1b::doc_8::Alan Jackson albums discography""]","[8.557989, 8.025155, 7.115672, 6.235728, 5.72513, 4.134109, 2.770898, -0.123825, -0.20888, -0.308749]",0.571429,0.5,1.0
tfidf_cross_encoder,5a88d745554299206df2b378,"[""5a88d745554299206df2b378::doc_7::Pietro Germi"", ""5a88d745554299206df2b378::doc_4::David Yates"", ""5a88d745554299206df2b378::doc_5::The Testimony (1946 film)"", ""5a88d745554299206df2b378::doc_0::Divorce Italian Style"", ""5a88d745554299206df2b378::doc_1::Ottavio Alessi"", ""5a88d745554299206df2b378::doc_2::Serafino (film)"", ""5a88d745554299206df2b378::doc_3::Black 13"", ""5a88d745554299206df2b378::doc_8::Lipstick (1960 film)"", ""5a88d745554299206df2b378::doc_6::Cineriz"", ""5a88d745554299206df2b378::doc_9::Commedia all'italiana""]","[2.07735, -1.101299, -2.420412, -3.094921, -3.102661, -3.696189, -4.311702, -4.531985, -5.919351, -6.716796]",1.0,1.0,1.0
tfidf_cross_encoder,5ae748d1554299572ea547b0,"[""5ae748d1554299572ea547b0::doc_8::Wayne Garland"", ""5ae748d1554299572ea547b0::doc_3::Baltimore Orioles"", ""5ae748d1554299572ea547b0::doc_0::History of the Washington Senators (1901\u201360)"", ""5ae748d1554299572ea547b0::doc_5::Boston Red Sox"", ""5a85cead5542991dd0999ea9::doc_2::Dick Kauffman"", ""5ae748d1554299572ea547b0::doc_2::Detroit Tigers"", ""5ae748d1554299572ea547b0::doc_1::History of the Minnesota Twins"", ""5a85cead5542991dd0999ea9::doc_8::Chick Shorten"", ""5ae748d1554299572ea547b0::doc_6::List of Detroit Tigers managers"", ""5ae748d1554299572ea547b0::doc_4::History of the Cleveland Indians""]","[7.030994, 4.28603, -1.659366, -2.010848, -2.019807, -2.099068, -2.253338, -2.703292, -3.02765, -3.112748]",1.0,1.0,1.0
tfidf_cross_encoder,5a7a8a9c554299042af8f666,"[""5a7a8a9c554299042af8f666::doc_0::Argand lamp"", ""5a7a8a9c554299042af8f666::doc_7::Lewis lamp"", ""5a7a8a9c554299042af8f666::doc_9::Carbon button lamp"", ""5a7a8a9c554299042af8f666::doc_8::Hefner lamp"", ""5a7a8a9c554299042af8f666::doc_3::Kerosene lamp"", ""5a7a8a9c554299042af8f666::doc_5::Kudlik"", ""5a7a8a9c554299042af8f666::doc_2::Antoine Quinquet"", ""5a7a8a9c554299042af8f666::doc_6::Trouble light"", ""5a7a8a9c554299042af8f666::doc_1::Hollow-cathode lamp"", ""5a7a8a9c554299042af8f666::doc_4::Glow switch starter""]","[5.997955, 5.833723, -3.033346, -3.467042, -3.740323, -4.071973, -5.198974, -5.402953, -5.800289, -8.214098]",1.0,1.0,1.0
tfidf_cross_encoder,5adffe7155429906c02daa9e,"[""5adffe7155429906c02daa9e::doc_6::When Harry Met Sally... (soundtrack)"", ""5adffe7155429906c02daa9e::doc_3::Connie Sawyer"", ""5adffe7155429906c02daa9e::doc_7::Bruno Kirby"", ""5ae0bae555429906c02dab08::doc_0::Gretchen Palmer"", ""5adffe7155429906c02daa9e::doc_5::When Harry Met Sally..."", ""5adffe7155429906c02daa9e::doc_1::Nora Ephron"", ""5adffe7155429906c02daa9e::doc_9::Dumb and Dumberer: When Harry Met Lloyd"", ""5adffe7155429906c02daa9e::doc_0::Harry Connick Jr."", ""5ae7ba7a5542993210983f12::doc_5::No One (Alicia Keys song)"", ""5adffe7155429906c02daa9e::doc_8::Meg Ryan""]","[3.685473, 0.745559, -0.107453, -1.334741, -1.33593, -1.46272, -2.491246, -3.770648, -3.773203, -3.968592]",0.806574,1.0,1.0
tfidf_cross_encoder,5ab642845542995eadeeff8e,"[""5ab642845542995eadeeff8e::doc_6::Broughtonia"", ""5ab642845542995eadeeff8e::doc_4::Laeliocattleya"", ""5ab642845542995eadeeff8e::doc_9::Hawkinsara"", ""5ab642845542995eadeeff8e::doc_8::Cattleytonia"", ""5ab642845542995eadeeff8e::doc_2::Otaara"", ""5ab642845542995eadeeff8e::doc_0::Broughtonia sanguinea"", ""5ab642845542995eadeeff8e::doc_3::Paracaleana"", ""5ab642845542995eadeeff8e::doc_5::Caladenia"", ""5ab642845542995eadeeff8e::doc_7::Calochilus"", ""5ab642845542995eadeeff8e::doc_1::William Henry Nicholls""]","[4.257594, 4.125525, 3.952409, 3.894816, 3.650343, 3.11689, -5.878056, -5.997816, -7.018205, -9.318631]",1.0,1.0,1.0
tfidf_cross_encoder,5a906a685542990a9849362e,"[""5a906a685542990a9849362e::doc_4::Algeria at the FIFA World Cup"", ""5a906a685542990a9849362e::doc_2::2002 FIFA World Cup"", ""5a906a685542990a9849362e::doc_3::1991 Rugby World Cup"", ""5a906a685542990a9849362e::doc_6::2014 FIFA World Cup"", ""5ae7eaf65542994a481bbe1d::doc_0::1998 ICC KnockOut Trophy Final"", ""5a906a685542990a9849362e::doc_1::Orvar Bergmark"", ""5ab9374b554299131ca422c6::doc_3::Indonesia 2022 FIFA World Cup bid"", ""5a906a685542990a9849362e::doc_8::Tertiary Student Rugby League World Cup"", ""5a906a685542990a9849362e::doc_0::2015 Cricket World Cup opening ceremony"", ""5ab9374b554299131ca422c6::doc_8::Morocco 2026 FIFA World Cup bid""]","[8.319768, 2.301835, 1.13703, -1.143744, -1.869947, -2.240545, -2.335128, -2.529727, -3.207865, -3.625417]",0.877215,1.0,1.0
tfidf_cross_encoder,5a7633ad5542992db9473741,"[""5a7633ad5542992db9473741::doc_1::Battle of Manila (1945)"", ""5a7633ad5542992db9473741::doc_7::Seven Days Battles"", ""5a7633ad5542992db9473741::doc_2::Seven Days Union order of battle"", ""5a7633ad5542992db9473741::doc_0::Seven Days Confederate order of battle"", ""5a7633ad5542992db9473741::doc_4::Battle of Gaines's Mill"", ""5a7633ad5542992db9473741::doc_9::Battle of Malvern Hill"", ""5a7633ad5542992db9473741::doc_8::Northern Virginia Campaign"", ""5a7633ad5542992db9473741::doc_6::Battle of Port Republic"", ""5a7633ad5542992db9473741::doc_3::Battle of Cross Keys"", ""5abf63f15542997ec76fd3ea::doc_5::Battle of Romanovka""]","[4.365683, 3.24941, 2.553959, 2.517527, -0.536892, -0.859667, -1.39007, -2.532543, -2.620019, -5.094682]",1.0,1.0,1.0
tfidf_cross_encoder,5a74ce9655429974ef308c6c,"[""5a74ce9655429974ef308c6c::doc_6::Lush (company)"", ""5a74ce9655429974ef308c6c::doc_9::ABQ Uptown"", ""5a74ce9655429974ef308c6c::doc_1::Poole Methodist Church"", ""5a74ce9655429974ef308c6c::doc_4::Canford Cliffs"", ""5a74ce9655429974ef308c6c::doc_7::Fire Radio"", ""5ab84bf555429916710eb01f::doc_2::Tesco Extra"", ""5a74ce9655429974ef308c6c::doc_3::List of cider producers in Dorset"", ""5a74ce9655429974ef308c6c::doc_2::Baron de Mauley"", ""5a74ce9655429974ef308c6c::doc_8::Dorset County Council election, 2013"", ""5ab84bf555429916710eb01f::doc_4::Carrefour""]","[2.955545, 0.444697, -1.328586, -3.100213, -3.670222, -4.638329, -5.750988, -6.585796, -7.205662, -9.083584]",1.0,1.0,1.0
tfidf_cross_encoder,5a713a5a5542994082a3e6a9,"[""5a713a5a5542994082a3e6a9::doc_4::Old Trafford, Greater Manchester"", ""5a713a5a5542994082a3e6a9::doc_5::Trafford Bar tram stop"", ""5a713a5a5542994082a3e6a9::doc_0::Manchester United F.C. in European football"", ""5a713a5a5542994082a3e6a9::doc_1::Manchester United F.C."", ""5a713a5a5542994082a3e6a9::doc_6::Gorse Hill"", ""5ae0aaf455429945ae959401::doc_8::Salford City F.C."", ""5a713a5a5542994082a3e6a9::doc_8::Ragbi Klub Mornar Bar"", ""5a713a5a5542994082a3e6a9::doc_7::Aquinas Old Collegians Football Club"", ""5ae0aaf455429945ae959401::doc_7::Curzon Ashton F.C."", ""5ae0aaf455429945ae959401::doc_3::Gainsborough Trinity F.C.""]","[1.745222, 0.666146, -2.442625, -2.596491, -4.302515, -4.437832, -5.537588, -6.094905, -7.36482, -8.089606]",0.919721,1.0,1.0
tfidf_cross_encoder,5ab341f755429969a97a8114,"[""5ab341f755429969a97a8114::doc_6::Chim Chim Cher-ee"", ""5ab341f755429969a97a8114::doc_2::My Kind of Town"", ""5ab341f755429969a97a8114::doc_8::Mary Poppins (song)"", ""5ab341f755429969a97a8114::doc_1::Step in Time"", ""5ab341f755429969a97a8114::doc_0::I Love to Laugh"", ""5ab341f755429969a97a8114::doc_3::A Man Has Dreams"", ""5ab341f755429969a97a8114::doc_7::Mary Poppins (film)"", ""5a73a7c755429978a71e9068::doc_9::Something There"", ""5a73a7c755429978a71e9068::doc_7::Beauty and the Beast (Disney song)"", ""5a73a7c755429978a71e9068::doc_3::Belle (Disney song)""]","[9.678221, 2.87355, 1.870533, 1.622649, 1.619845, 0.775484, -0.660895, -2.367012, -3.181194, -3.287467]",0.613147,1.0,0.5
tfidf_cross_encoder,5a8325b35542990548d0b18f,"[""5a8325b35542990548d0b18f::doc_3::Kathy Sullivan (Australian politician)"", ""5a8325b35542990548d0b18f::doc_0::Bronwyn Bishop"", ""5a8325b35542990548d0b18f::doc_1::Philip Ruddock"", ""5a8325b35542990548d0b18f::doc_5::Roslyn Dundas"", ""5a8325b35542990548d0b18f::doc_4::Michael Atkinson"", ""5a8325b35542990548d0b18f::doc_2::Carol Martin"", ""5a8325b35542990548d0b18f::doc_8::Richard Torbay"", ""5a8325b35542990548d0b18f::doc_9::Peter Blacker"", ""5a8325b35542990548d0b18f::doc_6::Bob Debus"", ""5a8325b35542990548d0b18f::doc_7::Mehmet Tillem""]","[7.95963, 3.091474, 1.356069, 0.470292, 0.244897, 0.131256, -1.014412, -1.259411, -1.428228, -2.487381]",1.0,1.0,1.0
tfidf_cross_encoder,5ab9374b554299131ca422c6,"[""5ab9374b554299131ca422c6::doc_9::Australia 2022 FIFA World Cup bid"", ""5ab9374b554299131ca422c6::doc_7::United States 2022 FIFA World Cup bid"", ""5ab9374b554299131ca422c6::doc_5::2018 and 2022 FIFA World Cup bids"", ""5ab9374b554299131ca422c6::doc_1::Qatar 2022 FIFA World Cup bid"", ""5ab9374b554299131ca422c6::doc_2::Russia 2018 FIFA World Cup bid"", ""5ab9374b554299131ca422c6::doc_3::Indonesia 2022 FIFA World Cup bid"", ""5ab9374b554299131ca422c6::doc_6::South Korea 2022 FIFA World Cup bid"", ""5ab9374b554299131ca422c6::doc_4::Japan 2022 FIFA World Cup bid"", ""5ab9374b554299131ca422c6::doc_8::Morocco 2026 FIFA World Cup bid"", ""5ab9374b554299131ca422c6::doc_0::Frank Lowy""]","[5.893417, 0.888647, 0.535088, 0.512673, 0.165709, 0.107067, -0.706242, -0.747515, -1.876115, -2.671523]",0.790386,1.0,1.0
tfidf_cross_encoder,5ae52c0f5542992663a4f12e,"[""5ae52c0f5542992663a4f12e::doc_3::Faith Lutheran Middle School &amp; High School"", ""5ae52c0f5542992663a4f12e::doc_8::Faith Lutheran High School"", ""5ae52c0f5542992663a4f12e::doc_0::Lutheran High School (La Verne, California)"", ""5ae52c0f5542992663a4f12e::doc_1::Faith Lutheran College, Redlands"", ""5ae52c0f5542992663a4f12e::doc_7::Paso Robles High School"", ""5ae52c0f5542992663a4f12e::doc_9::Vernon Fox"", ""5a7ddc5a5542995f4f4022da::doc_3::Bishop Carroll Catholic High School"", ""5a8a43eb5542996c9b8d5e82::doc_6::Grace Church School"", ""5a7ddc5a5542995f4f4022da::doc_1::Spalding Catholic High School"", ""5ae52c0f5542992663a4f12e::doc_5::Sullivan East High School""]","[8.004443, 7.104807, 6.015162, 5.383362, 0.753837, -1.212457, -1.674472, -1.886618, -3.191114, -3.282943]",0.613147,1.0,0.5
tfidf_cross_encoder,5adbfbd555429947ff173893,"[""5adbfbd555429947ff173893::doc_2::2014 Young Hollywood Awards"", ""5adbfbd555429947ff173893::doc_0::2013 Young Hollywood Awards"", ""5adbfbd555429947ff173893::doc_9::Young Hollywood Awards"", ""5adbfbd555429947ff173893::doc_4::2003 Kids' Choice Awards"", ""5adbfbd555429947ff173893::doc_5::Maureen Dragone"", ""5adbfbd555429947ff173893::doc_3::12th Youth in Film Awards"", ""5a7ed2c655429930675135e5::doc_0::71st Golden Globe Awards"", ""5a774e9c55429972597f14f3::doc_9::Muyiwa Olarewaju"", ""5ac3165c5542995ef918c10a::doc_6::18th Independent Spirit Awards"", ""5adf58f15542993a75d264d2::doc_9::The Young Ones (TV series)""]","[7.356583, 3.554447, 2.735899, 0.42382, -0.668899, -0.84767, -2.740408, -3.627124, -3.955729, -5.789729]",0.613147,1.0,0.5
tfidf_cross_encoder,5ab7f0015542992aa3b8c88b,"[""5ab7f0015542992aa3b8c88b::doc_3::Sean Yseult"", ""5ab7f0015542992aa3b8c88b::doc_4::Double Dagger"", ""5ab7f0015542992aa3b8c88b::doc_2::Dave Meros"", ""5ab7f0015542992aa3b8c88b::doc_0::Rodney Slatford"", ""5ab7f0015542992aa3b8c88b::doc_8::Even Steven Levee"", ""5ae819ac55429952e35eaa16::doc_9::Marry Me a Little, Marry Me a Little More"", ""5ab7f0015542992aa3b8c88b::doc_7::Zachary Throne"", ""5ab7f0015542992aa3b8c88b::doc_5::Didi Beck"", ""5ab7f0015542992aa3b8c88b::doc_6::Winnebago Deal"", ""5add11935542994734353827::doc_9::Daniel House""]","[2.299861, -3.197007, -6.142531, -6.284958, -6.597154, -7.405395, -7.599239, -7.8359, -9.328718, -9.537271]",0.613147,1.0,0.5
tfidf_cross_encoder,5ac547525542993e66e822a3,"[""5ac547525542993e66e822a3::doc_6::Food and Drug Administration"", ""5ac547525542993e66e822a3::doc_0::New Bolton Center"", ""5ac547525542993e66e822a3::doc_9::Western University of Health Sciences"", ""5ac547525542993e66e822a3::doc_5::Ontario Veterinary College"", ""5ac547525542993e66e822a3::doc_4::Center for Pan Asian Community Services, Inc."", ""5ac547525542993e66e822a3::doc_8::United States Public Health Service"", ""5a7166395542994082a3e814::doc_1::University of Missouri\u2013Kansas City"", ""5ac547525542993e66e822a3::doc_7::Oyewale Tomori"", ""5ae0d4c9554299603e418468::doc_7::Office of Population Affairs"", ""5ac547525542993e66e822a3::doc_3::Melarsomine""]","[0.184119, -5.527587, -6.398726, -7.1575, -7.685694, -8.851928, -8.875399, -9.128947, -9.264765, -9.463877]",0.790386,1.0,1.0
tfidf_cross_encoder,5a7cbf8c554299452d57b9f4,"[""5a7cbf8c554299452d57b9f4::doc_5::McFarland, USA"", ""5a7cbf8c554299452d57b9f4::doc_7::Dinosaur (film)"", ""5a7cbf8c554299452d57b9f4::doc_2::Oryctodromeus"", ""5a7cbf8c554299452d57b9f4::doc_8::Fruitadens"", ""5a7cbf8c554299452d57b9f4::doc_1::Sphaerotholus"", ""5a7cbf8c554299452d57b9f4::doc_9::Dakotadon"", ""5a7cbf8c554299452d57b9f4::doc_6::Mark Ciardi"", ""5a7cbf8c554299452d57b9f4::doc_0::Cinizasaurus"", ""5a7cbf8c554299452d57b9f4::doc_3::Cryptoraptor"", ""5a7cbf8c554299452d57b9f4::doc_4::Comanchesaurus""]","[1.68064, -0.973032, -2.284982, -4.055283, -4.307363, -4.560534, -5.340917, -6.396955, -6.797477, -6.90738]",1.0,1.0,1.0
tfidf_cross_encoder,5a7ddc5a5542995f4f4022da,"[""5a7ddc5a5542995f4f4022da::doc_3::Bishop Carroll Catholic High School"", ""5a7ddc5a5542995f4f4022da::doc_4::Kapaun Mt. Carmel Catholic High School"", ""5a7ddc5a5542995f4f4022da::doc_7::Carmel High School (Mundelein, Illinois)"", ""5a7ddc5a5542995f4f4022da::doc_6::Bishop Manogue High School"", ""5a7ddc5a5542995f4f4022da::doc_9::Bishop Sullivan Catholic High School"", ""5ac0d83a554299294b219038::doc_3::Bishop Gorman High School"", ""5a7ddc5a5542995f4f4022da::doc_1::Spalding Catholic High School"", ""5a7ddc5a5542995f4f4022da::doc_2::St. Petersburg Catholic High School"", ""5a7ddc5a5542995f4f4022da::doc_0::John S. Burke Catholic High School"", ""5a7ddc5a5542995f4f4022da::doc_5::Monroe Catholic High School""]","[9.33559, 6.373492, 1.962543, 0.344828, -0.72845, -0.904309, -1.042597, -1.114083, -1.776046, -2.322379]",1.0,1.0,1.0
tfidf_cross_encoder,5a7a1cd85542990783324e65,"[""5a7a1cd85542990783324e65::doc_1::United States presidential election, 2016"", ""5a7a1cd85542990783324e65::doc_0::United States presidential election, 1976"", ""5a7a1cd85542990783324e65::doc_4::Michigan Democratic primary, 2016"", ""5a7a1cd85542990783324e65::doc_2::United States presidential election, 2012"", ""5a7a1cd85542990783324e65::doc_5::United States presidential election, 2020"", ""5a7a1cd85542990783324e65::doc_3::2044 election"", ""5a7a1cd85542990783324e65::doc_8::United States presidential election, 1964"", ""5a7a1cd85542990783324e65::doc_7::United States presidential election, 1960"", ""5a7a1cd85542990783324e65::doc_9::United States presidential election, 1892"", ""5a7a1cd85542990783324e65::doc_6::United States presidential election, 1968""]","[5.886559, 2.647756, 2.617318, 1.84302, 1.12231, 0.89604, -0.187974, -0.520127, -0.526545, -0.8122]",0.919721,1.0,1.0
tfidf_cross_encoder,5ae0a59a55429945ae9593e2,"[""5ae0a59a55429945ae9593e2::doc_6::Roman conquest of Britain"", ""5ae0a59a55429945ae9593e2::doc_8::Catuvellauni"", ""5ae0a59a55429945ae9593e2::doc_5::Togodumnus"", ""5ae0a59a55429945ae9593e2::doc_0::Romano-British culture"", ""5ae0a59a55429945ae9593e2::doc_1::History of Wales"", ""5ae0a59a55429945ae9593e2::doc_2::Durotriges"", ""5ae0a59a55429945ae9593e2::doc_4::AD 43"", ""5ae0a59a55429945ae9593e2::doc_3::Corieltauvi"", ""5ab2659e554299340b5254b2::doc_8::Sasanian Empire"", ""5ae0a59a55429945ae9593e2::doc_7::Sussex chicken""]","[2.789445, 1.932406, 1.071496, 0.168173, -2.942026, -3.295823, -4.480824, -5.052128, -5.436118, -6.031521]",0.693426,0.5,1.0
tfidf_cross_encoder,5a8b987f5542997f31a41d7a,"[""5a8b987f5542997f31a41d7a::doc_0::&quot;Q&quot; Is for Quarry"", ""5a8b987f5542997f31a41d7a::doc_3::Sue Grafton"", ""5a8b987f5542997f31a41d7a::doc_4::Andy Straka"", ""5a8b987f5542997f31a41d7a::doc_2::June Thomson"", ""5a8b987f5542997f31a41d7a::doc_9::The Crooked Hinge"", ""5a8b987f5542997f31a41d7a::doc_8::He Who Whispers"", ""5a8b987f5542997f31a41d7a::doc_1::Lake District Mysteries"", ""5a7b7ff75542995eb53be93d::doc_3::Arthur Conan Doyle"", ""5a8b987f5542997f31a41d7a::doc_5::C. Hugh Holman"", ""5ae82ae555429952e35eaa71::doc_8::Kyle Craig""]","[6.51732, 1.914146, -2.50722, -3.704324, -3.915115, -4.018278, -4.037163, -4.598883, -5.374324, -7.014242]",1.0,1.0,1.0
tfidf_cross_encoder,5a8739a05542994775f607ab,"[""5a8739a05542994775f607ab::doc_3::New York's 1st State Senate district"", ""5a8739a05542994775f607ab::doc_1::New York's 2nd State Senate district"", ""5a8739a05542994775f607ab::doc_5::New York's 3rd State Senate district"", ""5a8739a05542994775f607ab::doc_9::New York's 4th State Senate district"", ""5a8739a05542994775f607ab::doc_0::Kenneth LaValle"", ""5a8739a05542994775f607ab::doc_6::Steven Bradford"", ""5a8739a05542994775f607ab::doc_7::Andrea Stewart-Cousins"", ""5a8739a05542994775f607ab::doc_8::Hawaii Senate"", ""5a8739a05542994775f607ab::doc_2::Nesting (voting districts)"", ""5a8739a05542994775f607ab::doc_4::California State Senate""]","[4.15114, 3.108509, 2.455442, 2.184853, 0.496616, 0.486451, 0.079978, -2.314311, -3.164324, -4.250882]",0.850345,1.0,1.0
tfidf_cross_encoder,5ae67dba55429908198fa5f0,"[""5ae67dba55429908198fa5f0::doc_8::Memphis Hustle"", ""5ae67dba55429908198fa5f0::doc_4::Memphis metropolitan area"", ""5ae67dba55429908198fa5f0::doc_7::Southaven, Mississippi"", ""5ae67dba55429908198fa5f0::doc_6::West Memphis, Arkansas"", ""5ae67dba55429908198fa5f0::doc_1::Lakeland, Tennessee"", ""5ae67dba55429908198fa5f0::doc_9::Olive Branch, Mississippi"", ""5ae67dba55429908198fa5f0::doc_2::Millington, Tennessee"", ""5ae67dba55429908198fa5f0::doc_5::Marion, Arkansas"", ""5ae67dba55429908198fa5f0::doc_3::Covington, Tennessee"", ""5a7166395542994082a3e814::doc_0::North Kansas City, Missouri""]","[2.88979, 0.075246, -0.037419, -0.231129, -0.260556, -1.026641, -2.682132, -3.705175, -4.406925, -5.596267]",0.919721,1.0,1.0
tfidf_cross_encoder,5a7b3f4d5542992d025e67bb,"[""5a7b3f4d5542992d025e67bb::doc_2::Pasek and Paul"", ""5a7b3f4d5542992d025e67bb::doc_8::A Christmas Story: The Musical"", ""5a7b3f4d5542992d025e67bb::doc_0::City of Stars"", ""5a7b3f4d5542992d025e67bb::doc_6::Audition (The Fools Who Dream)"", ""5a7b3f4d5542992d025e67bb::doc_7::La La Land (Demi Lovato song)"", ""5a7b3f4d5542992d025e67bb::doc_4::List of accolades received by La La Land"", ""5a7b3f4d5542992d025e67bb::doc_1::Another Day of Sun"", ""5a7b3f4d5542992d025e67bb::doc_5::La La Land (soundtrack)"", ""5a774e9c55429972597f14f3::doc_1::David Huntsinger"", ""5a7b3f4d5542992d025e67bb::doc_3::David and Sandy Reynolds-Wasco""]","[5.262117, 4.973766, 4.910463, 4.747116, 4.436819, 3.365339, 3.196105, 0.377086, -0.24842, -1.670311]",1.0,1.0,1.0
tfidf_cross_encoder,5ae2dfd155429928c423951b,"[""5ae2dfd155429928c423951b::doc_7::Shelly Beach, New South Wales"", ""5ae2dfd155429928c423951b::doc_8::Niagara Park, New South Wales"", ""5ae2dfd155429928c423951b::doc_2::Bucketty"", ""5ae2dfd155429928c423951b::doc_6::City of Newcastle"", ""5ae2dfd155429928c423951b::doc_3::Gillieston Heights"", ""5ae2dfd155429928c423951b::doc_0::Mount View, New South Wales"", ""5ae2dfd155429928c423951b::doc_4::Shelly Beach (Manly)"", ""5ae2dfd155429928c423951b::doc_5::Unincorporated Far West Region"", ""5ae2dfd155429928c423951b::doc_1::Grahamstown Dam"", ""5abd01205542992ac4f3819b::doc_0::Richmond Valley Council""]","[6.859906, 4.56821, 4.229003, 3.983957, 3.73291, 3.654688, 3.433835, 2.050853, 0.503818, 0.202921]",0.877215,1.0,1.0
tfidf_cross_encoder,5ab6ba245542995eadef007f,"[""5ab6ba245542995eadef007f::doc_5::Bamboo Ma\u00f1alac"", ""5ab6ba245542995eadef007f::doc_2::Danny Jones"", ""5ab6ba245542995eadef007f::doc_7::Bamboo (band)"", ""5ab6ba245542995eadef007f::doc_4::Rivermaya"", ""5ab6ba245542995eadef007f::doc_0::The Voice Teens (Philippines season 1)"", ""5ab6ba245542995eadef007f::doc_8::No Water, No Moon"", ""5ab6ba245542995eadef007f::doc_3::As the Music Plays"", ""5ab6ba245542995eadef007f::doc_1::Kakoy Legaspi"", ""5ab6ba245542995eadef007f::doc_6::The Voice Teens (Philippine TV series)"", ""5ab6ba245542995eadef007f::doc_9::The Voice of the Philippines""]","[4.391366, 3.059719, 1.776151, 1.256305, -0.076611, -0.269075, -0.303889, -0.856397, -1.694468, -2.255701]",1.0,1.0,1.0
tfidf_cross_encoder,5ab8854555429934fafe6e0c,"[""5ab8854555429934fafe6e0c::doc_7::Hanna Varis"", ""5ab8854555429934fafe6e0c::doc_8::Albertina"", ""5ab659e355429954757d324e::doc_7::Lenelle Mo\u00efse"", ""5ab8688b55429934fafe6daa::doc_1::Nidderdale Museum"", ""5ab8854555429934fafe6e0c::doc_6::Darayim District"", ""5ac289ff5542996366519a02::doc_1::Marsilea"", ""5ab8854555429934fafe6e0c::doc_2::Remington Model 51"", ""5ab4e3065542990594ba9cb4::doc_3::Discovery Museum and Planetarium"", ""5ab8854555429934fafe6e0c::doc_3::United Negro College Fund"", ""5ab8854555429934fafe6e0c::doc_4::Karaboro languages""]","[4.571515, -2.331319, -9.671179, -9.926188, -10.055885, -10.344318, -10.418861, -10.69268, -10.702442, -10.712485]",1.0,1.0,1.0
tfidf_cross_encoder,5a8eea4a5542990e94052bb7,"[""5a8eea4a5542990e94052bb7::doc_9::Leda (river)"", ""5a8eea4a5542990e94052bb7::doc_1::English language"", ""5a8eea4a5542990e94052bb7::doc_4::Old Frisian"", ""5a8eea4a5542990e94052bb7::doc_6::Leer"", ""5a8eea4a5542990e94052bb7::doc_8::Old Saxon"", ""5a8eea4a5542990e94052bb7::doc_2::Proto-Norse language"", ""5a8eea4a5542990e94052bb7::doc_5::Afrikaans"", ""5a8eea4a5542990e94052bb7::doc_0::German language"", ""5a8eea4a5542990e94052bb7::doc_3::Dutch language"", ""5ab28019554299722f9b4d51::doc_8::Tell El Sakan""]","[3.463599, -0.115427, -0.521986, -0.696667, -2.336501, -3.831526, -4.712585, -5.111931, -5.843434, -8.293031]",0.919721,1.0,1.0
tfidf_cross_encoder,5a74c85055429916b0164218,"[""5a74c85055429916b0164218::doc_3::William Bonfield"", ""5a74c85055429916b0164218::doc_4::Paul M\u00e9fano"", ""5a74c85055429916b0164218::doc_2::Alistair Grant"", ""5a74c85055429916b0164218::doc_7::Chawalit Kamutchati"", ""5a74c85055429916b0164218::doc_6::Robin Bailie"", ""5a74c85055429916b0164218::doc_9::Arild Nyquist"", ""5a74c85055429916b0164218::doc_5::Valentina Tereshkova"", ""5a74c85055429916b0164218::doc_0::Vatroslav Ro\u017ei\u0107"", ""5a7625e8554299109176e66a::doc_6::George V"", ""5ae22b8d554299234fd0440f::doc_0::Gus Williams (musician)""]","[2.717605, 1.842061, 1.805856, 1.590728, 1.452671, 1.344917, 0.309269, -0.72842, -2.143003, -3.082249]",0.306574,0.333333,0.5
tfidf_cross_encoder,5a88dcf9554299206df2b383,"[""5a88dcf9554299206df2b383::doc_8::Hatton Castle, Angus"", ""5a88dcf9554299206df2b383::doc_3::Hatton Hill"", ""5a88dcf9554299206df2b383::doc_6::Hatton Castle, Aberdeenshire"", ""5a88dcf9554299206df2b383::doc_9::Hatton, Warwickshire"", ""5a88dcf9554299206df2b383::doc_7::Hutton Castle"", ""5a88dcf9554299206df2b383::doc_4::Hatton baronets"", ""5a88dcf9554299206df2b383::doc_2::Auchterhouse Castle"", ""5a88dcf9554299206df2b383::doc_5::Broughty Castle"", ""5a88dcf9554299206df2b383::doc_0::Angus cattle"", ""5a7d54165542995f4f402256::doc_6::Dirleton Castle""]","[7.082681, 6.755248, 4.123026, 2.00171, -0.603605, -1.18698, -3.435882, -5.034978, -5.877535, -7.479041]",1.0,1.0,1.0
tfidf_cross_encoder,5a7625c7554299109176e668,"[""5a7625c7554299109176e668::doc_3::The Drop-In (podcast)"", ""5a7625c7554299109176e668::doc_7::The Nerdist Podcast"", ""5a7625c7554299109176e668::doc_5::Chris Hardwick"", ""5a7625c7554299109176e668::doc_6::Nerdist Industries"", ""5a7625c7554299109176e668::doc_0::Maltin on Movies"", ""5a7625c7554299109176e668::doc_2::Nerdist News"", ""5a7625c7554299109176e668::doc_8::Jessica Chobot"", ""5a7625c7554299109176e668::doc_4::Chloe Dykstra"", ""5a7625c7554299109176e668::doc_1::Comedy Film Nerds"", ""5abc0a5d5542993f40c73c64::doc_1::Freakonomics Radio""]","[4.762954, 3.621675, 3.514717, 2.887101, 1.709672, 1.071146, 0.042082, -4.071907, -4.121188, -6.634678]",0.491149,0.333333,1.0
tfidf_cross_encoder,5ac0d83a554299294b219038,"[""5ac0d83a554299294b219038::doc_4::Randall Cunningham II"", ""5ac0d83a554299294b219038::doc_9::Vashti Cunningham"", ""5ac0d83a554299294b219038::doc_1::Randall Cunningham"", ""5ac0d83a554299294b219038::doc_6::Ken Rose (gridiron football)"", ""5ac0d83a554299294b219038::doc_0::List of multi-sport athletes"", ""5ac0d83a554299294b219038::doc_2::David Masur"", ""5ac0d83a554299294b219038::doc_7::Nevada Union High School"", ""5ac0d83a554299294b219038::doc_8::Adam Thielen"", ""5ac0d83a554299294b219038::doc_5::Guo Jie"", ""5ade51b45542997c77adedf4::doc_0::Shawnee Mission District Stadium""]","[6.125338, 3.807003, 1.746667, -1.936485, -3.268109, -3.35689, -3.388059, -4.022943, -5.17534, -5.895683]",0.613147,1.0,0.5
tfidf_cross_encoder,5a790d8f554299029c4b5eec,"[""5a790d8f554299029c4b5eec::doc_2::See Yourself"", ""5a790d8f554299029c4b5eec::doc_9::Within You Without You"", ""5a790d8f554299029c4b5eec::doc_6::Who Can See It"", ""5a8c5569554299240d9c2126::doc_9::Gerry Marsden"", ""5a790d8f554299029c4b5eec::doc_5::We Laughed"", ""5a790d8f554299029c4b5eec::doc_0::Love Songs: A Compilation... Old and New"", ""5abcfc365542993a06baf9d6::doc_1::Rebel Without a Pause"", ""5ab96ab755429970cfb8eacd::doc_1::Love Me like You Do"", ""5ae7ba7a5542993210983f12::doc_4::I Don't Wanna Know"", ""5ab96ab755429970cfb8eacd::doc_8::Something in the Way You Move""]","[7.73041, 5.653682, 1.318803, -2.270414, -2.999055, -3.026047, -3.032963, -3.239588, -3.376892, -3.4901]",1.0,1.0,1.0
tfidf_cross_encoder,5ab2c5e255429916697740ba,"[""5ab2c5e255429916697740ba::doc_1::60th National Hockey League All-Star Game"", ""5ab2c5e255429916697740ba::doc_6::Jonathan Toews"", ""5ab2c5e255429916697740ba::doc_0::Ryan Johansen"", ""5ab2c5e255429916697740ba::doc_5::National Hockey League All-Star Game"", ""5ab2c5e255429916697740ba::doc_7::57th National Hockey League All-Star Game"", ""5ab2c5e255429916697740ba::doc_4::20th National Hockey League All-Star Game"", ""5ab2c5e255429916697740ba::doc_9::NHL All-Star Skills Competition"", ""5ae305df5542992decbdcdc3::doc_5::List of NBL Canada All-Stars"", ""5ab2c5e255429916697740ba::doc_8::Travis Richards"", ""5ab2c5e255429916697740ba::doc_3::Fred Doherty""]","[6.082246, 4.321426, 3.415541, 2.701751, -0.419149, -0.613081, -1.146404, -2.203466, -2.211109, -2.422685]",1.0,1.0,1.0
tfidf_cross_encoder,5abcfc365542993a06baf9d6,"[""5abcfc365542993a06baf9d6::doc_6::James Dean"", ""5abcfc365542993a06baf9d6::doc_9::Sal Mineo"", ""5abcfc365542993a06baf9d6::doc_0::Jack Grinnage"", ""5abcfc365542993a06baf9d6::doc_8::Stewart Stern"", ""5abcfc365542993a06baf9d6::doc_5::Corey Allen"", ""5abcfc365542993a06baf9d6::doc_3::Jim Backus"", ""5abcfc365542993a06baf9d6::doc_7::Casey Braxton"", ""5abcfc365542993a06baf9d6::doc_2::CBS Television Workshop"", ""5abcfc365542993a06baf9d6::doc_4::Rebel Highway"", ""5ac2ffbd554299677310267b::doc_3::John Amos""]","[6.069601, 5.977097, 5.823222, 5.627319, 5.01124, 4.079455, 2.552535, 2.167846, 1.988879, 1.135811]",0.806574,1.0,1.0
tfidf_cross_encoder,5a8ee6915542990e94052bad,"[""5a8ee6915542990e94052bad::doc_7::Kuvira"", ""5a8ee6915542990e94052bad::doc_1::Zaheer"", ""5a8ee6915542990e94052bad::doc_9::Avatar: The Last Airbender (season 3)"", ""5a8ee6915542990e94052bad::doc_5::Avatar: The Last Airbender (season 1)"", ""5a8ee6915542990e94052bad::doc_4::Avatar: The Last Airbender (season 2)"", ""5a8ee6915542990e94052bad::doc_3::Iroh"", ""5a8ee6915542990e94052bad::doc_6::The Legend of Korra"", ""5a8ee6915542990e94052bad::doc_0::Bolin (The Legend of Korra)"", ""5a8ee6915542990e94052bad::doc_2::List of Avatar: The Last Airbender episodes"", ""5a8ee6915542990e94052bad::doc_8::List of The Legend of Korra episodes""]","[6.839751, 3.84335, 3.30022, 3.23262, 3.203586, 2.933957, 2.500211, 2.18459, 2.183479, 1.070075]",0.81753,1.0,1.0
tfidf_cross_encoder,5abba4855542993f40c73b68,"[""5abba4855542993f40c73b68::doc_5::Michael C. Hall"", ""5abba4855542993f40c73b68::doc_0::It's Alive! (Dexter)"", ""5abba4855542993f40c73b68::doc_4::The Damage a Man Can Do"", ""5abba4855542993f40c73b68::doc_7::The British Invasion (Dexter)"", ""5abba4855542993f40c73b68::doc_3::Dexter (TV series)"", ""5abba4855542993f40c73b68::doc_6::Sage Kirkpatrick"", ""5abba4855542993f40c73b68::doc_2::List of Dexter episodes"", ""5abba4855542993f40c73b68::doc_8::Vince Masuka"", ""5abba4855542993f40c73b68::doc_1::Hello, Dexter Morgan"", ""5abba4855542993f40c73b68::doc_9::Gamer (film)""]","[6.03988, 5.833674, 5.356959, 4.895357, 4.78556, 3.729089, 3.700106, 3.578975, 3.274826, 1.615818]",0.790386,1.0,1.0
tfidf_cross_encoder,5ae0bae555429906c02dab08,"[""5ae0bae555429906c02dab08::doc_7::Ralph Garman"", ""5ae0bae555429906c02dab08::doc_5::Lance Krall"", ""5ae0bae555429906c02dab08::doc_4::Hidden America with Jonah Ray"", ""5ae0bae555429906c02dab08::doc_3::List of The Joe Schmo Show episodes"", ""5ae0bae555429906c02dab08::doc_2::The Joe Schmo Show"", ""5ae0bae555429906c02dab08::doc_6::Matt Kennedy Gould"", ""5ae0bae555429906c02dab08::doc_1::Free Radio (TV series)"", ""5ae0bae555429906c02dab08::doc_8::Robert Belushi"", ""5ae0bae555429906c02dab08::doc_0::Gretchen Palmer"", ""5a7625c7554299109176e668::doc_5::Chris Hardwick""]","[7.859852, 4.001944, 3.924676, 3.745955, 3.507102, 3.100553, 2.263119, 2.234693, 0.849673, -0.101293]",0.919721,1.0,1.0
tfidf_cross_encoder,5ab271fe554299449642c8a6,"[""5ab271fe554299449642c8a6::doc_7::The Importance of Being Icelandic"", ""5ab271fe554299449642c8a6::doc_8::The Five Obstructions"", ""5ab271fe554299449642c8a6::doc_6::Buddy film"", ""5ab271fe554299449642c8a6::doc_1::Music composition and composers in Pristina"", ""5ab271fe554299449642c8a6::doc_4::Three are Three"", ""5ab271fe554299449642c8a6::doc_3::Parody film"", ""5ab271fe554299449642c8a6::doc_9::Jackie Lou Blanco"", ""5a8b57f25542995d1e6f1371::doc_3::Tyler Bates"", ""5ab271fe554299449642c8a6::doc_2::Take 21"", ""5ae82ae555429952e35eaa71::doc_1::A. C. Tirulokchandar""]","[2.661745, 1.815883, -8.587791, -9.225076, -9.596789, -9.750707, -10.094339, -10.418491, -10.7123, -10.714716]",1.0,1.0,1.0
tfidf_cross_encoder,5a7997a2554299029c4b5f59,"[""5a7997a2554299029c4b5f59::doc_7::Tefik Mborja"", ""5a7997a2554299029c4b5f59::doc_6::Albanian Fascist Party"", ""5a7997a2554299029c4b5f59::doc_5::People's Socialist Republic of Albania"", ""5a7997a2554299029c4b5f59::doc_9::Hungarian Communist Party"", ""5a7997a2554299029c4b5f59::doc_3::United Bermuda Party"", ""5a7997a2554299029c4b5f59::doc_0::Swedish general election, 1982"", ""5a7997a2554299029c4b5f59::doc_8::Madras Legislative Assembly election, 1967"", ""5abf63f15542997ec76fd3ea::doc_0::Socialist Revolutionary Party"", ""5a7997a2554299029c4b5f59::doc_4::Australian federal election, 1972"", ""5add61d65542995b365fab21::doc_6::Anastas Mikoyan""]","[7.17601, 3.368525, -1.100255, -3.587029, -5.807316, -6.345188, -7.718784, -8.356627, -8.480175, -8.862572]",1.0,1.0,1.0
tfidf_cross_encoder,5add673e5542992ae4cec54d,"[""5add673e5542992ae4cec54d::doc_6::Joe Walker (American football)"", ""5add673e5542992ae4cec54d::doc_4::1983 Oregon State vs. Oregon football game"", ""5add673e5542992ae4cec54d::doc_1::Civil War (college football game)"", ""5add673e5542992ae4cec54d::doc_0::Oregon Ducks football"", ""5add673e5542992ae4cec54d::doc_8::Army\u2013Navy Game"", ""5add673e5542992ae4cec54d::doc_3::The Rivalry (Lehigh\u2013Lafayette)"", ""5add673e5542992ae4cec54d::doc_9::Battle for the Bell"", ""5a8b20335542996c9b8d5fb3::doc_4::Ayana Walker"", ""5add673e5542992ae4cec54d::doc_5::Magnolia Bowl"", ""5add673e5542992ae4cec54d::doc_7::Battle of the Blue""]","[1.442848, 1.151567, 0.642598, -0.116041, -1.973754, -3.72319, -4.464049, -5.002719, -5.559324, -5.994686]",0.877215,1.0,1.0
tfidf_cross_encoder,5ae819ac55429952e35eaa16,"[""5ae819ac55429952e35eaa16::doc_9::Marry Me a Little, Marry Me a Little More"", ""5ae819ac55429952e35eaa16::doc_5::Pilot (Will &amp; Grace)"", ""5ae819ac55429952e35eaa16::doc_0::Boston Common (TV series)"", ""5ae819ac55429952e35eaa16::doc_2::Will &amp; Grace"", ""5ae819ac55429952e35eaa16::doc_6::Partners (2012 TV series)"", ""5ae819ac55429952e35eaa16::doc_8::Good Morning, Miami"", ""5ae819ac55429952e35eaa16::doc_7::Four Kings"", ""5ae819ac55429952e35eaa16::doc_1::David Kohan"", ""5ae819ac55429952e35eaa16::doc_4::The Stones (TV series)"", ""5a77152355429966f1a36c2e::doc_9::What Are Little Girls Made Of?""]","[7.844212, 4.601934, 3.256371, 2.968786, 2.720467, 1.614385, 1.273288, 1.209084, -0.907798, -1.863814]",0.877215,1.0,1.0
tfidf_cross_encoder,5aba65a055429939ce03dcd2,"[""5aba65a055429939ce03dcd2::doc_0::Georges-Henri Bousquet"", ""5aba65a055429939ce03dcd2::doc_7::Latresne"", ""5aba65a055429939ce03dcd2::doc_6::Armando Mook"", ""5aba65a055429939ce03dcd2::doc_5::Don Bousquet"", ""5a7b8749554299294a54a9db::doc_4::Henri Bergson"", ""5aba65a055429939ce03dcd2::doc_2::Jean Portante"", ""5aba65a055429939ce03dcd2::doc_1::Sally Gibson"", ""5a7b8749554299294a54a9db::doc_9::Matter and Memory"", ""5ae0361155429925eb1afc2c::doc_1::Georges Madon"", ""5aba65a055429939ce03dcd2::doc_9::John Hirst (historian)""]","[6.039555, -1.497207, -1.742084, -3.574939, -5.690527, -6.561034, -7.143446, -7.443162, -8.02718, -8.065083]",0.613147,1.0,0.5
tfidf_cross_encoder,5a87bada5542994846c1cddc,"[""5a87bada5542994846c1cddc::doc_2::Ravi Sethi"", ""5a87bada5542994846c1cddc::doc_7::Bell Labs"", ""5a87bada5542994846c1cddc::doc_3::Sethi\u2013Ullman algorithm"", ""5a87bada5542994846c1cddc::doc_8::Franz Josef Och"", ""5a87bada5542994846c1cddc::doc_1::Pharma Medica"", ""5a87bada5542994846c1cddc::doc_6::Compilers: Principles, Techniques, and Tools"", ""5a87bada5542994846c1cddc::doc_4::Annie Easley"", ""5a87bada5542994846c1cddc::doc_0::Nuria Oliver"", ""5a87bada5542994846c1cddc::doc_5::David H. Bailey"", ""5a834ed95542990548d0b1ca::doc_2::New York Life Building""]","[4.115715, -1.03808, -2.276603, -2.285466, -2.421904, -4.824951, -4.943724, -5.610446, -5.848094, -6.023015]",1.0,1.0,1.0
tfidf_cross_encoder,5ae74fc45542997b22f6a6b4,"[""5ae74fc45542997b22f6a6b4::doc_3::Yi Guan"", ""5ae74fc45542997b22f6a6b4::doc_5::Severe acute respiratory syndrome"", ""5ae74fc45542997b22f6a6b4::doc_7::SARS (disambiguation)"", ""5ae74fc45542997b22f6a6b4::doc_0::Timeline of the SARS outbreak"", ""5ae74fc45542997b22f6a6b4::doc_8::Feline viral rhinotracheitis"", ""5ae74fc45542997b22f6a6b4::doc_9::Asthma-related microbes"", ""5ae74fc45542997b22f6a6b4::doc_6::Chronic Respiratory Disease"", ""5ae74fc45542997b22f6a6b4::doc_2::Journal of Thoracic Disease"", ""5ac547525542993e66e822a3::doc_7::Oyewale Tomori"", ""5ae74fc45542997b22f6a6b4::doc_1::Pulmonary rehabilitation""]","[5.448906, -0.835414, -3.942766, -4.1929, -4.741083, -5.865979, -6.006325, -7.238125, -9.274984, -9.902263]",0.877215,1.0,1.0
tfidf_cross_encoder,5adf65555542992d7e9f9334,"[""5adf65555542992d7e9f9334::doc_4::Dim Gray Bar Press"", ""5adf65555542992d7e9f9334::doc_8::Wendell Berry"", ""5adf65555542992d7e9f9334::doc_5::Jay Cronley"", ""5adf65555542992d7e9f9334::doc_1::Melissa Fay Greene"", ""5adf65555542992d7e9f9334::doc_7::Winfred Blevins"", ""5adf65555542992d7e9f9334::doc_2::New York State Writers Hall of Fame"", ""5adf65555542992d7e9f9334::doc_6::Blinkey Horn"", ""5adf65555542992d7e9f9334::doc_3::Judith Ortiz Cofer"", ""5a8a3e745542996c9b8d5e70::doc_4::Ken St. Andre"", ""5a835478554299123d8c20ed::doc_8::The Roald Dahl Treasury""]","[4.306623, 1.422608, -2.839075, -3.549094, -3.560425, -4.910703, -5.119061, -5.473633, -7.711585, -7.73662]",1.0,1.0,1.0
tfidf_cross_encoder,5ade69e455429975fa854ec5,"[""5ade69e455429975fa854ec5::doc_1::1920 (film)"", ""5ade69e455429975fa854ec5::doc_9::Ankahee (2006 film)"", ""5ade69e455429975fa854ec5::doc_2::Be Careful (film)"", ""5ade69e455429975fa854ec5::doc_3::Spark (2014 film)"", ""5ade69e455429975fa854ec5::doc_5::Phhir"", ""5ade69e455429975fa854ec5::doc_6::Rajneesh Duggal"", ""5ade69e455429975fa854ec5::doc_8::1920 (film series)"", ""5ade69e455429975fa854ec5::doc_4::Inteha (2003 film)"", ""5ade69e455429975fa854ec5::doc_7::Udanchhoo"", ""5ade69e455429975fa854ec5::doc_0::Anhoniyon Ka Andhera""]","[7.355055, 5.602918, 5.500132, 4.951109, 4.747126, 3.862167, 3.612015, 2.724423, 2.49507, -0.208423]",0.81753,1.0,1.0
tfidf_cross_encoder,5ae057fd55429945ae959328,"[""5ae057fd55429945ae959328::doc_4::Robert Smith (Illinois politician)"", ""5ae057fd55429945ae959328::doc_7::Hyrum W. Smith"", ""5ae057fd55429945ae959328::doc_8::Equinix"", ""5ae057fd55429945ae959328::doc_9::Corey Smith (artist)"", ""5a86ebac55429960ec39b6d6::doc_1::Robert's American Gourmet Food"", ""5ae057fd55429945ae959328::doc_3::RetailMeNot"", ""5ac120c55542992a796dedfc::doc_2::Kohlberg Kravis Roberts"", ""5ae057fd55429945ae959328::doc_0::Namsung electronics"", ""5abc0a5d5542993f40c73c64::doc_5::Peter W. Smith"", ""5ae057fd55429945ae959328::doc_2::Stevanato Group""]","[2.816911, -2.257852, -2.330943, -2.984986, -3.064085, -3.98085, -4.066781, -4.487442, -4.540583, -4.575998]",0.613147,1.0,0.5
tfidf_cross_encoder,5ab28019554299722f9b4d51,"[""5ab28019554299722f9b4d51::doc_0::Fraley v. Facebook, Inc."", ""5ab28019554299722f9b4d51::doc_5::List of largest pharmaceutical settlements"", ""5ab28019554299722f9b4d51::doc_7::Kasia Al Thani"", ""5ab28019554299722f9b4d51::doc_4::Damian Wayne"", ""5ab28019554299722f9b4d51::doc_9::Son of al Qaeda"", ""5ab7e4dc5542995dae37e9df::doc_2::Armie Hammer"", ""5ac02e31554299294b218f3f::doc_9::Wonder Woman (2017 film)"", ""5ab28019554299722f9b4d51::doc_6::Al Utouriya"", ""5a73a7c755429978a71e9068::doc_6::Evermore (Beauty and the Beast song)"", ""5ab7f0015542992aa3b8c88b::doc_7::Zachary Throne""]","[-6.838663, -7.028971, -8.809893, -8.811422, -9.022833, -9.582672, -9.685929, -9.954378, -10.601681, -10.6353]",0.237198,0.2,0.5
tfidf_cross_encoder,5a75f79555429976ec32bcca,"[""5a75f79555429976ec32bcca::doc_6::Cyclone Gonu"", ""5a75f79555429976ec32bcca::doc_1::1999 Odisha cyclone"", ""5a75f79555429976ec32bcca::doc_4::Cyclone Hondo"", ""5a75f79555429976ec32bcca::doc_0::Cyclone Donna"", ""5a75f79555429976ec32bcca::doc_8::Cyclone Esau"", ""5a75f79555429976ec32bcca::doc_7::Cyclone Kesiny"", ""5a75f79555429976ec32bcca::doc_2::Cyclone Anne"", ""5a75f79555429976ec32bcca::doc_9::2011\u201312 South Pacific cyclone season"", ""5a75f79555429976ec32bcca::doc_3::Kathantara"", ""5a75f79555429976ec32bcca::doc_5::2002\u201303 Australian region cyclone season""]","[4.262909, 2.646576, 2.629771, 0.466486, -0.251919, -1.344486, -1.944764, -2.000441, -2.84259, -3.111341]",0.571429,0.5,1.0
tfidf_cross_encoder,5adef80b5542993a75d263c4,"[""5adef80b5542993a75d263c4::doc_0::Snatch (film)"", ""5adef80b5542993a75d263c4::doc_2::Snatch (TV series)"", ""5adef80b5542993a75d263c4::doc_4::Romper Stomper (TV series)"", ""5adef80b5542993a75d263c4::doc_8::Gilmore Girls: A Year in the Life"", ""5adf58f15542993a75d264d2::doc_3::Oh, No! Not THEM!"", ""5adef80b5542993a75d263c4::doc_3::Swedish Dicks"", ""5adef80b5542993a75d263c4::doc_9::Bajillion Dollar Propertie$"", ""5adef80b5542993a75d263c4::doc_1::Orange Is the New Black"", ""5adef80b5542993a75d263c4::doc_7::Please Don't Eat the Daisies"", ""5adef80b5542993a75d263c4::doc_6::Please Twins!""]","[2.735683, 2.442817, -2.652949, -3.550397, -4.860315, -5.864046, -6.067675, -6.117393, -6.221156, -6.433372]",1.0,1.0,1.0
tfidf_cross_encoder,5ae0aaf455429945ae959401,"[""5ae0aaf455429945ae959401::doc_4::Chris Williams (English footballer)"", ""5ae0aaf455429945ae959401::doc_2::Jack Truelove"", ""5ae0aaf455429945ae959401::doc_1::National League North"", ""5ae0aaf455429945ae959401::doc_8::Salford City F.C."", ""5ae0aaf455429945ae959401::doc_7::Curzon Ashton F.C."", ""5ae0aaf455429945ae959401::doc_9::Spennymoor Town F.C."", ""5ae0aaf455429945ae959401::doc_6::National League (English football)"", ""5ae0aaf455429945ae959401::doc_0::Boston United F.C."", ""5a7320565542991f9a20c61d::doc_9::Keith Bostic (American football)"", ""5ae0aaf455429945ae959401::doc_3::Gainsborough Trinity F.C.""]","[5.451475, 2.790211, -0.745337, -1.60933, -2.071841, -2.121354, -2.160271, -2.534638, -3.342491, -3.471803]",0.877215,1.0,1.0
tfidf_cross_encoder,5ab47d765542991751b4d78f,"[""5ab47d765542991751b4d78f::doc_7::1991 Mr. Olympia"", ""5ab47d765542991751b4d78f::doc_3::1991 Ms. Olympia"", ""5ab47d765542991751b4d78f::doc_1::2012 Ms. Olympia"", ""5ab47d765542991751b4d78f::doc_2::1980 Ms. Olympia"", ""5ab47d765542991751b4d78f::doc_9::1981 Ms. Olympia"", ""5ab47d765542991751b4d78f::doc_8::2011 Ms. Olympia"", ""5ab47d765542991751b4d78f::doc_0::2010 Ms. Olympia"", ""5ab47d765542991751b4d78f::doc_4::2017 Mr. Olympia"", ""5ab47d765542991751b4d78f::doc_6::1975 Mr. Olympia"", ""5ab47d765542991751b4d78f::doc_5::Walt Disney World Dolphin""]","[8.155503, 5.703147, 4.915956, 4.851542, 4.790713, 4.677253, 4.593487, 3.484636, 3.291202, -6.401083]",0.790386,1.0,1.0
tfidf_cross_encoder,5a7ed2c655429930675135e5,"[""5a7ed2c655429930675135e5::doc_0::71st Golden Globe Awards"", ""5a7ed2c655429930675135e5::doc_4::Brooklyn Nine-Nine"", ""5a7ed2c655429930675135e5::doc_5::61st Golden Globe Awards"", ""5a7ed2c655429930675135e5::doc_3::Breaking Bad"", ""5a7ed2c655429930675135e5::doc_6::Dancing on the Edge (TV series)"", ""5a7ed2c655429930675135e5::doc_1::51st Golden Globe Awards"", ""5a7ed2c655429930675135e5::doc_7::31st Golden Globe Awards"", ""5a7ed2c655429930675135e5::doc_2::Golden Globe Award for Best Animated Feature Film"", ""5adbfbd555429947ff173893::doc_0::2013 Young Hollywood Awards"", ""5adbfbd555429947ff173893::doc_5::Maureen Dragone""]","[5.637578, 0.234625, -2.143795, -2.209427, -3.029804, -3.746971, -3.966567, -4.2349, -6.7017, -7.709044]",1.0,1.0,1.0
tfidf_cross_encoder,5ac3e0f7554299194317388b,"[""5ac3e0f7554299194317388b::doc_8::American Beauty (1999 film)"", ""5ac3e0f7554299194317388b::doc_4::List of accolades received by American Beauty"", ""5ac3e0f7554299194317388b::doc_0::American Beauty (1927 film)"", ""5ac3e0f7554299194317388b::doc_3::La Belle Am\u00e9ricaine"", ""5ac3e0f7554299194317388b::doc_9::American Beauty (soundtrack)"", ""5ac3e0f7554299194317388b::doc_7::Christopher Greenbury"", ""5ac3e0f7554299194317388b::doc_5::American Beauty/American Psycho Tour"", ""5a73a7c755429978a71e9068::doc_0::Robby Benson"", ""5a73a7c755429978a71e9068::doc_3::Belle (Disney song)"", ""5a73a7c755429978a71e9068::doc_9::Something There""]","[6.187254, 5.484693, 5.18889, 4.455828, 3.935606, 2.511231, 0.225889, -1.266409, -1.479627, -1.704654]",0.850345,1.0,1.0
tfidf_cross_encoder,5a7bae20554299294a54aa96,"[""5a7bae20554299294a54aa96::doc_2::Nicki Minaj"", ""5a7bae20554299294a54aa96::doc_4::Freedom Watch with Judge Napolitano"", ""5a7bae20554299294a54aa96::doc_6::American Idol (season 12)"", ""5a7bae20554299294a54aa96::doc_8::T\u00f3mbola (TV series)"", ""5a7bae20554299294a54aa96::doc_7::The House of Tiny Tearaways"", ""5a86ebac55429960ec39b6d6::doc_2::Rewrapped"", ""5a7bae20554299294a54aa96::doc_3::Rewrapped"", ""5adbfbd555429947ff173893::doc_6::Kelly Osbourne"", ""5a7bae20554299294a54aa96::doc_0::Sarah Palin's Alaska"", ""5ab6ba245542995eadef007f::doc_9::The Voice of the Philippines""]","[2.521792, -1.986871, -3.309409, -3.763573, -4.19151, -4.738317, -4.738317, -4.836051, -6.763909, -7.052333]",0.919721,1.0,1.0
tfidf_cross_encoder,5ab8ee035542991b5579f04b,"[""5ab8ee035542991b5579f04b::doc_7::The Memory of Our People"", ""5ab8ee035542991b5579f04b::doc_6::Hot Rod (magazine)"", ""5ab8ee035542991b5579f04b::doc_8::Ala Kart (custom car)"", ""5ab8ee035542991b5579f04b::doc_9::Hot Rod Lincoln"", ""5ab8ee035542991b5579f04b::doc_4::Rat rod"", ""5ab8ee035542991b5579f04b::doc_0::National Hot Rod Reunion"", ""5ab8ee035542991b5579f04b::doc_3::Volvo T6"", ""5ab8ee035542991b5579f04b::doc_5::Fender Hot Rod Deluxe"", ""5ab8ee035542991b5579f04b::doc_2::California Hot Rod Reunion"", ""5ab8ee035542991b5579f04b::doc_1::Fender Hot Rod DeVille""]","[3.16763, 2.346432, -4.93584, -5.929092, -6.066848, -6.251684, -6.667955, -7.718222, -7.826741, -8.461971]",1.0,1.0,1.0
tfidf_cross_encoder,5a7a276d5542996c55b2dd27,"[""5a7a276d5542996c55b2dd27::doc_2::Charles Hastings Judd"", ""5a7a276d5542996c55b2dd27::doc_4::George W. Macfarlane"", ""5a7a276d5542996c55b2dd27::doc_8::Kal\u0101kaua"", ""5a7a276d5542996c55b2dd27::doc_1::Merrie Monarch Festival"", ""5a7a276d5542996c55b2dd27::doc_9::Aloha Dalire"", ""5a7a276d5542996c55b2dd27::doc_7::Staff (military)"", ""5a88658955429938390d3f47::doc_3::Chief of the Defence Staff (Canada)"", ""5a88658955429938390d3f47::doc_0::2010 Kiev Victory Day Parade"", ""5a7a276d5542996c55b2dd27::doc_0::James A. Winnefeld Jr."", ""5a88658955429938390d3f47::doc_5::Fernando Tapias Stahelin""]","[5.033981, 3.446431, -1.078195, -2.900381, -5.970447, -7.768904, -7.779458, -7.93923, -8.197487, -8.466056]",0.919721,1.0,1.0
tfidf_cross_encoder,5a717d4c5542994082a3e854,"[""5a717d4c5542994082a3e854::doc_2::Pavel Alexandrov"", ""5a717d4c5542994082a3e854::doc_6::Semyon Aranovich Gershgorin"", ""5a717d4c5542994082a3e854::doc_4::Semyon Aranovich"", ""5a717d4c5542994082a3e854::doc_9::Gershgorin circle theorem"", ""5a717d4c5542994082a3e854::doc_1::Pavel Urysohn"", ""5a717d4c5542994082a3e854::doc_5::Rafferty (1980 TV series)"", ""5a717d4c5542994082a3e854::doc_7::Confrontation (TV series)"", ""5a717d4c5542994082a3e854::doc_3::Alexandroff extension"", ""5a717d4c5542994082a3e854::doc_8::The Year of the Dog (film)"", ""5a717d4c5542994082a3e854::doc_0::Nerve of a covering""]","[4.576312, 3.08456, 1.404119, -1.926791, -2.187908, -4.176199, -4.592155, -5.068296, -5.422976, -6.679788]",1.0,1.0,1.0
tfidf_cross_encoder,5ac02e31554299294b218f3f,"[""5ac02e31554299294b218f3f::doc_5::Justice League (film)"", ""5ac02e31554299294b218f3f::doc_4::Aquaman (film)"", ""5ac02e31554299294b218f3f::doc_7::Gal Gadot"", ""5ac02e31554299294b218f3f::doc_9::Wonder Woman (2017 film)"", ""5ac02e31554299294b218f3f::doc_1::List of DC Extended Universe cast members"", ""5ac02e31554299294b218f3f::doc_2::Suicide Squad (film)"", ""5ac02e31554299294b218f3f::doc_0::DC Extended Universe"", ""5ac02e31554299294b218f3f::doc_6::Batman v Superman: Dawn of Justice"", ""5ac02e31554299294b218f3f::doc_8::Man of Steel (film)"", ""5ac02e31554299294b218f3f::doc_3::Arrowverse""]","[5.419997, 4.537662, 3.527648, 1.69768, 1.191018, 0.997007, 0.819783, 0.344301, 0.066398, -0.822628]",0.919721,1.0,1.0
tfidf_cross_encoder,5a79ea435542996c55b2dc9e,"[""5a79ea435542996c55b2dc9e::doc_3::J. Edward Snyder"", ""5a79ea435542996c55b2dc9e::doc_0::USS New Jersey (BB-62)"", ""5a79ea435542996c55b2dc9e::doc_9::French battleship Jean Bart (1911)"", ""5a79ea435542996c55b2dc9e::doc_2::USS Trippe (FF-1075)"", ""5a79ea435542996c55b2dc9e::doc_6::Tonkin Gulf Yacht Club"", ""5a79ea435542996c55b2dc9e::doc_1::Operation Market Time"", ""5a79ea435542996c55b2dc9e::doc_8::Soviet cruiser Kirov"", ""5a79ea435542996c55b2dc9e::doc_7::List of battleships of Italy"", ""5a79ea435542996c55b2dc9e::doc_4::United States naval gunfire support debate"", ""5a79ea435542996c55b2dc9e::doc_5::Naval gunfire support""]","[6.188639, 5.488696, 0.013883, -0.44807, -1.515025, -2.050993, -2.31841, -3.256667, -3.639559, -3.84238]",1.0,1.0,1.0
tfidf_cross_encoder,5ab7e4dc5542995dae37e9df,"[""5ab7e4dc5542995dae37e9df::doc_3::The Polar Bears"", ""5ab7e4dc5542995dae37e9df::doc_2::Armie Hammer"", ""5ab7e4dc5542995dae37e9df::doc_7::Cars 3"", ""5ab7e4dc5542995dae37e9df::doc_9::The Lone Ranger (2013 film)"", ""5ab7e4dc5542995dae37e9df::doc_5::Beatitude (album)"", ""5ae6050f55429929b0807a5e::doc_5::Jim Cummings"", ""5ab7e4dc5542995dae37e9df::doc_4::Cheech Marin"", ""5ab7e4dc5542995dae37e9df::doc_6::Nagesh Bhonsle"", ""5abcfc365542993a06baf9d6::doc_3::Jim Backus"", ""5a8c7595554299585d9e36b6::doc_2::Janet Waldo""]","[4.839409, 4.328972, 2.167747, -1.338001, -3.711696, -3.762192, -3.805442, -4.788268, -6.039144, -6.201799]",1.0,1.0,1.0
tfidf_cross_encoder,5a834ed95542990548d0b1ca,"[""5a834ed95542990548d0b1ca::doc_7::712 Fifth Avenue"", ""5a834ed95542990548d0b1ca::doc_4::Manhattan Life Insurance Building"", ""5a834ed95542990548d0b1ca::doc_8::Flatiron Building"", ""5a834ed95542990548d0b1ca::doc_2::New York Life Building"", ""5a834ed95542990548d0b1ca::doc_5::New York Life Insurance Building (Montreal)"", ""5ab56e32554299637185c594::doc_3::888 7th Avenue"", ""5a834ed95542990548d0b1ca::doc_1::Manhattan Life Insurance Company"", ""5a834ed95542990548d0b1ca::doc_6::Francis H. Kimball"", ""5a834ed95542990548d0b1ca::doc_3::Supreme Life Building"", ""5ab56e32554299637185c594::doc_4::Random House Tower""]","[6.643436, 5.183922, 4.94106, 2.364773, 0.95572, -0.680142, -1.188279, -4.151246, -4.451486, -5.17154]",1.0,1.0,1.0
tfidf_cross_encoder,5ab41d855542996a3a969f4b,"[""5ab41d855542996a3a969f4b::doc_7::Kent County Cricket Club in 2011"", ""5ab41d855542996a3a969f4b::doc_8::Kent County Cricket Club in 2013"", ""5ab41d855542996a3a969f4b::doc_5::Kent County Cricket Club in 2010"", ""5ab41d855542996a3a969f4b::doc_6::Tom Caplen"", ""5ab41d855542996a3a969f4b::doc_9::Wahab Riaz"", ""5ab41d855542996a3a969f4b::doc_2::Arthur Fielder"", ""5ab41d855542996a3a969f4b::doc_4::Doug Bollinger"", ""5ab41d855542996a3a969f4b::doc_0::Jack Mason"", ""5ab41d855542996a3a969f4b::doc_3::List of Kent County Cricket Club captains"", ""5ab41d855542996a3a969f4b::doc_1::Wayne Parnell""]","[7.416366, 3.682495, 3.569668, 1.518046, 1.396513, 0.901438, 0.448148, -0.532984, -1.167497, -3.929924]",0.850345,1.0,1.0
tfidf_cross_encoder,5a7b7ff75542995eb53be93d,"[""5a7b7ff75542995eb53be93d::doc_6::Penelope Lively"", ""5a7b7ff75542995eb53be93d::doc_3::Arthur Conan Doyle"", ""5a7b7ff75542995eb53be93d::doc_9::Adrian Conan Doyle"", ""5a7b7ff75542995eb53be93d::doc_5::Douglas Ainslie"", ""5a7b7ff75542995eb53be93d::doc_7::Sherlock Holmes (2010 film)"", ""5a7b7ff75542995eb53be93d::doc_4::Sherlock Holmes (1916 film)"", ""5a7b7ff75542995eb53be93d::doc_2::The Return of Sherlock Holmes (1929 film)"", ""5ac2acff55429921a00ab02b::doc_4::Brian Doyle-Murray"", ""5a7b7ff75542995eb53be93d::doc_8::The Lost World (TV series)"", ""5a7b7ff75542995eb53be93d::doc_1::The Adventure of the Empty House""]","[4.349691, 1.630836, 0.272824, -2.99234, -5.114105, -5.372423, -5.74408, -6.079414, -6.584226, -6.962395]",1.0,1.0,1.0
tfidf_cross_encoder,5a7d19d85542995ed0d165e8,"[""5a7d19d85542995ed0d165e8::doc_2::1984 Tennessee Volunteers football team"", ""5a7d19d85542995ed0d165e8::doc_4::1985 Tennessee Volunteers football team"", ""5a7d19d85542995ed0d165e8::doc_3::1983 Tennessee Volunteers football team"", ""5a7d19d85542995ed0d165e8::doc_9::1930 Tennessee Volunteers football team"", ""5a7d19d85542995ed0d165e8::doc_7::1896 Tennessee Volunteers football team"", ""5a7d19d85542995ed0d165e8::doc_6::1891 Tennessee Volunteers football team"", ""5a7d19d85542995ed0d165e8::doc_1::1899 Tennessee Volunteers football team"", ""5a7d19d85542995ed0d165e8::doc_8::1938 Tennessee Volunteers football team"", ""5a7d19d85542995ed0d165e8::doc_5::Tennessee Volunteers football statistical leaders"", ""5a7d19d85542995ed0d165e8::doc_0::Southeastern Conference""]","[7.25506, 7.17154, 7.092344, 6.793559, 4.592299, 3.449313, 3.112627, 3.028857, 2.510494, -3.857973]",0.790386,1.0,1.0
tfidf_cross_encoder,5ae7ed17554299540e5a56a3,"[""5ae7ed17554299540e5a56a3::doc_1::Ernest Foot"", ""5ae7ed17554299540e5a56a3::doc_6::Albert Ball"", ""5ae7ed17554299540e5a56a3::doc_9::Egon Mayer"", ""5ae7ed17554299540e5a56a3::doc_3::Manfred Meurer"", ""5ae7ed17554299540e5a56a3::doc_2::Ilmari Juutilainen"", ""5ae7ed17554299540e5a56a3::doc_4::Paul Zorner"", ""5ae0361155429925eb1afc2c::doc_3::Charles Nungesser"", ""5ae7ed17554299540e5a56a3::doc_0::Lydia Litvyak"", ""5ae0361155429925eb1afc2c::doc_4::Gervais Raoul Lufbery"", ""5abbf698554299114383a0b5::doc_9::Edwin A. Doss""]","[8.992437, 0.656375, 0.361362, -0.081542, -0.468204, -0.920755, -1.538965, -2.130614, -2.580335, -5.612763]",1.0,1.0,1.0
tfidf_cross_encoder,5ab2659e554299340b5254b2,"[""5ab2659e554299340b5254b2::doc_2::Farrukhzad Khosrow V"", ""5ab2659e554299340b5254b2::doc_9::Hormizd VI"", ""5ab2659e554299340b5254b2::doc_1::Khosrow IV"", ""5ab2659e554299340b5254b2::doc_6::Suintila"", ""5a7625e8554299109176e66a::doc_6::George V"", ""5ab2659e554299340b5254b2::doc_5::Ashur-etil-ilani"", ""5ab2659e554299340b5254b2::doc_0::Duchy of Thuringia"", ""5ab2659e554299340b5254b2::doc_7::Samo's Empire"", ""5ab2659e554299340b5254b2::doc_8::Sasanian Empire"", ""5ab2659e554299340b5254b2::doc_4::Chach of Alor""]","[9.528172, 1.526971, 0.933251, -1.289649, -2.304608, -3.116699, -3.772564, -3.836173, -3.914818, -4.030903]",0.797723,1.0,1.0
tfidf_cross_encoder,5abd2eab5542992ac4f38210,"[""5abd2eab5542992ac4f38210::doc_7::Beverly Marshall"", ""5abd2eab5542992ac4f38210::doc_0::Shaunna O'Grady"", ""5abd2eab5542992ac4f38210::doc_9::Katie Landers"", ""5abd2eab5542992ac4f38210::doc_2::Ramsay Street"", ""5abd2eab5542992ac4f38210::doc_5::Alamo Heights SA"", ""5abd2eab5542992ac4f38210::doc_8::Phil Mitchell"", ""5abd2eab5542992ac4f38210::doc_3::The Greatest Gift (TV series)"", ""5abd2eab5542992ac4f38210::doc_4::John Black (Days of Our Lives)"", ""5abd2eab5542992ac4f38210::doc_6::Victor Newman"", ""5ab7c1a955429928e1fe38c8::doc_3::Sian Powers""]","[5.514935, 2.29034, 0.65771, -0.285733, -3.806911, -6.050353, -6.1787, -6.391933, -6.57065, -7.184477]",0.877215,1.0,1.0
tfidf_cross_encoder,5abaf3195542996cc5e49f2c,"[""5abaf3195542996cc5e49f2c::doc_6::Falkland Islands at the 2010 Commonwealth Games"", ""5abaf3195542996cc5e49f2c::doc_4::Gerald Reive"", ""5abaf3195542996cc5e49f2c::doc_7::George Paice (bowls)"", ""5abaf3195542996cc5e49f2c::doc_2::Falkland Islands at the 2014 Commonwealth Games"", ""5abaf3195542996cc5e49f2c::doc_0::Falkland Islands official football team"", ""5abaf3195542996cc5e49f2c::doc_8::2010 Commonwealth Games"", ""5abaf3195542996cc5e49f2c::doc_1::2010 Commonwealth Games medal table"", ""5abaf3195542996cc5e49f2c::doc_3::Archery at the Commonwealth Games"", ""5adf37a95542995ec70e8f97::doc_6::2010\u201311 VCU Rams men's basketball team"", ""5abaf3195542996cc5e49f2c::doc_9::Samoa""]","[4.057739, 2.540512, 2.233143, 1.6838, -0.570848, -1.379485, -1.490954, -5.276656, -6.543474, -6.739723]",0.564092,0.5,1.0
tfidf_cross_encoder,5a791a97554299148911f9f2,"[""5a791a97554299148911f9f2::doc_6::Ellie Kemper"", ""5a791a97554299148911f9f2::doc_4::Unbreakable Kimmy Schmidt"", ""5a791a97554299148911f9f2::doc_5::List of Unbreakable Kimmy Schmidt episodes"", ""5a791a97554299148911f9f2::doc_0::Kimmy Schmidt"", ""5a791a97554299148911f9f2::doc_8::Azie Mira Dungey"", ""5a791a97554299148911f9f2::doc_1::Claire Temple (Marvel Cinematic Universe)"", ""5abba4855542993f40c73b68::doc_6::Sage Kirkpatrick"", ""5a791a97554299148911f9f2::doc_9::Sam Means"", ""5a791a97554299148911f9f2::doc_3::Claire Liddell"", ""5a80840f554299485f59863b::doc_6::Sarah Drew""]","[8.18009, 5.660031, 5.628808, 2.016715, 0.511178, 0.029447, -3.420818, -3.435032, -3.481248, -4.271041]",0.877215,1.0,1.0
tfidf_cross_encoder,5adf58f15542993a75d264d2,"[""5adf58f15542993a75d264d2::doc_6::Filthy Rich &amp; Catflap"", ""5adf58f15542993a75d264d2::doc_9::The Young Ones (TV series)"", ""5adf58f15542993a75d264d2::doc_0::Ade Edmondson"", ""5adf58f15542993a75d264d2::doc_3::Oh, No! Not THEM!"", ""5adf58f15542993a75d264d2::doc_4::Carole Gray"", ""5adf58f15542993a75d264d2::doc_1::The Young Ones (video game)"", ""5adf58f15542993a75d264d2::doc_2::Roland Rat"", ""5adf58f15542993a75d264d2::doc_7::David Mirkin"", ""5adf58f15542993a75d264d2::doc_5::Ben Elton"", ""5adbfbd555429947ff173893::doc_1::Jeremy Schoenberg""]","[7.228006, 6.242669, 5.111926, 4.542721, 3.531224, 3.299774, 2.674113, 2.023493, 1.634469, 1.626659]",0.306574,0.333333,0.5
tfidf_cross_encoder,5adc65e85542996e68525350,"[""5adc65e85542996e68525350::doc_3::Dafeng District"", ""5adc65e85542996e68525350::doc_2::Dazhou"", ""5adc65e85542996e68525350::doc_4::Tinghu District"", ""5adc65e85542996e68525350::doc_1::Yandu District"", ""5adc65e85542996e68525350::doc_0::Sichuan\u2013Shanghai gas pipeline"", ""5a84c4135542994c784dda31::doc_2::Fuding"", ""5ae4f2c75542993aec5ec0fb::doc_7::Dalian Zhoushuizi International Airport"", ""5adccd795542990d50227d2c::doc_6::Wolong Special Administrative Region"", ""5a84c4135542994c784dda31::doc_8::Yingkou East Railway Station"", ""5a84c4135542994c784dda31::doc_1::Yingkou""]","[6.749857, 4.702908, 3.758215, 3.676092, -1.174293, -4.100978, -6.919986, -8.061668, -8.132032, -8.346766]",1.0,1.0,1.0
tfidf_cross_encoder,5a87ab9b5542996e4f3088c2,"[""5a87ab9b5542996e4f3088c2::doc_1::Tippecanoe order of battle"", ""5a87ab9b5542996e4f3088c2::doc_6::Battle of Tippecanoe"", ""5a87ab9b5542996e4f3088c2::doc_4::Tecumseh's Confederacy"", ""5a87ab9b5542996e4f3088c2::doc_2::Tenskwatawa"", ""5a87ab9b5542996e4f3088c2::doc_3::Tecumseh"", ""5a87ab9b5542996e4f3088c2::doc_7::Prophetstown State Park"", ""5a87ab9b5542996e4f3088c2::doc_8::Battle of Fallen Timbers"", ""5ae4a3265542995ad6573de5::doc_7::Dewey Beard"", ""5a85eed75542996432c5713b::doc_7::Battle of Jupiter Inlet"", ""5a7633ad5542992db9473741::doc_0::Seven Days Confederate order of battle""]","[5.983847, 5.606907, 4.904098, 3.716174, 3.493134, 1.686472, -3.319763, -4.794777, -5.551229, -6.002046]",0.850345,1.0,1.0
tfidf_cross_encoder,5a738fe855429908901be2fb,"[""5a738fe855429908901be2fb::doc_7::Samuel Sim"", ""5a738fe855429908901be2fb::doc_6::Awake (film)"", ""5a738fe855429908901be2fb::doc_4::King Arthur: Legend of the Sword"", ""5a738fe855429908901be2fb::doc_5::Blog Wars"", ""5a738fe855429908901be2fb::doc_3::Robin Hood (2018 film)"", ""5a7a455c5542994f819ef1a7::doc_3::Flying with Music"", ""5ae2070a5542994d89d5b313::doc_4::About a Boy (film)"", ""5a738fe855429908901be2fb::doc_1::Beautiful Young Minds"", ""5a738fe855429908901be2fb::doc_2::Joby Talbot"", ""5a738fe855429908901be2fb::doc_8::Gidget Goes to Rome""]","[5.066048, 4.839223, 3.146435, 3.131851, 3.000588, 0.4032, -1.029355, -1.995085, -2.075853, -2.543346]",1.0,1.0,1.0
tfidf_cross_encoder,5a8c65a1554299585d9e3680,"[""5a8c65a1554299585d9e3680::doc_5::Shiners' War"", ""5a8c65a1554299585d9e3680::doc_8::French Canadians"", ""5a8c65a1554299585d9e3680::doc_7::History of Irish Americans in Boston"", ""5a8c65a1554299585d9e3680::doc_4::History of the Irish Americans in Philadelphia"", ""5a8c65a1554299585d9e3680::doc_6::Americo-Liberians"", ""5a8c65a1554299585d9e3680::doc_1::Ancient Order of Hibernians"", ""5a8c65a1554299585d9e3680::doc_2::Pingpu peoples"", ""5a8c65a1554299585d9e3680::doc_3::Black Bermudian"", ""5a8c65a1554299585d9e3680::doc_9::Czechs in Ukraine"", ""5a8c65a1554299585d9e3680::doc_0::Oku people (Sierra Leone)""]","[5.192327, 1.838146, -2.158535, -2.278015, -2.873471, -3.185108, -3.418528, -3.794941, -6.637353, -7.109908]",1.0,1.0,1.0
tfidf_cross_encoder,5ac2bbd0554299218029db09,"[""5ac2bbd0554299218029db09::doc_0::The Thing of It Is..."", ""5ac2bbd0554299218029db09::doc_8::A Thing of Beauty"", ""5ac2bbd0554299218029db09::doc_9::Who Goes There? (collection)"", ""5ac2bbd0554299218029db09::doc_7::The Most Incredible Thing"", ""5a8b987f5542997f31a41d7a::doc_3::Sue Grafton"", ""5ac2bbd0554299218029db09::doc_5::Man Booker International Prize"", ""5ac2bbd0554299218029db09::doc_3::Joshua D. Zimmerman"", ""5ac2bbd0554299218029db09::doc_4::Creacionismo"", ""5ae63dad55429929b0807afe::doc_6::Hunter Davies"", ""5a74c85055429916b0164218::doc_1::British people""]","[5.03143, 3.679729, 2.828142, -0.205305, -3.86521, -3.92174, -4.907218, -5.134991, -5.223545, -5.373178]",0.613147,1.0,0.5
tfidf_cross_encoder,5adf3e355542993a75d26440,"[""5adf3e355542993a75d26440::doc_6::\u00d8resund Bridge"", ""5adf3e355542993a75d26440::doc_4::\u00d8resund Region"", ""5adf3e355542993a75d26440::doc_7::City Tunnel (Malm\u00f6)"", ""5adf3e355542993a75d26440::doc_2::\u00d8resund"", ""5adf3e355542993a75d26440::doc_9::Copenhagen Malm\u00f6 Port"", ""5adf3e355542993a75d26440::doc_3::Sweden"", ""5adf3e355542993a75d26440::doc_1::Malm\u00f6 Harbour Heliport"", ""5adf3e355542993a75d26440::doc_5::European route E47"", ""5adf3e355542993a75d26440::doc_8::\u00d6resund Committee"", ""5adf3e355542993a75d26440::doc_0::Bjark\u00f8y Fixed Link""]","[6.773518, 5.277848, 4.76284, 4.580471, 2.918233, 2.555807, 1.98964, 0.937369, -1.714914, -4.141894]",1.0,1.0,1.0
tfidf_cross_encoder,5ae82ae555429952e35eaa71,"[""5ae82ae555429952e35eaa71::doc_3::Pat Hingle"", ""5ae82ae555429952e35eaa71::doc_2::Clint Eastwood"", ""5ae82ae555429952e35eaa71::doc_8::Kyle Craig"", ""5ae73acb5542991e8301cc07::doc_0::Raimund Harmstorf"", ""5ae82ae555429952e35eaa71::doc_9::Damon Dark"", ""5ae82ae555429952e35eaa71::doc_1::A. C. Tirulokchandar"", ""5ae82ae555429952e35eaa71::doc_7::Dr. Kildare (TV series)"", ""5ae82ae555429952e35eaa71::doc_4::Alie Ward"", ""5abba4855542993f40c73b68::doc_5::Michael C. Hall"", ""5ae63dad55429929b0807afe::doc_9::Christopher Mitchell (actor)""]","[7.739748, -1.189578, -4.099829, -5.848605, -6.683386, -6.688748, -6.791949, -7.061222, -7.205459, -7.403512]",1.0,1.0,1.0
tfidf_cross_encoder,5ac289ff5542996366519a02,"[""5ac289ff5542996366519a02::doc_1::Marsilea"", ""5ac289ff5542996366519a02::doc_4::Brabejum"", ""5ac289ff5542996366519a02::doc_6::Marsileaceae"", ""5ac289ff5542996366519a02::doc_9::Marsilea minuta"", ""5ab1d7ac554299449642c7e6::doc_1::Ehretia"", ""5ab642845542995eadeeff8e::doc_5::Caladenia"", ""5abd259d55429924427fcf1a::doc_1::Huernia"", ""5a8e068b5542995085b37384::doc_3::Silene"", ""5ac289ff5542996366519a02::doc_3::Leptospermum"", ""5ab642845542995eadeeff8e::doc_7::Calochilus""]","[3.92437, 2.884689, 2.273429, 0.578151, -5.287132, -5.488627, -5.657967, -5.667374, -5.719427, -6.32331]",1.0,1.0,1.0
tfidf_cross_encoder,5a7a5b3a5542996c55b2dd71,"[""5a7a5b3a5542996c55b2dd71::doc_9::St James's Palace"", ""5a7a5b3a5542996c55b2dd71::doc_3::Accession Council"", ""5a7a5b3a5542996c55b2dd71::doc_1::President of the Queen's Privy Council for Canada"", ""5a7a5b3a5542996c55b2dd71::doc_2::Great Hall of the People"", ""5a713ea95542994082a3e6e4::doc_0::High Commission of Australia, London"", ""5a7a5b3a5542996c55b2dd71::doc_7::Pollokshields Burgh Hall"", ""5a7a5b3a5542996c55b2dd71::doc_0::Warriparinga"", ""5a713ea95542994082a3e6e4::doc_3::Embassy of China, London"", ""5a7a5b3a5542996c55b2dd71::doc_6::Crowther Masonic Hall"", ""5ab8688b55429934fafe6daa::doc_7::History of the East Riding of Yorkshire""]","[5.71531, 4.595526, -2.198681, -2.845212, -4.651278, -6.761042, -8.033847, -8.382511, -8.673862, -9.494242]",0.613147,1.0,0.5
tfidf_cross_encoder,5ab8688b55429934fafe6daa,"[""5ab8688b55429934fafe6daa::doc_2::Maurice Ward"", ""5ab8688b55429934fafe6daa::doc_5::Starlite"", ""5ab8688b55429934fafe6daa::doc_0::William Levett (baron)"", ""5ab8688b55429934fafe6daa::doc_1::Nidderdale Museum"", ""5ab8688b55429934fafe6daa::doc_9::Norman Yardley"", ""5ab8688b55429934fafe6daa::doc_4::University of Leeds"", ""5ab8688b55429934fafe6daa::doc_7::History of the East Riding of Yorkshire"", ""5ab7c1a955429928e1fe38c8::doc_7::Cressida Bonas"", ""5a74c85055429916b0164218::doc_3::William Bonfield"", ""5ab8688b55429934fafe6daa::doc_3::West Yorkshire Association Football League""]","[3.039415, 2.006477, -5.140041, -6.311315, -8.443891, -8.515881, -8.777609, -9.204674, -9.319678, -9.371022]",1.0,1.0,1.0
tfidf_cross_encoder,5a7a3a945542996a35c17147,"[""5a7a3a945542996a35c17147::doc_3::One Raffles Place"", ""5a7a3a945542996a35c17147::doc_7::Republic Plaza (Singapore)"", ""5a7a3a945542996a35c17147::doc_4::CapitaGreen"", ""5a7a3a945542996a35c17147::doc_1::One Raffles Link"", ""5a7a3a945542996a35c17147::doc_5::Chevron House"", ""5a7a3a945542996a35c17147::doc_8::One Marina Boulevard"", ""5a7a3a945542996a35c17147::doc_9::Raffles Place"", ""5a7a3a945542996a35c17147::doc_6::Raffles Place MRT Station"", ""5a7a3a945542996a35c17147::doc_0::List of tallest buildings in S\u00e3o Paulo"", ""5a834ed95542990548d0b1ca::doc_8::Flatiron Building""]","[9.874338, 5.985398, 5.248911, 4.321699, 3.722207, 3.651234, 3.536285, 1.634867, -2.778554, -3.390965]",0.613147,1.0,0.5
tfidf_cross_encoder,5ab9b29c554299743d22ebae,"[""5ab9b29c554299743d22ebae::doc_6::Craig v. Boren"", ""5ab9b29c554299743d22ebae::doc_2::United States v. Paramount Pictures, Inc."", ""5ab9b29c554299743d22ebae::doc_0::Block booking"", ""5ab9b29c554299743d22ebae::doc_4::United States v. Binion"", ""5ab9b29c554299743d22ebae::doc_9::Criminal law in the Marshall Court"", ""5ab9b29c554299743d22ebae::doc_1::Baker v. Nelson"", ""5ab9b29c554299743d22ebae::doc_7::City of Norwood v. Horney"", ""5ab9b29c554299743d22ebae::doc_8::Criminal law in the Waite Court"", ""5ab9b29c554299743d22ebae::doc_3::R v Van der Peet"", ""5ab28019554299722f9b4d51::doc_0::Fraley v. Facebook, Inc.""]","[7.462372, 5.64764, -1.484358, -1.793577, -4.16719, -5.490228, -5.697057, -5.823823, -6.425705, -7.087329]",1.0,1.0,1.0
tfidf_cross_encoder,5a8b63fa55429950cd6afcd7,"[""5a8b63fa55429950cd6afcd7::doc_2::Darling's Waterfront Pavilion"", ""5a8b63fa55429950cd6afcd7::doc_4::Concord Pavilion"", ""5a8b63fa55429950cd6afcd7::doc_3::Oleson Park Music Pavilion"", ""5a8b63fa55429950cd6afcd7::doc_8::Corus Quay"", ""5a8b63fa55429950cd6afcd7::doc_9::Grandview Park Music Pavilion"", ""5a8b63fa55429950cd6afcd7::doc_1::Kertha Gosa Pavilion"", ""5a8b63fa55429950cd6afcd7::doc_5::Paulus Hook, Jersey City"", ""5a8b63fa55429950cd6afcd7::doc_0::Silver Line Way (MBTA station)"", ""5a8b63fa55429950cd6afcd7::doc_7::Sala (architecture)"", ""5a8b63fa55429950cd6afcd7::doc_6::Bangor, Maine""]","[7.012011, -0.851056, -1.773375, -2.734595, -2.829165, -3.277818, -3.883195, -4.477574, -6.002876, -7.691891]",0.790386,1.0,1.0
tfidf_cross_encoder,5ade51b45542997c77adedf4,"[""5ade51b45542997c77adedf4::doc_7::2008 Kansas City Wizards season"", ""5ade51b45542997c77adedf4::doc_1::Children's Mercy Park"", ""5ade51b45542997c77adedf4::doc_4::1999 Kansas City Wizards season"", ""5ade51b45542997c77adedf4::doc_9::1998 Kansas City Wizards season"", ""5ade51b45542997c77adedf4::doc_3::1997 Kansas City Wizards season"", ""5ade51b45542997c77adedf4::doc_6::All-time Sporting Kansas City roster"", ""5ade51b45542997c77adedf4::doc_5::MLS Cup 2004"", ""5ade51b45542997c77adedf4::doc_2::CommunityAmerica Ballpark"", ""5ade51b45542997c77adedf4::doc_0::Shawnee Mission District Stadium"", ""5a7166395542994082a3e814::doc_8::History of the Kansas City metropolitan area""]","[4.567791, 3.648499, 2.218453, 1.976079, 1.283475, 1.124689, 0.962041, 0.685956, -0.502943, -2.962028]",0.580279,0.5,1.0
tfidf_cross_encoder,5ae4c49a5542995dadf24400,"[""5ae4c49a5542995dadf24400::doc_6::Henry Hall (American revolution)"", ""5ae4c49a5542995dadf24400::doc_7::John Adlum"", ""5ae4c49a5542995dadf24400::doc_0::Robert Plampin"", ""5ae4c49a5542995dadf24400::doc_1::Historic Camden Revolutionary War Site"", ""5a7a5b3a5542996c55b2dd71::doc_7::Pollokshields Burgh Hall"", ""5abba4855542993f40c73b68::doc_5::Michael C. Hall"", ""5ab2a186554299295394677b::doc_6::Spalding War Memorial"", ""5a80721b554299485f5985ef::doc_0::Livesey Hall War Memorial"", ""5ae4c49a5542995dadf24400::doc_2::Blanket bog"", ""5abf63f15542997ec76fd3ea::doc_7::Russian Civil War""]","[5.128498, -1.849519, -6.279282, -6.809355, -8.168692, -8.554607, -8.718817, -8.812041, -8.845423, -9.169875]",0.613147,1.0,0.5
tfidf_cross_encoder,5a7d3470554299452d57bb56,"[""5a7d3470554299452d57bb56::doc_1::Strip search phone call scam"", ""5a7d3470554299452d57bb56::doc_0::Compliance (film)"", ""5a7d3470554299452d57bb56::doc_6::Jacob D. Robida"", ""5a7d3470554299452d57bb56::doc_7::Part-time job terrorism"", ""5a7d3470554299452d57bb56::doc_2::Devyani Khobragade"", ""5a877e5d5542993e715abf7d::doc_7::It Could Happen to You (1994 film)"", ""5a7d3470554299452d57bb56::doc_5::Police perjury"", ""5a87d8215542994775f60800::doc_2::End of Watch"", ""5a7d3470554299452d57bb56::doc_9::Body cavity search"", ""5a7d3470554299452d57bb56::doc_3::A&amp;W Restaurants""]","[7.117828, 3.523219, -3.769106, -4.374461, -6.251466, -6.703965, -6.997796, -7.506681, -8.104053, -8.540504]",1.0,1.0,1.0
tfidf_cross_encoder,5ae4f2c75542993aec5ec0fb,"[""5ae4f2c75542993aec5ec0fb::doc_6::American Airlines Shuttle"", ""5ae4f2c75542993aec5ec0fb::doc_3::Logan International Airport"", ""5ae4f2c75542993aec5ec0fb::doc_2::Charlotte Douglas International Airport"", ""5ae4f2c75542993aec5ec0fb::doc_8::Denver International Airport"", ""5ae4f2c75542993aec5ec0fb::doc_9::Eastern Air Lines Shuttle"", ""5ab51dae5542991779162d82::doc_0::Grantley Adams International Airport"", ""5ae4f2c75542993aec5ec0fb::doc_1::Pitt Meadows Airport"", ""5ae4f2c75542993aec5ec0fb::doc_5::Townsville Airport"", ""5ab51dae5542991779162d82::doc_7::Bishop International Airport"", ""5ae4f2c75542993aec5ec0fb::doc_7::Dalian Zhoushuizi International Airport""]","[5.066716, 4.164068, -0.236999, -1.055602, -1.893667, -2.938685, -3.327101, -4.153595, -5.113214, -5.190955]",1.0,1.0,1.0
tfidf_cross_encoder,5ab1d7ac554299449642c7e6,"[""5ab1d7ac554299449642c7e6::doc_1::Ehretia"", ""5ab1d7ac554299449642c7e6::doc_0::Xanthoceras"", ""5ac289ff5542996366519a02::doc_7::Be'er Sheva fringe-fingered lizard"", ""5ac289ff5542996366519a02::doc_2::Myiodynastes"", ""5a8e068b5542995085b37384::doc_7::Ferocactus"", ""5abd259d55429924427fcf1a::doc_1::Huernia"", ""5ab642845542995eadeeff8e::doc_5::Caladenia"", ""5ac289ff5542996366519a02::doc_1::Marsilea"", ""5a8e068b5542995085b37384::doc_3::Silene"", ""5adc53f75542996e6852530a::doc_5::Libocedrus""]","[5.649769, 4.835564, -3.795791, -3.836225, -4.403164, -4.41581, -4.709628, -4.793536, -4.829544, -5.426028]",1.0,1.0,1.0
tfidf_cross_encoder,5a85cead5542991dd0999ea9,"[""5a85cead5542991dd0999ea9::doc_5::Frank Thomas (designated hitter)"", ""5a85cead5542991dd0999ea9::doc_9::List of Major League Baseball batting champions"", ""5a85cead5542991dd0999ea9::doc_1::Ron Herbel"", ""5a85cead5542991dd0999ea9::doc_4::Frank Crossin"", ""5a85cead5542991dd0999ea9::doc_2::Dick Kauffman"", ""5a85cead5542991dd0999ea9::doc_0::Jack Fox (baseball)"", ""5a85cead5542991dd0999ea9::doc_7::1921 Detroit Tigers season"", ""5a85cead5542991dd0999ea9::doc_8::Chick Shorten"", ""5a85cead5542991dd0999ea9::doc_6::Germ\u00e1n Barranca"", ""5a7f113d55429934daa2fcbe::doc_6::Babe Ruth""]","[1.250105, -2.392358, -2.668347, -3.986638, -4.219163, -4.267352, -4.676606, -4.975532, -6.013118, -6.265294]",0.613147,1.0,0.5
tfidf_cross_encoder,5a73a7c755429978a71e9068,"[""5a73a7c755429978a71e9068::doc_9::Something There"", ""5a73a7c755429978a71e9068::doc_0::Robby Benson"", ""5a73a7c755429978a71e9068::doc_7::Beauty and the Beast (Disney song)"", ""5a73a7c755429978a71e9068::doc_6::Evermore (Beauty and the Beast song)"", ""5a73a7c755429978a71e9068::doc_8::Paige O'Hara"", ""5a73a7c755429978a71e9068::doc_3::Belle (Disney song)"", ""5a73a7c755429978a71e9068::doc_2::Be Our Guest"", ""5a73a7c755429978a71e9068::doc_4::Belle (Disney)"", ""5a73a7c755429978a71e9068::doc_5::Anna Simpson"", ""5a8979f4554299669944a52e::doc_4::Sela Ward""]","[6.648939, 5.151046, 5.117551, 4.753373, 4.70408, 4.547988, 3.883797, 0.996981, -0.673517, -0.854901]",0.850345,1.0,1.0
tfidf_cross_encoder,5a7f113d55429934daa2fcbe,"[""5a7f113d55429934daa2fcbe::doc_1::Greatest Sports Legends"", ""5a7f113d55429934daa2fcbe::doc_2::Reggie Jackson"", ""5a7f113d55429934daa2fcbe::doc_9::Mickey Mantle"", ""5a7f113d55429934daa2fcbe::doc_6::Babe Ruth"", ""5a7f113d55429934daa2fcbe::doc_3::Charles Teague (baseball)"", ""5a7f113d55429934daa2fcbe::doc_5::Tim Jorgensen"", ""5a7f113d55429934daa2fcbe::doc_4::Dizzy Dean"", ""5a7f113d55429934daa2fcbe::doc_0::Eddy Furniss"", ""5a7f113d55429934daa2fcbe::doc_7::Robin Ventura"", ""5a85cead5542991dd0999ea9::doc_5::Frank Thomas (designated hitter)""]","[3.489652, 2.626582, 2.124808, 1.302183, 0.199042, -0.614438, -0.86836, -1.093729, -1.577905, -2.17519]",1.0,1.0,1.0
tfidf_cross_encoder,5ae6828f5542996d980e7bb9,"[""5ae6828f5542996d980e7bb9::doc_5::Salisbury Woodland Gardens, Blackpool"", ""5ae6828f5542996d980e7bb9::doc_2::Stanley Park, Blackpool"", ""5ae6828f5542996d980e7bb9::doc_6::Double Trouble (U.S. TV series)"", ""5ae6828f5542996d980e7bb9::doc_1::Toby Sibbick"", ""5ae6828f5542996d980e7bb9::doc_4::List of The Thick of It characters"", ""5ae6828f5542996d980e7bb9::doc_9::Sasquatched! The Musical"", ""5ab2a186554299295394677b::doc_9::Forbury Gardens"", ""5ae6828f5542996d980e7bb9::doc_8::Charles de Lorme"", ""5ae6828f5542996d980e7bb9::doc_3::Patan minara"", ""5ae6828f5542996d980e7bb9::doc_0::Conferencier""]","[4.381989, -2.436397, -7.289581, -7.587821, -7.630376, -8.523309, -8.627569, -8.818327, -9.037218, -9.692152]",1.0,1.0,1.0
tfidf_cross_encoder,5ab31864554299233954ff06,"[""5ab31864554299233954ff06::doc_0::Apratim Majumdar"", ""5ab31864554299233954ff06::doc_2::Chander Bari"", ""5ab31864554299233954ff06::doc_6::Udaka vadya"", ""5ab31864554299233954ff06::doc_1::Sarod"", ""5ab31864554299233954ff06::doc_5::Experimental musical instrument"", ""5ab31864554299233954ff06::doc_3::Sousaphone"", ""5ab31864554299233954ff06::doc_8::Asset classes"", ""5ab31864554299233954ff06::doc_7::Keyboard glockenspiel"", ""5a7a0e1e5542990783324e1a::doc_5::Viol"", ""5ab31864554299233954ff06::doc_4::Bukkehorn""]","[6.320595, -2.11173, -5.62891, -5.761422, -6.62925, -6.948299, -7.441941, -8.229582, -8.422137, -8.595266]",0.877215,1.0,1.0
tfidf_cross_encoder,5abe239355429976d4830a7d,"[""5abe239355429976d4830a7d::doc_1::Jamie Harris (actor)"", ""5abe239355429976d4830a7d::doc_0::Usman Ally"", ""5ac2ffbd554299677310267b::doc_2::Mitch Pileggi"", ""5a877e5d5542993e715abf7d::doc_9::The Family Man"", ""5ae0bae555429906c02dab08::doc_8::Robert Belushi"", ""5ab3b0bf5542992ade7c6e39::doc_5::True Lies"", ""5abe239355429976d4830a7d::doc_5::Maurice Walsh"", ""5ab7e4dc5542995dae37e9df::doc_2::Armie Hammer"", ""5ac2ffbd554299677310267b::doc_8::John Pappas"", ""5ac2ffbd554299677310267b::doc_3::John Amos""]","[9.558216, 2.181557, -1.19323, -2.994005, -3.093406, -3.441593, -3.457247, -3.70065, -3.900718, -4.305046]",0.613147,1.0,0.5
tfidf_cross_encoder,5ac2659b55429963665199a1,"[""5ac2659b55429963665199a1::doc_6::Harry Prowell"", ""5ac2659b55429963665199a1::doc_4::10,000 metres"", ""5ac2659b55429963665199a1::doc_5::Brian MacLaren"", ""5ac2659b55429963665199a1::doc_7::Dave Bailey (athlete)"", ""5ac2659b55429963665199a1::doc_0::Ross MacKenzie (athlete)"", ""5ac2659b55429963665199a1::doc_8::Nora Rocha"", ""5ac2659b55429963665199a1::doc_9::2011 Pan American Games"", ""5ac2659b55429963665199a1::doc_1::European 10,000m Cup"", ""5ac2659b55429963665199a1::doc_3::Kavita Tungar"", ""5ac2659b55429963665199a1::doc_2::2015 Pan American Games""]","[4.703558, 0.857696, -0.354458, -0.735297, -0.98581, -1.434618, -4.404444, -5.085613, -5.478227, -5.617466]",1.0,1.0,1.0
tfidf_cross_encoder,5ae058e855429945ae959331,"[""5ae058e855429945ae959331::doc_6::Chrysalis (magazine)"", ""5ae058e855429945ae959331::doc_3::Look (UK magazine)"", ""5ae058e855429945ae959331::doc_7::Rick Wilber"", ""5ae058e855429945ae959331::doc_2::Transition House Association of Nova Scotia"", ""5ae058e855429945ae959331::doc_4::Lifestyle magazine"", ""5ae058e855429945ae959331::doc_0::List of magazines in Malaysia"", ""5ae058e855429945ae959331::doc_8::List of magazines in Portugal"", ""5ae058e855429945ae959331::doc_1::List of magazines in Austria"", ""5ae058e855429945ae959331::doc_9::Surfer hair"", ""5ae058e855429945ae959331::doc_5::Customer magazine""]","[4.414113, 0.187605, -6.214548, -6.240968, -6.243946, -6.437915, -7.481269, -7.868662, -9.463366, -9.498764]",1.0,1.0,1.0
tfidf_cross_encoder,5a7b8749554299294a54a9db,"[""5a7b8749554299294a54a9db::doc_5::Thomas Friedman"", ""5a7b8749554299294a54a9db::doc_3::2011 Pulitzer Prize"", ""5a7b8749554299294a54a9db::doc_4::Henri Bergson"", ""5a7b8749554299294a54a9db::doc_2::Samuel Eliot Morison"", ""5a7b8749554299294a54a9db::doc_8::Moina Mathers"", ""5a7b8749554299294a54a9db::doc_9::Matter and Memory"", ""5a7b8749554299294a54a9db::doc_0::Introduction to Metaphysics (Bergson)"", ""5a7b7ff75542995eb53be93d::doc_6::Penelope Lively"", ""5a7b8749554299294a54a9db::doc_1::Duration (philosophy)"", ""5a7b8749554299294a54a9db::doc_7::Time and Free Will""]","[6.398199, 0.590804, -0.472916, -1.630325, -1.708363, -4.568995, -4.70101, -4.711107, -5.271153, -5.296342]",0.919721,1.0,1.0
tfidf_cross_encoder,5a864ff7554299211dda2af2,"[""5a864ff7554299211dda2af2::doc_4::Yoann Lemoine"", ""5a864ff7554299211dda2af2::doc_6::Blue Jeans (Lana Del Rey song)"", ""5a864ff7554299211dda2af2::doc_7::Yayo (Lana Del Rey song)"", ""5a864ff7554299211dda2af2::doc_3::Video Games (song)"", ""5a864ff7554299211dda2af2::doc_9::Lana Del Rey discography"", ""5a864ff7554299211dda2af2::doc_8::Lana Del Rey videography"", ""5a864ff7554299211dda2af2::doc_0::Lana Del Rey (EP)"", ""5a864ff7554299211dda2af2::doc_5::Lana Del Ray (album)"", ""5a7a455c5542994f819ef1a7::doc_5::George Archainbaud"", ""5a864ff7554299211dda2af2::doc_2::Kill Kill (song)""]","[8.05991, 4.056546, 0.808663, 0.316645, -0.063816, -0.750567, -1.293455, -2.253438, -3.373981, -3.814994]",0.613147,1.0,0.5
dense,5a8e1027554299653c1aa15f,"[""5a8e1027554299653c1aa15f::doc_7::2014 Colorado Buffaloes football team"", ""5a8e1027554299653c1aa15f::doc_9::2014\u201315 Colorado Buffaloes men's basketball team"", ""5a8e1027554299653c1aa15f::doc_3::2015 Colorado Buffaloes football team"", ""5a8e1027554299653c1aa15f::doc_1::2015\u201316 Colorado Buffaloes men's basketball team"", ""5a8e1027554299653c1aa15f::doc_0::2016\u201317 Colorado Buffaloes men's basketball team"", ""5a8e1027554299653c1aa15f::doc_8::2009 Big 12 Conference football season"", ""5a8e1027554299653c1aa15f::doc_4::2012 Colorado Buffaloes football team"", ""5a8e1027554299653c1aa15f::doc_6::2011 Colorado Buffaloes football team"", ""5a8e1027554299653c1aa15f::doc_5::1989 Colorado Buffaloes football team"", ""5a8e1027554299653c1aa15f::doc_2::2009 Colorado Buffaloes football team""]","[0.882324, 0.871582, 0.868164, 0.868164, 0.862305, 0.85498, 0.853516, 0.851074, 0.847656, 0.845215]",0.395647,0.166667,1.0
dense,5ab84bf555429916710eb01f,"[""5ab84bf555429916710eb01f::doc_8::Euromarch\u00e9"", ""5ab84bf555429916710eb01f::doc_4::Carrefour"", ""5ab84bf555429916710eb01f::doc_6::SavaCentre"", ""5ab84bf555429916710eb01f::doc_0::Selver"", ""5ab84bf555429916710eb01f::doc_2::Tesco Extra"", ""5ab84bf555429916710eb01f::doc_9::Lewis's"", ""5ab84bf555429916710eb01f::doc_5::John A. Brown (department store)"", ""5ab84bf555429916710eb01f::doc_3::Tazweed Center"", ""5a86ebac55429960ec39b6d6::doc_9::Mondelez International"", ""5a86ebac55429960ec39b6d6::doc_3::PepsiCo""]","[0.890625, 0.880859, 0.855469, 0.83252, 0.83252, 0.824219, 0.796387, 0.794434, 0.794434, 0.791992]",1.0,1.0,1.0
dense,5a77724455429972597f153e,"[""5a77724455429972597f153e::doc_7::1957 Indianapolis 500"", ""5a77724455429972597f153e::doc_3::Indianapolis Motor Speedway"", ""5a77724455429972597f153e::doc_4::Lean Horse Ultramarathon"", ""5a77724455429972597f153e::doc_5::Orange County Fair Speedway"", ""5a77724455429972597f153e::doc_2::Louis Schwitzer Award"", ""5ab8ee035542991b5579f04b::doc_0::National Hot Rod Reunion"", ""5ae7a8175542993210983ed8::doc_5::Mike Shank"", ""5a77724455429972597f153e::doc_1::Carolina Dodge Dealers 400"", ""5a77724455429972597f153e::doc_6::Johnny Rutherford"", ""5a77724455429972597f153e::doc_0::Subway 400""]","[0.863281, 0.851562, 0.840332, 0.826172, 0.823242, 0.818848, 0.818359, 0.818359, 0.8125, 0.80957]",1.0,1.0,1.0
dense,5a87c13f5542996e4f30890c,"[""5a87c13f5542996e4f30890c::doc_6::Tosca (1956 film)"", ""5a87c13f5542996e4f30890c::doc_1::La Boh\u00e8me (1988 film)"", ""5a87c13f5542996e4f30890c::doc_3::Franco Corelli"", ""5ab29c24554299449642c932::doc_1::Giuseppe Verdi (film)"", ""5a87c13f5542996e4f30890c::doc_2::Gianni Schicchi"", ""5a87c13f5542996e4f30890c::doc_7::Festival Puccini"", ""5a87c13f5542996e4f30890c::doc_9::Jacopo Puccini"", ""5a88d745554299206df2b378::doc_2::Serafino (film)"", ""5ab29c24554299449642c932::doc_9::Verdi, the King of Melody"", ""5a87c13f5542996e4f30890c::doc_4::O mio babbino caro""]","[0.84668, 0.84375, 0.841797, 0.830566, 0.828125, 0.822266, 0.820801, 0.819336, 0.818848, 0.813965]",0.919721,1.0,1.0
dense,5ab96ab755429970cfb8eacd,"[""5ab96ab755429970cfb8eacd::doc_7::Delirium (Ellie Goulding album)"", ""5ab96ab755429970cfb8eacd::doc_5::Delirium World Tour"", ""5ab96ab755429970cfb8eacd::doc_4::Army (Ellie Goulding song)"", ""5ab96ab755429970cfb8eacd::doc_3::On My Mind (Ellie Goulding song)"", ""5ab96ab755429970cfb8eacd::doc_8::Something in the Way You Move"", ""5ab96ab755429970cfb8eacd::doc_9::List of songs recorded by Ellie Goulding"", ""5ab96ab755429970cfb8eacd::doc_0::Halcyon (album)"", ""5ab96ab755429970cfb8eacd::doc_6::Flashlight (DJ Fresh song)"", ""5ab96ab755429970cfb8eacd::doc_1::Love Me like You Do"", ""5ab96ab755429970cfb8eacd::doc_2::Outside (Calvin Harris song)""]","[0.900879, 0.864258, 0.86377, 0.850586, 0.842285, 0.836914, 0.824219, 0.813965, 0.806152, 0.802246]",0.877215,1.0,1.0
dense,5a8a43eb5542996c9b8d5e82,"[""5a8a43eb5542996c9b8d5e82::doc_9::Westminster School, Adelaide"", ""5ae2dfd155429928c423951b::doc_9::Yanco Agricultural High School"", ""5a713ea95542994082a3e6e4::doc_0::High Commission of Australia, London"", ""5aba65a055429939ce03dcd2::doc_9::John Hirst (historian)"", ""5ae52c0f5542992663a4f12e::doc_1::Faith Lutheran College, Redlands"", ""5a8a43eb5542996c9b8d5e82::doc_3::Marion, South Australia"", ""5a8a43eb5542996c9b8d5e82::doc_8::Grennaskolan"", ""5a8a43eb5542996c9b8d5e82::doc_5::Concho Indian Boarding School"", ""5ab8688b55429934fafe6daa::doc_4::University of Leeds"", ""5a8a43eb5542996c9b8d5e82::doc_1::PNG solution""]","[0.852051, 0.812012, 0.80127, 0.789062, 0.788574, 0.787598, 0.787109, 0.784668, 0.783691, 0.780762]",0.831555,1.0,1.0
dense,5ae73acb5542991e8301cc07,"[""5ae73acb5542991e8301cc07::doc_8::D1NZ"", ""5ae73acb5542991e8301cc07::doc_7::Drifting (motorsport)"", ""5adf58f15542993a75d264d2::doc_1::The Young Ones (video game)"", ""5ae305df5542992decbdcdc3::doc_1::Dead or Alive 5 Plus"", ""5ab84bf555429916710eb01f::doc_7::Uno-X"", ""5a8a3e745542996c9b8d5e70::doc_6::Starfaring"", ""5a77cb335542997042120b3a::doc_5::Supertubos"", ""5adddccd5542997dc7907069::doc_8::Trainmaster Command Control"", ""5a79311755429970f5fffe67::doc_2::Neuro: Supernatural Detective"", ""5ab8ee035542991b5579f04b::doc_3::Volvo T6""]","[0.879883, 0.854004, 0.789551, 0.786133, 0.78418, 0.780762, 0.780762, 0.780273, 0.780273, 0.779785]",1.0,1.0,1.0
dense,5a7320565542991f9a20c61d,"[""5a7320565542991f9a20c61d::doc_9::Keith Bostic (American football)"", ""5a7320565542991f9a20c61d::doc_3::Keith Bostic"", ""5a7320565542991f9a20c61d::doc_5::Jerry Glanville"", ""5a7320565542991f9a20c61d::doc_6::Portland State Vikings football under Jerry Glanville"", ""5ae748d1554299572ea547b0::doc_8::Wayne Garland"", ""5ab69c25554299110f219a39::doc_8::Owsley Stanley"", ""5ab7f0015542992aa3b8c88b::doc_5::Didi Beck"", ""5a8c5569554299240d9c2126::doc_9::Gerry Marsden"", ""5a8574945542997b5ce3fffb::doc_8::Keith Richards"", ""5ae0bae555429906c02dab08::doc_7::Ralph Garman""]","[0.86377, 0.854492, 0.83252, 0.790527, 0.784668, 0.782227, 0.779297, 0.776855, 0.775879, 0.775879]",0.919721,1.0,1.0
dense,5ae32e125542991a06ce9946,"[""5ae32e125542991a06ce9946::doc_9::Kirton End"", ""5ae32e125542991a06ce9946::doc_5::Kirton, Nottinghamshire"", ""5ae32e125542991a06ce9946::doc_4::Kirton, Suffolk"", ""5ae32e125542991a06ce9946::doc_8::Borough of Berwick-upon-Tweed"", ""5a88dcf9554299206df2b383::doc_9::Hatton, Warwickshire"", ""5a713a5a5542994082a3e6a9::doc_6::Gorse Hill"", ""5ae67dba55429908198fa5f0::doc_0::Ellenbrook, Western Australia"", ""5ae32e125542991a06ce9946::doc_1::Willoughton"", ""5ae0aaf455429945ae959401::doc_7::Curzon Ashton F.C."", ""5ae32e125542991a06ce9946::doc_3::Boston, Lincolnshire""]","[0.861328, 0.84375, 0.842773, 0.816406, 0.812988, 0.806641, 0.801758, 0.798828, 0.79834, 0.797852]",0.790386,1.0,1.0
dense,5adc53f75542996e6852530a,"[""5adc53f75542996e6852530a::doc_2::Ajuga"", ""5adc53f75542996e6852530a::doc_9::Cypress"", ""5adc53f75542996e6852530a::doc_3::Cupressus"", ""5adc53f75542996e6852530a::doc_8::Ajugeae"", ""5adc53f75542996e6852530a::doc_5::Libocedrus"", ""5adc53f75542996e6852530a::doc_7::Cypress-pine"", ""5adc53f75542996e6852530a::doc_0::Fokienia"", ""5adc53f75542996e6852530a::doc_4::Cedrol"", ""5abd259d55429924427fcf1a::doc_0::Dictyosperma"", ""5a8e068b5542995085b37384::doc_3::Silene""]","[0.871094, 0.862793, 0.84668, 0.838379, 0.823242, 0.8125, 0.810059, 0.79541, 0.794434, 0.792969]",1.0,1.0,1.0
dense,5a8b20335542996c9b8d5fb3,"[""5a8b20335542996c9b8d5fb3::doc_2::1992\u201393 Charlotte Hornets season"", ""5a8b20335542996c9b8d5fb3::doc_9::2014\u201315 Charlotte Hornets season"", ""5a8b20335542996c9b8d5fb3::doc_0::Charlotte Hornets all-time roster"", ""5a8b20335542996c9b8d5fb3::doc_5::2003 WNBA season"", ""5a8b20335542996c9b8d5fb3::doc_6::List of Charlotte Hornets seasons"", ""5a8b20335542996c9b8d5fb3::doc_7::Charlotte Hornets"", ""5a8b20335542996c9b8d5fb3::doc_8::Muggsy Bogues"", ""5a8b20335542996c9b8d5fb3::doc_4::Ayana Walker"", ""5a8b20335542996c9b8d5fb3::doc_3::Charlotte Hornets draft history"", ""5adf37a95542995ec70e8f97::doc_2::1995\u201396 VCU Rams men's basketball team""]","[0.854004, 0.847656, 0.838379, 0.835449, 0.835449, 0.828125, 0.818359, 0.813477, 0.797852, 0.788574]",0.81753,1.0,1.0
dense,5a85fb085542994775f606de,"[""5a85fb085542994775f606de::doc_7::Legend (film score)"", ""5a85fb085542994775f606de::doc_1::Alien (soundtrack)"", ""5a85fb085542994775f606de::doc_9::Lionheart (1987 film)"", ""5a85fb085542994775f606de::doc_4::Aliens (soundtrack)"", ""5a85fb085542994775f606de::doc_2::L.A. Confidential (soundtrack)"", ""5a85fb085542994775f606de::doc_0::Christus Apollo"", ""5aba749055429901930fa7d8::doc_9::CrissCross"", ""5a85fb085542994775f606de::doc_5::Mulan (soundtrack)"", ""5a877e5d5542993e715abf7d::doc_3::David Weissman"", ""5ab6a2be554299710c8d1f08::doc_7::The Key (1961 film)""]","[0.880859, 0.836914, 0.814453, 0.811035, 0.809082, 0.805664, 0.798828, 0.798828, 0.794922, 0.790039]",0.386853,0.5,0.5
dense,5a7be2595542997c3ec972ac,"[""5a7be2595542997c3ec972ac::doc_1::Emma Bull"", ""5a7be2595542997c3ec972ac::doc_2::Virginia Woolf"", ""5a7be2595542997c3ec972ac::doc_3::Orlando: A Biography"", ""5a7be2595542997c3ec972ac::doc_8::Moments of Being"", ""5a7be2595542997c3ec972ac::doc_5::Jane de Gay"", ""5a7be2595542997c3ec972ac::doc_0::The Mark on the Wall"", ""5a7be2595542997c3ec972ac::doc_9::Jane Marcus"", ""5a7be2595542997c3ec972ac::doc_4::Me! I'm Afraid of Virginia Woolf"", ""5a7be2595542997c3ec972ac::doc_7::The Duchess and the Jeweller"", ""5a7b7ff75542995eb53be93d::doc_6::Penelope Lively""]","[0.854492, 0.84668, 0.811035, 0.807129, 0.805664, 0.803711, 0.799316, 0.786133, 0.784668, 0.781738]",1.0,1.0,1.0
dense,5a77152355429966f1a36c2e,"[""5a77152355429966f1a36c2e::doc_8::What Are Little Boys Made Of?"", ""5a77152355429966f1a36c2e::doc_9::What Are Little Girls Made Of?"", ""5a77152355429966f1a36c2e::doc_1::Pretty Little Dutch Girl"", ""5a77152355429966f1a36c2e::doc_5::Three Little Kittens"", ""5a77152355429966f1a36c2e::doc_6::Did You Ever See a Lassie?"", ""5a77152355429966f1a36c2e::doc_0::Billy Boy"", ""5a77152355429966f1a36c2e::doc_4::Row, Row, Row Your Boat"", ""5a77152355429966f1a36c2e::doc_2::Tweedledum and Tweedledee"", ""5a77152355429966f1a36c2e::doc_3::Aiken Drum"", ""5ae63dad55429929b0807afe::doc_3::Here We Go Round the Mulberry Bush""]","[0.929199, 0.894531, 0.864258, 0.857422, 0.844727, 0.844238, 0.835938, 0.83252, 0.830078, 0.829102]",1.0,1.0,1.0
dense,5a8f4c8d554299458435d5a3,"[""5a8f4c8d554299458435d5a3::doc_2::Scott Parkin"", ""5a8f4c8d554299458435d5a3::doc_5::Exxon"", ""5a8f4c8d554299458435d5a3::doc_3::Halliburton"", ""5a8f4c8d554299458435d5a3::doc_1::Mobil Producing Nigeria"", ""5a86ebac55429960ec39b6d6::doc_9::Mondelez International"", ""5ab84bf555429916710eb01f::doc_4::Carrefour"", ""5ae057fd55429945ae959328::doc_1::Teleperformance"", ""5a8e0a005542995085b373a1::doc_6::Owens &amp; Minor"", ""5ae057fd55429945ae959328::doc_3::RetailMeNot"", ""5ab84bf555429916710eb01f::doc_7::Uno-X""]","[0.888672, 0.844238, 0.823242, 0.821777, 0.801758, 0.791504, 0.791504, 0.790039, 0.788574, 0.787598]",0.919721,1.0,1.0
dense,5a80840f554299485f59863b,"[""5a80840f554299485f59863b::doc_5::Jawbreaker (film)"", ""5a80840f554299485f59863b::doc_3::Rose McGowan"", ""5a80840f554299485f59863b::doc_1::Power of Three (Charmed)"", ""5abd2eab5542992ac4f38210::doc_0::Shaunna O'Grady"", ""5a80840f554299485f59863b::doc_8::List of Charmed characters"", ""5a80840f554299485f59863b::doc_7::Charmed (season 4)"", ""5adef80b5542993a75d263c4::doc_4::Romper Stomper (TV series)"", ""5a80840f554299485f59863b::doc_6::Sarah Drew"", ""5abba4855542993f40c73b68::doc_6::Sage Kirkpatrick"", ""5ae819ac55429952e35eaa16::doc_4::The Stones (TV series)""]","[0.844727, 0.833984, 0.789551, 0.785645, 0.78418, 0.783203, 0.781738, 0.779297, 0.77832, 0.777344]",1.0,1.0,1.0
dense,5a8361b65542992ef85e22a0,"[""5a8361b65542992ef85e22a0::doc_2::Vince Phillips"", ""5a8361b65542992ef85e22a0::doc_0::Ralph Charles"", ""5a8361b65542992ef85e22a0::doc_6::Jeff Malcolm"", ""5a8361b65542992ef85e22a0::doc_8::International Boxing Federation"", ""5a8361b65542992ef85e22a0::doc_9::Lawrence Austin"", ""5a8361b65542992ef85e22a0::doc_4::Fatai Onikeke"", ""5a8361b65542992ef85e22a0::doc_1::Bunny Grant"", ""5ab47d765542991751b4d78f::doc_7::1991 Mr. Olympia"", ""5a8361b65542992ef85e22a0::doc_5::Julian Holland (boxer)"", ""5ab47d765542991751b4d78f::doc_6::1975 Mr. Olympia""]","[0.858398, 0.814453, 0.810059, 0.80957, 0.804688, 0.800781, 0.794434, 0.791016, 0.787598, 0.786133]",0.877215,1.0,1.0
dense,5ae7ba7a5542993210983f12,"[""5ae7ba7a5542993210983f12::doc_4::I Don't Wanna Know"", ""5a864ff7554299211dda2af2::doc_1::Back to December"", ""5ac23ff0554299636651994d::doc_7::The Longer We Make Love"", ""5a818387554299260e20a291::doc_9::Old 8\u00d710"", ""5ac23ff0554299636651994d::doc_4::Greatest Hits (Dan Fogelberg album)"", ""5abcfc365542993a06baf9d6::doc_1::Rebel Without a Pause"", ""5ae7ba7a5542993210983f12::doc_9::Stay (Sugarland song)"", ""5ae7ba7a5542993210983f12::doc_8::Yeah! (Usher song)"", ""5ac298f9554299657fa28fc9::doc_3::Family Reunion (Saliva song)"", ""5ab859a955429934fafe6d7b::doc_8::To Know Him Is to Love Him""]","[0.817871, 0.807617, 0.801758, 0.795898, 0.795898, 0.79541, 0.79541, 0.79541, 0.794922, 0.794922]",0.806574,1.0,1.0
dense,5ac2acff55429921a00ab02b,"[""5ac2acff55429921a00ab02b::doc_6::The Hard Easy (Adventure Time)"", ""5ac2acff55429921a00ab02b::doc_0::The Hard Easy (film)"", ""5ac2acff55429921a00ab02b::doc_5::The Farm (The Office)"", ""5ab7f0015542992aa3b8c88b::doc_7::Zachary Throne"", ""5ac2acff55429921a00ab02b::doc_2::Brother from Another Series"", ""5a7625c7554299109176e668::doc_3::The Drop-In (podcast)"", ""5ac2ffbd554299677310267b::doc_9::Jeff Hephner"", ""5ac2acff55429921a00ab02b::doc_9::Andy's Ancestry"", ""5ac2acff55429921a00ab02b::doc_3::Roy's Wedding"", ""5ac2acff55429921a00ab02b::doc_4::Brian Doyle-Murray""]","[0.868652, 0.857422, 0.80957, 0.807617, 0.806152, 0.803223, 0.803223, 0.799805, 0.799316, 0.798828]",0.790386,1.0,1.0
dense,5aba7cfe554299232ef4a2fd,"[""5aba7cfe554299232ef4a2fd::doc_0::2017\u201318 Wigan Athletic F.C. season"", ""5aba7cfe554299232ef4a2fd::doc_1::2007\u201308 Wigan Athletic F.C. season"", ""5aba7cfe554299232ef4a2fd::doc_2::EFL Cup"", ""5aba7cfe554299232ef4a2fd::doc_7::2006\u201307 Wigan Athletic F.C. season"", ""5aba7cfe554299232ef4a2fd::doc_5::1979\u201380 Wigan Athletic F.C. season"", ""5aba7cfe554299232ef4a2fd::doc_9::List of Wigan Borough F.C. players"", ""5aba7cfe554299232ef4a2fd::doc_8::1978\u201379 Wigan Athletic F.C. season"", ""5aba7cfe554299232ef4a2fd::doc_4::Trinidad and Tobago League Cup"", ""5ae0aaf455429945ae959401::doc_1::National League North"", ""5aba7cfe554299232ef4a2fd::doc_3::Springfield Park (Wigan)""]","[0.902344, 0.858398, 0.850586, 0.848633, 0.837891, 0.834961, 0.827637, 0.825684, 0.812988, 0.812988]",0.919721,1.0,1.0
dense,5ae5aba0554299546bf82f17,"[""5ae5aba0554299546bf82f17::doc_2::Tara Strong"", ""5ae5aba0554299546bf82f17::doc_8::Tara Strong filmography"", ""5ae5aba0554299546bf82f17::doc_9::List of Teen Titans episodes"", ""5ae5aba0554299546bf82f17::doc_1::Teen Titans (season 4)"", ""5ae5aba0554299546bf82f17::doc_5::Teen Titans (season 1)"", ""5ae5aba0554299546bf82f17::doc_7::Teen Titans"", ""5ae5aba0554299546bf82f17::doc_0::List of Teen Titans Go! episodes"", ""5ae5aba0554299546bf82f17::doc_6::Teen Titans: Trouble in Tokyo"", ""5ae5aba0554299546bf82f17::doc_4::Teen Titans Go! (TV series)"", ""5ac2acff55429921a00ab02b::doc_7::Web Weirdos""]","[0.905273, 0.902344, 0.891602, 0.88916, 0.874023, 0.866699, 0.856445, 0.855469, 0.854492, 0.817871]",0.797723,1.0,1.0
dense,5ae1f4cb554299234fd0436d,"[""5ae1f4cb554299234fd0436d::doc_0::122nd SS-Standarte"", ""5ae1f4cb554299234fd0436d::doc_3::Strasbourg"", ""5ae1f4cb554299234fd0436d::doc_9::122nd Division (Imperial Japanese Army)"", ""5ae1f4cb554299234fd0436d::doc_2::122nd Fighter Aviation Squadron"", ""5adccd795542990d50227d2c::doc_1::Rabat"", ""5ae1f4cb554299234fd0436d::doc_8::122nd (Muskoka) Battalion, CEF"", ""5ae0006755429925eb1afbd3::doc_8::San Luis Obispo, California"", ""5a87d8215542994775f60800::doc_9::Barriox13"", ""5ae1f4cb554299234fd0436d::doc_4::122nd Division"", ""5adc65e85542996e68525350::doc_2::Dazhou""]","[0.87207, 0.84082, 0.807129, 0.802246, 0.796875, 0.796387, 0.790527, 0.789062, 0.789062, 0.788086]",1.0,1.0,1.0
dense,5ae7e1fc55429952e35ea9cc,"[""5ae7e1fc55429952e35ea9cc::doc_7::Oranjegekte"", ""5ae7e1fc55429952e35ea9cc::doc_3::Koningsdag"", ""5ae7e1fc55429952e35ea9cc::doc_0::Queen's Day (disambiguation)"", ""5ae7e1fc55429952e35ea9cc::doc_9::Christmas in the Basque Country"", ""5ae7e1fc55429952e35ea9cc::doc_4::Jounen Kw\u00e9y\u00f2l"", ""5ae7e1fc55429952e35ea9cc::doc_8::White Sunday"", ""5ae7e1fc55429952e35ea9cc::doc_1::Children's Day (Japan)"", ""5ae7e1fc55429952e35ea9cc::doc_6::Saint-Jean-Baptiste Day"", ""5a7a276d5542996c55b2dd27::doc_3::Muumuu"", ""5a77152355429966f1a36c2e::doc_1::Pretty Little Dutch Girl""]","[0.898438, 0.852051, 0.831543, 0.814941, 0.810547, 0.791992, 0.786621, 0.779785, 0.77832, 0.777832]",1.0,1.0,1.0
dense,5ae37c765542992f92d822d4,"[""5ae37c765542992f92d822d4::doc_5::Tromeo and Juliet"", ""5ae37c765542992f92d822d4::doc_2::Romeo + Juliet"", ""5ae37c765542992f92d822d4::doc_0::Romeo and Juliet on screen"", ""5ae37c765542992f92d822d4::doc_9::The Tragedy of Romeo and Juliet (film)"", ""5ae37c765542992f92d822d4::doc_1::Romeo"", ""5ae37c765542992f92d822d4::doc_7::James Gunn"", ""5ae37c765542992f92d822d4::doc_6::Romeo \u00d7 Juliet"", ""5ae37c765542992f92d822d4::doc_4::List of Romeo \u00d7 Juliet episodes"", ""5ae37c765542992f92d822d4::doc_3::A rose by any other name would smell as sweet"", ""5ae819ac55429952e35eaa16::doc_5::Pilot (Will &amp; Grace)""]","[0.891113, 0.844727, 0.835938, 0.819336, 0.814941, 0.813965, 0.812012, 0.812012, 0.802246, 0.784668]",0.831555,1.0,1.0
dense,5ae33c4d5542992f92d82262,"[""5ae33c4d5542992f92d82262::doc_4::Robert Suettinger"", ""5ae33c4d5542992f92d82262::doc_5::Bill Clinton"", ""5abc0a5d5542993f40c73c64::doc_5::Peter W. Smith"", ""5a760ab65542994ccc918697::doc_2::Nelson Rockefeller"", ""5a7d3470554299452d57bb56::doc_6::Jacob D. Robida"", ""5ae0d4c9554299603e418468::doc_1::Douglas J. Bennet"", ""5ae0d4c9554299603e418468::doc_5::Robert Hormats"", ""5a760ab65542994ccc918697::doc_1::Gerald Ford"", ""5a760ab65542994ccc918697::doc_6::Gore-Chernomyrdin Commission"", ""5a7a1cd85542990783324e65::doc_0::United States presidential election, 1976""]","[0.866211, 0.830566, 0.816895, 0.811035, 0.791016, 0.790039, 0.789062, 0.786621, 0.786133, 0.785156]",1.0,1.0,1.0
dense,5a77cb335542997042120b3a,"[""5a77cb335542997042120b3a::doc_4::MEO Rip Curl Pro Portugal 2017"", ""5a77cb335542997042120b3a::doc_9::MEO Rip Curl Pro Portugal"", ""5a77cb335542997042120b3a::doc_7::MEO Rip Curl Pro Portugal 2016"", ""5a77cb335542997042120b3a::doc_2::John John Florence"", ""5a77cb335542997042120b3a::doc_6::Andy Irons"", ""5a77cb335542997042120b3a::doc_3::Moche Rip Curl Pro Portugal 2014"", ""5a77cb335542997042120b3a::doc_1::Moche Rip Curl Pro Portugal 2015"", ""5a77cb335542997042120b3a::doc_0::Coco Ho"", ""5a77cb335542997042120b3a::doc_8::Barton Lynch"", ""5a77cb335542997042120b3a::doc_5::Supertubos""]","[0.871582, 0.868652, 0.868652, 0.862793, 0.862305, 0.860352, 0.859375, 0.839844, 0.83252, 0.825195]",0.650921,0.5,1.0
dense,5a8979f4554299669944a52e,"[""5a8979f4554299669944a52e::doc_2::Suburban Madness"", ""5a8979f4554299669944a52e::doc_6::Bobbi Bacha"", ""5abd2eab5542992ac4f38210::doc_0::Shaunna O'Grady"", ""5abd2eab5542992ac4f38210::doc_7::Beverly Marshall"", ""5abd2eab5542992ac4f38210::doc_9::Katie Landers"", ""5ae0bae555429906c02dab08::doc_0::Gretchen Palmer"", ""5a791a97554299148911f9f2::doc_8::Azie Mira Dungey"", ""5adffe7155429906c02daa9e::doc_3::Connie Sawyer"", ""5ac2ffbd554299677310267b::doc_6::Jillian Bell"", ""5abba4855542993f40c73b68::doc_6::Sage Kirkpatrick""]","[0.899902, 0.897949, 0.802246, 0.79834, 0.794434, 0.793945, 0.791016, 0.790527, 0.789551, 0.789551]",0.386853,0.5,0.5
dense,5a713ea95542994082a3e6e4,"[""5a713ea95542994082a3e6e4::doc_4::Alvaro Mexia"", ""5a85eed75542996432c5713b::doc_0::Mascogos"", ""5a87ab9b5542996e4f3088c2::doc_2::Tenskwatawa"", ""5a8a43eb5542996c9b8d5e82::doc_5::Concho Indian Boarding School"", ""5ae4a3265542995ad6573de5::doc_7::Dewey Beard"", ""5a713ea95542994082a3e6e4::doc_1::Diplomatic mission"", ""5ab978855542996be2020512::doc_3::Montezuma Castle National Monument"", ""5a87ab9b5542996e4f3088c2::doc_5::Ziri ibn Atiyya"", ""5a8c65a1554299585d9e3680::doc_2::Pingpu peoples"", ""5a88658955429938390d3f47::doc_4::September 16 military parade""]","[0.883789, 0.808105, 0.793945, 0.793457, 0.791504, 0.791016, 0.786621, 0.783691, 0.782715, 0.78125]",0.613147,1.0,0.5
dense,5a78bd9b554299078472774a,"[""5a78bd9b554299078472774a::doc_8::Alfred Gell"", ""5a78bd9b554299078472774a::doc_0::Edmund Leach"", ""5a78bd9b554299078472774a::doc_2::Social Anthropology (journal)"", ""5ab2d3df554299194fa9352c::doc_4::Herbert S. Lewis"", ""5a78bd9b554299078472774a::doc_4::Aleksandar Bo\u0161kovi\u0107"", ""5a78bd9b554299078472774a::doc_7::Association of Social Anthropologists"", ""5a78bd9b554299078472774a::doc_3::Network Analysis and Ethnographic Problems"", ""5a78bd9b554299078472774a::doc_9::Coral Gardens and Their Magic"", ""5a78bd9b554299078472774a::doc_1::Thomas Hylland Eriksen"", ""5aba65a055429939ce03dcd2::doc_9::John Hirst (historian)""]","[0.911133, 0.899902, 0.8125, 0.808105, 0.807129, 0.805176, 0.792969, 0.790039, 0.787598, 0.785645]",1.0,1.0,1.0
dense,5a7625e8554299109176e66a,"[""5a7625e8554299109176e66a::doc_9::1925 Birthday Honours"", ""5a7625e8554299109176e66a::doc_7::1951 Birthday Honours"", ""5a7625e8554299109176e66a::doc_5::1965 Birthday Honours"", ""5a7625e8554299109176e66a::doc_4::Birthday Honours"", ""5a7625e8554299109176e66a::doc_2::2015 Birthday Honours"", ""5a7625e8554299109176e66a::doc_8::2013 Birthday Honours"", ""5a7625e8554299109176e66a::doc_6::George V"", ""5a7625e8554299109176e66a::doc_3::2016 Birthday Honours"", ""5a7625e8554299109176e66a::doc_1::2014 Birthday Honours"", ""5a7625e8554299109176e66a::doc_0::2017 Birthday Honours""]","[0.908203, 0.867676, 0.855957, 0.838867, 0.833008, 0.832031, 0.827148, 0.826172, 0.825684, 0.824707]",0.81753,1.0,1.0
dense,5ae2dd2055429928c423950d,"[""5ae2dd2055429928c423950d::doc_7::East Lempster, New Hampshire"", ""5ae2dd2055429928c423950d::doc_9::Lempster, New Hampshire"", ""5ae2dd2055429928c423950d::doc_6::Carroll County, New Hampshire"", ""5ae2dd2055429928c423950d::doc_2::Sullivan County, New Hampshire"", ""5ae2dd2055429928c423950d::doc_5::Hampden County, Massachusetts"", ""5a8db19d5542994ba4e3dd00::doc_3::Amherst, Massachusetts"", ""5ae2dd2055429928c423950d::doc_1::Miner Memorial Library"", ""5ae2dd2055429928c423950d::doc_0::Steven D. Smith"", ""5ae2dd2055429928c423950d::doc_4::Woodsville, New Hampshire"", ""5ae2dd2055429928c423950d::doc_3::Dover, New Hampshire""]","[0.898438, 0.879883, 0.873047, 0.853516, 0.853516, 0.836914, 0.836914, 0.833008, 0.831055, 0.829102]",0.877215,1.0,1.0
dense,5abdf12255429976d4830a2f,"[""5abdf12255429976d4830a2f::doc_3::Against the Wind (album)"", ""5abdf12255429976d4830a2f::doc_2::Bob Seger"", ""5abdf12255429976d4830a2f::doc_8::Stranger in Town (album)"", ""5abdf12255429976d4830a2f::doc_0::Ride Out (album)"", ""5a722b8655429971e9dc9329::doc_9::Lee Hazlewood"", ""5ae53b545542990ba0bbb23c::doc_5::At Last Bill Cosby Really Sings"", ""5ab859a955429934fafe6d7b::doc_4::Nashville Rebel (box set)"", ""5ab3b0bf5542992ade7c6e39::doc_3::Steven Adler"", ""5ae53b545542990ba0bbb23c::doc_2::Why Is There Air?"", ""5a8574945542997b5ce3fffb::doc_8::Keith Richards""]","[0.908203, 0.869141, 0.842285, 0.834473, 0.793945, 0.792969, 0.788086, 0.783203, 0.783203, 0.782227]",1.0,1.0,1.0
dense,5a88658955429938390d3f47,"[""5a88658955429938390d3f47::doc_1::Rostker v. Goldberg"", ""5a88658955429938390d3f47::doc_6::Conscription in the United States"", ""5ab9b29c554299743d22ebae::doc_6::Craig v. Boren"", ""5a88658955429938390d3f47::doc_7::Armed Forces Covenant"", ""5a8739a05542994775f607ab::doc_2::Nesting (voting districts)"", ""5ab9b29c554299743d22ebae::doc_5::Lau Kong Yung v Director of Immigration"", ""5a88658955429938390d3f47::doc_2::One Rank, One Pension"", ""5ab9b29c554299743d22ebae::doc_3::R v Van der Peet"", ""5a79ea435542996c55b2dc9e::doc_4::United States naval gunfire support debate"", ""5a7d3470554299452d57bb56::doc_9::Body cavity search""]","[0.882812, 0.818848, 0.802246, 0.791992, 0.790527, 0.785156, 0.780273, 0.776855, 0.774414, 0.773438]",1.0,1.0,1.0
dense,5a86ebac55429960ec39b6d6,"[""5a86ebac55429960ec39b6d6::doc_8::Handi-Snacks"", ""5a86ebac55429960ec39b6d6::doc_9::Mondelez International"", ""5ae057fd55429945ae959328::doc_5::General Mills"", ""5a86ebac55429960ec39b6d6::doc_3::PepsiCo"", ""5a86ebac55429960ec39b6d6::doc_5::Snack Foods Limited"", ""5a86ebac55429960ec39b6d6::doc_4::Snackbox Food Holdings"", ""5a86ebac55429960ec39b6d6::doc_7::Twisties"", ""5a86ebac55429960ec39b6d6::doc_1::Robert's American Gourmet Food"", ""5ae0006755429925eb1afbd3::doc_2::Ouch! (gum)"", ""5ac120c55542992a796dedfc::doc_5::Manischewitz""]","[0.888672, 0.878418, 0.845703, 0.845703, 0.841797, 0.830566, 0.820312, 0.817871, 0.816895, 0.802734]",1.0,1.0,1.0
dense,5aba5d2e55429901930fa799,"[""5aba5d2e55429901930fa799::doc_4::Their Lives"", ""5aba5d2e55429901930fa799::doc_2::The White House Doctor"", ""5aba5d2e55429901930fa799::doc_6::William H. Ginsburg"", ""5aba5d2e55429901930fa799::doc_8::Monica Lewinsky"", ""5aba5d2e55429901930fa799::doc_3::Once Upon a Secret"", ""5aba5d2e55429901930fa799::doc_9::Lewinsky scandal"", ""5aba5d2e55429901930fa799::doc_7::Mark D. Fabiani"", ""5ae4627d5542991a06ce9a4d::doc_8::Sexual Politics"", ""5ae33c4d5542992f92d82262::doc_4::Robert Suettinger"", ""5abf63f15542997ec76fd3ea::doc_4::Louise Bryant""]","[0.895996, 0.849121, 0.840332, 0.835938, 0.821289, 0.810059, 0.805176, 0.801758, 0.798828, 0.796387]",0.877215,1.0,1.0
dense,5ae5736e5542990ba0bbb2b3,"[""5ae5736e5542990ba0bbb2b3::doc_0::Paul Manafort"", ""5ae5736e5542990ba0bbb2b3::doc_8::David Urban"", ""5ae5736e5542990ba0bbb2b3::doc_6::Donald Trump presidential campaign, 2000"", ""5ae5736e5542990ba0bbb2b3::doc_2::Brad Parscale"", ""5aba5d2e55429901930fa799::doc_1::Gregory B. Craig"", ""5ae5736e5542990ba0bbb2b3::doc_4::Trump campaign\u2013Russian meeting"", ""5aba5d2e55429901930fa799::doc_7::Mark D. Fabiani"", ""5aba5d2e55429901930fa799::doc_6::William H. Ginsburg"", ""5ae5736e5542990ba0bbb2b3::doc_7::Tony Fabrizio"", ""5ae5736e5542990ba0bbb2b3::doc_1::Donald Trump (Last Week Tonight)""]","[0.881348, 0.856445, 0.838867, 0.837891, 0.828613, 0.824707, 0.816406, 0.813965, 0.813477, 0.805664]",0.831555,1.0,1.0
dense,5ae005b555429942ec259bec,"[""5ae005b555429942ec259bec::doc_8::Louren\u00e7o Mutarelli"", ""5ae005b555429942ec259bec::doc_2::Quando Eu Era Vivo"", ""5ae005b555429942ec259bec::doc_5::4 a.m. (novel)"", ""5ae005b555429942ec259bec::doc_9::The Birds on the Trees"", ""5ae005b555429942ec259bec::doc_6::Three Comrades (novel)"", ""5ae005b555429942ec259bec::doc_7::Drained"", ""5ae005b555429942ec259bec::doc_1::Crime and Punishment"", ""5a7be2595542997c3ec972ac::doc_3::Orlando: A Biography"", ""5ae005b555429942ec259bec::doc_0::The Golden Hour (novel)"", ""5ac2bbd0554299218029db09::doc_0::The Thing of It Is...""]","[0.891602, 0.839844, 0.808594, 0.805664, 0.800781, 0.79541, 0.792969, 0.791016, 0.789551, 0.784668]",0.81753,1.0,1.0
dense,5a7759fc5542993569682d60,"[""5a7759fc5542993569682d60::doc_2::Teide National Park"", ""5a7759fc5542993569682d60::doc_1::Garajonay National Park"", ""5a7759fc5542993569682d60::doc_5::Roque Cinchado"", ""5a7759fc5542993569682d60::doc_8::Alpine National Park"", ""5a7a5b3a5542996c55b2dd71::doc_0::Warriparinga"", ""5a7759fc5542993569682d60::doc_0::Hermigua"", ""5ae4a3265542995ad6573de5::doc_9::Skyscraper National Park"", ""5a7759fc5542993569682d60::doc_7::Training centre for release of the Atma-energy"", ""5a8704f8554299211dda2ba4::doc_7::National parks of Taiwan"", ""5a7759fc5542993569682d60::doc_9::North Cascades National Park""]","[0.915039, 0.895996, 0.832031, 0.801758, 0.801758, 0.797363, 0.793457, 0.791504, 0.789551, 0.787598]",1.0,1.0,1.0
dense,5a835478554299123d8c20ed,"[""5a835478554299123d8c20ed::doc_2::Roald Dahl"", ""5a835478554299123d8c20ed::doc_3::The Best of Roald Dahl"", ""5a835478554299123d8c20ed::doc_0::Roald Dahl: Collected Stories"", ""5a835478554299123d8c20ed::doc_5::Roald Dahl short stories bibliography"", ""5a835478554299123d8c20ed::doc_8::The Roald Dahl Treasury"", ""5a835478554299123d8c20ed::doc_7::Mrs. Bixby and the Colonel's Coat"", ""5a835478554299123d8c20ed::doc_1::The Collected Short Stories of Roald Dahl"", ""5a77152355429966f1a36c2e::doc_6::Did You Ever See a Lassie?"", ""5a77152355429966f1a36c2e::doc_2::Tweedledum and Tweedledee"", ""5a835478554299123d8c20ed::doc_9::Roald Dahl's Willy Wonka (musical)""]","[0.844727, 0.844238, 0.837891, 0.836426, 0.835449, 0.834473, 0.827148, 0.808594, 0.807129, 0.805664]",0.831555,1.0,1.0
dense,5aba749055429901930fa7d8,"[""5aba749055429901930fa7d8::doc_4::Chris Menges"", ""5aba749055429901930fa7d8::doc_7::Aram Avakian"", ""5a85b2d95542997b5ce40028::doc_5::Criss Angel"", ""5a7625c7554299109176e668::doc_5::Chris Hardwick"", ""5ac1b8ee5542994d76dccedc::doc_6::Lev Yilmaz"", ""5aba749055429901930fa7d8::doc_9::CrissCross"", ""5aba749055429901930fa7d8::doc_0::Linda Mvusi"", ""5a8b57f25542995d1e6f1371::doc_6::Adam Collis"", ""5add11935542994734353827::doc_1::Chris Hanzsek"", ""5add61d65542995b365fab21::doc_9::Sergo Mikoyan""]","[0.859375, 0.851562, 0.794434, 0.787598, 0.784668, 0.782227, 0.781738, 0.780762, 0.780273, 0.77832]",1.0,1.0,1.0
dense,5abfb3425542990832d3a1c0,"[""5abfb3425542990832d3a1c0::doc_2::Andrew Jaspan"", ""5abfb3425542990832d3a1c0::doc_4::The Conversation (website)"", ""5abfb3425542990832d3a1c0::doc_0::Chicago Public Media"", ""5abfb3425542990832d3a1c0::doc_7::14ymedio"", ""5ab4e3065542990594ba9cb4::doc_1::Every Voice"", ""5abfb3425542990832d3a1c0::doc_9::EvidenceNetwork.ca"", ""5ab4e3065542990594ba9cb4::doc_5::Truth Initiative"", ""5a7bae20554299294a54aa96::doc_4::Freedom Watch with Judge Napolitano"", ""5abc0a5d5542993f40c73c64::doc_4::Jay Leiderman"", ""5ab4e3065542990594ba9cb4::doc_7::Truth (anti-tobacco campaign)""]","[0.904297, 0.816895, 0.814941, 0.80957, 0.806641, 0.804199, 0.803711, 0.797363, 0.796387, 0.794434]",1.0,1.0,1.0
dense,5ac3165c5542995ef918c10a,"[""5ac3165c5542995ef918c10a::doc_6::18th Independent Spirit Awards"", ""5ac3165c5542995ef918c10a::doc_4::28th Independent Spirit Awards"", ""5ac3165c5542995ef918c10a::doc_3::32nd Independent Spirit Awards"", ""5ac3165c5542995ef918c10a::doc_0::Independent Spirit Awards"", ""5ac3165c5542995ef918c10a::doc_1::Independent Spirit Award for Best Cinematography"", ""5ac3165c5542995ef918c10a::doc_7::Independent Spirit Award for Best Editing"", ""5ac3165c5542995ef918c10a::doc_8::Independent Spirit Award for Best First Feature"", ""5ac3165c5542995ef918c10a::doc_9::Mihai M\u0103laimare Jr."", ""5ac3165c5542995ef918c10a::doc_5::John Waters"", ""5abc0a5d5542993f40c73c64::doc_2::Heidi Ewing""]","[0.900391, 0.852051, 0.843262, 0.837402, 0.820312, 0.814453, 0.813477, 0.799805, 0.797363, 0.777344]",0.797723,1.0,1.0
dense,5ae53b545542990ba0bbb23c,"[""5ae53b545542990ba0bbb23c::doc_2::Why Is There Air?"", ""5ae53b545542990ba0bbb23c::doc_3::Disco Bill"", ""5ae53b545542990ba0bbb23c::doc_0::The Original Jam Sessions 1969"", ""5ae53b545542990ba0bbb23c::doc_5::At Last Bill Cosby Really Sings"", ""5ae53b545542990ba0bbb23c::doc_7::Bill Cosby Is a Very Funny Fellow...Right!"", ""5ae53b545542990ba0bbb23c::doc_6::Inside the Mind of Bill Cosby"", ""5ae53b545542990ba0bbb23c::doc_8::Bill's Best Friend"", ""5ae53b545542990ba0bbb23c::doc_9::Yes, Yes, Yes"", ""5ae82ae555429952e35eaa71::doc_0::Longhorn Ballroom"", ""5ae53b545542990ba0bbb23c::doc_4::Hikky Burr""]","[0.865234, 0.838379, 0.837891, 0.83252, 0.831055, 0.830078, 0.828613, 0.816406, 0.8125, 0.812012]",0.613147,1.0,0.5
dense,5ae224da554299234fd043ee,"[""5ae224da554299234fd043ee::doc_8::Zurracapote"", ""5ae224da554299234fd043ee::doc_5::Gibson (cocktail)"", ""5ae224da554299234fd043ee::doc_7::Rubicon Drinks"", ""5ae224da554299234fd043ee::doc_9::Gin pennant"", ""5aba65a055429939ce03dcd2::doc_1::Sally Gibson"", ""5a86ebac55429960ec39b6d6::doc_7::Twisties"", ""5ae0006755429925eb1afbd3::doc_2::Ouch! (gum)"", ""5a85b2d95542997b5ce40028::doc_9::Amaruk Kayshapanta"", ""5ae224da554299234fd043ee::doc_0::Phillips Distilling Company"", ""5ab859a955429934fafe6d7b::doc_1::Chrome, Smoke &amp; BBQ""]","[0.87793, 0.841309, 0.793457, 0.788574, 0.775879, 0.775879, 0.774902, 0.772461, 0.772461, 0.772461]",1.0,1.0,1.0
dense,5ae2b770554299495565db0f,"[""5ae2b770554299495565db0f::doc_0::London International Documentary Festival"", ""5ae2b770554299495565db0f::doc_4::London Review of Books"", ""5ae2b770554299495565db0f::doc_1::Docville"", ""5ae2b770554299495565db0f::doc_9::New Haven Documentary Film Festival"", ""5ae2b770554299495565db0f::doc_2::Chagrin Documentary Film Festival"", ""5ae2b770554299495565db0f::doc_5::FreedomFilmFest"", ""5ac2bbd0554299218029db09::doc_5::Man Booker International Prize"", ""5ae2b770554299495565db0f::doc_6::Doc NYC"", ""5a738fe855429908901be2fb::doc_1::Beautiful Young Minds"", ""5a717d4c5542994082a3e854::doc_8::The Year of the Dog (film)""]","[0.869629, 0.82959, 0.822266, 0.819824, 0.815918, 0.814453, 0.79248, 0.79248, 0.791504, 0.788086]",1.0,1.0,1.0
dense,5a80b3a9554299485f5986cc,"[""5a80b3a9554299485f5986cc::doc_1::Tysons Galleria"", ""5a80b3a9554299485f5986cc::doc_3::Tysons, Virginia"", ""5a80b3a9554299485f5986cc::doc_4::Tysons Corner Center"", ""5a80b3a9554299485f5986cc::doc_2::Poughkeepsie Galleria"", ""5a80b3a9554299485f5986cc::doc_5::Cobb Galleria Centre"", ""5a80b3a9554299485f5986cc::doc_7::McLean station"", ""5a80b3a9554299485f5986cc::doc_9::Spring Hill station"", ""5a80b3a9554299485f5986cc::doc_8::McLean, Virginia"", ""5a87d8215542994775f60800::doc_0::West Athens, California"", ""5a8b57f25542995d1e6f1371::doc_2::Woodson, Arkansas""]","[0.900391, 0.888672, 0.869141, 0.835449, 0.82959, 0.828613, 0.823242, 0.809082, 0.805176, 0.804688]",0.806574,1.0,1.0
dense,5a8e0a005542995085b373a1,"[""5a8e0a005542995085b373a1::doc_3::Bordan Tkachuk"", ""5ae224da554299234fd043ee::doc_3::CytoSport"", ""5a8e0a005542995085b373a1::doc_1::Terren Peizer"", ""5a8b8b3155429949d91db5d7::doc_2::TaeguTec"", ""5ac3e0f7554299194317388b::doc_2::Coty, Inc."", ""5ae057fd55429945ae959328::doc_6::Henkel"", ""5a86ebac55429960ec39b6d6::doc_0::Canyon Creek Food Company"", ""5a8e0a005542995085b373a1::doc_4::Viglen"", ""5ae057fd55429945ae959328::doc_5::General Mills"", ""5a8e0a005542995085b373a1::doc_0::Cardinal Health""]","[0.882812, 0.827637, 0.826172, 0.823242, 0.818359, 0.81543, 0.814453, 0.813965, 0.813477, 0.8125]",0.806574,1.0,1.0
dense,5ac1b8ee5542994d76dccedc,"[""5ac1b8ee5542994d76dccedc::doc_8::Pamela B. Green"", ""5ac1b8ee5542994d76dccedc::doc_6::Lev Yilmaz"", ""5ac1b8ee5542994d76dccedc::doc_4::Lev Kuleshov"", ""5ac1b8ee5542994d76dccedc::doc_5::Pamela Gilbert"", ""5adf65555542992d7e9f9334::doc_1::Melissa Fay Greene"", ""5ac1b8ee5542994d76dccedc::doc_9::Pamela B. Davis"", ""5a717d4c5542994082a3e854::doc_4::Semyon Aranovich"", ""5aba749055429901930fa7d8::doc_7::Aram Avakian"", ""5ab6a2be554299710c8d1f08::doc_7::The Key (1961 film)"", ""5a717d4c5542994082a3e854::doc_2::Pavel Alexandrov""]","[0.872559, 0.848633, 0.793945, 0.793945, 0.788086, 0.78418, 0.783203, 0.779785, 0.774902, 0.774902]",1.0,1.0,1.0
dense,5adccd795542990d50227d2c,"[""5adccd795542990d50227d2c::doc_7::Moroccan Ambassador to China"", ""5adccd795542990d50227d2c::doc_1::Rabat"", ""5a713ea95542994082a3e6e4::doc_3::Embassy of China, London"", ""5adccd795542990d50227d2c::doc_8::Liaison Office (Hong Kong)"", ""5a84c4135542994c784dda31::doc_1::Yingkou"", ""5a84c4135542994c784dda31::doc_3::Roman Catholic Diocese of Yingkou"", ""5ab28019554299722f9b4d51::doc_3::Mana Al Otaiba"", ""5aba65a055429939ce03dcd2::doc_0::Georges-Henri Bousquet"", ""5a713ea95542994082a3e6e4::doc_1::Diplomatic mission"", ""5ae1f4cb554299234fd0436d::doc_3::Strasbourg""]","[0.883789, 0.866699, 0.817871, 0.813477, 0.806152, 0.805664, 0.805664, 0.799316, 0.79834, 0.791016]",1.0,1.0,1.0
dense,5a84c4135542994c784dda31,"[""5a84c4135542994c784dda31::doc_2::Fuding"", ""5a84c4135542994c784dda31::doc_1::Yingkou"", ""5a84c4135542994c784dda31::doc_0::Fuding Railway Station"", ""5a84c4135542994c784dda31::doc_5::Tongcheng Subdistrict, Fuding"", ""5a84c4135542994c784dda31::doc_8::Yingkou East Railway Station"", ""5a84c4135542994c784dda31::doc_3::Roman Catholic Diocese of Yingkou"", ""5adc65e85542996e68525350::doc_1::Yandu District"", ""5a84c4135542994c784dda31::doc_6::Xiapu County"", ""5a84c4135542994c784dda31::doc_7::Taimushan Railway Station"", ""5adc65e85542996e68525350::doc_4::Tinghu District""]","[0.894043, 0.857422, 0.852539, 0.841797, 0.830078, 0.825684, 0.820312, 0.820312, 0.817383, 0.813965]",1.0,1.0,1.0
dense,5a85eed75542996432c5713b,"[""5a85eed75542996432c5713b::doc_9::Black Seminoles"", ""5a85eed75542996432c5713b::doc_3::Seminole"", ""5a85eed75542996432c5713b::doc_8::Seminole Nation of Oklahoma"", ""5a85eed75542996432c5713b::doc_2::Seminole music"", ""5a713ea95542994082a3e6e4::doc_9::Indigenous peoples of Florida"", ""5a85eed75542996432c5713b::doc_0::Mascogos"", ""5a85eed75542996432c5713b::doc_6::Seminole County, Oklahoma"", ""5a8c65a1554299585d9e3680::doc_6::Americo-Liberians"", ""5a85eed75542996432c5713b::doc_7::Battle of Jupiter Inlet"", ""5a8c65a1554299585d9e3680::doc_3::Black Bermudian""]","[0.896484, 0.878418, 0.854492, 0.84082, 0.837402, 0.829102, 0.812012, 0.809082, 0.807129, 0.803223]",0.831555,1.0,1.0
dense,5a774e9c55429972597f14f3,"[""5a774e9c55429972597f14f3::doc_1::David Huntsinger"", ""5a774e9c55429972597f14f3::doc_2::Just as I Am (Yolanda Adams album)"", ""5a774e9c55429972597f14f3::doc_9::Muyiwa Olarewaju"", ""5a774e9c55429972597f14f3::doc_5::Larnelle Harris"", ""5a774e9c55429972597f14f3::doc_8::Latice Crawford"", ""5a774e9c55429972597f14f3::doc_7::Charles Charamba"", ""5a818387554299260e20a291::doc_8::Christy Sutherland"", ""5a774e9c55429972597f14f3::doc_3::Andra\u00e9 Crouch"", ""5a774e9c55429972597f14f3::doc_0::Karen Clark Sheard"", ""5a774e9c55429972597f14f3::doc_6::Kierra Sheard""]","[0.861816, 0.819336, 0.817383, 0.813965, 0.80957, 0.802246, 0.802246, 0.798828, 0.798828, 0.798828]",0.877215,1.0,1.0
dense,5ae738f75542991bbc9761c4,"[""5ae738f75542991bbc9761c4::doc_3::Champ Bailey"", ""5ae738f75542991bbc9761c4::doc_6::LaRon Landry"", ""5ae738f75542991bbc9761c4::doc_9::Fred Hageman"", ""5ae738f75542991bbc9761c4::doc_7::Ron Snidow"", ""5ac0d83a554299294b219038::doc_1::Randall Cunningham"", ""5ae738f75542991bbc9761c4::doc_2::Jeris White"", ""5ae738f75542991bbc9761c4::doc_5::Boss Bailey"", ""5ae738f75542991bbc9761c4::doc_1::Robin Cole"", ""5ac0d83a554299294b219038::doc_8::Adam Thielen"", ""5ae738f75542991bbc9761c4::doc_4::Marc Parenteau""]","[0.847168, 0.832031, 0.816406, 0.815918, 0.812988, 0.8125, 0.808594, 0.803711, 0.802734, 0.801758]",0.81753,1.0,1.0
dense,5ac32b565542995ef918c154,"[""5ac32b565542995ef918c154::doc_7::1964 Georgia Tech Yellow Jackets football team"", ""5ac32b565542995ef918c154::doc_3::Georgia Tech Yellow Jackets football"", ""5ac32b565542995ef918c154::doc_0::1988 Georgia Tech Yellow Jackets football team"", ""5ac32b565542995ef918c154::doc_8::Bobby Dodd Stadium"", ""5ac32b565542995ef918c154::doc_6::1953 Georgia Tech Yellow Jackets football team"", ""5ac32b565542995ef918c154::doc_1::1987 Georgia Tech Yellow Jackets football team"", ""5ac32b565542995ef918c154::doc_4::1959 Georgia Tech Yellow Jackets football team"", ""5ac32b565542995ef918c154::doc_2::1980 Georgia Tech Yellow Jackets football team"", ""5ac32b565542995ef918c154::doc_5::Georgia Tech Yellow Jackets men's basketball"", ""5a7c960655429935c91b5244::doc_3::1974 Texas Tech Red Raiders football team""]","[0.907227, 0.888184, 0.882324, 0.877441, 0.875488, 0.873535, 0.873535, 0.867676, 0.840332, 0.834961]",0.877215,1.0,1.0
dense,5abc8d75554299700f9d7900,"[""5abc8d75554299700f9d7900::doc_4::Leo Varadkar"", ""5abc8d75554299700f9d7900::doc_1::Fine Gael leadership election, 2017"", ""5abc8d75554299700f9d7900::doc_0::Enda Kenny"", ""5abc8d75554299700f9d7900::doc_2::Leader of Fine Gael"", ""5abc8d75554299700f9d7900::doc_8::Simon Coveney"", ""5abc8d75554299700f9d7900::doc_7::Frances Fitzgerald (politician)"", ""5abc8d75554299700f9d7900::doc_6::James Reilly (Irish politician)"", ""5abc8d75554299700f9d7900::doc_9::Liam Cosgrave"", ""5abc8d75554299700f9d7900::doc_3::John Bruton"", ""5abc8d75554299700f9d7900::doc_5::Paddy O'Toole""]","[0.897949, 0.891602, 0.888184, 0.887207, 0.867188, 0.859375, 0.85791, 0.852051, 0.850586, 0.837891]",0.877215,1.0,1.0
dense,5a8bb29b554299240d9c2089,"[""5a8bb29b554299240d9c2089::doc_1::Johnny Angel"", ""5a8bb29b554299240d9c2089::doc_7::George Raft"", ""5a7a455c5542994f819ef1a7::doc_4::Thrill of a Lifetime (film)"", ""5a8bb29b554299240d9c2089::doc_5::Johnny Lee Clary"", ""5abcfc365542993a06baf9d6::doc_6::James Dean"", ""5a8bb29b554299240d9c2089::doc_8::Johnny Angel (song)"", ""5a8bb29b554299240d9c2089::doc_9::Claudia Drake"", ""5a8c7595554299585d9e36b6::doc_1::Shirley Temple"", ""5ae82ae555429952e35eaa71::doc_3::Pat Hingle"", ""5a7a455c5542994f819ef1a7::doc_3::Flying with Music""]","[0.878906, 0.815918, 0.802734, 0.80127, 0.799316, 0.799316, 0.79834, 0.796387, 0.795898, 0.79541]",1.0,1.0,1.0
dense,5ab659e355429954757d324e,"[""5ab659e355429954757d324e::doc_3::Three Men on a Horse"", ""5ab659e355429954757d324e::doc_9::George Abbott"", ""5ab659e355429954757d324e::doc_1::Michael Wynne (playwright)"", ""5ab659e355429954757d324e::doc_8::Bertha Runkle"", ""5a7be2595542997c3ec972ac::doc_4::Me! I'm Afraid of Virginia Woolf"", ""5ab659e355429954757d324e::doc_2::James Roland MacLaren"", ""5ab659e355429954757d324e::doc_6::Jeffrey Stanley"", ""5a8133725542995ce29dcbdb::doc_1::Henry Roth"", ""5ab659e355429954757d324e::doc_5::Finn Iunker"", ""5abcfc365542993a06baf9d6::doc_8::Stewart Stern""]","[0.879395, 0.802246, 0.796875, 0.791992, 0.786133, 0.782715, 0.781738, 0.78125, 0.780762, 0.780273]",1.0,1.0,1.0
dense,5a8b8b3155429949d91db5d7,"[""5a8b8b3155429949d91db5d7::doc_9::Owner earnings"", ""5a8b8b3155429949d91db5d7::doc_3::Warren Buffett"", ""5a8b8b3155429949d91db5d7::doc_8::The Warren Buffett Way"", ""5a8b8b3155429949d91db5d7::doc_5::Howard Warren Buffett"", ""5a8b8b3155429949d91db5d7::doc_6::Susan Buffett"", ""5a8b8b3155429949d91db5d7::doc_0::Howard Graham Buffett"", ""5a8b8b3155429949d91db5d7::doc_4::Buffett Foundation"", ""5a8b8b3155429949d91db5d7::doc_1::George D. Buffett"", ""5a8b8b3155429949d91db5d7::doc_7::Susan Alice Buffett"", ""5a8b8b3155429949d91db5d7::doc_2::TaeguTec""]","[0.893555, 0.866211, 0.845703, 0.835449, 0.832031, 0.832031, 0.829102, 0.820801, 0.815918, 0.803711]",1.0,1.0,1.0
dense,5ae7eaf65542994a481bbe1d,"[""5ae7eaf65542994a481bbe1d::doc_3::2000 ICC KnockOut Trophy"", ""5ae7eaf65542994a481bbe1d::doc_2::2000 ICC KnockOut Trophy squads"", ""5ae7eaf65542994a481bbe1d::doc_0::1998 ICC KnockOut Trophy Final"", ""5ae7eaf65542994a481bbe1d::doc_6::1998 ICC KnockOut Trophy squads"", ""5ae7eaf65542994a481bbe1d::doc_1::Zaheer Khan"", ""5ab41d855542996a3a969f4b::doc_1::Wayne Parnell"", ""5ab41d855542996a3a969f4b::doc_4::Doug Bollinger"", ""5ae7eaf65542994a481bbe1d::doc_5::Guy Randall-Johnson"", ""5a74106b55429979e288289e::doc_1::Sachin Bansal"", ""5ab41d855542996a3a969f4b::doc_0::Jack Mason""]","[0.894531, 0.862305, 0.86084, 0.837402, 0.827637, 0.806641, 0.804688, 0.803223, 0.794922, 0.794922]",0.850345,1.0,1.0
dense,5a8c4c625542995e66a475a1,"[""5a8c4c625542995e66a475a1::doc_4::514th Flight Test Squadron"", ""5a8c4c625542995e66a475a1::doc_0::413th Flight Test Squadron"", ""5a8c4c625542995e66a475a1::doc_8::417th Flight Test Squadron"", ""5a8c4c625542995e66a475a1::doc_2::415th Flight Test Flight"", ""5a8c4c625542995e66a475a1::doc_6::419th Flight Test Squadron"", ""5a8c4c625542995e66a475a1::doc_9::339th Flight Test Squadron"", ""5a8c4c625542995e66a475a1::doc_1::486th Flight Test Squadron"", ""5a8c4c625542995e66a475a1::doc_3::10th Flight Test Squadron"", ""5a8c4c625542995e66a475a1::doc_7::370th Flight Test Squadron"", ""5a8c4c625542995e66a475a1::doc_5::Hill Air Force Base""]","[0.875977, 0.86377, 0.859863, 0.854004, 0.849121, 0.845703, 0.845703, 0.84375, 0.843262, 0.832031]",0.790386,1.0,1.0
dense,5a818387554299260e20a291,"[""5a818387554299260e20a291::doc_2::My Eyes (Blake Shelton song)"", ""5a818387554299260e20a291::doc_1::Based on a True Story..."", ""5a818387554299260e20a291::doc_4::Keyed Up"", ""5a818387554299260e20a291::doc_0::Randy Travis"", ""5a818387554299260e20a291::doc_7::Country Music Star No. 1"", ""5a77c1505542997042120b1b::doc_0::Steers &amp; Stripes"", ""5a77c1505542997042120b1b::doc_6::Chattahoochee (song)"", ""5ae7ba7a5542993210983f12::doc_3::Billy Ray Cyrus discography"", ""5a818387554299260e20a291::doc_8::Christy Sutherland"", ""5a77c1505542997042120b1b::doc_4::High Lonesome (Randy Travis album)""]","[0.882812, 0.881836, 0.811035, 0.810547, 0.805664, 0.803223, 0.803223, 0.802734, 0.800781, 0.800781]",1.0,1.0,1.0
dense,5ab978855542996be2020512,"[""5ab978855542996be2020512::doc_5::Tabernacle"", ""5ab978855542996be2020512::doc_9::List of oldest synagogues"", ""5ae6828f5542996d980e7bb9::doc_3::Patan minara"", ""5ab978855542996be2020512::doc_7::V\u00eddbl\u00e1in"", ""5ab978855542996be2020512::doc_2::Heaven in Judaism"", ""5ab978855542996be2020512::doc_3::Montezuma Castle National Monument"", ""5ab978855542996be2020512::doc_8::Oldest synagogues in the United Kingdom"", ""5ab978855542996be2020512::doc_4::Andlang"", ""5a80721b554299485f5985ef::doc_0::Livesey Hall War Memorial"", ""5a7b12a355429927d897bf2a::doc_8::Spynie Palace""]","[0.810059, 0.802246, 0.795898, 0.794434, 0.791992, 0.791016, 0.787109, 0.785645, 0.785645, 0.785156]",0.218407,0.166667,0.5
dense,5ae63dad55429929b0807afe,"[""5ae63dad55429929b0807afe::doc_7::Here We Go Round the Mulberry Bush (film)"", ""5ae63dad55429929b0807afe::doc_3::Here We Go Round the Mulberry Bush"", ""5ae63dad55429929b0807afe::doc_4::Here We Go Round the Mulberry Bush (Traffic song)"", ""5ae63dad55429929b0807afe::doc_0::Here We Go Round the Mulberry Bush (disambiguation)"", ""5a835478554299123d8c20ed::doc_2::Roald Dahl"", ""5a7b7ff75542995eb53be93d::doc_6::Penelope Lively"", ""5ae63dad55429929b0807afe::doc_8::Clive Donner"", ""5ab341f755429969a97a8114::doc_4::Mary Poppins Opens the Door"", ""5a8133725542995ce29dcbdb::doc_6::Robert Erskine Childers"", ""5ae63dad55429929b0807afe::doc_9::Christopher Mitchell (actor)""]","[0.894043, 0.862793, 0.857422, 0.837891, 0.814941, 0.808105, 0.808105, 0.808105, 0.804199, 0.800293]",0.613147,1.0,0.5
dense,5a7a455c5542994f819ef1a7,"[""5a7a455c5542994f819ef1a7::doc_5::George Archainbaud"", ""5a7a455c5542994f819ef1a7::doc_6::Ralph Murphy"", ""5ae0361155429925eb1afc2c::doc_4::Gervais Raoul Lufbery"", ""5a7a455c5542994f819ef1a7::doc_1::Hoppy Serves a Writ"", ""5a7a455c5542994f819ef1a7::doc_7::Alias French Gertie"", ""5a8361b65542992ef85e22a0::doc_0::Ralph Charles"", ""5a8361b65542992ef85e22a0::doc_3::Andrew Murray (Guyanese boxer)"", ""5a7a455c5542994f819ef1a7::doc_3::Flying with Music"", ""5ab2d3df554299194fa9352c::doc_7::Giuseppe Arimondi"", ""5ab69c25554299110f219a39::doc_9::Gary Arlington""]","[0.874023, 0.844238, 0.796387, 0.79248, 0.785156, 0.783203, 0.78125, 0.780273, 0.779785, 0.777832]",1.0,1.0,1.0
dense,5a7dcc775542990b8f503ab5,"[""5a7dcc775542990b8f503ab5::doc_2::Shellite (explosive)"", ""5a7dcc775542990b8f503ab5::doc_1::Index of alcohol-related articles"", ""5a7dcc775542990b8f503ab5::doc_6::Aldonic acid"", ""5a7dcc775542990b8f503ab5::doc_9::Picric acid"", ""5a7dcc775542990b8f503ab5::doc_3::Tetrakis(hydroxymethyl)phosphonium chloride"", ""5a7dcc775542990b8f503ab5::doc_5::1-Pentanol"", ""5a7dcc775542990b8f503ab5::doc_0::Isopropyl alcohol"", ""5a7dcc775542990b8f503ab5::doc_7::Xylitol"", ""5a7dcc775542990b8f503ab5::doc_4::1-Hexanol"", ""5ae4c49a5542995dadf24400::doc_8::List of fossils with consumulites""]","[0.845703, 0.806152, 0.804688, 0.802734, 0.802246, 0.79834, 0.797363, 0.794922, 0.789062, 0.788086]",0.877215,1.0,1.0
dense,5a887bc0554299206df2b2b6,"[""5a887bc0554299206df2b2b6::doc_3::Argentine PGA Championship"", ""5a887bc0554299206df2b2b6::doc_9::Roberto De Vicenzo"", ""5a887bc0554299206df2b2b6::doc_4::Northern California PGA Championship"", ""5a887bc0554299206df2b2b6::doc_1::Middle Atlantic PGA Championship"", ""5a887bc0554299206df2b2b6::doc_5::2006 PGA Championship"", ""5a887bc0554299206df2b2b6::doc_7::1977 PGA Championship"", ""5a887bc0554299206df2b2b6::doc_0::1939 PGA Championship"", ""5ac2d1d755429921a00ab053::doc_7::Jorge Lozano"", ""5a887bc0554299206df2b2b6::doc_8::1940 PGA Championship"", ""5a887bc0554299206df2b2b6::doc_2::2000 PGA Championship""]","[0.919434, 0.861816, 0.858887, 0.837402, 0.833496, 0.831543, 0.823242, 0.822754, 0.821777, 0.819824]",1.0,1.0,1.0
dense,5a83880e554299123d8c214e,"[""5a83880e554299123d8c214e::doc_9::Suicide (1977 album)"", ""5a83880e554299123d8c214e::doc_8::Ghost Rider (Suicide song)"", ""5ae53b545542990ba0bbb23c::doc_9::Yes, Yes, Yes"", ""5ae53b545542990ba0bbb23c::doc_3::Disco Bill"", ""5a790d8f554299029c4b5eec::doc_2::See Yourself"", ""5ae53b545542990ba0bbb23c::doc_4::Hikky Burr"", ""5ac23ff0554299636651994d::doc_9::Shut Up, Make Love"", ""5a83880e554299123d8c214e::doc_4::A Boy in a Man's World"", ""5ae53b545542990ba0bbb23c::doc_8::Bill's Best Friend"", ""5ae53b545542990ba0bbb23c::doc_6::Inside the Mind of Bill Cosby""]","[0.862305, 0.851074, 0.820312, 0.808105, 0.806641, 0.806152, 0.804199, 0.800781, 0.800293, 0.794922]",1.0,1.0,1.0
dense,5a879adb5542996e4f30887f,"[""5a879adb5542996e4f30887f::doc_3::DISCLOSE Act"", ""5a879adb5542996e4f30887f::doc_5::Public Law 113-167"", ""5ae4627d5542991a06ce9a4d::doc_9::Harris G. Mirkin"", ""5ae33c4d5542992f92d82262::doc_5::Bill Clinton"", ""5ae0d4c9554299603e418468::doc_6::Bradford P. Campbell"", ""5aba5d2e55429901930fa799::doc_7::Mark D. Fabiani"", ""5a760ab65542994ccc918697::doc_2::Nelson Rockefeller"", ""5add61d65542995b365fab21::doc_3::Mikhail Suslov"", ""5ae0d4c9554299603e418468::doc_1::Douglas J. Bennet"", ""5abc0a5d5542993f40c73c64::doc_5::Peter W. Smith""]","[0.875, 0.811523, 0.810059, 0.801758, 0.80127, 0.799316, 0.798828, 0.797852, 0.797363, 0.796875]",0.613147,1.0,0.5
dense,5add11935542994734353827,"[""5add11935542994734353827::doc_5::Skin Yard"", ""5add11935542994734353827::doc_2::Ostava"", ""5add11935542994734353827::doc_3::Skin Yard (album)"", ""5ac298f9554299657fa28fc9::doc_5::Under Your Skin (album)"", ""5add11935542994734353827::doc_9::Daniel House"", ""5ab5ed505542997d4ad1f255::doc_3::Azra"", ""5add11935542994734353827::doc_8::Cat Butt"", ""5a8db19d5542994ba4e3dd00::doc_7::Ophur"", ""5add11935542994734353827::doc_6::Jack Endino"", ""5add11935542994734353827::doc_7::Gruntruck""]","[0.871094, 0.862305, 0.856445, 0.811523, 0.803223, 0.801758, 0.800781, 0.79834, 0.790039, 0.786133]",1.0,1.0,1.0
dense,5a8c5569554299240d9c2126,"[""5a8c5569554299240d9c2126::doc_9::Gerry Marsden"", ""5a8c5569554299240d9c2126::doc_5::Daryl Hall"", ""5a8c5569554299240d9c2126::doc_6::Ferry Cross the Mersey"", ""5a8c5569554299240d9c2126::doc_8::Hall &amp; Oates"", ""5a8c5569554299240d9c2126::doc_2::Janna Allen"", ""5abdf12255429976d4830a2f::doc_4::Gary Cherone"", ""5a8c5569554299240d9c2126::doc_7::Jonathan Wolfson"", ""5a8c5569554299240d9c2126::doc_3::Live from Daryl's House"", ""5a8c5569554299240d9c2126::doc_4::Don't Let the Sun Catch You Crying"", ""5a8c5569554299240d9c2126::doc_0::Did It in a Minute""]","[0.865723, 0.834473, 0.809082, 0.802734, 0.801758, 0.797852, 0.791992, 0.787109, 0.779785, 0.777832]",1.0,1.0,1.0
dense,5a75f0ea5542994ccc91866c,"[""5a75f0ea5542994ccc91866c::doc_1::Backford Cross"", ""5a75f0ea5542994ccc91866c::doc_9::A41 road"", ""5a75f0ea5542994ccc91866c::doc_7::U.S. Route 19 Truck (Pittsburgh)"", ""5a75f0ea5542994ccc91866c::doc_5::A5117 road"", ""5a8133725542995ce29dcbdb::doc_2::R509 road (Ireland)"", ""5a8a3e745542996c9b8d5e70::doc_7::Crank Caverns"", ""5a75f0ea5542994ccc91866c::doc_6::U.S. Route 287"", ""5abd01205542992ac4f3819b::doc_5::Bruxner Highway"", ""5adf3e355542993a75d26440::doc_5::European route E47"", ""5a8b63fa55429950cd6afcd7::doc_0::Silver Line Way (MBTA station)""]","[0.870605, 0.831543, 0.80957, 0.798828, 0.794434, 0.793945, 0.793457, 0.787109, 0.783203, 0.782227]",1.0,1.0,1.0
dense,5a89f5815542993b751ca9c5,"[""5a89f5815542993b751ca9c5::doc_7::Caroline Carver (actress)"", ""5a89f5815542993b751ca9c5::doc_5::Snow White: The Fairest of Them All"", ""5a89f5815542993b751ca9c5::doc_3::The Magical Legend of the Leprechauns"", ""5a89f5815542993b751ca9c5::doc_8::Snow Queen (2002 film)"", ""5a8d5fc6554299585d9e37c6::doc_6::The Spiderwick Chronicles (film)"", ""5a89f5815542993b751ca9c5::doc_1::Silver Bells (film)"", ""5a89f5815542993b751ca9c5::doc_2::La Femme Musketeer"", ""5a80840f554299485f59863b::doc_5::Jawbreaker (film)"", ""5a80840f554299485f59863b::doc_1::Power of Three (Charmed)"", ""5a80840f554299485f59863b::doc_8::List of Charmed characters""]","[0.87793, 0.848633, 0.821777, 0.815918, 0.801758, 0.798828, 0.797852, 0.797363, 0.796387, 0.793945]",0.919721,1.0,1.0
dense,5a8d5fc6554299585d9e37c6,"[""5a8d5fc6554299585d9e37c6::doc_4::Sarah Bolger"", ""5a8d5fc6554299585d9e37c6::doc_6::The Spiderwick Chronicles (film)"", ""5a8d5fc6554299585d9e37c6::doc_9::The Moth Diaries (film)"", ""5a89f5815542993b751ca9c5::doc_7::Caroline Carver (actress)"", ""5a89f5815542993b751ca9c5::doc_5::Snow White: The Fairest of Them All"", ""5a8d5fc6554299585d9e37c6::doc_3::Barbie and the Secret Door"", ""5a877e5d5542993e715abf7d::doc_1::Season of the Witch (2011 film)"", ""5a85ea095542994775f606a8::doc_3::Shadowshaper"", ""5a89f5815542993b751ca9c5::doc_3::The Magical Legend of the Leprechauns"", ""5a8d5fc6554299585d9e37c6::doc_0::Magic in Harry Potter""]","[0.863281, 0.821777, 0.801758, 0.800293, 0.790039, 0.789062, 0.787598, 0.786621, 0.786133, 0.777344]",1.0,1.0,1.0
dense,5ac120c55542992a796dedfc,"[""5ac120c55542992a796dedfc::doc_1::Maxeda"", ""5a7625c7554299109176e668::doc_9::Bobby Mehta"", ""5a8b8b3155429949d91db5d7::doc_2::TaeguTec"", ""5a8e0a005542995085b373a1::doc_1::Terren Peizer"", ""5ac120c55542992a796dedfc::doc_9::Mekong Capital"", ""5ac120c55542992a796dedfc::doc_4::Leeds Equity Partners"", ""5ac120c55542992a796dedfc::doc_7::Avenue Capital Group"", ""5ac120c55542992a796dedfc::doc_3::HGGC"", ""5ac120c55542992a796dedfc::doc_8::Court Square Capital Partners"", ""5ac120c55542992a796dedfc::doc_2::Kohlberg Kravis Roberts""]","[0.870605, 0.807129, 0.806152, 0.805176, 0.804688, 0.800781, 0.79834, 0.79834, 0.795898, 0.794434]",0.790386,1.0,1.0
dense,5ab7c1a955429928e1fe38c8,"[""5ab7c1a955429928e1fe38c8::doc_7::Cressida Bonas"", ""5ab7c1a955429928e1fe38c8::doc_1::The Bye Bye Man"", ""5ab7c1a955429928e1fe38c8::doc_5::Lady Alexandra Curzon"", ""5a8d5fc6554299585d9e37c6::doc_4::Sarah Bolger"", ""5a89f5815542993b751ca9c5::doc_6::You Me and Captain Longbridge"", ""5a89f5815542993b751ca9c5::doc_7::Caroline Carver (actress)"", ""5a8d5fc6554299585d9e37c6::doc_9::The Moth Diaries (film)"", ""5a73a7c755429978a71e9068::doc_5::Anna Simpson"", ""5a80071f5542992bc0c4a684::doc_9::Alice David"", ""5a7b3f4d5542992d025e67bb::doc_9::Mary Zophres""]","[0.839844, 0.818848, 0.817383, 0.810547, 0.799805, 0.799805, 0.798828, 0.79541, 0.794922, 0.794922]",1.0,1.0,1.0
dense,5abd01205542992ac4f3819b,"[""5abd01205542992ac4f3819b::doc_4::Mummulgum"", ""5abd01205542992ac4f3819b::doc_5::Bruxner Highway"", ""5abd01205542992ac4f3819b::doc_1::Wollongbar, New South Wales"", ""5abd01205542992ac4f3819b::doc_6::Alstonville, New South Wales"", ""5abd01205542992ac4f3819b::doc_2::Casino, New South Wales"", ""5a8eea4a5542990e94052bb7::doc_9::Leda (river)"", ""5abd01205542992ac4f3819b::doc_3::Tabulam"", ""5abd01205542992ac4f3819b::doc_8::Bonshaw, New South Wales"", ""5abd01205542992ac4f3819b::doc_7::Tenterfield, New South Wales"", ""5adf3e355542993a75d26440::doc_5::European route E47""]","[0.875, 0.846191, 0.817383, 0.804199, 0.802734, 0.80127, 0.800293, 0.796875, 0.794922, 0.793457]",0.850345,1.0,1.0
dense,5ab69c25554299110f219a39,"[""5ab69c25554299110f219a39::doc_8::Owsley Stanley"", ""5ab69c25554299110f219a39::doc_6::Old and in the Way (album)"", ""5ab69c25554299110f219a39::doc_0::Jory Prum"", ""5ab69c25554299110f219a39::doc_9::Gary Arlington"", ""5add11935542994734353827::doc_1::Chris Hanzsek"", ""5ae4a3265542995ad6573de5::doc_3::Mild and Hazy"", ""5add11935542994734353827::doc_6::Jack Endino"", ""5ab859a955429934fafe6d7b::doc_2::Back to Mono (1958\u20131969)"", ""5a7cc50e554299452d57ba3e::doc_6::Beat Happening/Screaming Trees"", ""5a85b2d95542997b5ce40028::doc_1::Method Man""]","[0.857422, 0.836426, 0.815918, 0.79541, 0.794434, 0.79248, 0.791992, 0.788574, 0.78418, 0.782227]",1.0,1.0,1.0
dense,5a7b12a355429927d897bf2a,"[""5a7b12a355429927d897bf2a::doc_0::Columba de Dunbar"", ""5a7b12a355429927d897bf2a::doc_4::Gospatric, Earl of Northumbria"", ""5a7b12a355429927d897bf2a::doc_1::Earl of Dunbar"", ""5a7b12a355429927d897bf2a::doc_9::Bishop Dunbar's Hospital"", ""5a7d54165542995f4f402256::doc_8::St. Mary's Priory (Lothian)"", ""5a7b12a355429927d897bf2a::doc_6::George I, Earl of March"", ""5a7b12a355429927d897bf2a::doc_8::Spynie Palace"", ""5a7b12a355429927d897bf2a::doc_2::George II, Earl of March"", ""5a88dcf9554299206df2b383::doc_2::Auchterhouse Castle"", ""5a7b12a355429927d897bf2a::doc_5::Patrick IV, Earl of March""]","[0.895508, 0.831055, 0.820801, 0.816895, 0.811523, 0.808105, 0.805664, 0.801758, 0.799805, 0.798828]",0.81753,1.0,1.0
dense,5ae0006755429925eb1afbd3,"[""5ae0006755429925eb1afbd3::doc_7::Bubblegum Alley"", ""5ae0006755429925eb1afbd3::doc_9::Gum Wall"", ""5ae0006755429925eb1afbd3::doc_5::Up Your Alley Fair"", ""5ae0006755429925eb1afbd3::doc_3::Hollywood Star Lanes"", ""5ae0006755429925eb1afbd3::doc_2::Ouch! (gum)"", ""5a87d8215542994775f60800::doc_3::Bonsallo Avenue"", ""5abd01205542992ac4f3819b::doc_4::Mummulgum"", ""5ae0006755429925eb1afbd3::doc_0::Old US 67 Rest Area"", ""5ab8ee035542991b5579f04b::doc_2::California Hot Rod Reunion"", ""5a87d8215542994775f60800::doc_1::Central Avenue (Los Angeles)""]","[0.914551, 0.89209, 0.821777, 0.815918, 0.814453, 0.802734, 0.789062, 0.788086, 0.786133, 0.785156]",0.386853,0.5,0.5
dense,5ae305df5542992decbdcdc3,"[""5ae305df5542992decbdcdc3::doc_7::2012 Louisville Cardinals football team"", ""5ae305df5542992decbdcdc3::doc_6::2013 Sugar Bowl"", ""5a8e1027554299653c1aa15f::doc_4::2012 Colorado Buffaloes football team"", ""5ae305df5542992decbdcdc3::doc_0::Parkway Field"", ""5a7c960655429935c91b5244::doc_6::2012 Texas Tech Red Raiders football team"", ""5adf37a95542995ec70e8f97::doc_0::2012\u201313 VCU Rams men's basketball team"", ""5add673e5542992ae4cec54d::doc_3::The Rivalry (Lehigh\u2013Lafayette)"", ""5ab3e45655429976abd1bcd4::doc_1::2012\u201313 Vermont Catamounts men's basketball team"", ""5ab3e45655429976abd1bcd4::doc_8::2011\u201312 Vermont Catamounts men's basketball team"", ""5a8e1027554299653c1aa15f::doc_6::2011 Colorado Buffaloes football team""]","[0.880371, 0.82959, 0.821777, 0.821289, 0.812988, 0.811035, 0.810059, 0.805664, 0.805176, 0.803711]",1.0,1.0,1.0
dense,5a8574945542997b5ce3fffb,"[""5a8574945542997b5ce3fffb::doc_7::Gimme Shelter (1970 film)"", ""5a8574945542997b5ce3fffb::doc_5::LaLee's Kin: The Legacy of Cotton"", ""5a8574945542997b5ce3fffb::doc_0::Gimme Shelter (disambiguation)"", ""5a8574945542997b5ce3fffb::doc_2::Gimme Shelter (album)"", ""5a8574945542997b5ce3fffb::doc_9::Gimme Shelter"", ""5a8574945542997b5ce3fffb::doc_1::Merry Clayton"", ""5a8574945542997b5ce3fffb::doc_3::Baird Bryant"", ""5a8574945542997b5ce3fffb::doc_6::Altamont Diary"", ""5a7320565542991f9a20c61d::doc_7::Lucky to Be Alive (Confederate Railroad album)"", ""5abe239355429976d4830a7d::doc_6::Estelle Hemsley""]","[0.886719, 0.873535, 0.860352, 0.859863, 0.844238, 0.808105, 0.798828, 0.783691, 0.776855, 0.776855]",1.0,1.0,1.0
dense,5a7332935542991f9a20c67d,"[""5a7332935542991f9a20c67d::doc_3::Pirate's Cove"", ""5a7332935542991f9a20c67d::doc_7::Catan"", ""5a7332935542991f9a20c67d::doc_5::Catan Card Game"", ""5a7332935542991f9a20c67d::doc_4::Catan: Seafarers"", ""5a7332935542991f9a20c67d::doc_8::Catan Dice Game"", ""5a7332935542991f9a20c67d::doc_1::The Kids of Catan"", ""5a7332935542991f9a20c67d::doc_2::The Rivals for Catan"", ""5a7332935542991f9a20c67d::doc_0::Struggle for Rome (board game)"", ""5a7332935542991f9a20c67d::doc_6::Catan: Cities &amp; Knights"", ""5a7332935542991f9a20c67d::doc_9::Elasund""]","[0.876953, 0.873535, 0.866211, 0.866211, 0.862793, 0.857422, 0.856445, 0.84375, 0.841309, 0.832031]",1.0,1.0,1.0
dense,5a80071f5542992bc0c4a684,"[""5a80071f5542992bc0c4a684::doc_9::Alice David"", ""5a80071f5542992bc0c4a684::doc_4::Lara Croft and the Temple of Osiris"", ""5a80071f5542992bc0c4a684::doc_6::Lara Croft and the Guardian of Light"", ""5a80071f5542992bc0c4a684::doc_7::Tomb Raider (2013 video game)"", ""5a80071f5542992bc0c4a684::doc_8::Lara Croft"", ""5a80071f5542992bc0c4a684::doc_1::Tomb Raider"", ""5a80071f5542992bc0c4a684::doc_5::Lara Croft: Tomb Raider"", ""5a80071f5542992bc0c4a684::doc_3::Tomb Raider III"", ""5a80071f5542992bc0c4a684::doc_2::Lara Croft Go"", ""5a80071f5542992bc0c4a684::doc_0::List of Tomb Raider media""]","[0.881836, 0.881348, 0.874512, 0.874512, 0.871582, 0.865234, 0.861328, 0.86084, 0.859863, 0.858887]",0.877215,1.0,1.0
dense,5ae73c065542991e8301cc18,"[""5ae73c065542991e8301cc18::doc_7::Numb (Rihanna song)"", ""5ae73c065542991e8301cc18::doc_6::The Monster (song)"", ""5ae73c065542991e8301cc18::doc_4::Encore (Eminem song)"", ""5ae73c065542991e8301cc18::doc_2::Drop the World"", ""5a738d27554299623ed4abf3::doc_0::Erika Jayne"", ""5ac1b8ee5542994d76dccedc::doc_1::Seasoned Veteran"", ""5a864ff7554299211dda2af2::doc_2::Kill Kill (song)"", ""5a864ff7554299211dda2af2::doc_1::Back to December"", ""5ae7ba7a5542993210983f12::doc_4::I Don't Wanna Know"", ""5ac23ff0554299636651994d::doc_1::Be the One (Poison song)""]","[0.851562, 0.845215, 0.820801, 0.802246, 0.795898, 0.795898, 0.793945, 0.793457, 0.793457, 0.792969]",1.0,1.0,1.0
dense,5a87d8215542994775f60800,"[""5a87d8215542994775f60800::doc_2::End of Watch"", ""5a87d8215542994775f60800::doc_4::David Ayer"", ""5a87d8215542994775f60800::doc_8::Street Kings 2: Motor City"", ""5a87d8215542994775f60800::doc_5::Harsh Times"", ""5ab3b0bf5542992ade7c6e39::doc_7::End of Days (film)"", ""5a87d8215542994775f60800::doc_7::South of 8"", ""5a877e5d5542993e715abf7d::doc_4::Deadfall (1993 film)"", ""5abe239355429976d4830a7d::doc_8::Man Against the Mob"", ""5abc0a5d5542993f40c73c64::doc_0::Hackers (film)"", ""5ac1c6805542994ab5c67e11::doc_1::Larry Wilson (screenwriter)""]","[0.850098, 0.84082, 0.833496, 0.823242, 0.804688, 0.802734, 0.801758, 0.800293, 0.79248, 0.791504]",0.650921,0.5,1.0
dense,5ac2ffbd554299677310267b,"[""5ac2ffbd554299677310267b::doc_1::SuperMansion"", ""5ac2ffbd554299677310267b::doc_6::Jillian Bell"", ""5a791a97554299148911f9f2::doc_6::Ellie Kemper"", ""5ac2ffbd554299677310267b::doc_7::Jenna Dewan"", ""5ae0bae555429906c02dab08::doc_0::Gretchen Palmer"", ""5ac2ffbd554299677310267b::doc_4::Hilarie Burton"", ""5abd2eab5542992ac4f38210::doc_0::Shaunna O'Grady"", ""5a8bb29b554299240d9c2089::doc_2::Shelley Fabares"", ""5a8979f4554299669944a52e::doc_6::Bobbi Bacha"", ""5abd2eab5542992ac4f38210::doc_9::Katie Landers""]","[0.858887, 0.818848, 0.804199, 0.796875, 0.793945, 0.793457, 0.792969, 0.791992, 0.790527, 0.789551]",1.0,1.0,1.0
dense,5a7c960655429935c91b5244,"[""5a7c960655429935c91b5244::doc_3::1974 Texas Tech Red Raiders football team"", ""5a7c960655429935c91b5244::doc_2::Texas Tech University"", ""5a7c960655429935c91b5244::doc_7::2014 Texas Tech Red Raiders football team"", ""5a7c960655429935c91b5244::doc_6::2012 Texas Tech Red Raiders football team"", ""5a7c960655429935c91b5244::doc_1::2015 Texas Tech Red Raiders football team"", ""5a7c960655429935c91b5244::doc_0::2013 Texas Tech Red Raiders football team"", ""5a7c960655429935c91b5244::doc_4::2009 Texas Tech Red Raiders football team"", ""5a7c960655429935c91b5244::doc_5::1986 Texas Tech Red Raiders football team"", ""5a7c960655429935c91b5244::doc_9::2016 Texas Tech Red Raiders football team"", ""5ac32b565542995ef918c154::doc_7::1964 Georgia Tech Yellow Jackets football team""]","[0.890625, 0.883301, 0.874023, 0.871094, 0.864746, 0.859375, 0.858398, 0.858398, 0.856445, 0.821777]",1.0,1.0,1.0
dense,5a7d61775542991319bc93b9,"[""5a7d61775542991319bc93b9::doc_9::Siege of Bharatpur (1805)"", ""5a7d61775542991319bc93b9::doc_5::Stapleton Cotton, 1st Viscount Combermere"", ""5a7d61775542991319bc93b9::doc_7::Siege of Bharatpur"", ""5a7d61775542991319bc93b9::doc_2::Claude Auchinleck"", ""5a7d61775542991319bc93b9::doc_8::Commander-in-Chief, India"", ""5a7d61775542991319bc93b9::doc_6::Lohagarh Fort"", ""5a7d61775542991319bc93b9::doc_4::Bharatpur, Rajasthan"", ""5a7d61775542991319bc93b9::doc_3::Vishvendra Singh"", ""5ae4c49a5542995dadf24400::doc_0::Robert Plampin"", ""5a7a276d5542996c55b2dd27::doc_2::Charles Hastings Judd""]","[0.866699, 0.865723, 0.862793, 0.851074, 0.847168, 0.833984, 0.804688, 0.792969, 0.79248, 0.791016]",0.693426,0.5,1.0
dense,5ac1c6805542994ab5c67e11,"[""5ac1c6805542994ab5c67e11::doc_6::The Year Without a Santa Claus"", ""5ac1c6805542994ab5c67e11::doc_9::The Year Without a Santa Claus (2006 film)"", ""5ac1c6805542994ab5c67e11::doc_3::Rankin/Bass Productions"", ""5ac1c6805542994ab5c67e11::doc_2::Jonathan Meath"", ""5ac1c6805542994ab5c67e11::doc_7::A Miser Brothers' Christmas"", ""5ac1c6805542994ab5c67e11::doc_1::Larry Wilson (screenwriter)"", ""5ac1c6805542994ab5c67e11::doc_4::Santa Claus: The Movie"", ""5ab7e4dc5542995dae37e9df::doc_3::The Polar Bears"", ""5a717d4c5542994082a3e854::doc_8::The Year of the Dog (film)"", ""5ae0bae555429906c02dab08::doc_9::Stone Stanley Entertainment""]","[0.881348, 0.875, 0.826172, 0.82373, 0.823242, 0.819824, 0.810547, 0.799805, 0.799805, 0.796387]",0.919721,1.0,1.0
dense,5a7a230e5542996a35c170ee,"[""5a7a230e5542996a35c170ee::doc_8::The Naked Brothers Band (album)"", ""5a7a230e5542996a35c170ee::doc_7::The Naked Brothers Band: Music from the Movie"", ""5a7a230e5542996a35c170ee::doc_5::Nat Wolff"", ""5a7a230e5542996a35c170ee::doc_0::Alex Wolff"", ""5a7a230e5542996a35c170ee::doc_2::Nat and Alex Wolff"", ""5a7a230e5542996a35c170ee::doc_9::The Premiere (film)"", ""5a7a230e5542996a35c170ee::doc_6::I Don't Want to Go to School"", ""5a7a230e5542996a35c170ee::doc_1::Operation Mojo"", ""5a7a455c5542994f819ef1a7::doc_3::Flying with Music"", ""5a85fb085542994775f606de::doc_7::Legend (film score)""]","[0.851562, 0.847168, 0.846191, 0.83252, 0.82666, 0.820801, 0.817871, 0.816406, 0.803711, 0.798828]",0.306574,0.333333,0.5
dense,5ae4627d5542991a06ce9a4d,"[""5ae4627d5542991a06ce9a4d::doc_8::Sexual Politics"", ""5ae4627d5542991a06ce9a4d::doc_0::Kate Millett"", ""5ae4627d5542991a06ce9a4d::doc_9::Harris G. Mirkin"", ""5aba5d2e55429901930fa799::doc_0::Sheila Cavanagh"", ""5a7be2595542997c3ec972ac::doc_5::Jane de Gay"", ""5ae4627d5542991a06ce9a4d::doc_7::Shannon Bell"", ""5ae4627d5542991a06ce9a4d::doc_2::Carol J. Adams"", ""5a78bd9b554299078472774a::doc_0::Edmund Leach"", ""5a78bd9b554299078472774a::doc_8::Alfred Gell"", ""5ae4627d5542991a06ce9a4d::doc_6::Susie Bright""]","[0.880859, 0.852051, 0.835449, 0.831543, 0.830566, 0.816895, 0.812988, 0.808594, 0.806152, 0.802734]",1.0,1.0,1.0
dense,5ac2d1d755429921a00ab053,"[""5ac2d1d755429921a00ab053::doc_2::Roberta Vinci"", ""5ac2d1d755429921a00ab053::doc_7::Jorge Lozano"", ""5ac2d1d755429921a00ab053::doc_3::2011 Barcelona Ladies Open \u2013 Doubles"", ""5a887bc0554299206df2b2b6::doc_9::Roberto De Vicenzo"", ""5ac2d1d755429921a00ab053::doc_5::Flavia Pennetta"", ""5ac2d1d755429921a00ab053::doc_9::2015 Wimbledon Championships \u2013 Women's Doubles"", ""5ac2d1d755429921a00ab053::doc_4::1994 Athens International \u2013 Doubles"", ""5ac2d1d755429921a00ab053::doc_0::2015 Rogers Cup \u2013 Women's Doubles"", ""5ac2d1d755429921a00ab053::doc_6::Marta Domachowska"", ""5ac2d1d755429921a00ab053::doc_8::1988 Volvo International \u2013 Doubles""]","[0.879883, 0.875, 0.851562, 0.82959, 0.821777, 0.81543, 0.81543, 0.809082, 0.808105, 0.80127]",1.0,1.0,1.0
dense,5ab4e3065542990594ba9cb4,"[""5ab4e3065542990594ba9cb4::doc_0::Truth in Science"", ""5ab4e3065542990594ba9cb4::doc_7::Truth (anti-tobacco campaign)"", ""5ab4e3065542990594ba9cb4::doc_4::Discovery Institute"", ""5ab4e3065542990594ba9cb4::doc_5::Truth Initiative"", ""5ab4e3065542990594ba9cb4::doc_3::Discovery Museum and Planetarium"", ""5ab4e3065542990594ba9cb4::doc_9::Discovery Networks Benelux"", ""5a8f4c8d554299458435d5a3::doc_8::Religious Technology Center"", ""5ac2bbd0554299218029db09::doc_4::Creacionismo"", ""5abfb3425542990832d3a1c0::doc_9::EvidenceNetwork.ca"", ""5ab6a2be554299710c8d1f08::doc_5::Battle Beyond the Sun""]","[0.911621, 0.848633, 0.845215, 0.817871, 0.788086, 0.787109, 0.784668, 0.777832, 0.775879, 0.772949]",0.919721,1.0,1.0
dense,5ac298f9554299657fa28fc9,"[""5ac298f9554299657fa28fc9::doc_2::Ian Watkins (Lostprophets)"", ""5ac298f9554299657fa28fc9::doc_9::Josey Scott"", ""5ac298f9554299657fa28fc9::doc_4::Lostprophets"", ""5ac298f9554299657fa28fc9::doc_6::We Bring an Arsenal"", ""5ab69c25554299110f219a39::doc_8::Owsley Stanley"", ""5ac298f9554299657fa28fc9::doc_7::In It to Win It (Saliva album)"", ""5ac298f9554299657fa28fc9::doc_0::Where We Belong (Lostprophets song)"", ""5a8574945542997b5ce3fffb::doc_6::Altamont Diary"", ""5a8db19d5542994ba4e3dd00::doc_4::Local H"", ""5ac2d1d755429921a00ab053::doc_1::Morbo (band)""]","[0.856445, 0.827637, 0.783691, 0.781738, 0.780762, 0.776855, 0.770508, 0.768066, 0.768066, 0.766602]",1.0,1.0,1.0
dense,5ab6a2be554299710c8d1f08,"[""5ab6a2be554299710c8d1f08::doc_5::Battle Beyond the Sun"", ""5ab6a2be554299710c8d1f08::doc_8::Queen of Blood"", ""5ab6a2be554299710c8d1f08::doc_0::I Was a Satellite of the Sun"", ""5ab6a2be554299710c8d1f08::doc_2::Girl Seeks Father"", ""5ab6a2be554299710c8d1f08::doc_3::Battle Beyond the Stars"", ""5ab6a2be554299710c8d1f08::doc_9::Older Sister"", ""5a717d4c5542994082a3e854::doc_7::Confrontation (TV series)"", ""5ab6a2be554299710c8d1f08::doc_7::The Key (1961 film)"", ""5ab6a2be554299710c8d1f08::doc_6::The Scarlet Flower (1952 film)"", ""5a8a3e745542996c9b8d5e70::doc_8::Arena of Khazan""]","[0.885742, 0.869629, 0.841797, 0.826172, 0.818848, 0.817383, 0.809082, 0.807129, 0.806641, 0.793945]",1.0,1.0,1.0
dense,5a738d27554299623ed4abf3,"[""5a738d27554299623ed4abf3::doc_6::Marco Da Silva (dancer)"", ""5a738d27554299623ed4abf3::doc_9::Marco da Silva (French footballer)"", ""5a738d27554299623ed4abf3::doc_0::Erika Jayne"", ""5a738d27554299623ed4abf3::doc_2::Marquinhos (footballer, born June 1989)"", ""5a738d27554299623ed4abf3::doc_1::Em\u00edlio da Silva"", ""5ab271fe554299449642c8a6::doc_9::Jackie Lou Blanco"", ""5a85b2d95542997b5ce40028::doc_9::Amaruk Kayshapanta"", ""5ae005b555429942ec259bec::doc_2::Quando Eu Era Vivo"", ""5a738d27554299623ed4abf3::doc_8::Caf\u00e9 (musician)"", ""5ae7ed17554299540e5a56a3::doc_8::Ayesha Farooq""]","[0.870605, 0.848145, 0.834473, 0.803711, 0.796875, 0.794434, 0.779297, 0.770996, 0.769531, 0.768066]",0.919721,1.0,1.0
dense,5ab2a186554299295394677b,"[""5ab2a186554299295394677b::doc_9::Forbury Gardens"", ""5ab2a186554299295394677b::doc_5::Reading Post"", ""5ab2a186554299295394677b::doc_4::Maiwand Lion"", ""5ab2a186554299295394677b::doc_2::Manchester Cenotaph"", ""5ab2a186554299295394677b::doc_7::The Forbury Hotel"", ""5ab2a186554299295394677b::doc_3::York City War Memorial"", ""5a80721b554299485f5985ef::doc_6::Tower Hill Memorial"", ""5ab2a186554299295394677b::doc_1::Devon County War Memorial"", ""5ab2a186554299295394677b::doc_6::Spalding War Memorial"", ""5a80721b554299485f5985ef::doc_0::Livesey Hall War Memorial""]","[0.846191, 0.836914, 0.834961, 0.819824, 0.817383, 0.814453, 0.813477, 0.811035, 0.810547, 0.801758]",0.693426,0.5,1.0
dense,5a8704f8554299211dda2ba4,"[""5a8704f8554299211dda2ba4::doc_1::Aonghus M\u00f3r"", ""5a8704f8554299211dda2ba4::doc_8::Kingdom of the Isles"", ""5a8704f8554299211dda2ba4::doc_9::List of rulers of the Kingdom of the Isles"", ""5a8704f8554299211dda2ba4::doc_0::Lord of Islay"", ""5a8c65a1554299585d9e3680::doc_1::Ancient Order of Hibernians"", ""5ab2659e554299340b5254b2::doc_0::Duchy of Thuringia"", ""5ae0a59a55429945ae9593e2::doc_2::Durotriges"", ""5ab978855542996be2020512::doc_7::V\u00eddbl\u00e1in"", ""5a78bd9b554299078472774a::doc_9::Coral Gardens and Their Magic"", ""5ab978855542996be2020512::doc_4::Andlang""]","[0.869629, 0.861328, 0.855469, 0.833008, 0.800293, 0.790039, 0.786133, 0.782227, 0.78125, 0.779785]",1.0,1.0,1.0
dense,5ab5ed505542997d4ad1f255,"[""5ab5ed505542997d4ad1f255::doc_8::Bruce Spizer"", ""5ab5ed505542997d4ad1f255::doc_6::Cultural impact of the Beatles"", ""5ab5ed505542997d4ad1f255::doc_9::Cultural depictions of Elvis Presley"", ""5ab5ed505542997d4ad1f255::doc_1::Marsha Albert"", ""5a8574945542997b5ce3fffb::doc_8::Keith Richards"", ""5ab69c25554299110f219a39::doc_8::Owsley Stanley"", ""5ab5ed505542997d4ad1f255::doc_3::Azra"", ""5ab859a955429934fafe6d7b::doc_2::Back to Mono (1958\u20131969)"", ""5a722b8655429971e9dc9329::doc_3::Jim Shoulders"", ""5abdf12255429976d4830a2f::doc_8::Stranger in Town (album)""]","[0.852051, 0.811523, 0.810059, 0.801758, 0.800781, 0.800781, 0.786621, 0.783691, 0.782715, 0.782715]",0.613147,1.0,0.5
dense,5a77c1505542997042120b1b,"[""5a77c1505542997042120b1b::doc_5::A Lot About Livin' (And a Little 'bout Love)"", ""5a77c1505542997042120b1b::doc_6::Chattahoochee (song)"", ""5a77c1505542997042120b1b::doc_1::(Who Says) You Can't Have It All"", ""5a77c1505542997042120b1b::doc_0::Steers &amp; Stripes"", ""5a77c1505542997042120b1b::doc_9::Tonight I Climbed the Wall"", ""5a77c1505542997042120b1b::doc_7::She's Got the Rhythm (And I Got the Blues)"", ""5a818387554299260e20a291::doc_4::Keyed Up"", ""5a77c1505542997042120b1b::doc_3::Holler Back"", ""5ae7ba7a5542993210983f12::doc_9::Stay (Sugarland song)"", ""5ab859a955429934fafe6d7b::doc_8::To Know Him Is to Love Him""]","[0.894531, 0.849121, 0.841309, 0.831055, 0.82959, 0.829102, 0.816895, 0.812012, 0.809082, 0.807617]",0.386853,0.5,0.5
dense,5a88d745554299206df2b378,"[""5a88d745554299206df2b378::doc_7::Pietro Germi"", ""5a88d745554299206df2b378::doc_4::David Yates"", ""5a88d745554299206df2b378::doc_2::Serafino (film)"", ""5a88d745554299206df2b378::doc_1::Ottavio Alessi"", ""5ab69c25554299110f219a39::doc_0::Jory Prum"", ""5a88d745554299206df2b378::doc_5::The Testimony (1946 film)"", ""5a88d745554299206df2b378::doc_8::Lipstick (1960 film)"", ""5a877e5d5542993e715abf7d::doc_3::David Weissman"", ""5a88d745554299206df2b378::doc_0::Divorce Italian Style"", ""5aba749055429901930fa7d8::doc_7::Aram Avakian""]","[0.872559, 0.853516, 0.820801, 0.807129, 0.797852, 0.791992, 0.791504, 0.789062, 0.788574, 0.783691]",1.0,1.0,1.0
dense,5ae748d1554299572ea547b0,"[""5ae748d1554299572ea547b0::doc_8::Wayne Garland"", ""5ae748d1554299572ea547b0::doc_3::Baltimore Orioles"", ""5ae748d1554299572ea547b0::doc_0::History of the Washington Senators (1901\u201360)"", ""5ae748d1554299572ea547b0::doc_2::Detroit Tigers"", ""5ae748d1554299572ea547b0::doc_1::History of the Minnesota Twins"", ""5ae748d1554299572ea547b0::doc_5::Boston Red Sox"", ""5ae748d1554299572ea547b0::doc_9::Guelph Royals (baseball)"", ""5ae748d1554299572ea547b0::doc_4::History of the Cleveland Indians"", ""5a85cead5542991dd0999ea9::doc_5::Frank Thomas (designated hitter)"", ""5a85cead5542991dd0999ea9::doc_2::Dick Kauffman""]","[0.87793, 0.877441, 0.836426, 0.834473, 0.833984, 0.828613, 0.813477, 0.805664, 0.800293, 0.800293]",1.0,1.0,1.0
dense,5a7a8a9c554299042af8f666,"[""5a7a8a9c554299042af8f666::doc_0::Argand lamp"", ""5a7a8a9c554299042af8f666::doc_7::Lewis lamp"", ""5a7a8a9c554299042af8f666::doc_8::Hefner lamp"", ""5a7a8a9c554299042af8f666::doc_9::Carbon button lamp"", ""5a7a8a9c554299042af8f666::doc_3::Kerosene lamp"", ""5a7a8a9c554299042af8f666::doc_6::Trouble light"", ""5a7a8a9c554299042af8f666::doc_1::Hollow-cathode lamp"", ""5a7a8a9c554299042af8f666::doc_5::Kudlik"", ""5ab8688b55429934fafe6daa::doc_5::Starlite"", ""5a7a8a9c554299042af8f666::doc_4::Glow switch starter""]","[0.905273, 0.904785, 0.831055, 0.827637, 0.827637, 0.817871, 0.811523, 0.802246, 0.801758, 0.79834]",1.0,1.0,1.0
dense,5adffe7155429906c02daa9e,"[""5adffe7155429906c02daa9e::doc_6::When Harry Met Sally... (soundtrack)"", ""5adffe7155429906c02daa9e::doc_5::When Harry Met Sally..."", ""5adffe7155429906c02daa9e::doc_0::Harry Connick Jr."", ""5a8574945542997b5ce3fffb::doc_1::Merry Clayton"", ""5a774e9c55429972597f14f3::doc_5::Larnelle Harris"", ""5a722b8655429971e9dc9329::doc_6::Boots (album)"", ""5ac3e0f7554299194317388b::doc_9::American Beauty (soundtrack)"", ""5a738d27554299623ed4abf3::doc_0::Erika Jayne"", ""5a85fb085542994775f606de::doc_5::Mulan (soundtrack)"", ""5ae2070a5542994d89d5b313::doc_8::About a Boy (soundtrack)""]","[0.878418, 0.834961, 0.821289, 0.813477, 0.8125, 0.806641, 0.803223, 0.801758, 0.797852, 0.797852]",0.919721,1.0,1.0
dense,5ab642845542995eadeeff8e,"[""5ab642845542995eadeeff8e::doc_4::Laeliocattleya"", ""5ab642845542995eadeeff8e::doc_6::Broughtonia"", ""5ab642845542995eadeeff8e::doc_0::Broughtonia sanguinea"", ""5ab642845542995eadeeff8e::doc_8::Cattleytonia"", ""5ab642845542995eadeeff8e::doc_5::Caladenia"", ""5ab642845542995eadeeff8e::doc_7::Calochilus"", ""5ab642845542995eadeeff8e::doc_2::Otaara"", ""5ab642845542995eadeeff8e::doc_9::Hawkinsara"", ""5ab642845542995eadeeff8e::doc_3::Paracaleana"", ""5a8e068b5542995085b37384::doc_0::Silene latifolia""]","[0.899414, 0.893555, 0.875977, 0.86377, 0.83252, 0.829102, 0.825684, 0.825195, 0.814941, 0.811035]",1.0,1.0,1.0
dense,5a906a685542990a9849362e,"[""5a906a685542990a9849362e::doc_4::Algeria at the FIFA World Cup"", ""5a906a685542990a9849362e::doc_6::2014 FIFA World Cup"", ""5a906a685542990a9849362e::doc_2::2002 FIFA World Cup"", ""5ab9374b554299131ca422c6::doc_8::Morocco 2026 FIFA World Cup bid"", ""5ab9374b554299131ca422c6::doc_1::Qatar 2022 FIFA World Cup bid"", ""5a906a685542990a9849362e::doc_0::2015 Cricket World Cup opening ceremony"", ""5ab9374b554299131ca422c6::doc_3::Indonesia 2022 FIFA World Cup bid"", ""5ab9374b554299131ca422c6::doc_4::Japan 2022 FIFA World Cup bid"", ""5a906a685542990a9849362e::doc_3::1991 Rugby World Cup"", ""5ab9374b554299131ca422c6::doc_6::South Korea 2022 FIFA World Cup bid""]","[0.88623, 0.85498, 0.847168, 0.834961, 0.824707, 0.824219, 0.81543, 0.814453, 0.8125, 0.8125]",1.0,1.0,1.0
dense,5a7633ad5542992db9473741,"[""5a7633ad5542992db9473741::doc_1::Battle of Manila (1945)"", ""5a7633ad5542992db9473741::doc_7::Seven Days Battles"", ""5a7633ad5542992db9473741::doc_2::Seven Days Union order of battle"", ""5a7633ad5542992db9473741::doc_0::Seven Days Confederate order of battle"", ""5a7633ad5542992db9473741::doc_9::Battle of Malvern Hill"", ""5a7633ad5542992db9473741::doc_8::Northern Virginia Campaign"", ""5a7633ad5542992db9473741::doc_6::Battle of Port Republic"", ""5abf63f15542997ec76fd3ea::doc_5::Battle of Romanovka"", ""5a7633ad5542992db9473741::doc_3::Battle of Cross Keys"", ""5a87ab9b5542996e4f3088c2::doc_8::Battle of Fallen Timbers""]","[0.855469, 0.85498, 0.821289, 0.815918, 0.799805, 0.79834, 0.791504, 0.789062, 0.788086, 0.78418]",1.0,1.0,1.0
dense,5a74ce9655429974ef308c6c,"[""5a74ce9655429974ef308c6c::doc_9::ABQ Uptown"", ""5a74ce9655429974ef308c6c::doc_1::Poole Methodist Church"", ""5a74ce9655429974ef308c6c::doc_6::Lush (company)"", ""5a74ce9655429974ef308c6c::doc_4::Canford Cliffs"", ""5a74ce9655429974ef308c6c::doc_7::Fire Radio"", ""5ab84bf555429916710eb01f::doc_9::Lewis's"", ""5ab84bf555429916710eb01f::doc_4::Carrefour"", ""5ae057fd55429945ae959328::doc_3::RetailMeNot"", ""5a74ce9655429974ef308c6c::doc_3::List of cider producers in Dorset"", ""5ab84bf555429916710eb01f::doc_6::SavaCentre""]","[0.873535, 0.826172, 0.817871, 0.808594, 0.805664, 0.803711, 0.802246, 0.800781, 0.799805, 0.799316]",0.919721,1.0,1.0
dense,5a713a5a5542994082a3e6a9,"[""5a713a5a5542994082a3e6a9::doc_5::Trafford Bar tram stop"", ""5a713a5a5542994082a3e6a9::doc_4::Old Trafford, Greater Manchester"", ""5a713a5a5542994082a3e6a9::doc_6::Gorse Hill"", ""5a713a5a5542994082a3e6a9::doc_1::Manchester United F.C."", ""5a713a5a5542994082a3e6a9::doc_0::Manchester United F.C. in European football"", ""5ae0aaf455429945ae959401::doc_0::Boston United F.C."", ""5ae0aaf455429945ae959401::doc_8::Salford City F.C."", ""5aba7cfe554299232ef4a2fd::doc_3::Springfield Park (Wigan)"", ""5aba7cfe554299232ef4a2fd::doc_9::List of Wigan Borough F.C. players"", ""5ae0aaf455429945ae959401::doc_3::Gainsborough Trinity F.C.""]","[0.846191, 0.84375, 0.829102, 0.826172, 0.811035, 0.807617, 0.800781, 0.796875, 0.791016, 0.790527]",0.624051,0.5,1.0
dense,5ab341f755429969a97a8114,"[""5ab341f755429969a97a8114::doc_6::Chim Chim Cher-ee"", ""5ab341f755429969a97a8114::doc_8::Mary Poppins (song)"", ""5ab341f755429969a97a8114::doc_1::Step in Time"", ""5ab341f755429969a97a8114::doc_0::I Love to Laugh"", ""5ab341f755429969a97a8114::doc_7::Mary Poppins (film)"", ""5ab341f755429969a97a8114::doc_3::A Man Has Dreams"", ""5ab341f755429969a97a8114::doc_9::The Great Movie Ride"", ""5ab341f755429969a97a8114::doc_4::Mary Poppins Opens the Door"", ""5ab341f755429969a97a8114::doc_2::My Kind of Town"", ""5ae6050f55429929b0807a5e::doc_4::The Wonderful Thing About Tiggers""]","[0.916016, 0.861328, 0.846191, 0.837402, 0.834961, 0.828125, 0.818848, 0.813477, 0.807129, 0.806641]",0.81753,1.0,1.0
dense,5a8325b35542990548d0b18f,"[""5a8325b35542990548d0b18f::doc_3::Kathy Sullivan (Australian politician)"", ""5a8325b35542990548d0b18f::doc_0::Bronwyn Bishop"", ""5a8325b35542990548d0b18f::doc_5::Roslyn Dundas"", ""5a8325b35542990548d0b18f::doc_1::Philip Ruddock"", ""5a8325b35542990548d0b18f::doc_2::Carol Martin"", ""5a8325b35542990548d0b18f::doc_8::Richard Torbay"", ""5a8325b35542990548d0b18f::doc_4::Michael Atkinson"", ""5a8325b35542990548d0b18f::doc_6::Bob Debus"", ""5a879adb5542996e4f30887f::doc_2::Hannah Gale"", ""5a8325b35542990548d0b18f::doc_7::Mehmet Tillem""]","[0.885254, 0.874512, 0.839844, 0.836426, 0.833008, 0.826172, 0.82373, 0.820801, 0.811523, 0.805176]",1.0,1.0,1.0
dense,5ab9374b554299131ca422c6,"[""5ab9374b554299131ca422c6::doc_9::Australia 2022 FIFA World Cup bid"", ""5ab9374b554299131ca422c6::doc_2::Russia 2018 FIFA World Cup bid"", ""5ab9374b554299131ca422c6::doc_3::Indonesia 2022 FIFA World Cup bid"", ""5ab9374b554299131ca422c6::doc_1::Qatar 2022 FIFA World Cup bid"", ""5ab9374b554299131ca422c6::doc_6::South Korea 2022 FIFA World Cup bid"", ""5ab9374b554299131ca422c6::doc_4::Japan 2022 FIFA World Cup bid"", ""5ab9374b554299131ca422c6::doc_7::United States 2022 FIFA World Cup bid"", ""5ab9374b554299131ca422c6::doc_5::2018 and 2022 FIFA World Cup bids"", ""5ab9374b554299131ca422c6::doc_8::Morocco 2026 FIFA World Cup bid"", ""5a906a685542990a9849362e::doc_1::Orvar Bergmark""]","[0.879395, 0.84375, 0.837891, 0.837402, 0.833496, 0.833008, 0.83252, 0.82666, 0.822754, 0.79834]",0.613147,1.0,0.5
dense,5ae52c0f5542992663a4f12e,"[""5ae52c0f5542992663a4f12e::doc_3::Faith Lutheran Middle School &amp; High School"", ""5ae52c0f5542992663a4f12e::doc_8::Faith Lutheran High School"", ""5ae52c0f5542992663a4f12e::doc_0::Lutheran High School (La Verne, California)"", ""5ae52c0f5542992663a4f12e::doc_1::Faith Lutheran College, Redlands"", ""5a7ddc5a5542995f4f4022da::doc_5::Monroe Catholic High School"", ""5a7ddc5a5542995f4f4022da::doc_7::Carmel High School (Mundelein, Illinois)"", ""5a7ddc5a5542995f4f4022da::doc_3::Bishop Carroll Catholic High School"", ""5a7ddc5a5542995f4f4022da::doc_8::Fremont School District 79"", ""5a7ddc5a5542995f4f4022da::doc_1::Spalding Catholic High School"", ""5ae52c0f5542992663a4f12e::doc_7::Paso Robles High School""]","[0.913574, 0.895508, 0.870605, 0.868652, 0.833008, 0.830078, 0.825195, 0.825195, 0.822754, 0.822266]",0.613147,1.0,0.5
dense,5adbfbd555429947ff173893,"[""5adbfbd555429947ff173893::doc_2::2014 Young Hollywood Awards"", ""5adbfbd555429947ff173893::doc_9::Young Hollywood Awards"", ""5adbfbd555429947ff173893::doc_0::2013 Young Hollywood Awards"", ""5a774e9c55429972597f14f3::doc_9::Muyiwa Olarewaju"", ""5adbfbd555429947ff173893::doc_6::Kelly Osbourne"", ""5adbfbd555429947ff173893::doc_3::12th Youth in Film Awards"", ""5adf58f15542993a75d264d2::doc_9::The Young Ones (TV series)"", ""5a7b3f4d5542992d025e67bb::doc_0::City of Stars"", ""5adf58f15542993a75d264d2::doc_6::Filthy Rich &amp; Catflap"", ""5a864ff7554299211dda2af2::doc_4::Yoann Lemoine""]","[0.852051, 0.844238, 0.827148, 0.800781, 0.799805, 0.793457, 0.789062, 0.785645, 0.783691, 0.782715]",0.850345,1.0,1.0
dense,5ab7f0015542992aa3b8c88b,"[""5ab7f0015542992aa3b8c88b::doc_3::Sean Yseult"", ""5ab7f0015542992aa3b8c88b::doc_5::Didi Beck"", ""5ab7f0015542992aa3b8c88b::doc_4::Double Dagger"", ""5a818387554299260e20a291::doc_8::Christy Sutherland"", ""5a791a97554299148911f9f2::doc_2::Brenda Bennett"", ""5ab7f0015542992aa3b8c88b::doc_2::Dave Meros"", ""5ab7f0015542992aa3b8c88b::doc_0::Rodney Slatford"", ""5a7be2595542997c3ec972ac::doc_1::Emma Bull"", ""5a774e9c55429972597f14f3::doc_7::Charles Charamba"", ""5ae73c065542991e8301cc18::doc_9::Barbara Higbie""]","[0.85791, 0.814941, 0.807617, 0.804688, 0.803223, 0.797852, 0.789062, 0.788574, 0.788086, 0.786621]",0.613147,1.0,0.5
dense,5ac547525542993e66e822a3,"[""5ac547525542993e66e822a3::doc_6::Food and Drug Administration"", ""5ac547525542993e66e822a3::doc_0::New Bolton Center"", ""5ac547525542993e66e822a3::doc_2::Supporting Healthy Marriage Project"", ""5ae0d4c9554299603e418468::doc_7::Office of Population Affairs"", ""5ac547525542993e66e822a3::doc_8::United States Public Health Service"", ""5ac547525542993e66e822a3::doc_4::Center for Pan Asian Community Services, Inc."", ""5ac547525542993e66e822a3::doc_5::Ontario Veterinary College"", ""5ac547525542993e66e822a3::doc_9::Western University of Health Sciences"", ""5ae0d4c9554299603e418468::doc_9::Edward D. Martin"", ""5ae0d4c9554299603e418468::doc_3::Steven K. Galson""]","[0.847656, 0.83252, 0.824219, 0.821289, 0.819824, 0.808594, 0.805664, 0.803711, 0.802734, 0.799805]",0.613147,1.0,0.5
dense,5a7cbf8c554299452d57b9f4,"[""5a7cbf8c554299452d57b9f4::doc_7::Dinosaur (film)"", ""5a7cbf8c554299452d57b9f4::doc_5::McFarland, USA"", ""5a7cbf8c554299452d57b9f4::doc_0::Cinizasaurus"", ""5adc53f75542996e6852530a::doc_1::Frenchman Formation"", ""5a7cbf8c554299452d57b9f4::doc_2::Oryctodromeus"", ""5a7cbf8c554299452d57b9f4::doc_8::Fruitadens"", ""5a7cbf8c554299452d57b9f4::doc_1::Sphaerotholus"", ""5a7cbf8c554299452d57b9f4::doc_3::Cryptoraptor"", ""5a7cbf8c554299452d57b9f4::doc_9::Dakotadon"", ""5a7cbf8c554299452d57b9f4::doc_4::Comanchesaurus""]","[0.853516, 0.839844, 0.791504, 0.783203, 0.783203, 0.782715, 0.781738, 0.780273, 0.775879, 0.772949]",1.0,1.0,1.0
dense,5a7ddc5a5542995f4f4022da,"[""5a7ddc5a5542995f4f4022da::doc_3::Bishop Carroll Catholic High School"", ""5a7ddc5a5542995f4f4022da::doc_4::Kapaun Mt. Carmel Catholic High School"", ""5a7ddc5a5542995f4f4022da::doc_7::Carmel High School (Mundelein, Illinois)"", ""5a7ddc5a5542995f4f4022da::doc_6::Bishop Manogue High School"", ""5ac0d83a554299294b219038::doc_3::Bishop Gorman High School"", ""5a7ddc5a5542995f4f4022da::doc_1::Spalding Catholic High School"", ""5a7ddc5a5542995f4f4022da::doc_5::Monroe Catholic High School"", ""5a7ddc5a5542995f4f4022da::doc_2::St. Petersburg Catholic High School"", ""5a8a43eb5542996c9b8d5e82::doc_2::Cotter High School (Winona, Minnesota)"", ""5a7ddc5a5542995f4f4022da::doc_9::Bishop Sullivan Catholic High School""]","[0.931641, 0.912598, 0.856934, 0.845703, 0.829102, 0.82373, 0.820312, 0.81543, 0.813477, 0.812012]",1.0,1.0,1.0
dense,5a7a1cd85542990783324e65,"[""5a7a1cd85542990783324e65::doc_4::Michigan Democratic primary, 2016"", ""5a7a1cd85542990783324e65::doc_1::United States presidential election, 2016"", ""5a7a1cd85542990783324e65::doc_5::United States presidential election, 2020"", ""5a7a1cd85542990783324e65::doc_2::United States presidential election, 2012"", ""5a7a1cd85542990783324e65::doc_3::2044 election"", ""5a7a1cd85542990783324e65::doc_6::United States presidential election, 1968"", ""5a7a1cd85542990783324e65::doc_7::United States presidential election, 1960"", ""5a7a1cd85542990783324e65::doc_8::United States presidential election, 1964"", ""5a7a1cd85542990783324e65::doc_0::United States presidential election, 1976"", ""5a7a1cd85542990783324e65::doc_9::United States presidential election, 1892""]","[0.896484, 0.891113, 0.864258, 0.859863, 0.85498, 0.842285, 0.838379, 0.835449, 0.82959, 0.812988]",1.0,1.0,1.0
dense,5ae0a59a55429945ae9593e2,"[""5ae0a59a55429945ae9593e2::doc_6::Roman conquest of Britain"", ""5ae0a59a55429945ae9593e2::doc_8::Catuvellauni"", ""5ae0a59a55429945ae9593e2::doc_0::Romano-British culture"", ""5ae0a59a55429945ae9593e2::doc_5::Togodumnus"", ""5ae0a59a55429945ae9593e2::doc_3::Corieltauvi"", ""5ae0a59a55429945ae9593e2::doc_4::AD 43"", ""5a8704f8554299211dda2ba4::doc_9::List of rulers of the Kingdom of the Isles"", ""5ae0a59a55429945ae9593e2::doc_2::Durotriges"", ""5a7b12a355429927d897bf2a::doc_1::Earl of Dunbar"", ""5a7b12a355429927d897bf2a::doc_4::Gospatric, Earl of Northumbria""]","[0.853516, 0.844727, 0.833008, 0.814941, 0.807617, 0.807617, 0.800781, 0.800293, 0.799316, 0.79834]",0.650921,0.5,1.0
dense,5a8b987f5542997f31a41d7a,"[""5a8b987f5542997f31a41d7a::doc_0::&quot;Q&quot; Is for Quarry"", ""5a8b987f5542997f31a41d7a::doc_3::Sue Grafton"", ""5a7b7ff75542995eb53be93d::doc_3::Arthur Conan Doyle"", ""5a8b987f5542997f31a41d7a::doc_4::Andy Straka"", ""5a8b987f5542997f31a41d7a::doc_2::June Thomson"", ""5a7b7ff75542995eb53be93d::doc_0::Dead Man's Land"", ""5a7b7ff75542995eb53be93d::doc_9::Adrian Conan Doyle"", ""5a8b987f5542997f31a41d7a::doc_5::C. Hugh Holman"", ""5a7b7ff75542995eb53be93d::doc_1::The Adventure of the Empty House"", ""5a8b987f5542997f31a41d7a::doc_9::The Crooked Hinge""]","[0.897461, 0.845703, 0.81543, 0.803711, 0.798828, 0.797363, 0.796875, 0.79248, 0.791992, 0.791016]",1.0,1.0,1.0
dense,5a8739a05542994775f607ab,"[""5a8739a05542994775f607ab::doc_3::New York's 1st State Senate district"", ""5a8739a05542994775f607ab::doc_1::New York's 2nd State Senate district"", ""5a8739a05542994775f607ab::doc_9::New York's 4th State Senate district"", ""5a8739a05542994775f607ab::doc_5::New York's 3rd State Senate district"", ""5a8739a05542994775f607ab::doc_6::Steven Bradford"", ""5a8739a05542994775f607ab::doc_0::Kenneth LaValle"", ""5a8739a05542994775f607ab::doc_7::Andrea Stewart-Cousins"", ""5ae2dd2055429928c423950d::doc_0::Steven D. Smith"", ""5a8739a05542994775f607ab::doc_8::Hawaii Senate"", ""5a8739a05542994775f607ab::doc_4::California State Senate""]","[0.877441, 0.858887, 0.858887, 0.858398, 0.84668, 0.843262, 0.831543, 0.82666, 0.818359, 0.817383]",0.831555,1.0,1.0
dense,5ae67dba55429908198fa5f0,"[""5ae67dba55429908198fa5f0::doc_8::Memphis Hustle"", ""5ae67dba55429908198fa5f0::doc_4::Memphis metropolitan area"", ""5ae67dba55429908198fa5f0::doc_6::West Memphis, Arkansas"", ""5ae67dba55429908198fa5f0::doc_9::Olive Branch, Mississippi"", ""5ae67dba55429908198fa5f0::doc_2::Millington, Tennessee"", ""5ae67dba55429908198fa5f0::doc_7::Southaven, Mississippi"", ""5ae67dba55429908198fa5f0::doc_1::Lakeland, Tennessee"", ""5a7166395542994082a3e814::doc_6::Kansas City metropolitan area"", ""5a7166395542994082a3e814::doc_0::North Kansas City, Missouri"", ""5ae0006755429925eb1afbd3::doc_8::San Luis Obispo, California""]","[0.877441, 0.833984, 0.829102, 0.824707, 0.819336, 0.81543, 0.814453, 0.802246, 0.79834, 0.796875]",0.831555,1.0,1.0
dense,5a7b3f4d5542992d025e67bb,"[""5a7b3f4d5542992d025e67bb::doc_2::Pasek and Paul"", ""5a7b3f4d5542992d025e67bb::doc_8::A Christmas Story: The Musical"", ""5a7b3f4d5542992d025e67bb::doc_4::List of accolades received by La La Land"", ""5a7b3f4d5542992d025e67bb::doc_7::La La Land (Demi Lovato song)"", ""5a7b3f4d5542992d025e67bb::doc_0::City of Stars"", ""5a7b3f4d5542992d025e67bb::doc_5::La La Land (soundtrack)"", ""5a7b3f4d5542992d025e67bb::doc_6::Audition (The Fools Who Dream)"", ""5a7b3f4d5542992d025e67bb::doc_1::Another Day of Sun"", ""5a73a7c755429978a71e9068::doc_7::Beauty and the Beast (Disney song)"", ""5a73a7c755429978a71e9068::doc_2::Be Our Guest""]","[0.86084, 0.842285, 0.834961, 0.833984, 0.830566, 0.828613, 0.825684, 0.810547, 0.807129, 0.803223]",1.0,1.0,1.0
dense,5ae2dfd155429928c423951b,"[""5ae2dfd155429928c423951b::doc_7::Shelly Beach, New South Wales"", ""5ae2dfd155429928c423951b::doc_4::Shelly Beach (Manly)"", ""5ae2dfd155429928c423951b::doc_6::City of Newcastle"", ""5ae2dfd155429928c423951b::doc_2::Bucketty"", ""5ae2dfd155429928c423951b::doc_8::Niagara Park, New South Wales"", ""5ae2dfd155429928c423951b::doc_5::Unincorporated Far West Region"", ""5abd01205542992ac4f3819b::doc_9::Goonellabah, New South Wales"", ""5ae2dfd155429928c423951b::doc_0::Mount View, New South Wales"", ""5ae2dfd155429928c423951b::doc_3::Gillieston Heights"", ""5abd01205542992ac4f3819b::doc_7::Tenterfield, New South Wales""]","[0.883789, 0.880859, 0.880859, 0.838379, 0.834473, 0.823242, 0.820312, 0.819824, 0.812012, 0.811523]",0.919721,1.0,1.0
dense,5ab6ba245542995eadef007f,"[""5ab6ba245542995eadef007f::doc_5::Bamboo Ma\u00f1alac"", ""5ab6ba245542995eadef007f::doc_2::Danny Jones"", ""5ab6ba245542995eadef007f::doc_7::Bamboo (band)"", ""5ab6ba245542995eadef007f::doc_8::No Water, No Moon"", ""5ab6ba245542995eadef007f::doc_3::As the Music Plays"", ""5add11935542994734353827::doc_9::Daniel House"", ""5ab6ba245542995eadef007f::doc_4::Rivermaya"", ""5ae2070a5542994d89d5b313::doc_6::Badly Drawn Boy"", ""5ab7f0015542992aa3b8c88b::doc_2::Dave Meros"", ""5ae4a3265542995ad6573de5::doc_4::Masami Tsuchiya""]","[0.871582, 0.848145, 0.843262, 0.83252, 0.801758, 0.794922, 0.787598, 0.787109, 0.783691, 0.780273]",1.0,1.0,1.0
dense,5ab8854555429934fafe6e0c,"[""5ab8854555429934fafe6e0c::doc_7::Hanna Varis"", ""5ab8854555429934fafe6e0c::doc_8::Albertina"", ""5a7a276d5542996c55b2dd27::doc_1::Merrie Monarch Festival"", ""5ac1b8ee5542994d76dccedc::doc_2::AES+F"", ""5ae73acb5542991e8301cc07::doc_9::Katri, Girl of the Meadows"", ""5ab4e3065542990594ba9cb4::doc_3::Discovery Museum and Planetarium"", ""5a80721b554299485f5985ef::doc_1::Alamein Memorial"", ""5adbf0a255429947ff17385a::doc_6::Esma Sultan Mansion"", ""5ab8688b55429934fafe6daa::doc_1::Nidderdale Museum"", ""5adbf0a255429947ff17385a::doc_5::Laleli Mosque""]","[0.881348, 0.833008, 0.773926, 0.772461, 0.772461, 0.769531, 0.76709, 0.766113, 0.765625, 0.765625]",1.0,1.0,1.0
dense,5a8eea4a5542990e94052bb7,"[""5a8eea4a5542990e94052bb7::doc_9::Leda (river)"", ""5a8eea4a5542990e94052bb7::doc_6::Leer"", ""5a8eea4a5542990e94052bb7::doc_4::Old Frisian"", ""5a8eea4a5542990e94052bb7::doc_8::Old Saxon"", ""5a8eea4a5542990e94052bb7::doc_0::German language"", ""5a8eea4a5542990e94052bb7::doc_5::Afrikaans"", ""5a8eea4a5542990e94052bb7::doc_2::Proto-Norse language"", ""5a8eea4a5542990e94052bb7::doc_3::Dutch language"", ""5a8eea4a5542990e94052bb7::doc_1::English language"", ""5ae0a59a55429945ae9593e2::doc_3::Corieltauvi""]","[0.891113, 0.877441, 0.841309, 0.830566, 0.825195, 0.820312, 0.814941, 0.80957, 0.807129, 0.786621]",0.919721,1.0,1.0
dense,5a74c85055429916b0164218,"[""5a7625e8554299109176e66a::doc_6::George V"", ""5a74c85055429916b0164218::doc_2::Alistair Grant"", ""5a78bd9b554299078472774a::doc_0::Edmund Leach"", ""5a74c85055429916b0164218::doc_8::Australian referendum, 1937"", ""5a74c85055429916b0164218::doc_6::Robin Bailie"", ""5a74c85055429916b0164218::doc_3::William Bonfield"", ""5a7d54165542995f4f402256::doc_9::John Home Robertson"", ""5a74c85055429916b0164218::doc_1::British people"", ""5a7d61775542991319bc93b9::doc_2::Claude Auchinleck"", ""5ae0d4c9554299603e418468::doc_2::Richard Nixon""]","[0.833984, 0.823242, 0.823242, 0.816895, 0.81543, 0.813965, 0.8125, 0.812012, 0.812012, 0.811035]",0.580279,0.5,1.0
dense,5a88dcf9554299206df2b383,"[""5a88dcf9554299206df2b383::doc_8::Hatton Castle, Angus"", ""5a88dcf9554299206df2b383::doc_3::Hatton Hill"", ""5a88dcf9554299206df2b383::doc_6::Hatton Castle, Aberdeenshire"", ""5a88dcf9554299206df2b383::doc_7::Hutton Castle"", ""5a88dcf9554299206df2b383::doc_2::Auchterhouse Castle"", ""5a88dcf9554299206df2b383::doc_9::Hatton, Warwickshire"", ""5a7d54165542995f4f402256::doc_4::Haddington, East Lothian"", ""5a88dcf9554299206df2b383::doc_5::Broughty Castle"", ""5ab7c1a955429928e1fe38c8::doc_6::Gelston Castle"", ""5a88dcf9554299206df2b383::doc_4::Hatton baronets""]","[0.913574, 0.90625, 0.852539, 0.821289, 0.814453, 0.813965, 0.803711, 0.800781, 0.794922, 0.794922]",1.0,1.0,1.0
dense,5a7625c7554299109176e668,"[""5a7625c7554299109176e668::doc_7::The Nerdist Podcast"", ""5a7625c7554299109176e668::doc_6::Nerdist Industries"", ""5a7625c7554299109176e668::doc_3::The Drop-In (podcast)"", ""5a7625c7554299109176e668::doc_2::Nerdist News"", ""5a7625c7554299109176e668::doc_5::Chris Hardwick"", ""5a7625c7554299109176e668::doc_1::Comedy Film Nerds"", ""5a7625c7554299109176e668::doc_8::Jessica Chobot"", ""5a7625c7554299109176e668::doc_0::Maltin on Movies"", ""5abc0a5d5542993f40c73c64::doc_1::Freakonomics Radio"", ""5a7625c7554299109176e668::doc_4::Chloe Dykstra""]","[0.893066, 0.873047, 0.861816, 0.852539, 0.851562, 0.850586, 0.844238, 0.842285, 0.807129, 0.802246]",0.455605,0.2,1.0
dense,5ac0d83a554299294b219038,"[""5ac0d83a554299294b219038::doc_4::Randall Cunningham II"", ""5ac0d83a554299294b219038::doc_9::Vashti Cunningham"", ""5ac0d83a554299294b219038::doc_1::Randall Cunningham"", ""5a7ddc5a5542995f4f4022da::doc_6::Bishop Manogue High School"", ""5ac0d83a554299294b219038::doc_7::Nevada Union High School"", ""5ac0d83a554299294b219038::doc_3::Bishop Gorman High School"", ""5ae52c0f5542992663a4f12e::doc_3::Faith Lutheran Middle School &amp; High School"", ""5ae52c0f5542992663a4f12e::doc_2::Port Charlotte High School"", ""5ae52c0f5542992663a4f12e::doc_7::Paso Robles High School"", ""5ae52c0f5542992663a4f12e::doc_0::Lutheran High School (La Verne, California)""]","[0.891602, 0.856445, 0.842285, 0.837402, 0.83252, 0.827148, 0.822754, 0.818359, 0.8125, 0.811523]",0.831555,1.0,1.0
dense,5a790d8f554299029c4b5eec,"[""5a790d8f554299029c4b5eec::doc_2::See Yourself"", ""5a790d8f554299029c4b5eec::doc_9::Within You Without You"", ""5a790d8f554299029c4b5eec::doc_6::Who Can See It"", ""5ae73c065542991e8301cc18::doc_3::You and Me (Uniting Nations song)"", ""5a774e9c55429972597f14f3::doc_9::Muyiwa Olarewaju"", ""5abdf12255429976d4830a2f::doc_9::Heaven Knows (Robert Plant song)"", ""5ab96ab755429970cfb8eacd::doc_2::Outside (Calvin Harris song)"", ""5ab96ab755429970cfb8eacd::doc_9::List of songs recorded by Ellie Goulding"", ""5a790d8f554299029c4b5eec::doc_3::List of songs recorded by Syd Barrett"", ""5a790d8f554299029c4b5eec::doc_8::Gem Archer""]","[0.880859, 0.837891, 0.825684, 0.800781, 0.78418, 0.782227, 0.779785, 0.777344, 0.776855, 0.775391]",1.0,1.0,1.0
dense,5ab2c5e255429916697740ba,"[""5ab2c5e255429916697740ba::doc_1::60th National Hockey League All-Star Game"", ""5ab2c5e255429916697740ba::doc_5::National Hockey League All-Star Game"", ""5ab2c5e255429916697740ba::doc_0::Ryan Johansen"", ""5ab2c5e255429916697740ba::doc_6::Jonathan Toews"", ""5ab2c5e255429916697740ba::doc_7::57th National Hockey League All-Star Game"", ""5ae305df5542992decbdcdc3::doc_5::List of NBL Canada All-Stars"", ""5ab2c5e255429916697740ba::doc_9::NHL All-Star Skills Competition"", ""5ab2c5e255429916697740ba::doc_4::20th National Hockey League All-Star Game"", ""5ab2c5e255429916697740ba::doc_3::Fred Doherty"", ""5ae738f75542991bbc9761c4::doc_0::Tom Draper""]","[0.870117, 0.857422, 0.843262, 0.837402, 0.829102, 0.826172, 0.822266, 0.821289, 0.8125, 0.80957]",0.877215,1.0,1.0
dense,5abcfc365542993a06baf9d6,"[""5abcfc365542993a06baf9d6::doc_6::James Dean"", ""5abcfc365542993a06baf9d6::doc_0::Jack Grinnage"", ""5abcfc365542993a06baf9d6::doc_5::Corey Allen"", ""5abcfc365542993a06baf9d6::doc_9::Sal Mineo"", ""5abcfc365542993a06baf9d6::doc_8::Stewart Stern"", ""5ae0bae555429906c02dab08::doc_1::Free Radio (TV series)"", ""5ac2ffbd554299677310267b::doc_2::Mitch Pileggi"", ""5abcfc365542993a06baf9d6::doc_1::Rebel Without a Pause"", ""5abd2eab5542992ac4f38210::doc_1::Roger Howarth"", ""5abd2eab5542992ac4f38210::doc_6::Victor Newman""]","[0.836914, 0.824219, 0.822754, 0.812988, 0.806152, 0.800781, 0.800293, 0.799805, 0.797852, 0.797363]",0.613147,1.0,0.5
dense,5a8ee6915542990e94052bad,"[""5a8ee6915542990e94052bad::doc_4::Avatar: The Last Airbender (season 2)"", ""5a8ee6915542990e94052bad::doc_7::Kuvira"", ""5a8ee6915542990e94052bad::doc_5::Avatar: The Last Airbender (season 1)"", ""5a8ee6915542990e94052bad::doc_6::The Legend of Korra"", ""5a8ee6915542990e94052bad::doc_1::Zaheer"", ""5a8ee6915542990e94052bad::doc_9::Avatar: The Last Airbender (season 3)"", ""5a8ee6915542990e94052bad::doc_0::Bolin (The Legend of Korra)"", ""5a8ee6915542990e94052bad::doc_8::List of The Legend of Korra episodes"", ""5a8ee6915542990e94052bad::doc_2::List of Avatar: The Last Airbender episodes"", ""5a8ee6915542990e94052bad::doc_3::Iroh""]","[0.834473, 0.820312, 0.818359, 0.816895, 0.816895, 0.814941, 0.814941, 0.813477, 0.811035, 0.807617]",0.650921,0.5,1.0
dense,5abba4855542993f40c73b68,"[""5abba4855542993f40c73b68::doc_5::Michael C. Hall"", ""5abba4855542993f40c73b68::doc_3::Dexter (TV series)"", ""5abba4855542993f40c73b68::doc_1::Hello, Dexter Morgan"", ""5abba4855542993f40c73b68::doc_2::List of Dexter episodes"", ""5abba4855542993f40c73b68::doc_9::Gamer (film)"", ""5abba4855542993f40c73b68::doc_6::Sage Kirkpatrick"", ""5abba4855542993f40c73b68::doc_4::The Damage a Man Can Do"", ""5abba4855542993f40c73b68::doc_0::It's Alive! (Dexter)"", ""5abba4855542993f40c73b68::doc_8::Vince Masuka"", ""5abba4855542993f40c73b68::doc_7::The British Invasion (Dexter)""]","[0.832031, 0.828613, 0.819336, 0.816406, 0.813965, 0.804688, 0.803223, 0.80127, 0.799316, 0.79541]",0.850345,1.0,1.0
dense,5ae0bae555429906c02dab08,"[""5ae0bae555429906c02dab08::doc_2::The Joe Schmo Show"", ""5ae0bae555429906c02dab08::doc_7::Ralph Garman"", ""5ae0bae555429906c02dab08::doc_3::List of The Joe Schmo Show episodes"", ""5ae0bae555429906c02dab08::doc_1::Free Radio (TV series)"", ""5ae0bae555429906c02dab08::doc_5::Lance Krall"", ""5ae0bae555429906c02dab08::doc_4::Hidden America with Jonah Ray"", ""5ab7e4dc5542995dae37e9df::doc_4::Cheech Marin"", ""5ae0bae555429906c02dab08::doc_6::Matt Kennedy Gould"", ""5ae0bae555429906c02dab08::doc_8::Robert Belushi"", ""5a7625c7554299109176e668::doc_1::Comedy Film Nerds""]","[0.866699, 0.854492, 0.852539, 0.842773, 0.841797, 0.833984, 0.820801, 0.817871, 0.811523, 0.807617]",0.60526,0.5,1.0
dense,5ab271fe554299449642c8a6,"[""5ab271fe554299449642c8a6::doc_8::The Five Obstructions"", ""5ab271fe554299449642c8a6::doc_7::The Importance of Being Icelandic"", ""5ab271fe554299449642c8a6::doc_4::Three are Three"", ""5a717d4c5542994082a3e854::doc_7::Confrontation (TV series)"", ""5ae22b8d554299234fd0440f::doc_3::Sommeren '92"", ""5a717d4c5542994082a3e854::doc_8::The Year of the Dog (film)"", ""5ac3165c5542995ef918c10a::doc_2::Silent Light"", ""5ab6a2be554299710c8d1f08::doc_2::Girl Seeks Father"", ""5a7ed2c655429930675135e5::doc_8::Flight of the Innocent"", ""5ab6a2be554299710c8d1f08::doc_7::The Key (1961 film)""]","[0.864258, 0.862305, 0.804199, 0.793945, 0.785156, 0.782227, 0.777832, 0.775879, 0.774414, 0.772461]",1.0,1.0,1.0
dense,5a7997a2554299029c4b5f59,"[""5a7997a2554299029c4b5f59::doc_7::Tefik Mborja"", ""5a7997a2554299029c4b5f59::doc_6::Albanian Fascist Party"", ""5a7997a2554299029c4b5f59::doc_5::People's Socialist Republic of Albania"", ""5a7997a2554299029c4b5f59::doc_9::Hungarian Communist Party"", ""5a7997a2554299029c4b5f59::doc_0::Swedish general election, 1982"", ""5a7997a2554299029c4b5f59::doc_3::United Bermuda Party"", ""5abf63f15542997ec76fd3ea::doc_0::Socialist Revolutionary Party"", ""5add61d65542995b365fab21::doc_6::Anastas Mikoyan"", ""5a7997a2554299029c4b5f59::doc_4::Australian federal election, 1972"", ""5abf63f15542997ec76fd3ea::doc_8::Timofey Samsonov""]","[0.890137, 0.864258, 0.85498, 0.821777, 0.817383, 0.808594, 0.800781, 0.797852, 0.784668, 0.784668]",1.0,1.0,1.0
dense,5add673e5542992ae4cec54d,"[""5add673e5542992ae4cec54d::doc_1::Civil War (college football game)"", ""5add673e5542992ae4cec54d::doc_3::The Rivalry (Lehigh\u2013Lafayette)"", ""5add673e5542992ae4cec54d::doc_6::Joe Walker (American football)"", ""5add673e5542992ae4cec54d::doc_4::1983 Oregon State vs. Oregon football game"", ""5add673e5542992ae4cec54d::doc_2::Textile Bowl"", ""5add673e5542992ae4cec54d::doc_7::Battle of the Blue"", ""5add673e5542992ae4cec54d::doc_8::Army\u2013Navy Game"", ""5add673e5542992ae4cec54d::doc_9::Battle for the Bell"", ""5a7d19d85542995ed0d165e8::doc_2::1984 Tennessee Volunteers football team"", ""5add673e5542992ae4cec54d::doc_5::Magnolia Bowl""]","[0.852539, 0.846191, 0.841309, 0.837402, 0.825684, 0.825195, 0.824707, 0.82373, 0.813965, 0.812988]",0.306574,0.333333,0.5
dense,5ae819ac55429952e35eaa16,"[""5ae819ac55429952e35eaa16::doc_1::David Kohan"", ""5ae819ac55429952e35eaa16::doc_9::Marry Me a Little, Marry Me a Little More"", ""5ae819ac55429952e35eaa16::doc_0::Boston Common (TV series)"", ""5ae819ac55429952e35eaa16::doc_6::Partners (2012 TV series)"", ""5ae819ac55429952e35eaa16::doc_8::Good Morning, Miami"", ""5ae819ac55429952e35eaa16::doc_5::Pilot (Will &amp; Grace)"", ""5ae819ac55429952e35eaa16::doc_2::Will &amp; Grace"", ""5ae819ac55429952e35eaa16::doc_7::Four Kings"", ""5a77152355429966f1a36c2e::doc_9::What Are Little Girls Made Of?"", ""5ac2acff55429921a00ab02b::doc_3::Roy's Wedding""]","[0.852051, 0.849121, 0.833496, 0.831055, 0.823242, 0.819336, 0.818359, 0.818359, 0.810547, 0.806641]",0.591235,0.5,1.0
dense,5aba65a055429939ce03dcd2,"[""5aba65a055429939ce03dcd2::doc_0::Georges-Henri Bousquet"", ""5aba65a055429939ce03dcd2::doc_7::Latresne"", ""5aba65a055429939ce03dcd2::doc_9::John Hirst (historian)"", ""5aba65a055429939ce03dcd2::doc_8::Ibn Khaldun"", ""5a78bd9b554299078472774a::doc_4::Aleksandar Bo\u0161kovi\u0107"", ""5a7b8749554299294a54a9db::doc_4::Henri Bergson"", ""5a74c85055429916b0164218::doc_0::Vatroslav Ro\u017ei\u0107"", ""5aba65a055429939ce03dcd2::doc_5::Don Bousquet"", ""5a7b8749554299294a54a9db::doc_7::Time and Free Will"", ""5a78bd9b554299078472774a::doc_0::Edmund Leach""]","[0.882324, 0.803711, 0.79541, 0.794922, 0.790527, 0.789551, 0.787598, 0.786133, 0.78418, 0.782715]",0.877215,1.0,1.0
dense,5a87bada5542994846c1cddc,"[""5a87bada5542994846c1cddc::doc_2::Ravi Sethi"", ""5a87bada5542994846c1cddc::doc_7::Bell Labs"", ""5a87bada5542994846c1cddc::doc_3::Sethi\u2013Ullman algorithm"", ""5ab4e3065542990594ba9cb4::doc_4::Discovery Institute"", ""5a87bada5542994846c1cddc::doc_5::David H. Bailey"", ""5a87bada5542994846c1cddc::doc_8::Franz Josef Och"", ""5a87bada5542994846c1cddc::doc_4::Annie Easley"", ""5a7571135542992d0ec05f98::doc_0::Princeton Neuroscience Institute"", ""5a7320565542991f9a20c61d::doc_3::Keith Bostic"", ""5ae057fd55429945ae959328::doc_8::Equinix""]","[0.881348, 0.834473, 0.827148, 0.822754, 0.8125, 0.804199, 0.802246, 0.80127, 0.799316, 0.797363]",1.0,1.0,1.0
dense,5ae74fc45542997b22f6a6b4,"[""5ae74fc45542997b22f6a6b4::doc_3::Yi Guan"", ""5ae74fc45542997b22f6a6b4::doc_5::Severe acute respiratory syndrome"", ""5ae74fc45542997b22f6a6b4::doc_8::Feline viral rhinotracheitis"", ""5ae74fc45542997b22f6a6b4::doc_7::SARS (disambiguation)"", ""5ae74fc45542997b22f6a6b4::doc_2::Journal of Thoracic Disease"", ""5ae74fc45542997b22f6a6b4::doc_6::Chronic Respiratory Disease"", ""5ae74fc45542997b22f6a6b4::doc_0::Timeline of the SARS outbreak"", ""5ac547525542993e66e822a3::doc_7::Oyewale Tomori"", ""5ae74fc45542997b22f6a6b4::doc_9::Asthma-related microbes"", ""5ae0d4c9554299603e418468::doc_8::Roger O. Egeberg""]","[0.903809, 0.832031, 0.820801, 0.809082, 0.808594, 0.804199, 0.796387, 0.786133, 0.785156, 0.773926]",0.81753,1.0,1.0
dense,5adf65555542992d7e9f9334,"[""5adf65555542992d7e9f9334::doc_4::Dim Gray Bar Press"", ""5adf65555542992d7e9f9334::doc_8::Wendell Berry"", ""5adf65555542992d7e9f9334::doc_7::Winfred Blevins"", ""5ae058e855429945ae959331::doc_7::Rick Wilber"", ""5adf65555542992d7e9f9334::doc_3::Judith Ortiz Cofer"", ""5adf65555542992d7e9f9334::doc_5::Jay Cronley"", ""5a8a3e745542996c9b8d5e70::doc_4::Ken St. Andre"", ""5adf65555542992d7e9f9334::doc_6::Blinkey Horn"", ""5a8b987f5542997f31a41d7a::doc_3::Sue Grafton"", ""5a7be2595542997c3ec972ac::doc_1::Emma Bull""]","[0.870605, 0.835449, 0.809082, 0.806152, 0.804199, 0.803711, 0.799316, 0.797363, 0.797363, 0.791992]",1.0,1.0,1.0
dense,5ade69e455429975fa854ec5,"[""5ade69e455429975fa854ec5::doc_6::Rajneesh Duggal"", ""5ade69e455429975fa854ec5::doc_3::Spark (2014 film)"", ""5ade69e455429975fa854ec5::doc_5::Phhir"", ""5ade69e455429975fa854ec5::doc_9::Ankahee (2006 film)"", ""5ade69e455429975fa854ec5::doc_1::1920 (film)"", ""5ade69e455429975fa854ec5::doc_2::Be Careful (film)"", ""5ade69e455429975fa854ec5::doc_4::Inteha (2003 film)"", ""5ade69e455429975fa854ec5::doc_7::Udanchhoo"", ""5ade69e455429975fa854ec5::doc_8::1920 (film series)"", ""5abe239355429976d4830a7d::doc_2::Badla Jatti Da""]","[0.857422, 0.856934, 0.853027, 0.842773, 0.841309, 0.84082, 0.833496, 0.825684, 0.818848, 0.817383]",0.421773,0.2,1.0
dense,5ae057fd55429945ae959328,"[""5ae057fd55429945ae959328::doc_4::Robert Smith (Illinois politician)"", ""5a8e0a005542995085b373a1::doc_6::Owens &amp; Minor"", ""5ae057fd55429945ae959328::doc_5::General Mills"", ""5a86ebac55429960ec39b6d6::doc_9::Mondelez International"", ""5a86ebac55429960ec39b6d6::doc_1::Robert's American Gourmet Food"", ""5ac3e0f7554299194317388b::doc_2::Coty, Inc."", ""5a86ebac55429960ec39b6d6::doc_3::PepsiCo"", ""5a8f4c8d554299458435d5a3::doc_5::Exxon"", ""5a828c8355429966c78a6a50::doc_7::John Roach &amp; Sons"", ""5ac120c55542992a796dedfc::doc_2::Kohlberg Kravis Roberts""]","[0.858887, 0.827148, 0.82666, 0.822266, 0.821289, 0.820312, 0.817871, 0.816895, 0.815918, 0.813965]",0.919721,1.0,1.0
dense,5ab28019554299722f9b4d51,"[""5ab28019554299722f9b4d51::doc_1::Omar Khadr"", ""5ab28019554299722f9b4d51::doc_9::Son of al Qaeda"", ""5ab28019554299722f9b4d51::doc_0::Fraley v. Facebook, Inc."", ""5ab28019554299722f9b4d51::doc_5::List of largest pharmaceutical settlements"", ""5ab28019554299722f9b4d51::doc_7::Kasia Al Thani"", ""5ab6a2be554299710c8d1f08::doc_4::All Costs Paid"", ""5a722b8655429971e9dc9329::doc_2::Death of Abdul Wali"", ""5abe239355429976d4830a7d::doc_0::Usman Ally"", ""5a85b2d95542997b5ce40028::doc_3::Eenasul Fateh"", ""5ab28019554299722f9b4d51::doc_3::Mana Al Otaiba""]","[0.818848, 0.812988, 0.802246, 0.795898, 0.794434, 0.791504, 0.790039, 0.78418, 0.783691, 0.783203]",1.0,1.0,1.0
dense,5a75f79555429976ec32bcca,"[""5a75f79555429976ec32bcca::doc_6::Cyclone Gonu"", ""5a75f79555429976ec32bcca::doc_4::Cyclone Hondo"", ""5a75f79555429976ec32bcca::doc_2::Cyclone Anne"", ""5a75f79555429976ec32bcca::doc_1::1999 Odisha cyclone"", ""5a75f79555429976ec32bcca::doc_5::2002\u201303 Australian region cyclone season"", ""5a75f79555429976ec32bcca::doc_7::Cyclone Kesiny"", ""5a75f79555429976ec32bcca::doc_8::Cyclone Esau"", ""5a75f79555429976ec32bcca::doc_0::Cyclone Donna"", ""5a75f79555429976ec32bcca::doc_9::2011\u201312 South Pacific cyclone season"", ""5a75f79555429976ec32bcca::doc_3::Kathantara""]","[0.849609, 0.843262, 0.830078, 0.827148, 0.825684, 0.822754, 0.820312, 0.818359, 0.816406, 0.802246]",0.441307,0.25,1.0
dense,5adef80b5542993a75d263c4,"[""5adef80b5542993a75d263c4::doc_2::Snatch (TV series)"", ""5adef80b5542993a75d263c4::doc_0::Snatch (film)"", ""5adef80b5542993a75d263c4::doc_4::Romper Stomper (TV series)"", ""5ae73acb5542991e8301cc07::doc_5::Night School: the Web Series"", ""5ae6828f5542996d980e7bb9::doc_4::List of The Thick of It characters"", ""5adef80b5542993a75d263c4::doc_3::Swedish Dicks"", ""5a7ed2c655429930675135e5::doc_6::Dancing on the Edge (TV series)"", ""5adf58f15542993a75d264d2::doc_1::The Young Ones (video game)"", ""5a791a97554299148911f9f2::doc_7::Wet Hot American Summer (series)"", ""5a7625c7554299109176e668::doc_0::Maltin on Movies""]","[0.88623, 0.853516, 0.80127, 0.781738, 0.78125, 0.780273, 0.777832, 0.776855, 0.776367, 0.775391]",1.0,1.0,1.0
dense,5ae0aaf455429945ae959401,"[""5ae0aaf455429945ae959401::doc_4::Chris Williams (English footballer)"", ""5ae0aaf455429945ae959401::doc_1::National League North"", ""5ae0aaf455429945ae959401::doc_2::Jack Truelove"", ""5ae0aaf455429945ae959401::doc_8::Salford City F.C."", ""5ae0aaf455429945ae959401::doc_5::National League South"", ""5ae0aaf455429945ae959401::doc_9::Spennymoor Town F.C."", ""5ab41d855542996a3a969f4b::doc_8::Kent County Cricket Club in 2013"", ""5aba7cfe554299232ef4a2fd::doc_6::Nick Powell"", ""5ae0aaf455429945ae959401::doc_7::Curzon Ashton F.C."", ""5ae0aaf455429945ae959401::doc_6::National League (English football)""]","[0.862305, 0.837402, 0.813477, 0.806641, 0.802246, 0.80127, 0.797363, 0.796875, 0.794922, 0.790039]",0.877215,1.0,1.0
dense,5ab47d765542991751b4d78f,"[""5ab47d765542991751b4d78f::doc_7::1991 Mr. Olympia"", ""5ab47d765542991751b4d78f::doc_3::1991 Ms. Olympia"", ""5ab47d765542991751b4d78f::doc_9::1981 Ms. Olympia"", ""5ab47d765542991751b4d78f::doc_2::1980 Ms. Olympia"", ""5ab47d765542991751b4d78f::doc_8::2011 Ms. Olympia"", ""5ab47d765542991751b4d78f::doc_0::2010 Ms. Olympia"", ""5ab47d765542991751b4d78f::doc_6::1975 Mr. Olympia"", ""5ab47d765542991751b4d78f::doc_1::2012 Ms. Olympia"", ""5ab47d765542991751b4d78f::doc_4::2017 Mr. Olympia"", ""5a834ed95542990548d0b1ca::doc_6::Francis H. Kimball""]","[0.896973, 0.875977, 0.866699, 0.850098, 0.849121, 0.839355, 0.838867, 0.827148, 0.817383, 0.79834]",0.613147,1.0,0.5
dense,5a7ed2c655429930675135e5,"[""5a7ed2c655429930675135e5::doc_0::71st Golden Globe Awards"", ""5a7ed2c655429930675135e5::doc_4::Brooklyn Nine-Nine"", ""5a7ed2c655429930675135e5::doc_1::51st Golden Globe Awards"", ""5a7ed2c655429930675135e5::doc_3::Breaking Bad"", ""5a7ed2c655429930675135e5::doc_7::31st Golden Globe Awards"", ""5a7ed2c655429930675135e5::doc_5::61st Golden Globe Awards"", ""5a7ed2c655429930675135e5::doc_2::Golden Globe Award for Best Animated Feature Film"", ""5ac2acff55429921a00ab02b::doc_1::Moving On (The Office)"", ""5adbfbd555429947ff173893::doc_0::2013 Young Hollywood Awards"", ""5a791a97554299148911f9f2::doc_4::Unbreakable Kimmy Schmidt""]","[0.868164, 0.838867, 0.803223, 0.797363, 0.791504, 0.786621, 0.77832, 0.77832, 0.774902, 0.771484]",1.0,1.0,1.0
dense,5ac3e0f7554299194317388b,"[""5ac3e0f7554299194317388b::doc_8::American Beauty (1999 film)"", ""5ac3e0f7554299194317388b::doc_9::American Beauty (soundtrack)"", ""5ac3e0f7554299194317388b::doc_0::American Beauty (1927 film)"", ""5ac3e0f7554299194317388b::doc_4::List of accolades received by American Beauty"", ""5ac3e0f7554299194317388b::doc_3::La Belle Am\u00e9ricaine"", ""5ac3e0f7554299194317388b::doc_7::Christopher Greenbury"", ""5ae82ae555429952e35eaa71::doc_2::Clint Eastwood"", ""5adffe7155429906c02daa9e::doc_7::Bruno Kirby"", ""5a73a7c755429978a71e9068::doc_0::Robby Benson"", ""5ac2ffbd554299677310267b::doc_3::John Amos""]","[0.869629, 0.858398, 0.853516, 0.852051, 0.843262, 0.802734, 0.788574, 0.784668, 0.783203, 0.783203]",1.0,1.0,1.0
dense,5a7bae20554299294a54aa96,"[""5a7bae20554299294a54aa96::doc_7::The House of Tiny Tearaways"", ""5ae73acb5542991e8301cc07::doc_3::Raaz Pichhle Janam Ka"", ""5a7bae20554299294a54aa96::doc_8::T\u00f3mbola (TV series)"", ""5ab6ba245542995eadef007f::doc_9::The Voice of the Philippines"", ""5ae73acb5542991e8301cc07::doc_1::Rising Star (France)"", ""5a7bae20554299294a54aa96::doc_5::The Apartment - Design Your Destiny"", ""5a7bae20554299294a54aa96::doc_6::American Idol (season 12)"", ""5a86ebac55429960ec39b6d6::doc_2::Rewrapped"", ""5a7bae20554299294a54aa96::doc_3::Rewrapped"", ""5ab6ba245542995eadef007f::doc_6::The Voice Teens (Philippine TV series)""]","[0.828125, 0.819824, 0.814941, 0.812012, 0.811035, 0.811035, 0.810059, 0.80957, 0.80957, 0.809082]",0.204382,0.142857,0.5
dense,5ab8ee035542991b5579f04b,"[""5ab8ee035542991b5579f04b::doc_7::The Memory of Our People"", ""5ab8ee035542991b5579f04b::doc_6::Hot Rod (magazine)"", ""5ab8ee035542991b5579f04b::doc_0::National Hot Rod Reunion"", ""5ab8ee035542991b5579f04b::doc_2::California Hot Rod Reunion"", ""5ab8ee035542991b5579f04b::doc_9::Hot Rod Lincoln"", ""5ab8ee035542991b5579f04b::doc_4::Rat rod"", ""5abcfc365542993a06baf9d6::doc_1::Rebel Without a Pause"", ""5ab8ee035542991b5579f04b::doc_8::Ala Kart (custom car)"", ""5ab8ee035542991b5579f04b::doc_5::Fender Hot Rod Deluxe"", ""5ab8ee035542991b5579f04b::doc_1::Fender Hot Rod DeVille""]","[0.868652, 0.850098, 0.807617, 0.804688, 0.803711, 0.79248, 0.787109, 0.786133, 0.778809, 0.777832]",1.0,1.0,1.0
dense,5a7a276d5542996c55b2dd27,"[""5a7a276d5542996c55b2dd27::doc_2::Charles Hastings Judd"", ""5a7a276d5542996c55b2dd27::doc_4::George W. Macfarlane"", ""5a7a276d5542996c55b2dd27::doc_1::Merrie Monarch Festival"", ""5a7d61775542991319bc93b9::doc_5::Stapleton Cotton, 1st Viscount Combermere"", ""5a7d61775542991319bc93b9::doc_2::Claude Auchinleck"", ""5a7a276d5542996c55b2dd27::doc_8::Kal\u0101kaua"", ""5ab341f755429969a97a8114::doc_6::Chim Chim Cher-ee"", ""5ae4c49a5542995dadf24400::doc_0::Robert Plampin"", ""5adbf0a255429947ff17385a::doc_2::K\u00fc\u00e7\u00fck H\u00fcseyin Pasha"", ""5ab341f755429969a97a8114::doc_1::Step in Time""]","[0.813477, 0.811035, 0.808105, 0.79541, 0.794922, 0.787109, 0.785645, 0.785645, 0.782227, 0.778809]",0.831555,1.0,1.0
dense,5a717d4c5542994082a3e854,"[""5a717d4c5542994082a3e854::doc_6::Semyon Aranovich Gershgorin"", ""5a717d4c5542994082a3e854::doc_2::Pavel Alexandrov"", ""5a717d4c5542994082a3e854::doc_4::Semyon Aranovich"", ""5a717d4c5542994082a3e854::doc_9::Gershgorin circle theorem"", ""5a717d4c5542994082a3e854::doc_1::Pavel Urysohn"", ""5a717d4c5542994082a3e854::doc_3::Alexandroff extension"", ""5abf63f15542997ec76fd3ea::doc_8::Timofey Samsonov"", ""5abf63f15542997ec76fd3ea::doc_9::Alexander Kerensky"", ""5ac1b8ee5542994d76dccedc::doc_4::Lev Kuleshov"", ""5a717d4c5542994082a3e854::doc_7::Confrontation (TV series)""]","[0.891602, 0.875, 0.83252, 0.807129, 0.801758, 0.799805, 0.792969, 0.785645, 0.785156, 0.779297]",1.0,1.0,1.0
dense,5ac02e31554299294b218f3f,"[""5ac02e31554299294b218f3f::doc_1::List of DC Extended Universe cast members"", ""5ac02e31554299294b218f3f::doc_7::Gal Gadot"", ""5ac02e31554299294b218f3f::doc_5::Justice League (film)"", ""5ac02e31554299294b218f3f::doc_0::DC Extended Universe"", ""5ac02e31554299294b218f3f::doc_4::Aquaman (film)"", ""5a791a97554299148911f9f2::doc_1::Claire Temple (Marvel Cinematic Universe)"", ""5ac02e31554299294b218f3f::doc_9::Wonder Woman (2017 film)"", ""5ac02e31554299294b218f3f::doc_6::Batman v Superman: Dawn of Justice"", ""5ac02e31554299294b218f3f::doc_3::Arrowverse"", ""5ae5aba0554299546bf82f17::doc_2::Tara Strong""]","[0.834473, 0.834473, 0.822266, 0.819824, 0.8125, 0.8125, 0.810547, 0.798828, 0.792969, 0.788086]",0.693426,0.5,1.0
dense,5a79ea435542996c55b2dc9e,"[""5a79ea435542996c55b2dc9e::doc_3::J. Edward Snyder"", ""5a79ea435542996c55b2dc9e::doc_0::USS New Jersey (BB-62)"", ""5a79ea435542996c55b2dc9e::doc_4::United States naval gunfire support debate"", ""5a79ea435542996c55b2dc9e::doc_5::Naval gunfire support"", ""5a79ea435542996c55b2dc9e::doc_9::French battleship Jean Bart (1911)"", ""5abbf698554299114383a0b5::doc_9::Edwin A. Doss"", ""5a79ea435542996c55b2dc9e::doc_6::Tonkin Gulf Yacht Club"", ""5a79ea435542996c55b2dc9e::doc_2::USS Trippe (FF-1075)"", ""5abbf698554299114383a0b5::doc_3::Asiatic-Pacific Theater"", ""5a79ea435542996c55b2dc9e::doc_1::Operation Market Time""]","[0.855957, 0.849121, 0.831543, 0.831055, 0.819824, 0.810059, 0.810059, 0.808105, 0.806152, 0.806152]",1.0,1.0,1.0
dense,5ab7e4dc5542995dae37e9df,"[""5ab7e4dc5542995dae37e9df::doc_3::The Polar Bears"", ""5ab7e4dc5542995dae37e9df::doc_7::Cars 3"", ""5ab7e4dc5542995dae37e9df::doc_2::Armie Hammer"", ""5ab7e4dc5542995dae37e9df::doc_4::Cheech Marin"", ""5ae6050f55429929b0807a5e::doc_5::Jim Cummings"", ""5ac1c6805542994ab5c67e11::doc_7::A Miser Brothers' Christmas"", ""5ac2acff55429921a00ab02b::doc_7::Web Weirdos"", ""5a8ee6915542990e94052bad::doc_1::Zaheer"", ""5abe239355429976d4830a7d::doc_1::Jamie Harris (actor)"", ""5ab7e4dc5542995dae37e9df::doc_9::The Lone Ranger (2013 film)""]","[0.861816, 0.852051, 0.847168, 0.799805, 0.788086, 0.786133, 0.785156, 0.78125, 0.78125, 0.780273]",0.919721,1.0,1.0
dense,5a834ed95542990548d0b1ca,"[""5a834ed95542990548d0b1ca::doc_7::712 Fifth Avenue"", ""5a834ed95542990548d0b1ca::doc_4::Manhattan Life Insurance Building"", ""5a834ed95542990548d0b1ca::doc_2::New York Life Building"", ""5a834ed95542990548d0b1ca::doc_5::New York Life Insurance Building (Montreal)"", ""5a834ed95542990548d0b1ca::doc_1::Manhattan Life Insurance Company"", ""5ab56e32554299637185c594::doc_3::888 7th Avenue"", ""5a834ed95542990548d0b1ca::doc_8::Flatiron Building"", ""5a834ed95542990548d0b1ca::doc_3::Supreme Life Building"", ""5ab56e32554299637185c594::doc_4::Random House Tower"", ""5a834ed95542990548d0b1ca::doc_6::Francis H. Kimball""]","[0.901855, 0.895996, 0.880859, 0.867188, 0.848633, 0.847168, 0.843262, 0.82959, 0.822266, 0.803711]",1.0,1.0,1.0
dense,5ab41d855542996a3a969f4b,"[""5ab41d855542996a3a969f4b::doc_6::Tom Caplen"", ""5ab41d855542996a3a969f4b::doc_9::Wahab Riaz"", ""5ab41d855542996a3a969f4b::doc_4::Doug Bollinger"", ""5ab41d855542996a3a969f4b::doc_7::Kent County Cricket Club in 2011"", ""5ab41d855542996a3a969f4b::doc_5::Kent County Cricket Club in 2010"", ""5ab41d855542996a3a969f4b::doc_3::List of Kent County Cricket Club captains"", ""5ae7eaf65542994a481bbe1d::doc_1::Zaheer Khan"", ""5ab41d855542996a3a969f4b::doc_2::Arthur Fielder"", ""5ab41d855542996a3a969f4b::doc_0::Jack Mason"", ""5ab41d855542996a3a969f4b::doc_1::Wayne Parnell""]","[0.866211, 0.86084, 0.853516, 0.850586, 0.841797, 0.839355, 0.835938, 0.833984, 0.827148, 0.825684]",0.650921,0.5,1.0
dense,5a7b7ff75542995eb53be93d,"[""5a7b7ff75542995eb53be93d::doc_3::Arthur Conan Doyle"", ""5a7b7ff75542995eb53be93d::doc_6::Penelope Lively"", ""5a7b7ff75542995eb53be93d::doc_9::Adrian Conan Doyle"", ""5a7b7ff75542995eb53be93d::doc_0::Dead Man's Land"", ""5a7b7ff75542995eb53be93d::doc_5::Douglas Ainslie"", ""5a7b7ff75542995eb53be93d::doc_1::The Adventure of the Empty House"", ""5a7b7ff75542995eb53be93d::doc_4::Sherlock Holmes (1916 film)"", ""5a7b7ff75542995eb53be93d::doc_2::The Return of Sherlock Holmes (1929 film)"", ""5a7b7ff75542995eb53be93d::doc_7::Sherlock Holmes (2010 film)"", ""5a7b7ff75542995eb53be93d::doc_8::The Lost World (TV series)""]","[0.873047, 0.855957, 0.844238, 0.8125, 0.811523, 0.805664, 0.799805, 0.796387, 0.793457, 0.790039]",1.0,1.0,1.0
dense,5a7d19d85542995ed0d165e8,"[""5a7d19d85542995ed0d165e8::doc_2::1984 Tennessee Volunteers football team"", ""5a7d19d85542995ed0d165e8::doc_5::Tennessee Volunteers football statistical leaders"", ""5a7d19d85542995ed0d165e8::doc_4::1985 Tennessee Volunteers football team"", ""5a7d19d85542995ed0d165e8::doc_3::1983 Tennessee Volunteers football team"", ""5a7d19d85542995ed0d165e8::doc_6::1891 Tennessee Volunteers football team"", ""5a7d19d85542995ed0d165e8::doc_7::1896 Tennessee Volunteers football team"", ""5a7d19d85542995ed0d165e8::doc_8::1938 Tennessee Volunteers football team"", ""5a7d19d85542995ed0d165e8::doc_1::1899 Tennessee Volunteers football team"", ""5a7d19d85542995ed0d165e8::doc_0::Southeastern Conference"", ""5a7c960655429935c91b5244::doc_6::2012 Texas Tech Red Raiders football team""]","[0.871582, 0.867676, 0.866211, 0.86377, 0.862793, 0.860352, 0.855469, 0.853516, 0.845703, 0.833496]",0.797723,1.0,1.0
dense,5ae7ed17554299540e5a56a3,"[""5ae7ed17554299540e5a56a3::doc_1::Ernest Foot"", ""5ae7ed17554299540e5a56a3::doc_3::Manfred Meurer"", ""5ae7ed17554299540e5a56a3::doc_9::Egon Mayer"", ""5ae7ed17554299540e5a56a3::doc_6::Albert Ball"", ""5ae7ed17554299540e5a56a3::doc_2::Ilmari Juutilainen"", ""5ae7ed17554299540e5a56a3::doc_0::Lydia Litvyak"", ""5ae7ed17554299540e5a56a3::doc_4::Paul Zorner"", ""5abbf698554299114383a0b5::doc_9::Edwin A. Doss"", ""5ae0361155429925eb1afc2c::doc_7::Paul Sauvage (aviator)"", ""5ae0361155429925eb1afc2c::doc_3::Charles Nungesser""]","[0.921387, 0.854004, 0.852539, 0.852539, 0.842773, 0.841797, 0.835938, 0.827637, 0.824219, 0.82373]",0.877215,1.0,1.0
dense,5ab2659e554299340b5254b2,"[""5ab2659e554299340b5254b2::doc_2::Farrukhzad Khosrow V"", ""5ab2659e554299340b5254b2::doc_1::Khosrow IV"", ""5ab2659e554299340b5254b2::doc_8::Sasanian Empire"", ""5ab2659e554299340b5254b2::doc_9::Hormizd VI"", ""5ab2659e554299340b5254b2::doc_5::Ashur-etil-ilani"", ""5ab2659e554299340b5254b2::doc_0::Duchy of Thuringia"", ""5ab2659e554299340b5254b2::doc_4::Chach of Alor"", ""5ab2659e554299340b5254b2::doc_7::Samo's Empire"", ""5a7997a2554299029c4b5f59::doc_1::Bal'arab bin Himyar"", ""5a87ab9b5542996e4f3088c2::doc_0::Kasi (Pashtun tribe)""]","[0.898926, 0.85498, 0.848145, 0.844727, 0.811035, 0.794434, 0.788574, 0.780273, 0.774902, 0.773438]",0.919721,1.0,1.0
dense,5abd2eab5542992ac4f38210,"[""5abd2eab5542992ac4f38210::doc_7::Beverly Marshall"", ""5abd2eab5542992ac4f38210::doc_0::Shaunna O'Grady"", ""5abd2eab5542992ac4f38210::doc_9::Katie Landers"", ""5abd2eab5542992ac4f38210::doc_2::Ramsay Street"", ""5a8979f4554299669944a52e::doc_6::Bobbi Bacha"", ""5a8979f4554299669944a52e::doc_2::Suburban Madness"", ""5abd2eab5542992ac4f38210::doc_8::Phil Mitchell"", ""5abd2eab5542992ac4f38210::doc_5::Alamo Heights SA"", ""5a8b987f5542997f31a41d7a::doc_3::Sue Grafton"", ""5abcfc365542993a06baf9d6::doc_7::Casey Braxton""]","[0.900879, 0.841797, 0.834473, 0.827148, 0.812012, 0.807617, 0.799805, 0.785645, 0.785645, 0.785156]",0.877215,1.0,1.0
dense,5abaf3195542996cc5e49f2c,"[""5abaf3195542996cc5e49f2c::doc_6::Falkland Islands at the 2010 Commonwealth Games"", ""5abaf3195542996cc5e49f2c::doc_2::Falkland Islands at the 2014 Commonwealth Games"", ""5abaf3195542996cc5e49f2c::doc_0::Falkland Islands official football team"", ""5abaf3195542996cc5e49f2c::doc_1::2010 Commonwealth Games medal table"", ""5abaf3195542996cc5e49f2c::doc_4::Gerald Reive"", ""5abaf3195542996cc5e49f2c::doc_7::George Paice (bowls)"", ""5abaf3195542996cc5e49f2c::doc_8::2010 Commonwealth Games"", ""5abaf3195542996cc5e49f2c::doc_3::Archery at the Commonwealth Games"", ""5ae7eaf65542994a481bbe1d::doc_2::2000 ICC KnockOut Trophy squads"", ""5ac2659b55429963665199a1::doc_9::2011 Pan American Games""]","[0.899902, 0.875488, 0.853027, 0.845703, 0.845215, 0.833496, 0.82959, 0.804688, 0.791504, 0.790527]",0.237198,0.2,0.5
dense,5a791a97554299148911f9f2,"[""5a791a97554299148911f9f2::doc_4::Unbreakable Kimmy Schmidt"", ""5a791a97554299148911f9f2::doc_5::List of Unbreakable Kimmy Schmidt episodes"", ""5a791a97554299148911f9f2::doc_0::Kimmy Schmidt"", ""5a791a97554299148911f9f2::doc_6::Ellie Kemper"", ""5a791a97554299148911f9f2::doc_1::Claire Temple (Marvel Cinematic Universe)"", ""5a791a97554299148911f9f2::doc_8::Azie Mira Dungey"", ""5abba4855542993f40c73b68::doc_6::Sage Kirkpatrick"", ""5ae0bae555429906c02dab08::doc_0::Gretchen Palmer"", ""5a80840f554299485f59863b::doc_1::Power of Three (Charmed)"", ""5a80840f554299485f59863b::doc_6::Sarah Drew""]","[0.858398, 0.854004, 0.843262, 0.833008, 0.825684, 0.806152, 0.799805, 0.787598, 0.787109, 0.785156]",0.570642,0.333333,1.0
dense,5adf58f15542993a75d264d2,"[""5adf58f15542993a75d264d2::doc_1::The Young Ones (video game)"", ""5adf58f15542993a75d264d2::doc_9::The Young Ones (TV series)"", ""5adf58f15542993a75d264d2::doc_3::Oh, No! Not THEM!"", ""5adf58f15542993a75d264d2::doc_6::Filthy Rich &amp; Catflap"", ""5adf58f15542993a75d264d2::doc_0::Ade Edmondson"", ""5ae819ac55429952e35eaa16::doc_4::The Stones (TV series)"", ""5abd2eab5542992ac4f38210::doc_6::Victor Newman"", ""5ae82ae555429952e35eaa71::doc_9::Damon Dark"", ""5ac2ffbd554299677310267b::doc_8::John Pappas"", ""5ae819ac55429952e35eaa16::doc_7::Four Kings""]","[0.865723, 0.859863, 0.837402, 0.833984, 0.820312, 0.817383, 0.803711, 0.801758, 0.799316, 0.798828]",0.237198,0.2,0.5
dense,5adc65e85542996e68525350,"[""5adc65e85542996e68525350::doc_3::Dafeng District"", ""5adc65e85542996e68525350::doc_2::Dazhou"", ""5adc65e85542996e68525350::doc_1::Yandu District"", ""5adc65e85542996e68525350::doc_4::Tinghu District"", ""5a84c4135542994c784dda31::doc_2::Fuding"", ""5a84c4135542994c784dda31::doc_5::Tongcheng Subdistrict, Fuding"", ""5ab8854555429934fafe6e0c::doc_6::Darayim District"", ""5a84c4135542994c784dda31::doc_6::Xiapu County"", ""5adccd795542990d50227d2c::doc_6::Wolong Special Administrative Region"", ""5ae4f2c75542993aec5ec0fb::doc_7::Dalian Zhoushuizi International Airport""]","[0.892578, 0.879395, 0.856445, 0.848145, 0.800781, 0.79541, 0.793945, 0.783691, 0.782227, 0.775391]",1.0,1.0,1.0
dense,5a87ab9b5542996e4f3088c2,"[""5a87ab9b5542996e4f3088c2::doc_4::Tecumseh's Confederacy"", ""5a87ab9b5542996e4f3088c2::doc_1::Tippecanoe order of battle"", ""5a87ab9b5542996e4f3088c2::doc_2::Tenskwatawa"", ""5a87ab9b5542996e4f3088c2::doc_6::Battle of Tippecanoe"", ""5a87ab9b5542996e4f3088c2::doc_3::Tecumseh"", ""5a87ab9b5542996e4f3088c2::doc_7::Prophetstown State Park"", ""5a87ab9b5542996e4f3088c2::doc_8::Battle of Fallen Timbers"", ""5ae4a3265542995ad6573de5::doc_7::Dewey Beard"", ""5a8d5fc6554299585d9e37c6::doc_8::John Ridge"", ""5a85eed75542996432c5713b::doc_8::Seminole Nation of Oklahoma""]","[0.893066, 0.889648, 0.879395, 0.873535, 0.870117, 0.83252, 0.82666, 0.820801, 0.804199, 0.79834]",0.624051,0.5,1.0
dense,5a738fe855429908901be2fb,"[""5a738fe855429908901be2fb::doc_7::Samuel Sim"", ""5abe239355429976d4830a7d::doc_7::Jalam (film)"", ""5ae6050f55429929b0807a5e::doc_6::The Rain Rain Rain Came Down Down Down"", ""5ae6050f55429929b0807a5e::doc_0::Hip Hip Pooh-Ray!"", ""5a738fe855429908901be2fb::doc_2::Joby Talbot"", ""5a85fb085542994775f606de::doc_7::Legend (film score)"", ""5ae2070a5542994d89d5b313::doc_1::Tom Rothrock"", ""5a7b3f4d5542992d025e67bb::doc_6::Audition (The Fools Who Dream)"", ""5ab341f755429969a97a8114::doc_2::My Kind of Town"", ""5aba749055429901930fa7d8::doc_2::11 Harrowhouse""]","[0.830078, 0.807617, 0.79834, 0.797363, 0.79248, 0.791016, 0.791016, 0.790039, 0.790039, 0.790039]",0.613147,1.0,0.5
dense,5a8c65a1554299585d9e3680,"[""5a8c65a1554299585d9e3680::doc_5::Shiners' War"", ""5a8c65a1554299585d9e3680::doc_8::French Canadians"", ""5a8c65a1554299585d9e3680::doc_4::History of the Irish Americans in Philadelphia"", ""5a8c65a1554299585d9e3680::doc_7::History of Irish Americans in Boston"", ""5a87ab9b5542996e4f3088c2::doc_8::Battle of Fallen Timbers"", ""5a8c65a1554299585d9e3680::doc_1::Ancient Order of Hibernians"", ""5a80721b554299485f5985ef::doc_8::Masni\u00e8res Newfoundland Memorial"", ""5a87ab9b5542996e4f3088c2::doc_4::Tecumseh's Confederacy"", ""5a8c65a1554299585d9e3680::doc_6::Americo-Liberians"", ""5a8704f8554299211dda2ba4::doc_1::Aonghus M\u00f3r""]","[0.900391, 0.85498, 0.813965, 0.812988, 0.797852, 0.793457, 0.791016, 0.788086, 0.787598, 0.785156]",1.0,1.0,1.0
dense,5ac2bbd0554299218029db09,"[""5ac2bbd0554299218029db09::doc_0::The Thing of It Is..."", ""5ac2bbd0554299218029db09::doc_8::A Thing of Beauty"", ""5ac2bbd0554299218029db09::doc_7::The Most Incredible Thing"", ""5a835478554299123d8c20ed::doc_2::Roald Dahl"", ""5a7be2595542997c3ec972ac::doc_5::Jane de Gay"", ""5ac2bbd0554299218029db09::doc_9::Who Goes There? (collection)"", ""5ae4627d5542991a06ce9a4d::doc_2::Carol J. Adams"", ""5a8a3e745542996c9b8d5e70::doc_4::Ken St. Andre"", ""5ae63dad55429929b0807afe::doc_6::Hunter Davies"", ""5a7b7ff75542995eb53be93d::doc_5::Douglas Ainslie""]","[0.894531, 0.843262, 0.822266, 0.816406, 0.811035, 0.811035, 0.810059, 0.80957, 0.807129, 0.806152]",0.613147,1.0,0.5
dense,5adf3e355542993a75d26440,"[""5adf3e355542993a75d26440::doc_6::\u00d8resund Bridge"", ""5adf3e355542993a75d26440::doc_4::\u00d8resund Region"", ""5adf3e355542993a75d26440::doc_2::\u00d8resund"", ""5adf3e355542993a75d26440::doc_9::Copenhagen Malm\u00f6 Port"", ""5adf3e355542993a75d26440::doc_7::City Tunnel (Malm\u00f6)"", ""5adf3e355542993a75d26440::doc_5::European route E47"", ""5adf3e355542993a75d26440::doc_8::\u00d6resund Committee"", ""5adf3e355542993a75d26440::doc_1::Malm\u00f6 Harbour Heliport"", ""5adf3e355542993a75d26440::doc_3::Sweden"", ""5adf3e355542993a75d26440::doc_0::Bjark\u00f8y Fixed Link""]","[0.895508, 0.888672, 0.880859, 0.876953, 0.875488, 0.851562, 0.843262, 0.843262, 0.836426, 0.80957]",1.0,1.0,1.0
dense,5ae82ae555429952e35eaa71,"[""5ae82ae555429952e35eaa71::doc_3::Pat Hingle"", ""5a7a455c5542994f819ef1a7::doc_1::Hoppy Serves a Writ"", ""5ae819ac55429952e35eaa16::doc_3::James Carroll (actor)"", ""5a722b8655429971e9dc9329::doc_3::Jim Shoulders"", ""5abcfc365542993a06baf9d6::doc_3::Jim Backus"", ""5ae82ae555429952e35eaa71::doc_2::Clint Eastwood"", ""5ac2ffbd554299677310267b::doc_8::John Pappas"", ""5abcfc365542993a06baf9d6::doc_0::Jack Grinnage"", ""5ac2ffbd554299677310267b::doc_2::Mitch Pileggi"", ""5ab7f0015542992aa3b8c88b::doc_7::Zachary Throne""]","[0.888672, 0.80127, 0.796875, 0.793457, 0.79248, 0.791016, 0.789551, 0.787109, 0.787109, 0.785645]",0.831555,1.0,1.0
dense,5ac289ff5542996366519a02,"[""5ac289ff5542996366519a02::doc_1::Marsilea"", ""5ac289ff5542996366519a02::doc_4::Brabejum"", ""5ac289ff5542996366519a02::doc_6::Marsileaceae"", ""5ac289ff5542996366519a02::doc_9::Marsilea minuta"", ""5adc53f75542996e6852530a::doc_8::Ajugeae"", ""5a8e068b5542995085b37384::doc_0::Silene latifolia"", ""5ab642845542995eadeeff8e::doc_6::Broughtonia"", ""5ab642845542995eadeeff8e::doc_0::Broughtonia sanguinea"", ""5ae4c49a5542995dadf24400::doc_5::Cranberry"", ""5abd259d55429924427fcf1a::doc_0::Dictyosperma""]","[0.873535, 0.868164, 0.854492, 0.830078, 0.798828, 0.796387, 0.794922, 0.793945, 0.791992, 0.791992]",1.0,1.0,1.0
dense,5a7a5b3a5542996c55b2dd71,"[""5a7a5b3a5542996c55b2dd71::doc_3::Accession Council"", ""5a7a5b3a5542996c55b2dd71::doc_9::St James's Palace"", ""5a7a5b3a5542996c55b2dd71::doc_1::President of the Queen's Privy Council for Canada"", ""5ab2a186554299295394677b::doc_2::Manchester Cenotaph"", ""5a74ce9655429974ef308c6c::doc_1::Poole Methodist Church"", ""5a7a5b3a5542996c55b2dd71::doc_7::Pollokshields Burgh Hall"", ""5a7a5b3a5542996c55b2dd71::doc_2::Great Hall of the People"", ""5a7a5b3a5542996c55b2dd71::doc_5::Mark Masons' Hall, London"", ""5a713ea95542994082a3e6e4::doc_0::High Commission of Australia, London"", ""5a80721b554299485f5985ef::doc_6::Tower Hill Memorial""]","[0.879883, 0.850098, 0.803711, 0.803711, 0.802246, 0.799316, 0.799316, 0.797852, 0.797852, 0.793457]",0.580279,0.5,1.0
dense,5ab8688b55429934fafe6daa,"[""5ab8688b55429934fafe6daa::doc_2::Maurice Ward"", ""5ab8688b55429934fafe6daa::doc_5::Starlite"", ""5ae058e855429945ae959331::doc_9::Surfer hair"", ""5ab7c1a955429928e1fe38c8::doc_5::Lady Alexandra Curzon"", ""5a74c85055429916b0164218::doc_3::William Bonfield"", ""5a8133725542995ce29dcbdb::doc_5::Robert Caesar Childers"", ""5ab8688b55429934fafe6daa::doc_1::Nidderdale Museum"", ""5a77152355429966f1a36c2e::doc_2::Tweedledum and Tweedledee"", ""5ab8688b55429934fafe6daa::doc_0::William Levett (baron)"", ""5a78bd9b554299078472774a::doc_0::Edmund Leach""]","[0.817383, 0.815918, 0.806152, 0.790039, 0.788574, 0.788574, 0.787598, 0.786621, 0.785156, 0.782227]",1.0,1.0,1.0
dense,5a7a3a945542996a35c17147,"[""5a7a3a945542996a35c17147::doc_3::One Raffles Place"", ""5a7a3a945542996a35c17147::doc_7::Republic Plaza (Singapore)"", ""5a7a3a945542996a35c17147::doc_1::One Raffles Link"", ""5a7a3a945542996a35c17147::doc_9::Raffles Place"", ""5a7a3a945542996a35c17147::doc_8::One Marina Boulevard"", ""5a7a3a945542996a35c17147::doc_4::CapitaGreen"", ""5a7a3a945542996a35c17147::doc_5::Chevron House"", ""5a7a3a945542996a35c17147::doc_6::Raffles Place MRT Station"", ""5a834ed95542990548d0b1ca::doc_4::Manhattan Life Insurance Building"", ""5a834ed95542990548d0b1ca::doc_5::New York Life Insurance Building (Montreal)""]","[0.922363, 0.883789, 0.869629, 0.86377, 0.862305, 0.861328, 0.848145, 0.845703, 0.817383, 0.816406]",0.613147,1.0,0.5
dense,5ab9b29c554299743d22ebae,"[""5ab9b29c554299743d22ebae::doc_6::Craig v. Boren"", ""5ab9b29c554299743d22ebae::doc_2::United States v. Paramount Pictures, Inc."", ""5ab9b29c554299743d22ebae::doc_4::United States v. Binion"", ""5ab9b29c554299743d22ebae::doc_0::Block booking"", ""5ab9b29c554299743d22ebae::doc_7::City of Norwood v. Horney"", ""5a88658955429938390d3f47::doc_1::Rostker v. Goldberg"", ""5ab28019554299722f9b4d51::doc_0::Fraley v. Facebook, Inc."", ""5ab9b29c554299743d22ebae::doc_5::Lau Kong Yung v Director of Immigration"", ""5ab9b29c554299743d22ebae::doc_9::Criminal law in the Marshall Court"", ""5ab9b29c554299743d22ebae::doc_3::R v Van der Peet""]","[0.873535, 0.869629, 0.811523, 0.79834, 0.79541, 0.79541, 0.79541, 0.785156, 0.782715, 0.776367]",1.0,1.0,1.0
dense,5a8b63fa55429950cd6afcd7,"[""5a8b63fa55429950cd6afcd7::doc_2::Darling's Waterfront Pavilion"", ""5a8b63fa55429950cd6afcd7::doc_5::Paulus Hook, Jersey City"", ""5a8b63fa55429950cd6afcd7::doc_3::Oleson Park Music Pavilion"", ""5a8b63fa55429950cd6afcd7::doc_4::Concord Pavilion"", ""5ae2dfd155429928c423951b::doc_4::Shelly Beach (Manly)"", ""5ae0006755429925eb1afbd3::doc_5::Up Your Alley Fair"", ""5ae0006755429925eb1afbd3::doc_7::Bubblegum Alley"", ""5ae67dba55429908198fa5f0::doc_2::Millington, Tennessee"", ""5a8b63fa55429950cd6afcd7::doc_9::Grandview Park Music Pavilion"", ""5a8b63fa55429950cd6afcd7::doc_6::Bangor, Maine""]","[0.899414, 0.815918, 0.807617, 0.799805, 0.797363, 0.796875, 0.79541, 0.794922, 0.793945, 0.792969]",0.790386,1.0,1.0
dense,5ade51b45542997c77adedf4,"[""5ade51b45542997c77adedf4::doc_7::2008 Kansas City Wizards season"", ""5ade51b45542997c77adedf4::doc_4::1999 Kansas City Wizards season"", ""5ade51b45542997c77adedf4::doc_9::1998 Kansas City Wizards season"", ""5ade51b45542997c77adedf4::doc_3::1997 Kansas City Wizards season"", ""5ade51b45542997c77adedf4::doc_2::CommunityAmerica Ballpark"", ""5ade51b45542997c77adedf4::doc_6::All-time Sporting Kansas City roster"", ""5ade51b45542997c77adedf4::doc_1::Children's Mercy Park"", ""5ade51b45542997c77adedf4::doc_0::Shawnee Mission District Stadium"", ""5a7166395542994082a3e814::doc_8::History of the Kansas City metropolitan area"", ""5ade51b45542997c77adedf4::doc_5::MLS Cup 2004""]","[0.892578, 0.869629, 0.869141, 0.863281, 0.841309, 0.833496, 0.830566, 0.818848, 0.809082, 0.808594]",0.44158,0.2,1.0
dense,5ae4c49a5542995dadf24400,"[""5ae4c49a5542995dadf24400::doc_6::Henry Hall (American revolution)"", ""5ae4c49a5542995dadf24400::doc_2::Blanket bog"", ""5ae4c49a5542995dadf24400::doc_7::John Adlum"", ""5a7633ad5542992db9473741::doc_5::Savage's Station, Virginia"", ""5ac289ff5542996366519a02::doc_8::Fen"", ""5a78bd9b554299078472774a::doc_9::Coral Gardens and Their Magic"", ""5a8b987f5542997f31a41d7a::doc_7::Rubislaw quarry"", ""5ae4c49a5542995dadf24400::doc_1::Historic Camden Revolutionary War Site"", ""5a8c65a1554299585d9e3680::doc_5::Shiners' War"", ""5a7a5b3a5542996c55b2dd71::doc_4::Grange Hall (Murphysboro, Illinois)""]","[0.882812, 0.795898, 0.788574, 0.780273, 0.77832, 0.772949, 0.771973, 0.771973, 0.771484, 0.770996]",0.613147,1.0,0.5
dense,5a7d3470554299452d57bb56,"[""5a7d3470554299452d57bb56::doc_1::Strip search phone call scam"", ""5a7d3470554299452d57bb56::doc_0::Compliance (film)"", ""5aba749055429901930fa7d8::doc_6::Cops and Robbers (1973 film)"", ""5a7d3470554299452d57bb56::doc_7::Part-time job terrorism"", ""5adef80b5542993a75d263c4::doc_0::Snatch (film)"", ""5ab3b0bf5542992ade7c6e39::doc_9::Get Christie Love!"", ""5a7a230e5542996a35c170ee::doc_1::Operation Mojo"", ""5ab271fe554299449642c8a6::doc_3::Parody film"", ""5a877e5d5542993e715abf7d::doc_7::It Could Happen to You (1994 film)"", ""5a87d8215542994775f60800::doc_8::Street Kings 2: Motor City""]","[0.893066, 0.825684, 0.810059, 0.805664, 0.797852, 0.794922, 0.793457, 0.790039, 0.787598, 0.786621]",1.0,1.0,1.0
dense,5ae4f2c75542993aec5ec0fb,"[""5ae4f2c75542993aec5ec0fb::doc_6::American Airlines Shuttle"", ""5ae4f2c75542993aec5ec0fb::doc_3::Logan International Airport"", ""5ae4f2c75542993aec5ec0fb::doc_8::Denver International Airport"", ""5ae4f2c75542993aec5ec0fb::doc_2::Charlotte Douglas International Airport"", ""5ae4f2c75542993aec5ec0fb::doc_9::Eastern Air Lines Shuttle"", ""5ab51dae5542991779162d82::doc_7::Bishop International Airport"", ""5ab51dae5542991779162d82::doc_1::Pensacola International Airport"", ""5ab51dae5542991779162d82::doc_5::John Glenn Columbus International Airport"", ""5ae4f2c75542993aec5ec0fb::doc_4::Coimbatore International Airport"", ""5ae4f2c75542993aec5ec0fb::doc_7::Dalian Zhoushuizi International Airport""]","[0.87793, 0.852539, 0.838867, 0.835938, 0.829102, 0.811035, 0.80957, 0.807617, 0.800293, 0.796387]",1.0,1.0,1.0
dense,5ab1d7ac554299449642c7e6,"[""5ab1d7ac554299449642c7e6::doc_1::Ehretia"", ""5ab1d7ac554299449642c7e6::doc_0::Xanthoceras"", ""5ab642845542995eadeeff8e::doc_9::Hawkinsara"", ""5ab642845542995eadeeff8e::doc_2::Otaara"", ""5ab642845542995eadeeff8e::doc_8::Cattleytonia"", ""5abd259d55429924427fcf1a::doc_1::Huernia"", ""5a8e068b5542995085b37384::doc_3::Silene"", ""5a8e068b5542995085b37384::doc_1::Silene tomentosa"", ""5ab642845542995eadeeff8e::doc_4::Laeliocattleya"", ""5a8e068b5542995085b37384::doc_5::Silene menziesii""]","[0.867188, 0.858398, 0.787598, 0.785645, 0.782715, 0.782227, 0.78125, 0.779297, 0.777832, 0.776367]",1.0,1.0,1.0
dense,5a85cead5542991dd0999ea9,"[""5a85cead5542991dd0999ea9::doc_1::Ron Herbel"", ""5a85cead5542991dd0999ea9::doc_9::List of Major League Baseball batting champions"", ""5a7f113d55429934daa2fcbe::doc_4::Dizzy Dean"", ""5ae748d1554299572ea547b0::doc_8::Wayne Garland"", ""5a85cead5542991dd0999ea9::doc_3::Frank Thomas' Big Hurt"", ""5a85cead5542991dd0999ea9::doc_6::Germ\u00e1n Barranca"", ""5a85cead5542991dd0999ea9::doc_4::Frank Crossin"", ""5a85cead5542991dd0999ea9::doc_0::Jack Fox (baseball)"", ""5a85cead5542991dd0999ea9::doc_7::1921 Detroit Tigers season"", ""5a7f113d55429934daa2fcbe::doc_9::Mickey Mantle""]","[0.838867, 0.830566, 0.82959, 0.828125, 0.825684, 0.820312, 0.819336, 0.818359, 0.813477, 0.8125]",0.237198,0.2,0.5
dense,5a73a7c755429978a71e9068,"[""5a73a7c755429978a71e9068::doc_9::Something There"", ""5a73a7c755429978a71e9068::doc_7::Beauty and the Beast (Disney song)"", ""5a73a7c755429978a71e9068::doc_8::Paige O'Hara"", ""5a73a7c755429978a71e9068::doc_3::Belle (Disney song)"", ""5a73a7c755429978a71e9068::doc_2::Be Our Guest"", ""5a73a7c755429978a71e9068::doc_4::Belle (Disney)"", ""5a73a7c755429978a71e9068::doc_6::Evermore (Beauty and the Beast song)"", ""5a73a7c755429978a71e9068::doc_0::Robby Benson"", ""5ac3e0f7554299194317388b::doc_9::American Beauty (soundtrack)"", ""5a722b8655429971e9dc9329::doc_0::Nancy Sinatra""]","[0.885742, 0.85498, 0.834961, 0.834961, 0.83252, 0.831543, 0.816406, 0.815918, 0.803711, 0.800293]",0.919721,1.0,1.0
dense,5a7f113d55429934daa2fcbe,"[""5a7f113d55429934daa2fcbe::doc_1::Greatest Sports Legends"", ""5a7f113d55429934daa2fcbe::doc_2::Reggie Jackson"", ""5a7f113d55429934daa2fcbe::doc_6::Babe Ruth"", ""5a7f113d55429934daa2fcbe::doc_4::Dizzy Dean"", ""5ae0006755429925eb1afbd3::doc_1::Philadelphia Baseball Wall of Fame"", ""5a85cead5542991dd0999ea9::doc_5::Frank Thomas (designated hitter)"", ""5a7f113d55429934daa2fcbe::doc_9::Mickey Mantle"", ""5ae748d1554299572ea547b0::doc_8::Wayne Garland"", ""5a7f113d55429934daa2fcbe::doc_7::Robin Ventura"", ""5a85cead5542991dd0999ea9::doc_1::Ron Herbel""]","[0.845215, 0.835938, 0.830566, 0.825684, 0.820801, 0.818359, 0.817871, 0.809082, 0.807617, 0.803223]",1.0,1.0,1.0
dense,5ae6828f5542996d980e7bb9,"[""5ae6828f5542996d980e7bb9::doc_5::Salisbury Woodland Gardens, Blackpool"", ""5ab2a186554299295394677b::doc_9::Forbury Gardens"", ""5ae6828f5542996d980e7bb9::doc_2::Stanley Park, Blackpool"", ""5ab2a186554299295394677b::doc_4::Maiwand Lion"", ""5a8b63fa55429950cd6afcd7::doc_3::Oleson Park Music Pavilion"", ""5ae7eaf65542994a481bbe1d::doc_9::Digswell Park"", ""5a7a5b3a5542996c55b2dd71::doc_0::Warriparinga"", ""5a75f0ea5542994ccc91866c::doc_8::Strawberry Park, Cheshire"", ""5a88dcf9554299206df2b383::doc_1::Lung Fu Shan Country Park"", ""5ab2a186554299295394677b::doc_7::The Forbury Hotel""]","[0.883789, 0.800781, 0.792969, 0.791016, 0.784668, 0.776367, 0.775879, 0.773926, 0.770996, 0.77002]",0.919721,1.0,1.0
dense,5ab31864554299233954ff06,"[""5ab31864554299233954ff06::doc_0::Apratim Majumdar"", ""5ab31864554299233954ff06::doc_1::Sarod"", ""5ab31864554299233954ff06::doc_6::Udaka vadya"", ""5a74106b55429979e288289e::doc_4::Sachin Warrier"", ""5ab7f0015542992aa3b8c88b::doc_5::Didi Beck"", ""5a7a0e1e5542990783324e1a::doc_5::Viol"", ""5ab31864554299233954ff06::doc_5::Experimental musical instrument"", ""5ab31864554299233954ff06::doc_2::Chander Bari"", ""5ab6ba245542995eadef007f::doc_1::Kakoy Legaspi"", ""5ab31864554299233954ff06::doc_9::Accompaniment""]","[0.894531, 0.837891, 0.822754, 0.814453, 0.810547, 0.807617, 0.807129, 0.802246, 0.802246, 0.79834]",1.0,1.0,1.0
dense,5abe239355429976d4830a7d,"[""5abe239355429976d4830a7d::doc_1::Jamie Harris (actor)"", ""5a87d8215542994775f60800::doc_5::Harsh Times"", ""5a8b57f25542995d1e6f1371::doc_0::Ed Wood (film)"", ""5a738fe855429908901be2fb::doc_3::Robin Hood (2018 film)"", ""5abc0a5d5542993f40c73c64::doc_0::Hackers (film)"", ""5ac2acff55429921a00ab02b::doc_0::The Hard Easy (film)"", ""5ab7e4dc5542995dae37e9df::doc_9::The Lone Ranger (2013 film)"", ""5ab3b0bf5542992ade7c6e39::doc_7::End of Days (film)"", ""5a8d5fc6554299585d9e37c6::doc_7::Stormbreaker (film)"", ""5abe239355429976d4830a7d::doc_9::The Dragon, the Hero""]","[0.865234, 0.803711, 0.79834, 0.796387, 0.79541, 0.794922, 0.79248, 0.787598, 0.787598, 0.787109]",0.613147,1.0,0.5
dense,5ac2659b55429963665199a1,"[""5ac2659b55429963665199a1::doc_6::Harry Prowell"", ""5ac2659b55429963665199a1::doc_5::Brian MacLaren"", ""5ac2659b55429963665199a1::doc_0::Ross MacKenzie (athlete)"", ""5ac2659b55429963665199a1::doc_4::10,000 metres"", ""5ac2659b55429963665199a1::doc_8::Nora Rocha"", ""5ac2659b55429963665199a1::doc_7::Dave Bailey (athlete)"", ""5ac2659b55429963665199a1::doc_1::European 10,000m Cup"", ""5ac2659b55429963665199a1::doc_9::2011 Pan American Games"", ""5a77724455429972597f153e::doc_7::1957 Indianapolis 500"", ""5a77724455429972597f153e::doc_8::1964 Armstrong 500""]","[0.88623, 0.823242, 0.820801, 0.81543, 0.803223, 0.801758, 0.80127, 0.793457, 0.790527, 0.787598]",0.877215,1.0,1.0
dense,5ae058e855429945ae959331,"[""5ae058e855429945ae959331::doc_6::Chrysalis (magazine)"", ""5ae058e855429945ae959331::doc_3::Look (UK magazine)"", ""5a7bbb64554299042af8f7cc::doc_8::Snoecks"", ""5ae058e855429945ae959331::doc_0::List of magazines in Malaysia"", ""5ae058e855429945ae959331::doc_4::Lifestyle magazine"", ""5ae058e855429945ae959331::doc_5::Customer magazine"", ""5a8bb29b554299240d9c2089::doc_3::Cool from the Wire"", ""5ab3b0bf5542992ade7c6e39::doc_9::Get Christie Love!"", ""5a7bbb64554299042af8f7cc::doc_7::Index Magazine"", ""5a7bbb64554299042af8f7cc::doc_3::Lady Gaga x Terry Richardson""]","[0.862793, 0.862305, 0.787598, 0.786133, 0.783691, 0.783203, 0.782227, 0.77832, 0.777832, 0.771484]",1.0,1.0,1.0
dense,5a7b8749554299294a54a9db,"[""5a7b8749554299294a54a9db::doc_5::Thomas Friedman"", ""5a7b8749554299294a54a9db::doc_4::Henri Bergson"", ""5a7b8749554299294a54a9db::doc_1::Duration (philosophy)"", ""5a7b8749554299294a54a9db::doc_7::Time and Free Will"", ""5a7b8749554299294a54a9db::doc_0::Introduction to Metaphysics (Bergson)"", ""5a7b8749554299294a54a9db::doc_9::Matter and Memory"", ""5a7b8749554299294a54a9db::doc_8::Moina Mathers"", ""5a7b8749554299294a54a9db::doc_6::\u00c9lan vital"", ""5adf65555542992d7e9f9334::doc_8::Wendell Berry"", ""5a78bd9b554299078472774a::doc_1::Thomas Hylland Eriksen""]","[0.875488, 0.857422, 0.812988, 0.806641, 0.799316, 0.797852, 0.79248, 0.788574, 0.785156, 0.782715]",1.0,1.0,1.0
dense,5a864ff7554299211dda2af2,"[""5a864ff7554299211dda2af2::doc_4::Yoann Lemoine"", ""5a864ff7554299211dda2af2::doc_7::Yayo (Lana Del Rey song)"", ""5a864ff7554299211dda2af2::doc_6::Blue Jeans (Lana Del Rey song)"", ""5a864ff7554299211dda2af2::doc_3::Video Games (song)"", ""5ae7ba7a5542993210983f12::doc_9::Stay (Sugarland song)"", ""5a864ff7554299211dda2af2::doc_2::Kill Kill (song)"", ""5a864ff7554299211dda2af2::doc_0::Lana Del Rey (EP)"", ""5a864ff7554299211dda2af2::doc_1::Back to December"", ""5a7b3f4d5542992d025e67bb::doc_7::La La Land (Demi Lovato song)"", ""5a864ff7554299211dda2af2::doc_8::Lana Del Rey videography""]","[0.890137, 0.834473, 0.820801, 0.813477, 0.801758, 0.800781, 0.800781, 0.799316, 0.79541, 0.79541]",0.806574,1.0,1.0
dense_cross_encoder,5a8e1027554299653c1aa15f,"[""5a8e1027554299653c1aa15f::doc_1::2015\u201316 Colorado Buffaloes men's basketball team"", ""5a8e1027554299653c1aa15f::doc_9::2014\u201315 Colorado Buffaloes men's basketball team"", ""5a8e1027554299653c1aa15f::doc_0::2016\u201317 Colorado Buffaloes men's basketball team"", ""5a8e1027554299653c1aa15f::doc_3::2015 Colorado Buffaloes football team"", ""5a8e1027554299653c1aa15f::doc_6::2011 Colorado Buffaloes football team"", ""5a8e1027554299653c1aa15f::doc_7::2014 Colorado Buffaloes football team"", ""5a8e1027554299653c1aa15f::doc_5::1989 Colorado Buffaloes football team"", ""5a8e1027554299653c1aa15f::doc_4::2012 Colorado Buffaloes football team"", ""5a8e1027554299653c1aa15f::doc_2::2009 Colorado Buffaloes football team"", ""5a8e1027554299653c1aa15f::doc_8::2009 Big 12 Conference football season""]","[4.800325, 4.737442, 4.72462, 4.686472, 4.619938, 4.613104, 4.59037, 4.556593, 3.92515, 2.875061]",0.361815,0.111111,1.0
dense_cross_encoder,5ab84bf555429916710eb01f,"[""5ab84bf555429916710eb01f::doc_8::Euromarch\u00e9"", ""5ab84bf555429916710eb01f::doc_4::Carrefour"", ""5ab84bf555429916710eb01f::doc_6::SavaCentre"", ""5ab84bf555429916710eb01f::doc_2::Tesco Extra"", ""5ab84bf555429916710eb01f::doc_3::Tazweed Center"", ""5ab84bf555429916710eb01f::doc_9::Lewis's"", ""5ab84bf555429916710eb01f::doc_0::Selver"", ""5ab84bf555429916710eb01f::doc_7::Uno-X"", ""5ab84bf555429916710eb01f::doc_5::John A. Brown (department store)"", ""5ac120c55542992a796dedfc::doc_5::Manischewitz""]","[3.67251, 0.905881, -1.383816, -3.030013, -4.53713, -4.666848, -4.786162, -6.804147, -8.923693, -10.560343]",1.0,1.0,1.0
dense_cross_encoder,5a77724455429972597f153e,"[""5a77724455429972597f153e::doc_7::1957 Indianapolis 500"", ""5a77724455429972597f153e::doc_1::Carolina Dodge Dealers 400"", ""5a77724455429972597f153e::doc_0::Subway 400"", ""5a77724455429972597f153e::doc_9::Allison Transmission"", ""5a77724455429972597f153e::doc_8::1964 Armstrong 500"", ""5a77724455429972597f153e::doc_3::Indianapolis Motor Speedway"", ""5a77724455429972597f153e::doc_4::Lean Horse Ultramarathon"", ""5a77724455429972597f153e::doc_2::Louis Schwitzer Award"", ""5a77724455429972597f153e::doc_5::Orange County Fair Speedway"", ""5a77724455429972597f153e::doc_6::Johnny Rutherford""]","[2.125155, -0.118639, -2.28513, -2.646348, -2.947662, -4.183249, -5.245578, -5.361197, -6.602687, -7.381021]",0.831555,1.0,1.0
dense_cross_encoder,5a87c13f5542996e4f30890c,"[""5a87c13f5542996e4f30890c::doc_3::Franco Corelli"", ""5a87c13f5542996e4f30890c::doc_6::Tosca (1956 film)"", ""5a87c13f5542996e4f30890c::doc_1::La Boh\u00e8me (1988 film)"", ""5a87c13f5542996e4f30890c::doc_8::Cesira Ferrani"", ""5a87c13f5542996e4f30890c::doc_0::Ron Bottcher"", ""5a87c13f5542996e4f30890c::doc_5::La fanciulla del West"", ""5a87c13f5542996e4f30890c::doc_4::O mio babbino caro"", ""5a87c13f5542996e4f30890c::doc_2::Gianni Schicchi"", ""5a87c13f5542996e4f30890c::doc_9::Jacopo Puccini"", ""5a87c13f5542996e4f30890c::doc_7::Festival Puccini""]","[3.135814, 2.975404, 2.741523, 1.757587, 1.613919, 1.41949, 1.112721, 0.836033, 0.747767, -2.036445]",1.0,1.0,1.0
dense_cross_encoder,5ab96ab755429970cfb8eacd,"[""5ab96ab755429970cfb8eacd::doc_3::On My Mind (Ellie Goulding song)"", ""5ab96ab755429970cfb8eacd::doc_7::Delirium (Ellie Goulding album)"", ""5ab96ab755429970cfb8eacd::doc_8::Something in the Way You Move"", ""5ab96ab755429970cfb8eacd::doc_0::Halcyon (album)"", ""5ab96ab755429970cfb8eacd::doc_5::Delirium World Tour"", ""5ab96ab755429970cfb8eacd::doc_4::Army (Ellie Goulding song)"", ""5ab96ab755429970cfb8eacd::doc_9::List of songs recorded by Ellie Goulding"", ""5ab96ab755429970cfb8eacd::doc_1::Love Me like You Do"", ""5ab96ab755429970cfb8eacd::doc_2::Outside (Calvin Harris song)"", ""5ab96ab755429970cfb8eacd::doc_6::Flashlight (DJ Fresh song)""]","[6.384495, 5.742531, 5.25403, 4.946067, 4.8773, 4.689772, 4.428996, 4.248766, 2.888429, 1.250972]",1.0,1.0,1.0
dense_cross_encoder,5a8a43eb5542996c9b8d5e82,"[""5a8a43eb5542996c9b8d5e82::doc_9::Westminster School, Adelaide"", ""5a713ea95542994082a3e6e4::doc_0::High Commission of Australia, London"", ""5a8a43eb5542996c9b8d5e82::doc_0::Sainik School Balachadi, Jamnagar"", ""5a8a43eb5542996c9b8d5e82::doc_6::Grace Church School"", ""5a8a43eb5542996c9b8d5e82::doc_4::Princeton High School (Illinois)"", ""5a8a43eb5542996c9b8d5e82::doc_8::Grennaskolan"", ""5ae2dfd155429928c423951b::doc_9::Yanco Agricultural High School"", ""5a8a43eb5542996c9b8d5e82::doc_3::Marion, South Australia"", ""5a8a43eb5542996c9b8d5e82::doc_5::Concho Indian Boarding School"", ""5a8a43eb5542996c9b8d5e82::doc_1::PNG solution""]","[4.253418, -4.32893, -4.403486, -4.789764, -4.835639, -4.972132, -5.343052, -6.028101, -6.053367, -7.130712]",0.806574,1.0,1.0
dense_cross_encoder,5ae73acb5542991e8301cc07,"[""5ae73acb5542991e8301cc07::doc_8::D1NZ"", ""5ae73acb5542991e8301cc07::doc_7::Drifting (motorsport)"", ""5ae73acb5542991e8301cc07::doc_3::Raaz Pichhle Janam Ka"", ""5ae82ae555429952e35eaa71::doc_9::Damon Dark"", ""5a7ed2c655429930675135e5::doc_6::Dancing on the Edge (TV series)"", ""5adf58f15542993a75d264d2::doc_1::The Young Ones (video game)"", ""5ae305df5542992decbdcdc3::doc_1::Dead or Alive 5 Plus"", ""5a79311755429970f5fffe67::doc_2::Neuro: Supernatural Detective"", ""5adddccd5542997dc7907069::doc_8::Trainmaster Command Control"", ""5adef80b5542993a75d263c4::doc_4::Romper Stomper (TV series)""]","[3.451021, -2.039149, -6.213411, -9.658388, -10.12595, -10.501774, -10.660725, -10.667401, -10.724033, -10.764919]",1.0,1.0,1.0
dense_cross_encoder,5a7320565542991f9a20c61d,"[""5a7320565542991f9a20c61d::doc_9::Keith Bostic (American football)"", ""5a7320565542991f9a20c61d::doc_5::Jerry Glanville"", ""5a7320565542991f9a20c61d::doc_3::Keith Bostic"", ""5a7320565542991f9a20c61d::doc_2::1987 Pittsburgh Steelers season"", ""5a7320565542991f9a20c61d::doc_6::Portland State Vikings football under Jerry Glanville"", ""5a7320565542991f9a20c61d::doc_4::Mouse Davis"", ""5a7320565542991f9a20c61d::doc_0::Ken Herock"", ""5a8574945542997b5ce3fffb::doc_8::Keith Richards"", ""5ae0bae555429906c02dab08::doc_7::Ralph Garman"", ""5a8c5569554299240d9c2126::doc_9::Gerry Marsden""]","[5.466491, 3.269395, 3.164763, -2.954853, -3.045708, -3.32239, -3.896709, -6.586465, -9.473825, -9.578268]",1.0,1.0,1.0
dense_cross_encoder,5ae32e125542991a06ce9946,"[""5ae32e125542991a06ce9946::doc_5::Kirton, Nottinghamshire"", ""5ae32e125542991a06ce9946::doc_4::Kirton, Suffolk"", ""5ae32e125542991a06ce9946::doc_9::Kirton End"", ""5ae32e125542991a06ce9946::doc_1::Willoughton"", ""5ae32e125542991a06ce9946::doc_8::Borough of Berwick-upon-Tweed"", ""5ae32e125542991a06ce9946::doc_0::Parkridge, Saskatoon"", ""5a88dcf9554299206df2b383::doc_9::Hatton, Warwickshire"", ""5ae32e125542991a06ce9946::doc_3::Boston, Lincolnshire"", ""5ae67dba55429908198fa5f0::doc_5::Marion, Arkansas"", ""5ab8854555429934fafe6e0c::doc_5::Marovoay""]","[6.396986, 4.277387, 3.148902, 1.324594, -2.566661, -2.784556, -3.386892, -3.855972, -4.739123, -4.784369]",0.5,0.333333,1.0
dense_cross_encoder,5adc53f75542996e6852530a,"[""5adc53f75542996e6852530a::doc_2::Ajuga"", ""5adc53f75542996e6852530a::doc_8::Ajugeae"", ""5adc53f75542996e6852530a::doc_7::Cypress-pine"", ""5adc53f75542996e6852530a::doc_3::Cupressus"", ""5adc53f75542996e6852530a::doc_0::Fokienia"", ""5adc53f75542996e6852530a::doc_5::Libocedrus"", ""5adc53f75542996e6852530a::doc_9::Cypress"", ""5adc53f75542996e6852530a::doc_6::Pilgerodendron"", ""5adc53f75542996e6852530a::doc_4::Cedrol"", ""5ac289ff5542996366519a02::doc_4::Brabejum""]","[2.475592, 2.403858, 0.73254, 0.711318, -1.306793, -1.362363, -1.543144, -3.657763, -6.722491, -9.193579]",0.81753,1.0,1.0
dense_cross_encoder,5a8b20335542996c9b8d5fb3,"[""5a8b20335542996c9b8d5fb3::doc_2::1992\u201393 Charlotte Hornets season"", ""5a8b20335542996c9b8d5fb3::doc_9::2014\u201315 Charlotte Hornets season"", ""5a8b20335542996c9b8d5fb3::doc_7::Charlotte Hornets"", ""5a8b20335542996c9b8d5fb3::doc_8::Muggsy Bogues"", ""5a8b20335542996c9b8d5fb3::doc_3::Charlotte Hornets draft history"", ""5a8b20335542996c9b8d5fb3::doc_6::List of Charlotte Hornets seasons"", ""5a8b20335542996c9b8d5fb3::doc_0::Charlotte Hornets all-time roster"", ""5a8b20335542996c9b8d5fb3::doc_4::Ayana Walker"", ""5a8b20335542996c9b8d5fb3::doc_5::2003 WNBA season"", ""5a7320565542991f9a20c61d::doc_4::Mouse Davis""]","[2.462884, 2.124776, 1.445208, 1.157626, 0.061993, 0.002186, -0.25187, -1.155878, -3.431882, -5.414758]",0.877215,1.0,1.0
dense_cross_encoder,5a85fb085542994775f606de,"[""5a85fb085542994775f606de::doc_1::Alien (soundtrack)"", ""5a85fb085542994775f606de::doc_7::Legend (film score)"", ""5a85fb085542994775f606de::doc_9::Lionheart (1987 film)"", ""5a85fb085542994775f606de::doc_4::Aliens (soundtrack)"", ""5a85fb085542994775f606de::doc_3::Innerspace"", ""5a85fb085542994775f606de::doc_5::Mulan (soundtrack)"", ""5a85fb085542994775f606de::doc_2::L.A. Confidential (soundtrack)"", ""5a85fb085542994775f606de::doc_8::Total Recall (1990 film)"", ""5a85fb085542994775f606de::doc_0::Christus Apollo"", ""5ab6a2be554299710c8d1f08::doc_3::Battle Beyond the Stars""]","[5.845391, 5.840385, 4.098784, 4.054574, 3.485587, 2.782099, 2.440114, 2.315503, 2.056926, -4.179776]",0.613147,1.0,0.5
dense_cross_encoder,5a7be2595542997c3ec972ac,"[""5a7be2595542997c3ec972ac::doc_1::Emma Bull"", ""5a7be2595542997c3ec972ac::doc_2::Virginia Woolf"", ""5a7be2595542997c3ec972ac::doc_9::Jane Marcus"", ""5a7be2595542997c3ec972ac::doc_3::Orlando: A Biography"", ""5a7be2595542997c3ec972ac::doc_0::The Mark on the Wall"", ""5a7be2595542997c3ec972ac::doc_8::Moments of Being"", ""5a7f113d55429934daa2fcbe::doc_8::Emma Carney"", ""5a7be2595542997c3ec972ac::doc_5::Jane de Gay"", ""5a7be2595542997c3ec972ac::doc_7::The Duchess and the Jeweller"", ""5a7be2595542997c3ec972ac::doc_4::Me! I'm Afraid of Virginia Woolf""]","[4.332197, 3.890446, -3.019833, -3.473197, -4.621756, -4.956996, -5.058862, -5.108766, -5.685483, -6.612062]",1.0,1.0,1.0
dense_cross_encoder,5a77152355429966f1a36c2e,"[""5a77152355429966f1a36c2e::doc_8::What Are Little Boys Made Of?"", ""5a77152355429966f1a36c2e::doc_1::Pretty Little Dutch Girl"", ""5ae63dad55429929b0807afe::doc_3::Here We Go Round the Mulberry Bush"", ""5a77152355429966f1a36c2e::doc_5::Three Little Kittens"", ""5a77152355429966f1a36c2e::doc_0::Billy Boy"", ""5a77152355429966f1a36c2e::doc_7::A Wise Old Owl"", ""5a77152355429966f1a36c2e::doc_4::Row, Row, Row Your Boat"", ""5a77152355429966f1a36c2e::doc_9::What Are Little Girls Made Of?"", ""5a77152355429966f1a36c2e::doc_3::Aiken Drum"", ""5a77152355429966f1a36c2e::doc_2::Tweedledum and Tweedledee""]","[6.293677, 4.316931, 2.702688, 2.678905, 2.614857, 2.279539, 1.800065, 1.683888, 1.612577, 1.599258]",0.806574,1.0,1.0
dense_cross_encoder,5a8f4c8d554299458435d5a3,"[""5a8f4c8d554299458435d5a3::doc_2::Scott Parkin"", ""5a8f4c8d554299458435d5a3::doc_5::Exxon"", ""5a8f4c8d554299458435d5a3::doc_3::Halliburton"", ""5a8f4c8d554299458435d5a3::doc_1::Mobil Producing Nigeria"", ""5ae057fd55429945ae959328::doc_1::Teleperformance"", ""5a8e0a005542995085b373a1::doc_1::Terren Peizer"", ""5a760ab65542994ccc918697::doc_6::Gore-Chernomyrdin Commission"", ""5ae057fd55429945ae959328::doc_8::Equinix"", ""5a8b8b3155429949d91db5d7::doc_2::TaeguTec"", ""5ab84bf555429916710eb01f::doc_4::Carrefour""]","[4.858945, -3.519894, -3.69545, -5.200424, -9.039446, -9.740891, -9.897018, -10.004408, -10.252487, -10.321499]",0.919721,1.0,1.0
dense_cross_encoder,5a80840f554299485f59863b,"[""5a80840f554299485f59863b::doc_3::Rose McGowan"", ""5a80840f554299485f59863b::doc_5::Jawbreaker (film)"", ""5a80840f554299485f59863b::doc_7::Charmed (season 4)"", ""5a80840f554299485f59863b::doc_8::List of Charmed characters"", ""5a80840f554299485f59863b::doc_1::Power of Three (Charmed)"", ""5a8d5fc6554299585d9e37c6::doc_4::Sarah Bolger"", ""5a80840f554299485f59863b::doc_9::Charmed"", ""5a80840f554299485f59863b::doc_4::Kerr Smith"", ""5a8d5fc6554299585d9e37c6::doc_7::Stormbreaker (film)"", ""5a80840f554299485f59863b::doc_0::Safe Harbor (TV series)""]","[5.521841, 3.366488, 0.564773, 0.563782, -0.490551, -3.03789, -3.502388, -4.256297, -5.520286, -5.526188]",1.0,1.0,1.0
dense_cross_encoder,5a8361b65542992ef85e22a0,"[""5a8361b65542992ef85e22a0::doc_2::Vince Phillips"", ""5a8361b65542992ef85e22a0::doc_8::International Boxing Federation"", ""5a8361b65542992ef85e22a0::doc_7::Zab Judah"", ""5a8361b65542992ef85e22a0::doc_0::Ralph Charles"", ""5a8361b65542992ef85e22a0::doc_1::Bunny Grant"", ""5a8361b65542992ef85e22a0::doc_3::Andrew Murray (Guyanese boxer)"", ""5a8361b65542992ef85e22a0::doc_6::Jeff Malcolm"", ""5a8361b65542992ef85e22a0::doc_4::Fatai Onikeke"", ""5a8361b65542992ef85e22a0::doc_5::Julian Holland (boxer)"", ""5a8361b65542992ef85e22a0::doc_9::Lawrence Austin""]","[5.259156, -2.283984, -2.952889, -3.201445, -4.624854, -4.801977, -5.24439, -5.4106, -6.011829, -7.122441]",1.0,1.0,1.0
dense_cross_encoder,5ae7ba7a5542993210983f12,"[""5ae7ba7a5542993210983f12::doc_8::Yeah! (Usher song)"", ""5ae7ba7a5542993210983f12::doc_5::No One (Alicia Keys song)"", ""5ae82ae555429952e35eaa71::doc_5::Dir\u00e1s que estoy loco"", ""5ae7ba7a5542993210983f12::doc_0::Can't Touch It"", ""5ac23ff0554299636651994d::doc_0::All I Wanna Do Is Make Love to You"", ""5ac298f9554299657fa28fc9::doc_8::Always (Saliva song)"", ""5a864ff7554299211dda2af2::doc_3::Video Games (song)"", ""5a77c1505542997042120b1b::doc_6::Chattahoochee (song)"", ""5ac298f9554299657fa28fc9::doc_3::Family Reunion (Saliva song)"", ""5abdf12255429976d4830a2f::doc_9::Heaven Knows (Robert Plant song)""]","[4.690822, 2.721324, 1.618684, 1.085884, 0.327807, 0.28806, -0.058815, -0.069974, -0.084043, -0.115287]",0.613147,1.0,0.5
dense_cross_encoder,5ac2acff55429921a00ab02b,"[""5ac2acff55429921a00ab02b::doc_6::The Hard Easy (Adventure Time)"", ""5ac2acff55429921a00ab02b::doc_0::The Hard Easy (film)"", ""5ac2acff55429921a00ab02b::doc_2::Brother from Another Series"", ""5ac2acff55429921a00ab02b::doc_5::The Farm (The Office)"", ""5ac2acff55429921a00ab02b::doc_3::Roy's Wedding"", ""5ac2acff55429921a00ab02b::doc_7::Web Weirdos"", ""5a7625c7554299109176e668::doc_3::The Drop-In (podcast)"", ""5ac2acff55429921a00ab02b::doc_1::Moving On (The Office)"", ""5ac2acff55429921a00ab02b::doc_9::Andy's Ancestry"", ""5a7a230e5542996a35c170ee::doc_5::Nat Wolff""]","[6.137029, 2.91789, 1.442084, 0.571233, -0.097744, -0.25434, -2.570272, -3.15553, -3.72341, -3.861483]",0.613147,1.0,0.5
dense_cross_encoder,5aba7cfe554299232ef4a2fd,"[""5aba7cfe554299232ef4a2fd::doc_0::2017\u201318 Wigan Athletic F.C. season"", ""5aba7cfe554299232ef4a2fd::doc_1::2007\u201308 Wigan Athletic F.C. season"", ""5aba7cfe554299232ef4a2fd::doc_8::1978\u201379 Wigan Athletic F.C. season"", ""5aba7cfe554299232ef4a2fd::doc_7::2006\u201307 Wigan Athletic F.C. season"", ""5aba7cfe554299232ef4a2fd::doc_5::1979\u201380 Wigan Athletic F.C. season"", ""5aba7cfe554299232ef4a2fd::doc_9::List of Wigan Borough F.C. players"", ""5aba7cfe554299232ef4a2fd::doc_2::EFL Cup"", ""5aba7cfe554299232ef4a2fd::doc_3::Springfield Park (Wigan)"", ""5aba7cfe554299232ef4a2fd::doc_4::Trinidad and Tobago League Cup"", ""5aba7cfe554299232ef4a2fd::doc_6::Nick Powell""]","[6.950912, 2.059713, 1.919445, 1.871505, 1.535705, -0.259505, -0.706358, -1.553798, -1.752282, -3.735518]",0.81753,1.0,1.0
dense_cross_encoder,5ae5aba0554299546bf82f17,"[""5ae5aba0554299546bf82f17::doc_2::Tara Strong"", ""5ae5aba0554299546bf82f17::doc_8::Tara Strong filmography"", ""5ae5aba0554299546bf82f17::doc_5::Teen Titans (season 1)"", ""5ae5aba0554299546bf82f17::doc_9::List of Teen Titans episodes"", ""5ae5aba0554299546bf82f17::doc_1::Teen Titans (season 4)"", ""5ae5aba0554299546bf82f17::doc_0::List of Teen Titans Go! episodes"", ""5ae5aba0554299546bf82f17::doc_4::Teen Titans Go! (TV series)"", ""5ae5aba0554299546bf82f17::doc_7::Teen Titans"", ""5ae5aba0554299546bf82f17::doc_6::Teen Titans: Trouble in Tokyo"", ""5a8ee6915542990e94052bad::doc_5::Avatar: The Last Airbender (season 1)""]","[8.143186, 8.083248, 7.604628, 7.148218, 6.691228, 3.235706, 2.339267, 1.053418, 0.885581, -0.478821]",0.81753,1.0,1.0
dense_cross_encoder,5ae1f4cb554299234fd0436d,"[""5ae1f4cb554299234fd0436d::doc_0::122nd SS-Standarte"", ""5ae1f4cb554299234fd0436d::doc_9::122nd Division (Imperial Japanese Army)"", ""5ae1f4cb554299234fd0436d::doc_6::122nd Infantry Regiment (United States)"", ""5ae1f4cb554299234fd0436d::doc_1::122nd Hydroplane Liaison Squadron"", ""5ae1f4cb554299234fd0436d::doc_7::122d Fighter Squadron"", ""5ae1f4cb554299234fd0436d::doc_8::122nd (Muskoka) Battalion, CEF"", ""5ae1f4cb554299234fd0436d::doc_5::122nd Ohio Infantry"", ""5ae1f4cb554299234fd0436d::doc_2::122nd Fighter Aviation Squadron"", ""5ae1f4cb554299234fd0436d::doc_4::122nd Division"", ""5ae1f4cb554299234fd0436d::doc_3::Strasbourg""]","[6.074073, -4.208784, -5.520704, -5.648007, -5.887956, -6.075547, -6.26942, -8.246412, -8.488543, -8.962538]",0.790386,1.0,1.0
dense_cross_encoder,5ae7e1fc55429952e35ea9cc,"[""5ae7e1fc55429952e35ea9cc::doc_7::Oranjegekte"", ""5ae7e1fc55429952e35ea9cc::doc_3::Koningsdag"", ""5ae7e1fc55429952e35ea9cc::doc_0::Queen's Day (disambiguation)"", ""5ae7e1fc55429952e35ea9cc::doc_4::Jounen Kw\u00e9y\u00f2l"", ""5ae7e1fc55429952e35ea9cc::doc_9::Christmas in the Basque Country"", ""5ae7e1fc55429952e35ea9cc::doc_8::White Sunday"", ""5a88658955429938390d3f47::doc_8::Armed Forces Day (Poland)"", ""5ae7e1fc55429952e35ea9cc::doc_6::Saint-Jean-Baptiste Day"", ""5ae7e1fc55429952e35ea9cc::doc_1::Children's Day (Japan)"", ""5a7a276d5542996c55b2dd27::doc_3::Muumuu""]","[8.50294, 1.472408, 0.304761, -3.061985, -3.470623, -7.119533, -8.187407, -8.204535, -8.551172, -9.162716]",1.0,1.0,1.0
dense_cross_encoder,5ae37c765542992f92d822d4,"[""5ae37c765542992f92d822d4::doc_5::Tromeo and Juliet"", ""5ae37c765542992f92d822d4::doc_2::Romeo + Juliet"", ""5ae37c765542992f92d822d4::doc_9::The Tragedy of Romeo and Juliet (film)"", ""5ae37c765542992f92d822d4::doc_7::James Gunn"", ""5ae37c765542992f92d822d4::doc_4::List of Romeo \u00d7 Juliet episodes"", ""5ae37c765542992f92d822d4::doc_0::Romeo and Juliet on screen"", ""5ae37c765542992f92d822d4::doc_1::Romeo"", ""5ae37c765542992f92d822d4::doc_6::Romeo \u00d7 Juliet"", ""5ae37c765542992f92d822d4::doc_3::A rose by any other name would smell as sweet"", ""5ae37c765542992f92d822d4::doc_8::James Gunn's PG Porn""]","[8.306383, 6.293333, 3.472573, 3.330542, 2.099843, 1.833189, 0.840703, 0.563337, -2.331306, -3.492777]",0.877215,1.0,1.0
dense_cross_encoder,5ae33c4d5542992f92d82262,"[""5ae33c4d5542992f92d82262::doc_4::Robert Suettinger"", ""5abc0a5d5542993f40c73c64::doc_5::Peter W. Smith"", ""5ae33c4d5542992f92d82262::doc_5::Bill Clinton"", ""5ae33c4d5542992f92d82262::doc_0::Director of the Defense Intelligence Agency"", ""5ae0d4c9554299603e418468::doc_5::Robert Hormats"", ""5a7d3470554299452d57bb56::doc_6::Jacob D. Robida"", ""5ae0d4c9554299603e418468::doc_4::Robert R. Hood"", ""5aba5d2e55429901930fa799::doc_9::Lewinsky scandal"", ""5a760ab65542994ccc918697::doc_2::Nelson Rockefeller"", ""5ae0d4c9554299603e418468::doc_1::Douglas J. Bennet""]","[5.105008, -3.19373, -3.467518, -6.806661, -7.818945, -7.947618, -8.836027, -9.602387, -9.821152, -9.830985]",0.919721,1.0,1.0
dense_cross_encoder,5a77cb335542997042120b3a,"[""5a77cb335542997042120b3a::doc_2::John John Florence"", ""5a77cb335542997042120b3a::doc_9::MEO Rip Curl Pro Portugal"", ""5a77cb335542997042120b3a::doc_6::Andy Irons"", ""5a77cb335542997042120b3a::doc_8::Barton Lynch"", ""5a77cb335542997042120b3a::doc_7::MEO Rip Curl Pro Portugal 2016"", ""5a77cb335542997042120b3a::doc_4::MEO Rip Curl Pro Portugal 2017"", ""5a77cb335542997042120b3a::doc_1::Moche Rip Curl Pro Portugal 2015"", ""5a77cb335542997042120b3a::doc_0::Coco Ho"", ""5a77cb335542997042120b3a::doc_3::Moche Rip Curl Pro Portugal 2014"", ""5a77cb335542997042120b3a::doc_5::Supertubos""]","[5.709311, 4.194832, 3.981174, 2.746268, 1.846303, 1.67636, 1.198271, 0.863616, 0.859825, -0.284093]",1.0,1.0,1.0
dense_cross_encoder,5a8979f4554299669944a52e,"[""5a8979f4554299669944a52e::doc_6::Bobbi Bacha"", ""5a8979f4554299669944a52e::doc_2::Suburban Madness"", ""5a8c7595554299585d9e36b6::doc_2::Janet Waldo"", ""5abd2eab5542992ac4f38210::doc_0::Shaunna O'Grady"", ""5a8979f4554299669944a52e::doc_4::Sela Ward"", ""5a80840f554299485f59863b::doc_3::Rose McGowan"", ""5a80840f554299485f59863b::doc_6::Sarah Drew"", ""5abba4855542993f40c73b68::doc_6::Sage Kirkpatrick"", ""5a791a97554299148911f9f2::doc_6::Ellie Kemper"", ""5a89f5815542993b751ca9c5::doc_7::Caroline Carver (actress)""]","[7.679328, 6.872052, -6.260294, -6.294035, -6.449882, -6.738659, -6.804948, -6.864245, -6.948436, -6.948765]",0.850345,1.0,1.0
dense_cross_encoder,5a713ea95542994082a3e6e4,"[""5a713ea95542994082a3e6e4::doc_4::Alvaro Mexia"", ""5a713ea95542994082a3e6e4::doc_1::Diplomatic mission"", ""5a713ea95542994082a3e6e4::doc_9::Indigenous peoples of Florida"", ""5a713ea95542994082a3e6e4::doc_8::United States Mission to the European Union"", ""5a713ea95542994082a3e6e4::doc_6::List of diplomatic missions of Azerbaijan"", ""5a8c65a1554299585d9e3680::doc_2::Pingpu peoples"", ""5a85b2d95542997b5ce40028::doc_9::Amaruk Kayshapanta"", ""5a85eed75542996432c5713b::doc_3::Seminole"", ""5a88658955429938390d3f47::doc_5::Fernando Tapias Stahelin"", ""5ae0a59a55429945ae9593e2::doc_3::Corieltauvi""]","[6.672968, -6.401315, -7.339294, -7.92811, -8.47888, -9.128639, -9.183424, -9.553639, -9.675843, -9.740845]",0.919721,1.0,1.0
dense_cross_encoder,5a78bd9b554299078472774a,"[""5a78bd9b554299078472774a::doc_8::Alfred Gell"", ""5a78bd9b554299078472774a::doc_0::Edmund Leach"", ""5a78bd9b554299078472774a::doc_7::Association of Social Anthropologists"", ""5a78bd9b554299078472774a::doc_1::Thomas Hylland Eriksen"", ""5a78bd9b554299078472774a::doc_2::Social Anthropology (journal)"", ""5a78bd9b554299078472774a::doc_9::Coral Gardens and Their Magic"", ""5a78bd9b554299078472774a::doc_4::Aleksandar Bo\u0161kovi\u0107"", ""5a760ab65542994ccc918697::doc_8::Alfred Balk"", ""5a78bd9b554299078472774a::doc_3::Network Analysis and Ethnographic Problems"", ""5a78bd9b554299078472774a::doc_5::Participant observation""]","[8.112669, 6.260138, -2.344943, -3.25563, -4.065797, -4.723785, -5.318708, -6.936357, -7.716763, -9.001201]",1.0,1.0,1.0
dense_cross_encoder,5a7625e8554299109176e66a,"[""5a7625e8554299109176e66a::doc_9::1925 Birthday Honours"", ""5a7625e8554299109176e66a::doc_7::1951 Birthday Honours"", ""5a7625e8554299109176e66a::doc_4::Birthday Honours"", ""5a7625e8554299109176e66a::doc_5::1965 Birthday Honours"", ""5a7625e8554299109176e66a::doc_1::2014 Birthday Honours"", ""5a7625e8554299109176e66a::doc_8::2013 Birthday Honours"", ""5a7625e8554299109176e66a::doc_0::2017 Birthday Honours"", ""5a7625e8554299109176e66a::doc_3::2016 Birthday Honours"", ""5a7625e8554299109176e66a::doc_2::2015 Birthday Honours"", ""5a7625e8554299109176e66a::doc_6::George V""]","[8.856756, 3.667356, 0.160171, -0.903168, -1.809338, -1.925941, -2.074411, -2.184008, -2.342997, -4.264784]",0.790386,1.0,1.0
dense_cross_encoder,5ae2dd2055429928c423950d,"[""5ae2dd2055429928c423950d::doc_7::East Lempster, New Hampshire"", ""5ae2dd2055429928c423950d::doc_9::Lempster, New Hampshire"", ""5ae2dd2055429928c423950d::doc_1::Miner Memorial Library"", ""5ae2dd2055429928c423950d::doc_0::Steven D. Smith"", ""5ae2dd2055429928c423950d::doc_6::Carroll County, New Hampshire"", ""5ae2dd2055429928c423950d::doc_2::Sullivan County, New Hampshire"", ""5ae2dd2055429928c423950d::doc_5::Hampden County, Massachusetts"", ""5ae2dd2055429928c423950d::doc_3::Dover, New Hampshire"", ""5ae2dd2055429928c423950d::doc_4::Woodsville, New Hampshire"", ""5a8db19d5542994ba4e3dd00::doc_3::Amherst, Massachusetts""]","[8.566681, 8.070078, 4.185386, 2.916706, 2.626501, 2.595274, 0.168775, 0.106978, -0.157318, -1.951098]",0.831555,1.0,1.0
dense_cross_encoder,5abdf12255429976d4830a2f,"[""5abdf12255429976d4830a2f::doc_3::Against the Wind (album)"", ""5abdf12255429976d4830a2f::doc_2::Bob Seger"", ""5abdf12255429976d4830a2f::doc_8::Stranger in Town (album)"", ""5abdf12255429976d4830a2f::doc_0::Ride Out (album)"", ""5abdf12255429976d4830a2f::doc_4::Gary Cherone"", ""5abdf12255429976d4830a2f::doc_9::Heaven Knows (Robert Plant song)"", ""5a818387554299260e20a291::doc_0::Randy Travis"", ""5a8574945542997b5ce3fffb::doc_8::Keith Richards"", ""5a7cc50e554299452d57ba3e::doc_4::Gary Lee Conner"", ""5a7cc50e554299452d57ba3e::doc_1::Truly""]","[6.646246, 3.627732, 2.224287, 0.924715, -3.466747, -4.353053, -6.422997, -6.731165, -7.096334, -7.177224]",1.0,1.0,1.0
dense_cross_encoder,5a88658955429938390d3f47,"[""5a88658955429938390d3f47::doc_1::Rostker v. Goldberg"", ""5a88658955429938390d3f47::doc_6::Conscription in the United States"", ""5a88658955429938390d3f47::doc_7::Armed Forces Covenant"", ""5a88658955429938390d3f47::doc_9::Franklin D. Roosevelt's record on civil rights"", ""5a88658955429938390d3f47::doc_2::One Rank, One Pension"", ""5ab9b29c554299743d22ebae::doc_6::Craig v. Boren"", ""5ab9b29c554299743d22ebae::doc_1::Baker v. Nelson"", ""5ab9b29c554299743d22ebae::doc_4::United States v. Binion"", ""5ab9b29c554299743d22ebae::doc_2::United States v. Paramount Pictures, Inc."", ""5a88658955429938390d3f47::doc_8::Armed Forces Day (Poland)""]","[1.78819, -4.189481, -9.246391, -9.71886, -10.146822, -10.367079, -10.652377, -10.715245, -10.726805, -10.740749]",1.0,1.0,1.0
dense_cross_encoder,5a86ebac55429960ec39b6d6,"[""5a86ebac55429960ec39b6d6::doc_8::Handi-Snacks"", ""5a86ebac55429960ec39b6d6::doc_9::Mondelez International"", ""5a86ebac55429960ec39b6d6::doc_3::PepsiCo"", ""5a86ebac55429960ec39b6d6::doc_5::Snack Foods Limited"", ""5a86ebac55429960ec39b6d6::doc_7::Twisties"", ""5a86ebac55429960ec39b6d6::doc_1::Robert's American Gourmet Food"", ""5a86ebac55429960ec39b6d6::doc_4::Snackbox Food Holdings"", ""5ae057fd55429945ae959328::doc_5::General Mills"", ""5ae224da554299234fd043ee::doc_3::CytoSport"", ""5ae057fd55429945ae959328::doc_3::RetailMeNot""]","[5.533532, 4.6332, 3.830037, 1.789995, 0.884622, 0.707047, -0.458973, -0.459579, -4.646643, -5.703724]",1.0,1.0,1.0
dense_cross_encoder,5aba5d2e55429901930fa799,"[""5aba5d2e55429901930fa799::doc_4::Their Lives"", ""5aba5d2e55429901930fa799::doc_2::The White House Doctor"", ""5aba5d2e55429901930fa799::doc_3::Once Upon a Secret"", ""5aba5d2e55429901930fa799::doc_6::William H. Ginsburg"", ""5aba5d2e55429901930fa799::doc_9::Lewinsky scandal"", ""5aba5d2e55429901930fa799::doc_8::Monica Lewinsky"", ""5ae4627d5542991a06ce9a4d::doc_0::Kate Millett"", ""5abf63f15542997ec76fd3ea::doc_4::Louise Bryant"", ""5a7d3470554299452d57bb56::doc_2::Devyani Khobragade"", ""5aba5d2e55429901930fa799::doc_1::Gregory B. Craig""]","[8.090813, 0.404244, -0.384051, -2.274358, -2.772785, -3.941583, -6.050288, -6.246923, -6.792293, -6.793242]",0.831555,1.0,1.0
dense_cross_encoder,5ae5736e5542990ba0bbb2b3,"[""5ae5736e5542990ba0bbb2b3::doc_0::Paul Manafort"", ""5ae5736e5542990ba0bbb2b3::doc_8::David Urban"", ""5ae5736e5542990ba0bbb2b3::doc_4::Trump campaign\u2013Russian meeting"", ""5ae5736e5542990ba0bbb2b3::doc_2::Brad Parscale"", ""5ae5736e5542990ba0bbb2b3::doc_7::Tony Fabrizio"", ""5aba5d2e55429901930fa799::doc_7::Mark D. Fabiani"", ""5ae5736e5542990ba0bbb2b3::doc_6::Donald Trump presidential campaign, 2000"", ""5aba5d2e55429901930fa799::doc_1::Gregory B. Craig"", ""5aba5d2e55429901930fa799::doc_6::William H. Ginsburg"", ""5a7a1cd85542990783324e65::doc_1::United States presidential election, 2016""]","[7.731133, 5.534708, 3.746227, 2.08909, 0.706231, 0.515903, -0.173563, -1.622431, -2.380867, -2.937468]",0.919721,1.0,1.0
dense_cross_encoder,5ae005b555429942ec259bec,"[""5ae005b555429942ec259bec::doc_8::Louren\u00e7o Mutarelli"", ""5ae005b555429942ec259bec::doc_5::4 a.m. (novel)"", ""5ae005b555429942ec259bec::doc_7::Drained"", ""5ae005b555429942ec259bec::doc_9::The Birds on the Trees"", ""5ae005b555429942ec259bec::doc_2::Quando Eu Era Vivo"", ""5ae005b555429942ec259bec::doc_0::The Golden Hour (novel)"", ""5ae005b555429942ec259bec::doc_4::Before We Say Goodbye"", ""5ae005b555429942ec259bec::doc_6::Three Comrades (novel)"", ""5ae005b555429942ec259bec::doc_3::Spirit of the Border"", ""5a7be2595542997c3ec972ac::doc_0::The Mark on the Wall""]","[6.154219, 3.947903, 1.588296, 1.166234, 1.047191, 0.296345, -2.606976, -2.884369, -3.812723, -4.137774]",0.613147,1.0,0.5
dense_cross_encoder,5a7759fc5542993569682d60,"[""5a7759fc5542993569682d60::doc_1::Garajonay National Park"", ""5a7759fc5542993569682d60::doc_2::Teide National Park"", ""5a7759fc5542993569682d60::doc_0::Hermigua"", ""5a7759fc5542993569682d60::doc_5::Roque Cinchado"", ""5a7759fc5542993569682d60::doc_8::Alpine National Park"", ""5a7759fc5542993569682d60::doc_9::North Cascades National Park"", ""5a7759fc5542993569682d60::doc_3::Crater Lake National Park"", ""5ab7e4dc5542995dae37e9df::doc_1::Wapusk National Park"", ""5a7759fc5542993569682d60::doc_7::Training centre for release of the Atma-energy"", ""5a7759fc5542993569682d60::doc_6::Adenocarpus viscosus""]","[8.099493, 7.971691, 2.33075, 0.960271, -0.202553, -0.946954, -1.794394, -1.909238, -2.326805, -3.061155]",1.0,1.0,1.0
dense_cross_encoder,5a835478554299123d8c20ed,"[""5a835478554299123d8c20ed::doc_2::Roald Dahl"", ""5a835478554299123d8c20ed::doc_7::Mrs. Bixby and the Colonel's Coat"", ""5a835478554299123d8c20ed::doc_3::The Best of Roald Dahl"", ""5a835478554299123d8c20ed::doc_1::The Collected Short Stories of Roald Dahl"", ""5a835478554299123d8c20ed::doc_8::The Roald Dahl Treasury"", ""5a835478554299123d8c20ed::doc_0::Roald Dahl: Collected Stories"", ""5a835478554299123d8c20ed::doc_5::Roald Dahl short stories bibliography"", ""5a835478554299123d8c20ed::doc_4::Roald Dahl Children's Gallery"", ""5a835478554299123d8c20ed::doc_9::Roald Dahl's Willy Wonka (musical)"", ""5a8ef2a75542995a26add583::doc_9::Seven Brief Lessons on Physics""]","[4.123504, 2.140825, 0.026834, -2.108115, -2.996547, -3.536393, -4.664284, -4.923987, -5.539868, -5.73322]",1.0,1.0,1.0
dense_cross_encoder,5aba749055429901930fa7d8,"[""5aba749055429901930fa7d8::doc_4::Chris Menges"", ""5aba749055429901930fa7d8::doc_7::Aram Avakian"", ""5aba749055429901930fa7d8::doc_6::Cops and Robbers (1973 film)"", ""5aba749055429901930fa7d8::doc_0::Linda Mvusi"", ""5aba749055429901930fa7d8::doc_9::CrissCross"", ""5a717d4c5542994082a3e854::doc_4::Semyon Aranovich"", ""5add11935542994734353827::doc_1::Chris Hanzsek"", ""5a87bada5542994846c1cddc::doc_2::Ravi Sethi"", ""5a8979f4554299669944a52e::doc_8::Chris Funk"", ""5a7625c7554299109176e668::doc_5::Chris Hardwick""]","[2.196012, 2.007385, -4.921715, -5.032199, -5.628319, -7.998297, -8.166187, -9.324121, -9.470713, -9.706392]",1.0,1.0,1.0
dense_cross_encoder,5abfb3425542990832d3a1c0,"[""5abfb3425542990832d3a1c0::doc_2::Andrew Jaspan"", ""5abfb3425542990832d3a1c0::doc_0::Chicago Public Media"", ""5abfb3425542990832d3a1c0::doc_6::Accessible Media"", ""5abfb3425542990832d3a1c0::doc_4::The Conversation (website)"", ""5abfb3425542990832d3a1c0::doc_7::14ymedio"", ""5abfb3425542990832d3a1c0::doc_8::Vatican leaks scandal"", ""5abfb3425542990832d3a1c0::doc_1::State media"", ""5ae5736e5542990ba0bbb2b3::doc_2::Brad Parscale"", ""5a8e0a005542995085b373a1::doc_8::Jonathan Michael Ansell"", ""5ae0006755429925eb1afbd3::doc_4::Digital Media Factory""]","[8.532873, -3.197367, -3.246854, -3.516901, -5.525304, -6.433722, -7.427067, -7.785803, -8.238733, -8.55502]",0.877215,1.0,1.0
dense_cross_encoder,5ac3165c5542995ef918c10a,"[""5ac3165c5542995ef918c10a::doc_6::18th Independent Spirit Awards"", ""5ac3165c5542995ef918c10a::doc_3::32nd Independent Spirit Awards"", ""5ac3165c5542995ef918c10a::doc_4::28th Independent Spirit Awards"", ""5ac3165c5542995ef918c10a::doc_0::Independent Spirit Awards"", ""5ac3165c5542995ef918c10a::doc_9::Mihai M\u0103laimare Jr."", ""5ac3165c5542995ef918c10a::doc_8::Independent Spirit Award for Best First Feature"", ""5ac3165c5542995ef918c10a::doc_1::Independent Spirit Award for Best Cinematography"", ""5ac3165c5542995ef918c10a::doc_7::Independent Spirit Award for Best Editing"", ""5ac3165c5542995ef918c10a::doc_2::Silent Light"", ""5abc0a5d5542993f40c73c64::doc_2::Heidi Ewing""]","[9.592207, 4.321556, 3.757751, 1.75559, 1.392151, 1.320116, 0.713333, 0.455896, -0.531306, -4.03386]",0.613147,1.0,0.5
dense_cross_encoder,5ae53b545542990ba0bbb23c,"[""5ae53b545542990ba0bbb23c::doc_2::Why Is There Air?"", ""5ae53b545542990ba0bbb23c::doc_7::Bill Cosby Is a Very Funny Fellow...Right!"", ""5ae53b545542990ba0bbb23c::doc_6::Inside the Mind of Bill Cosby"", ""5ae53b545542990ba0bbb23c::doc_0::The Original Jam Sessions 1969"", ""5ae53b545542990ba0bbb23c::doc_3::Disco Bill"", ""5ae53b545542990ba0bbb23c::doc_5::At Last Bill Cosby Really Sings"", ""5ae53b545542990ba0bbb23c::doc_8::Bill's Best Friend"", ""5ae53b545542990ba0bbb23c::doc_9::Yes, Yes, Yes"", ""5ae53b545542990ba0bbb23c::doc_1::Flamingo Las Vegas"", ""5ae4a3265542995ad6573de5::doc_9::Skyscraper National Park""]","[8.028244, 3.436522, -0.706448, -1.000229, -1.254402, -1.456337, -1.636401, -2.007196, -4.247365, -4.711823]",0.797723,1.0,1.0
dense_cross_encoder,5ae224da554299234fd043ee,"[""5ae224da554299234fd043ee::doc_5::Gibson (cocktail)"", ""5ae224da554299234fd043ee::doc_8::Zurracapote"", ""5ae224da554299234fd043ee::doc_0::Phillips Distilling Company"", ""5ae224da554299234fd043ee::doc_7::Rubicon Drinks"", ""5ae224da554299234fd043ee::doc_9::Gin pennant"", ""5ae224da554299234fd043ee::doc_3::CytoSport"", ""5aba65a055429939ce03dcd2::doc_1::Sally Gibson"", ""5ac289ff5542996366519a02::doc_4::Brabejum"", ""5ae738f75542991bbc9761c4::doc_0::Tom Draper"", ""5a85cead5542991dd0999ea9::doc_6::Germ\u00e1n Barranca""]","[3.509898, 1.297846, -6.649063, -7.502862, -8.263592, -10.409333, -10.764681, -11.183691, -11.185465, -11.193613]",1.0,1.0,1.0
dense_cross_encoder,5ae2b770554299495565db0f,"[""5ae2b770554299495565db0f::doc_0::London International Documentary Festival"", ""5ae2b770554299495565db0f::doc_9::New Haven Documentary Film Festival"", ""5ae2b770554299495565db0f::doc_4::London Review of Books"", ""5ae2b770554299495565db0f::doc_6::Doc NYC"", ""5ae2b770554299495565db0f::doc_5::FreedomFilmFest"", ""5ae2b770554299495565db0f::doc_1::Docville"", ""5ae2b770554299495565db0f::doc_2::Chagrin Documentary Film Festival"", ""5ae2b770554299495565db0f::doc_3::British Journal"", ""5a738fe855429908901be2fb::doc_1::Beautiful Young Minds"", ""5ab271fe554299449642c8a6::doc_2::Take 21""]","[5.790847, 0.668714, -0.521575, -0.776605, -1.2259, -1.459216, -2.39464, -2.697317, -3.276997, -5.299727]",0.919721,1.0,1.0
dense_cross_encoder,5a80b3a9554299485f5986cc,"[""5a80b3a9554299485f5986cc::doc_3::Tysons, Virginia"", ""5a80b3a9554299485f5986cc::doc_4::Tysons Corner Center"", ""5a80b3a9554299485f5986cc::doc_1::Tysons Galleria"", ""5a80b3a9554299485f5986cc::doc_8::McLean, Virginia"", ""5a80b3a9554299485f5986cc::doc_7::McLean station"", ""5a80b3a9554299485f5986cc::doc_9::Spring Hill station"", ""5a80b3a9554299485f5986cc::doc_2::Poughkeepsie Galleria"", ""5a80b3a9554299485f5986cc::doc_5::Cobb Galleria Centre"", ""5a80b3a9554299485f5986cc::doc_6::West McLean, Virginia"", ""5a80b3a9554299485f5986cc::doc_0::Scott's Run Nature Preserve""]","[7.917268, 6.384486, 6.098672, 3.713622, 3.611985, 3.46902, 3.236033, 2.805901, 0.057096, -0.686607]",0.570642,0.333333,1.0
dense_cross_encoder,5a8e0a005542995085b373a1,"[""5a8e0a005542995085b373a1::doc_3::Bordan Tkachuk"", ""5a8e0a005542995085b373a1::doc_1::Terren Peizer"", ""5a760ab65542994ccc918697::doc_7::Jim Lentz"", ""5a8e0a005542995085b373a1::doc_4::Viglen"", ""5a86ebac55429960ec39b6d6::doc_0::Canyon Creek Food Company"", ""5a8e0a005542995085b373a1::doc_6::Owens &amp; Minor"", ""5a8e0a005542995085b373a1::doc_5::Compass Minerals"", ""5a8e0a005542995085b373a1::doc_0::Cardinal Health"", ""5a74106b55429979e288289e::doc_3::Wes McKinney"", ""5a86ebac55429960ec39b6d6::doc_4::Snackbox Food Holdings""]","[5.138859, -5.293298, -6.309484, -6.789236, -7.509109, -7.555009, -7.812593, -8.040196, -8.322493, -9.045508]",0.877215,1.0,1.0
dense_cross_encoder,5ac1b8ee5542994d76dccedc,"[""5ac1b8ee5542994d76dccedc::doc_8::Pamela B. Green"", ""5ac1b8ee5542994d76dccedc::doc_6::Lev Yilmaz"", ""5ac1b8ee5542994d76dccedc::doc_4::Lev Kuleshov"", ""5a88d745554299206df2b378::doc_4::David Yates"", ""5ac1b8ee5542994d76dccedc::doc_0::Aryanto Yuniawan"", ""5ab6a2be554299710c8d1f08::doc_7::The Key (1961 film)"", ""5ac1b8ee5542994d76dccedc::doc_5::Pamela Gilbert"", ""5ab6a2be554299710c8d1f08::doc_6::The Scarlet Flower (1952 film)"", ""5ac1b8ee5542994d76dccedc::doc_9::Pamela B. Davis"", ""5a717d4c5542994082a3e854::doc_4::Semyon Aranovich""]","[5.482933, 5.066057, -2.127617, -4.886396, -5.406399, -5.437305, -5.81758, -6.521404, -6.814793, -6.814888]",1.0,1.0,1.0
dense_cross_encoder,5adccd795542990d50227d2c,"[""5adccd795542990d50227d2c::doc_7::Moroccan Ambassador to China"", ""5adccd795542990d50227d2c::doc_1::Rabat"", ""5adccd795542990d50227d2c::doc_2::Sinuiju Special Administrative Region"", ""5adccd795542990d50227d2c::doc_8::Liaison Office (Hong Kong)"", ""5a713ea95542994082a3e6e4::doc_3::Embassy of China, London"", ""5adccd795542990d50227d2c::doc_6::Wolong Special Administrative Region"", ""5adccd795542990d50227d2c::doc_4::2014 NPCSC Decision on Hong Kong"", ""5a84c4135542994c784dda31::doc_1::Yingkou"", ""5adc65e85542996e68525350::doc_2::Dazhou"", ""5a84c4135542994c784dda31::doc_5::Tongcheng Subdistrict, Fuding""]","[4.037723, 2.095516, -2.882571, -3.065732, -3.938609, -4.291883, -5.979097, -6.867961, -7.210395, -7.362314]",1.0,1.0,1.0
dense_cross_encoder,5a84c4135542994c784dda31,"[""5a84c4135542994c784dda31::doc_1::Yingkou"", ""5a84c4135542994c784dda31::doc_2::Fuding"", ""5a84c4135542994c784dda31::doc_8::Yingkou East Railway Station"", ""5a84c4135542994c784dda31::doc_3::Roman Catholic Diocese of Yingkou"", ""5a84c4135542994c784dda31::doc_5::Tongcheng Subdistrict, Fuding"", ""5a84c4135542994c784dda31::doc_0::Fuding Railway Station"", ""5a84c4135542994c784dda31::doc_9::Bayuquan Railway Station"", ""5a84c4135542994c784dda31::doc_4::Yingkou Lanqi Airport"", ""5a84c4135542994c784dda31::doc_6::Xiapu County"", ""5a84c4135542994c784dda31::doc_7::Taimushan Railway Station""]","[3.808517, 2.056758, 1.539906, -1.256424, -1.856475, -2.191946, -2.531613, -2.605019, -5.975461, -6.14321]",1.0,1.0,1.0
dense_cross_encoder,5a85eed75542996432c5713b,"[""5a85eed75542996432c5713b::doc_9::Black Seminoles"", ""5a85eed75542996432c5713b::doc_0::Mascogos"", ""5a85eed75542996432c5713b::doc_3::Seminole"", ""5a85eed75542996432c5713b::doc_8::Seminole Nation of Oklahoma"", ""5a713ea95542994082a3e6e4::doc_9::Indigenous peoples of Florida"", ""5a85eed75542996432c5713b::doc_2::Seminole music"", ""5a85eed75542996432c5713b::doc_6::Seminole County, Oklahoma"", ""5a85eed75542996432c5713b::doc_5::Muscogee language"", ""5a85eed75542996432c5713b::doc_7::Battle of Jupiter Inlet"", ""5a8c65a1554299585d9e3680::doc_3::Black Bermudian""]","[7.594629, 4.906116, 4.512224, 4.178889, 0.446336, 0.02649, -1.287827, -2.674837, -2.812837, -5.744665]",1.0,1.0,1.0
dense_cross_encoder,5a774e9c55429972597f14f3,"[""5a774e9c55429972597f14f3::doc_1::David Huntsinger"", ""5a774e9c55429972597f14f3::doc_5::Larnelle Harris"", ""5a774e9c55429972597f14f3::doc_3::Andra\u00e9 Crouch"", ""5a774e9c55429972597f14f3::doc_8::Latice Crawford"", ""5a774e9c55429972597f14f3::doc_9::Muyiwa Olarewaju"", ""5a774e9c55429972597f14f3::doc_2::Just as I Am (Yolanda Adams album)"", ""5a774e9c55429972597f14f3::doc_4::J-Shin"", ""5ac298f9554299657fa28fc9::doc_2::Ian Watkins (Lostprophets)"", ""5a722b8655429971e9dc9329::doc_9::Lee Hazlewood"", ""5a774e9c55429972597f14f3::doc_7::Charles Charamba""]","[1.671053, -1.905941, -2.45381, -3.254103, -4.893709, -4.907362, -5.155801, -5.883905, -6.036335, -6.326618]",1.0,1.0,1.0
dense_cross_encoder,5ae738f75542991bbc9761c4,"[""5ae738f75542991bbc9761c4::doc_3::Champ Bailey"", ""5ae738f75542991bbc9761c4::doc_2::Jeris White"", ""5ae738f75542991bbc9761c4::doc_7::Ron Snidow"", ""5ae738f75542991bbc9761c4::doc_6::LaRon Landry"", ""5ae738f75542991bbc9761c4::doc_9::Fred Hageman"", ""5ae738f75542991bbc9761c4::doc_5::Boss Bailey"", ""5ae738f75542991bbc9761c4::doc_1::Robin Cole"", ""5ae738f75542991bbc9761c4::doc_8::Anthony Woodson"", ""5ae738f75542991bbc9761c4::doc_4::Marc Parenteau"", ""5ab2c5e255429916697740ba::doc_8::Travis Richards""]","[5.210613, 2.456153, 1.759258, 1.2215, 1.100607, -3.271657, -3.549901, -5.734629, -6.341288, -6.811444]",0.831555,1.0,1.0
dense_cross_encoder,5ac32b565542995ef918c154,"[""5ac32b565542995ef918c154::doc_7::1964 Georgia Tech Yellow Jackets football team"", ""5ac32b565542995ef918c154::doc_4::1959 Georgia Tech Yellow Jackets football team"", ""5ac32b565542995ef918c154::doc_8::Bobby Dodd Stadium"", ""5ac32b565542995ef918c154::doc_6::1953 Georgia Tech Yellow Jackets football team"", ""5ac32b565542995ef918c154::doc_3::Georgia Tech Yellow Jackets football"", ""5ac32b565542995ef918c154::doc_0::1988 Georgia Tech Yellow Jackets football team"", ""5ac32b565542995ef918c154::doc_1::1987 Georgia Tech Yellow Jackets football team"", ""5ac32b565542995ef918c154::doc_2::1980 Georgia Tech Yellow Jackets football team"", ""5ac32b565542995ef918c154::doc_5::Georgia Tech Yellow Jackets men's basketball"", ""5ac32b565542995ef918c154::doc_9::1990 Georgia Tech Yellow Jackets football team""]","[9.290279, 7.758601, 7.313213, 7.244898, 6.597794, 6.55203, 6.540095, 6.281611, 4.494422, 1.301904]",0.919721,1.0,1.0
dense_cross_encoder,5abc8d75554299700f9d7900,"[""5abc8d75554299700f9d7900::doc_4::Leo Varadkar"", ""5abc8d75554299700f9d7900::doc_2::Leader of Fine Gael"", ""5abc8d75554299700f9d7900::doc_0::Enda Kenny"", ""5abc8d75554299700f9d7900::doc_8::Simon Coveney"", ""5abc8d75554299700f9d7900::doc_1::Fine Gael leadership election, 2017"", ""5abc8d75554299700f9d7900::doc_7::Frances Fitzgerald (politician)"", ""5abc8d75554299700f9d7900::doc_6::James Reilly (Irish politician)"", ""5abc8d75554299700f9d7900::doc_3::John Bruton"", ""5abc8d75554299700f9d7900::doc_9::Liam Cosgrave"", ""5abc8d75554299700f9d7900::doc_5::Paddy O'Toole""]","[8.420444, 7.982487, 7.658735, 7.651649, 7.011959, 6.738045, 5.467631, 4.968507, 4.52209, 0.715309]",1.0,1.0,1.0
dense_cross_encoder,5a8bb29b554299240d9c2089,"[""5a8bb29b554299240d9c2089::doc_1::Johnny Angel"", ""5a8bb29b554299240d9c2089::doc_2::Shelley Fabares"", ""5a8bb29b554299240d9c2089::doc_7::George Raft"", ""5a8c7595554299585d9e36b6::doc_6::Kiss and Tell (1945 film)"", ""5a8bb29b554299240d9c2089::doc_9::Claudia Drake"", ""5a8bb29b554299240d9c2089::doc_5::Johnny Lee Clary"", ""5a8b57f25542995d1e6f1371::doc_0::Ed Wood (film)"", ""5a8bb29b554299240d9c2089::doc_8::Johnny Angel (song)"", ""5a8c7595554299585d9e36b6::doc_5::A Kiss for Corliss"", ""5abcfc365542993a06baf9d6::doc_6::James Dean""]","[8.327016, 1.387834, 0.880346, 0.76228, -0.349237, -1.5078, -1.631934, -1.881181, -1.982016, -2.592774]",0.919721,1.0,1.0
dense_cross_encoder,5ab659e355429954757d324e,"[""5ab659e355429954757d324e::doc_3::Three Men on a Horse"", ""5ab659e355429954757d324e::doc_1::Michael Wynne (playwright)"", ""5ab659e355429954757d324e::doc_6::Jeffrey Stanley"", ""5ab659e355429954757d324e::doc_5::Finn Iunker"", ""5ab659e355429954757d324e::doc_2::James Roland MacLaren"", ""5ab659e355429954757d324e::doc_8::Bertha Runkle"", ""5ac2bbd0554299218029db09::doc_2::William Goldman"", ""5aba65a055429939ce03dcd2::doc_6::Armando Mook"", ""5ab659e355429954757d324e::doc_0::Sumie Tanaka"", ""5ab659e355429954757d324e::doc_9::George Abbott""]","[1.892401, -4.405129, -5.572567, -5.89891, -6.035523, -6.761587, -7.021585, -7.238356, -7.918586, -8.680978]",0.790386,1.0,1.0
dense_cross_encoder,5a8b8b3155429949d91db5d7,"[""5a8b8b3155429949d91db5d7::doc_9::Owner earnings"", ""5a8b8b3155429949d91db5d7::doc_3::Warren Buffett"", ""5a8b8b3155429949d91db5d7::doc_6::Susan Buffett"", ""5a8b8b3155429949d91db5d7::doc_5::Howard Warren Buffett"", ""5a8b8b3155429949d91db5d7::doc_8::The Warren Buffett Way"", ""5a8b8b3155429949d91db5d7::doc_1::George D. Buffett"", ""5a8b8b3155429949d91db5d7::doc_0::Howard Graham Buffett"", ""5a8b8b3155429949d91db5d7::doc_4::Buffett Foundation"", ""5a8b8b3155429949d91db5d7::doc_7::Susan Alice Buffett"", ""5a8b8b3155429949d91db5d7::doc_2::TaeguTec""]","[3.751416, -1.279785, -2.304185, -3.587561, -3.654081, -4.13782, -4.547403, -4.769745, -5.031183, -7.470405]",1.0,1.0,1.0
dense_cross_encoder,5ae7eaf65542994a481bbe1d,"[""5ae7eaf65542994a481bbe1d::doc_3::2000 ICC KnockOut Trophy"", ""5ae7eaf65542994a481bbe1d::doc_2::2000 ICC KnockOut Trophy squads"", ""5ae7eaf65542994a481bbe1d::doc_1::Zaheer Khan"", ""5ae7eaf65542994a481bbe1d::doc_0::1998 ICC KnockOut Trophy Final"", ""5ae7eaf65542994a481bbe1d::doc_6::1998 ICC KnockOut Trophy squads"", ""5ae7eaf65542994a481bbe1d::doc_5::Guy Randall-Johnson"", ""5ae7eaf65542994a481bbe1d::doc_7::Sam Davies (cricketer)"", ""5ae7eaf65542994a481bbe1d::doc_8::Peter Kingston-Davey"", ""5ab41d855542996a3a969f4b::doc_2::Arthur Fielder"", ""5ab41d855542996a3a969f4b::doc_6::Tom Caplen""]","[6.421189, 4.211473, 3.357195, 1.612417, -0.064478, -1.970925, -2.76209, -4.421298, -5.254129, -5.633871]",0.919721,1.0,1.0
dense_cross_encoder,5a8c4c625542995e66a475a1,"[""5a8c4c625542995e66a475a1::doc_4::514th Flight Test Squadron"", ""5a8c4c625542995e66a475a1::doc_1::486th Flight Test Squadron"", ""5a8c4c625542995e66a475a1::doc_9::339th Flight Test Squadron"", ""5a8c4c625542995e66a475a1::doc_8::417th Flight Test Squadron"", ""5a8c4c625542995e66a475a1::doc_0::413th Flight Test Squadron"", ""5a8c4c625542995e66a475a1::doc_7::370th Flight Test Squadron"", ""5a8c4c625542995e66a475a1::doc_3::10th Flight Test Squadron"", ""5a8c4c625542995e66a475a1::doc_6::419th Flight Test Squadron"", ""5a8c4c625542995e66a475a1::doc_2::415th Flight Test Flight"", ""5a8c4c625542995e66a475a1::doc_5::Hill Air Force Base""]","[4.612678, 3.808624, 2.856252, 2.855612, 2.695461, 2.425861, 2.229086, 1.973641, 1.280574, -2.6049]",0.790386,1.0,1.0
dense_cross_encoder,5a818387554299260e20a291,"[""5a818387554299260e20a291::doc_2::My Eyes (Blake Shelton song)"", ""5a818387554299260e20a291::doc_1::Based on a True Story..."", ""5a818387554299260e20a291::doc_4::Keyed Up"", ""5a818387554299260e20a291::doc_7::Country Music Star No. 1"", ""5a818387554299260e20a291::doc_6::This Is Me (Randy Travis album)"", ""5a818387554299260e20a291::doc_9::Old 8\u00d710"", ""5a818387554299260e20a291::doc_5::Stranger in the House (song)"", ""5a77c1505542997042120b1b::doc_5::A Lot About Livin' (And a Little 'bout Love)"", ""5a77c1505542997042120b1b::doc_0::Steers &amp; Stripes"", ""5a77c1505542997042120b1b::doc_9::Tonight I Climbed the Wall""]","[7.526244, 5.522747, 0.013411, -0.004866, -0.875607, -1.753007, -2.774357, -3.799592, -3.961162, -4.06249]",1.0,1.0,1.0
dense_cross_encoder,5ab978855542996be2020512,"[""5ab978855542996be2020512::doc_5::Tabernacle"", ""5ab978855542996be2020512::doc_7::V\u00eddbl\u00e1in"", ""5ab978855542996be2020512::doc_2::Heaven in Judaism"", ""5ab978855542996be2020512::doc_3::Montezuma Castle National Monument"", ""5ab978855542996be2020512::doc_4::Andlang"", ""5ab978855542996be2020512::doc_1::Ch\u00e2teau de Druyes"", ""5ae0a59a55429945ae9593e2::doc_9::History of England"", ""5a7b7ff75542995eb53be93d::doc_0::Dead Man's Land"", ""5a7b12a355429927d897bf2a::doc_8::Spynie Palace"", ""5ae0006755429925eb1afbd3::doc_6::Lower Louviers and Chicken Alley""]","[1.030003, -4.03347, -4.743635, -4.925749, -5.316074, -5.922818, -7.968679, -8.435333, -8.494665, -8.636248]",0.264068,0.25,0.5
dense_cross_encoder,5ae63dad55429929b0807afe,"[""5ae63dad55429929b0807afe::doc_7::Here We Go Round the Mulberry Bush (film)"", ""5ae63dad55429929b0807afe::doc_8::Clive Donner"", ""5ae63dad55429929b0807afe::doc_1::The Wheels on the Bus"", ""5ae63dad55429929b0807afe::doc_9::Christopher Mitchell (actor)"", ""5ae63dad55429929b0807afe::doc_4::Here We Go Round the Mulberry Bush (Traffic song)"", ""5ae63dad55429929b0807afe::doc_5::Michael Finnegan (song)"", ""5ae63dad55429929b0807afe::doc_3::Here We Go Round the Mulberry Bush"", ""5ae63dad55429929b0807afe::doc_0::Here We Go Round the Mulberry Bush (disambiguation)"", ""5a7b7ff75542995eb53be93d::doc_3::Arthur Conan Doyle"", ""5a8133725542995ce29dcbdb::doc_6::Robert Erskine Childers""]","[7.616258, 3.153247, 2.708301, 2.650358, 2.15422, 1.08386, 0.399207, -0.293098, -2.421013, -2.929169]",0.613147,1.0,0.5
dense_cross_encoder,5a7a455c5542994f819ef1a7,"[""5a7a455c5542994f819ef1a7::doc_5::George Archainbaud"", ""5a7a455c5542994f819ef1a7::doc_6::Ralph Murphy"", ""5a7a455c5542994f819ef1a7::doc_9::Campus Confessions"", ""5a7a455c5542994f819ef1a7::doc_0::The Big Brain"", ""5a7a455c5542994f819ef1a7::doc_7::Alias French Gertie"", ""5a7a455c5542994f819ef1a7::doc_3::Flying with Music"", ""5a7a455c5542994f819ef1a7::doc_1::Hoppy Serves a Writ"", ""5ab659e355429954757d324e::doc_9::George Abbott"", ""5a7a276d5542996c55b2dd27::doc_4::George W. Macfarlane"", ""5a7571135542992d0ec05f98::doc_7::Ralph Hefferline""]","[5.134434, 3.248023, -1.671369, -2.546768, -2.753228, -3.137074, -3.285433, -5.867575, -5.908969, -6.224576]",1.0,1.0,1.0
dense_cross_encoder,5a7dcc775542990b8f503ab5,"[""5a7dcc775542990b8f503ab5::doc_9::Picric acid"", ""5a7dcc775542990b8f503ab5::doc_2::Shellite (explosive)"", ""5a7dcc775542990b8f503ab5::doc_0::Isopropyl alcohol"", ""5a7dcc775542990b8f503ab5::doc_6::Aldonic acid"", ""5a7dcc775542990b8f503ab5::doc_3::Tetrakis(hydroxymethyl)phosphonium chloride"", ""5a7dcc775542990b8f503ab5::doc_7::Xylitol"", ""5a7dcc775542990b8f503ab5::doc_5::1-Pentanol"", ""5a7dcc775542990b8f503ab5::doc_4::1-Hexanol"", ""5a7dcc775542990b8f503ab5::doc_1::Index of alcohol-related articles"", ""5a7dcc775542990b8f503ab5::doc_8::Conductivity near the percolation threshold""]","[1.370199, 0.686203, 0.456805, -0.072002, -0.080482, -0.167071, -0.825153, -0.927738, -2.22904, -7.473427]",1.0,1.0,1.0
dense_cross_encoder,5a887bc0554299206df2b2b6,"[""5a887bc0554299206df2b2b6::doc_3::Argentine PGA Championship"", ""5a887bc0554299206df2b2b6::doc_9::Roberto De Vicenzo"", ""5a887bc0554299206df2b2b6::doc_1::Middle Atlantic PGA Championship"", ""5a887bc0554299206df2b2b6::doc_4::Northern California PGA Championship"", ""5a887bc0554299206df2b2b6::doc_0::1939 PGA Championship"", ""5a887bc0554299206df2b2b6::doc_2::2000 PGA Championship"", ""5a887bc0554299206df2b2b6::doc_7::1977 PGA Championship"", ""5a887bc0554299206df2b2b6::doc_8::1940 PGA Championship"", ""5a887bc0554299206df2b2b6::doc_5::2006 PGA Championship"", ""5a887bc0554299206df2b2b6::doc_6::2018 PGA Championship""]","[7.675539, 6.163811, 0.564237, -0.161773, -0.727041, -1.406687, -1.695876, -1.876965, -2.136577, -6.454898]",1.0,1.0,1.0
dense_cross_encoder,5a83880e554299123d8c214e,"[""5a83880e554299123d8c214e::doc_8::Ghost Rider (Suicide song)"", ""5a83880e554299123d8c214e::doc_9::Suicide (1977 album)"", ""5ae53b545542990ba0bbb23c::doc_3::Disco Bill"", ""5ae53b545542990ba0bbb23c::doc_9::Yes, Yes, Yes"", ""5a790d8f554299029c4b5eec::doc_2::See Yourself"", ""5a83880e554299123d8c214e::doc_4::A Boy in a Man's World"", ""5ae6050f55429929b0807a5e::doc_1::Heffalumps and Woozles"", ""5ae6050f55429929b0807a5e::doc_0::Hip Hip Pooh-Ray!"", ""5ae6050f55429929b0807a5e::doc_6::The Rain Rain Rain Came Down Down Down"", ""5a864ff7554299211dda2af2::doc_2::Kill Kill (song)""]","[4.723139, 3.834344, -3.42411, -4.118144, -4.896039, -5.126935, -5.370837, -5.497474, -5.572246, -6.685211]",1.0,1.0,1.0
dense_cross_encoder,5a879adb5542996e4f30887f,"[""5a879adb5542996e4f30887f::doc_3::DISCLOSE Act"", ""5a879adb5542996e4f30887f::doc_5::Public Law 113-167"", ""5a879adb5542996e4f30887f::doc_9::Campaign finance reform in the United States"", ""5a879adb5542996e4f30887f::doc_8::Modernization of Investigative Techniques Act"", ""5a879adb5542996e4f30887f::doc_2::Hannah Gale"", ""5a760ab65542994ccc918697::doc_1::Gerald Ford"", ""5ae0d4c9554299603e418468::doc_6::Bradford P. Campbell"", ""5aba5d2e55429901930fa799::doc_9::Lewinsky scandal"", ""5a760ab65542994ccc918697::doc_2::Nelson Rockefeller"", ""5a88658955429938390d3f47::doc_1::Rostker v. Goldberg""]","[5.742557, -2.526122, -3.919243, -4.430226, -7.428246, -8.956438, -9.1478, -9.173053, -9.18116, -9.181686]",0.613147,1.0,0.5
dense_cross_encoder,5add11935542994734353827,"[""5add11935542994734353827::doc_5::Skin Yard"", ""5add11935542994734353827::doc_3::Skin Yard (album)"", ""5add11935542994734353827::doc_2::Ostava"", ""5add11935542994734353827::doc_9::Daniel House"", ""5add11935542994734353827::doc_8::Cat Butt"", ""5add11935542994734353827::doc_7::Gruntruck"", ""5add11935542994734353827::doc_6::Jack Endino"", ""5a8db19d5542994ba4e3dd00::doc_7::Ophur"", ""5ac298f9554299657fa28fc9::doc_5::Under Your Skin (album)"", ""5a8db19d5542994ba4e3dd00::doc_8::Suffrajett""]","[5.832375, 1.868471, 1.684049, 1.383287, 0.545381, 0.542634, 0.009946, -4.740628, -8.459064, -8.876047]",0.919721,1.0,1.0
dense_cross_encoder,5a8c5569554299240d9c2126,"[""5a8c5569554299240d9c2126::doc_8::Hall &amp; Oates"", ""5a8c5569554299240d9c2126::doc_5::Daryl Hall"", ""5a8c5569554299240d9c2126::doc_9::Gerry Marsden"", ""5a8c5569554299240d9c2126::doc_0::Did It in a Minute"", ""5a8c5569554299240d9c2126::doc_1::One on One (song)"", ""5a8c5569554299240d9c2126::doc_4::Don't Let the Sun Catch You Crying"", ""5a8c5569554299240d9c2126::doc_7::Jonathan Wolfson"", ""5a8c5569554299240d9c2126::doc_6::Ferry Cross the Mersey"", ""5a8c5569554299240d9c2126::doc_3::Live from Daryl's House"", ""5a8c5569554299240d9c2126::doc_2::Janna Allen""]","[6.362468, 4.639781, 4.605568, 0.609042, 0.52934, -0.271926, -0.433668, -0.459004, -1.265249, -1.301693]",0.693426,0.5,1.0
dense_cross_encoder,5a75f0ea5542994ccc91866c,"[""5a75f0ea5542994ccc91866c::doc_1::Backford Cross"", ""5a75f0ea5542994ccc91866c::doc_5::A5117 road"", ""5a75f0ea5542994ccc91866c::doc_6::U.S. Route 287"", ""5a75f0ea5542994ccc91866c::doc_7::U.S. Route 19 Truck (Pittsburgh)"", ""5a75f0ea5542994ccc91866c::doc_8::Strawberry Park, Cheshire"", ""5a75f0ea5542994ccc91866c::doc_9::A41 road"", ""5a75f0ea5542994ccc91866c::doc_0::Pureland Industrial Complex"", ""5abd01205542992ac4f3819b::doc_5::Bruxner Highway"", ""5a75f0ea5542994ccc91866c::doc_3::Param, Rampur"", ""5a713a5a5542994082a3e6a9::doc_6::Gorse Hill""]","[3.311029, 0.512103, -1.826997, -2.142756, -3.08283, -3.843548, -6.102759, -7.296307, -8.28903, -8.642826]",0.831555,1.0,1.0
dense_cross_encoder,5a89f5815542993b751ca9c5,"[""5a89f5815542993b751ca9c5::doc_3::The Magical Legend of the Leprechauns"", ""5a89f5815542993b751ca9c5::doc_7::Caroline Carver (actress)"", ""5a89f5815542993b751ca9c5::doc_5::Snow White: The Fairest of Them All"", ""5a89f5815542993b751ca9c5::doc_8::Snow Queen (2002 film)"", ""5a89f5815542993b751ca9c5::doc_1::Silver Bells (film)"", ""5a89f5815542993b751ca9c5::doc_9::Family Plan"", ""5a89f5815542993b751ca9c5::doc_2::La Femme Musketeer"", ""5ab3b0bf5542992ade7c6e39::doc_7::End of Days (film)"", ""5ac1c6805542994ab5c67e11::doc_4::Santa Claus: The Movie"", ""5a89f5815542993b751ca9c5::doc_4::The Boys Next Door (1996 film)""]","[7.017842, 6.211037, 0.935343, 0.00157, -1.370913, -2.737362, -3.243736, -3.529076, -4.162215, -4.373377]",1.0,1.0,1.0
dense_cross_encoder,5a8d5fc6554299585d9e37c6,"[""5a8d5fc6554299585d9e37c6::doc_6::The Spiderwick Chronicles (film)"", ""5a8d5fc6554299585d9e37c6::doc_4::Sarah Bolger"", ""5a8d5fc6554299585d9e37c6::doc_2::As Cool as I Am (film)"", ""5a8d5fc6554299585d9e37c6::doc_9::The Moth Diaries (film)"", ""5a89f5815542993b751ca9c5::doc_3::The Magical Legend of the Leprechauns"", ""5a8d5fc6554299585d9e37c6::doc_5::Identity Films"", ""5a8d5fc6554299585d9e37c6::doc_3::Barbie and the Secret Door"", ""5ab341f755429969a97a8114::doc_4::Mary Poppins Opens the Door"", ""5a8d5fc6554299585d9e37c6::doc_7::Stormbreaker (film)"", ""5ab3b0bf5542992ade7c6e39::doc_7::End of Days (film)""]","[6.561486, 1.848265, 0.560849, -0.008991, -1.53688, -1.81369, -3.035736, -3.755827, -3.978789, -4.165763]",1.0,1.0,1.0
dense_cross_encoder,5ac120c55542992a796dedfc,"[""5ac120c55542992a796dedfc::doc_1::Maxeda"", ""5ac120c55542992a796dedfc::doc_2::Kohlberg Kravis Roberts"", ""5ac120c55542992a796dedfc::doc_6::Polycom"", ""5a8f4c8d554299458435d5a3::doc_3::Halliburton"", ""5ac120c55542992a796dedfc::doc_3::HGGC"", ""5ac120c55542992a796dedfc::doc_9::Mekong Capital"", ""5ae057fd55429945ae959328::doc_8::Equinix"", ""5ae057fd55429945ae959328::doc_3::RetailMeNot"", ""5a86ebac55429960ec39b6d6::doc_3::PepsiCo"", ""5ac120c55542992a796dedfc::doc_5::Manischewitz""]","[7.709205, -2.047512, -5.471144, -5.625462, -5.915549, -6.607259, -6.980869, -7.091259, -7.40044, -7.813051]",1.0,1.0,1.0
dense_cross_encoder,5ab7c1a955429928e1fe38c8,"[""5ab7c1a955429928e1fe38c8::doc_7::Cressida Bonas"", ""5ab7c1a955429928e1fe38c8::doc_1::The Bye Bye Man"", ""5ab7c1a955429928e1fe38c8::doc_5::Lady Alexandra Curzon"", ""5ab7c1a955429928e1fe38c8::doc_8::Bottom of the World (film)"", ""5ab7c1a955429928e1fe38c8::doc_0::Love Beats Rhymes"", ""5ab7c1a955429928e1fe38c8::doc_4::One Night in Istanbul"", ""5ab7c1a955429928e1fe38c8::doc_3::Sian Powers"", ""5ac02e31554299294b218f3f::doc_9::Wonder Woman (2017 film)"", ""5a8d5fc6554299585d9e37c6::doc_4::Sarah Bolger"", ""5ab341f755429969a97a8114::doc_5::Mary Poppins Returns""]","[4.331265, 2.9319, 0.819675, -1.037435, -1.296589, -1.973458, -2.836437, -4.09559, -4.630033, -5.541276]",1.0,1.0,1.0
dense_cross_encoder,5abd01205542992ac4f3819b,"[""5abd01205542992ac4f3819b::doc_4::Mummulgum"", ""5abd01205542992ac4f3819b::doc_5::Bruxner Highway"", ""5abd01205542992ac4f3819b::doc_2::Casino, New South Wales"", ""5abd01205542992ac4f3819b::doc_1::Wollongbar, New South Wales"", ""5abd01205542992ac4f3819b::doc_3::Tabulam"", ""5abd01205542992ac4f3819b::doc_6::Alstonville, New South Wales"", ""5abd01205542992ac4f3819b::doc_9::Goonellabah, New South Wales"", ""5abd01205542992ac4f3819b::doc_7::Tenterfield, New South Wales"", ""5abd01205542992ac4f3819b::doc_8::Bonshaw, New South Wales"", ""5abd01205542992ac4f3819b::doc_0::Richmond Valley Council""]","[4.446349, -0.443181, -2.040956, -2.147664, -2.376731, -3.792575, -4.072841, -4.716798, -5.413158, -5.616585]",0.919721,1.0,1.0
dense_cross_encoder,5ab69c25554299110f219a39,"[""5ab69c25554299110f219a39::doc_8::Owsley Stanley"", ""5ab69c25554299110f219a39::doc_9::Gary Arlington"", ""5ab69c25554299110f219a39::doc_0::Jory Prum"", ""5add61d65542995b365fab21::doc_8::David Waksberg"", ""5ab5ed505542997d4ad1f255::doc_1::Marsha Albert"", ""5add11935542994734353827::doc_1::Chris Hanzsek"", ""5a722b8655429971e9dc9329::doc_9::Lee Hazlewood"", ""5a7320565542991f9a20c61d::doc_3::Keith Bostic"", ""5ab69c25554299110f219a39::doc_7::Key System"", ""5ab69c25554299110f219a39::doc_6::Old and in the Way (album)""]","[9.259526, 2.758213, 2.575944, -4.895307, -5.550679, -5.790663, -6.065524, -6.340836, -6.565341, -6.843883]",0.790386,1.0,1.0
dense_cross_encoder,5a7b12a355429927d897bf2a,"[""5a7b12a355429927d897bf2a::doc_0::Columba de Dunbar"", ""5a7b12a355429927d897bf2a::doc_4::Gospatric, Earl of Northumbria"", ""5a7b12a355429927d897bf2a::doc_9::Bishop Dunbar's Hospital"", ""5a7b12a355429927d897bf2a::doc_1::Earl of Dunbar"", ""5a7b12a355429927d897bf2a::doc_6::George I, Earl of March"", ""5a7b12a355429927d897bf2a::doc_2::George II, Earl of March"", ""5a7b12a355429927d897bf2a::doc_5::Patrick IV, Earl of March"", ""5a7b12a355429927d897bf2a::doc_8::Spynie Palace"", ""5a7b12a355429927d897bf2a::doc_3::Haripur Barabari"", ""5a88dcf9554299206df2b383::doc_5::Broughty Castle""]","[7.773501, 2.009997, 0.141539, -0.670456, -1.821963, -2.024394, -2.686986, -5.696452, -7.596306, -7.985615]",0.806574,1.0,1.0
dense_cross_encoder,5ae0006755429925eb1afbd3,"[""5ae0006755429925eb1afbd3::doc_9::Gum Wall"", ""5ae0006755429925eb1afbd3::doc_7::Bubblegum Alley"", ""5ae0006755429925eb1afbd3::doc_5::Up Your Alley Fair"", ""5ae0006755429925eb1afbd3::doc_3::Hollywood Star Lanes"", ""5ae0006755429925eb1afbd3::doc_4::Digital Media Factory"", ""5ae0006755429925eb1afbd3::doc_2::Ouch! (gum)"", ""5ae0006755429925eb1afbd3::doc_6::Lower Louviers and Chicken Alley"", ""5abd01205542992ac4f3819b::doc_4::Mummulgum"", ""5a87d8215542994775f60800::doc_1::Central Avenue (Los Angeles)"", ""5a87d8215542994775f60800::doc_3::Bonsallo Avenue""]","[8.88859, 8.113922, -4.27906, -5.763692, -6.042593, -6.594363, -7.671401, -7.965726, -8.030739, -8.056524]",0.613147,1.0,0.5
dense_cross_encoder,5ae305df5542992decbdcdc3,"[""5ae305df5542992decbdcdc3::doc_6::2013 Sugar Bowl"", ""5ae305df5542992decbdcdc3::doc_7::2012 Louisville Cardinals football team"", ""5ae305df5542992decbdcdc3::doc_8::1989 Cotton Bowl Classic"", ""5ae305df5542992decbdcdc3::doc_0::Parkway Field"", ""5ae305df5542992decbdcdc3::doc_4::2008 Fiesta Bowl"", ""5a7c960655429935c91b5244::doc_6::2012 Texas Tech Red Raiders football team"", ""5adf37a95542995ec70e8f97::doc_0::2012\u201313 VCU Rams men's basketball team"", ""5a8e1027554299653c1aa15f::doc_4::2012 Colorado Buffaloes football team"", ""5ab3e45655429976abd1bcd4::doc_1::2012\u201313 Vermont Catamounts men's basketball team"", ""5ae305df5542992decbdcdc3::doc_3::1956 NAIA Division I Men's Basketball Tournament""]","[5.950383, 4.840606, 0.057125, -0.454293, -2.062722, -3.400617, -3.854989, -4.44196, -4.863542, -5.278399]",1.0,1.0,1.0
dense_cross_encoder,5a8574945542997b5ce3fffb,"[""5a8574945542997b5ce3fffb::doc_5::LaLee's Kin: The Legacy of Cotton"", ""5a8574945542997b5ce3fffb::doc_7::Gimme Shelter (1970 film)"", ""5a8574945542997b5ce3fffb::doc_3::Baird Bryant"", ""5a8574945542997b5ce3fffb::doc_2::Gimme Shelter (album)"", ""5a8574945542997b5ce3fffb::doc_0::Gimme Shelter (disambiguation)"", ""5a8574945542997b5ce3fffb::doc_6::Altamont Diary"", ""5a8574945542997b5ce3fffb::doc_1::Merry Clayton"", ""5a8574945542997b5ce3fffb::doc_9::Gimme Shelter"", ""5a8574945542997b5ce3fffb::doc_4::Stanton Y. Hill"", ""5a8574945542997b5ce3fffb::doc_8::Keith Richards""]","[6.878917, 5.511962, 0.651342, -0.1302, -0.72669, -0.867676, -1.533187, -1.833135, -4.379089, -6.042235]",1.0,1.0,1.0
dense_cross_encoder,5a7332935542991f9a20c67d,"[""5a7332935542991f9a20c67d::doc_3::Pirate's Cove"", ""5a7332935542991f9a20c67d::doc_7::Catan"", ""5a7332935542991f9a20c67d::doc_8::Catan Dice Game"", ""5a7332935542991f9a20c67d::doc_4::Catan: Seafarers"", ""5a7332935542991f9a20c67d::doc_1::The Kids of Catan"", ""5a7332935542991f9a20c67d::doc_2::The Rivals for Catan"", ""5a7332935542991f9a20c67d::doc_0::Struggle for Rome (board game)"", ""5a7332935542991f9a20c67d::doc_9::Elasund"", ""5a7332935542991f9a20c67d::doc_5::Catan Card Game"", ""5a7332935542991f9a20c67d::doc_6::Catan: Cities &amp; Knights""]","[6.263523, 3.720997, 3.369042, 2.680144, 2.581548, 2.542917, 1.842377, 1.392747, 1.334067, -1.567084]",1.0,1.0,1.0
dense_cross_encoder,5a80071f5542992bc0c4a684,"[""5a80071f5542992bc0c4a684::doc_9::Alice David"", ""5a80071f5542992bc0c4a684::doc_4::Lara Croft and the Temple of Osiris"", ""5a80071f5542992bc0c4a684::doc_8::Lara Croft"", ""5a80071f5542992bc0c4a684::doc_6::Lara Croft and the Guardian of Light"", ""5a80071f5542992bc0c4a684::doc_1::Tomb Raider"", ""5a80071f5542992bc0c4a684::doc_3::Tomb Raider III"", ""5a80071f5542992bc0c4a684::doc_7::Tomb Raider (2013 video game)"", ""5a80071f5542992bc0c4a684::doc_2::Lara Croft Go"", ""5a80071f5542992bc0c4a684::doc_0::List of Tomb Raider media"", ""5a80071f5542992bc0c4a684::doc_5::Lara Croft: Tomb Raider""]","[7.3634, 4.853344, 3.195081, 2.682834, 2.664931, 2.490177, 1.755549, 1.72188, 1.397187, 1.252865]",0.81753,1.0,1.0
dense_cross_encoder,5ae73c065542991e8301cc18,"[""5ae73c065542991e8301cc18::doc_7::Numb (Rihanna song)"", ""5ae73c065542991e8301cc18::doc_6::The Monster (song)"", ""5ae73c065542991e8301cc18::doc_4::Encore (Eminem song)"", ""5ae73c065542991e8301cc18::doc_2::Drop the World"", ""5ac298f9554299657fa28fc9::doc_5::Under Your Skin (album)"", ""5abdf12255429976d4830a2f::doc_4::Gary Cherone"", ""5ae7ba7a5542993210983f12::doc_5::No One (Alicia Keys song)"", ""5ae7ba7a5542993210983f12::doc_8::Yeah! (Usher song)"", ""5abdf12255429976d4830a2f::doc_0::Ride Out (album)"", ""5a774e9c55429972597f14f3::doc_8::Latice Crawford""]","[5.511652, 1.004747, -1.242521, -1.311229, -5.275692, -6.257557, -6.293661, -6.298562, -6.307032, -6.697748]",1.0,1.0,1.0
dense_cross_encoder,5a87d8215542994775f60800,"[""5a87d8215542994775f60800::doc_5::Harsh Times"", ""5a87d8215542994775f60800::doc_7::South of 8"", ""5a87d8215542994775f60800::doc_2::End of Watch"", ""5a87d8215542994775f60800::doc_4::David Ayer"", ""5a87d8215542994775f60800::doc_8::Street Kings 2: Motor City"", ""5ac2acff55429921a00ab02b::doc_0::The Hard Easy (film)"", ""5a8b57f25542995d1e6f1371::doc_1::Scott Derrickson"", ""5aba749055429901930fa7d8::doc_6::Cops and Robbers (1973 film)"", ""5abe239355429976d4830a7d::doc_8::Man Against the Mob"", ""5a877e5d5542993e715abf7d::doc_4::Deadfall (1993 film)""]","[6.33286, 6.024163, 5.419284, 3.292468, 2.558074, 0.4959, 0.419229, -0.989367, -1.36799, -1.397285]",0.877215,1.0,1.0
dense_cross_encoder,5ac2ffbd554299677310267b,"[""5ac2ffbd554299677310267b::doc_1::SuperMansion"", ""5ac2ffbd554299677310267b::doc_6::Jillian Bell"", ""5ae0bae555429906c02dab08::doc_0::Gretchen Palmer"", ""5ac2ffbd554299677310267b::doc_0::Helen Modern"", ""5ac2ffbd554299677310267b::doc_5::Jo Marie Payton"", ""5ac2ffbd554299677310267b::doc_7::Jenna Dewan"", ""5ac2ffbd554299677310267b::doc_4::Hilarie Burton"", ""5ac2ffbd554299677310267b::doc_9::Jeff Hephner"", ""5a8979f4554299669944a52e::doc_4::Sela Ward"", ""5ae5aba0554299546bf82f17::doc_2::Tara Strong""]","[3.394368, 3.07143, -1.944787, -2.019071, -2.378126, -2.802959, -2.810843, -3.493083, -6.075608, -6.185796]",1.0,1.0,1.0
dense_cross_encoder,5a7c960655429935c91b5244,"[""5a7c960655429935c91b5244::doc_3::1974 Texas Tech Red Raiders football team"", ""5a7c960655429935c91b5244::doc_5::1986 Texas Tech Red Raiders football team"", ""5a7c960655429935c91b5244::doc_9::2016 Texas Tech Red Raiders football team"", ""5a7c960655429935c91b5244::doc_6::2012 Texas Tech Red Raiders football team"", ""5a7c960655429935c91b5244::doc_1::2015 Texas Tech Red Raiders football team"", ""5a7c960655429935c91b5244::doc_0::2013 Texas Tech Red Raiders football team"", ""5a7c960655429935c91b5244::doc_7::2014 Texas Tech Red Raiders football team"", ""5a7c960655429935c91b5244::doc_4::2009 Texas Tech Red Raiders football team"", ""5a7c960655429935c91b5244::doc_2::Texas Tech University"", ""5a7c960655429935c91b5244::doc_8::Texas A&amp;M\u2013Texas Tech football rivalry""]","[7.11492, 4.825819, 4.720942, 4.495511, 4.484948, 4.482711, 4.381186, 3.915111, 3.388994, 0.520679]",0.797723,1.0,1.0
dense_cross_encoder,5a7d61775542991319bc93b9,"[""5a7d61775542991319bc93b9::doc_9::Siege of Bharatpur (1805)"", ""5a7d61775542991319bc93b9::doc_7::Siege of Bharatpur"", ""5a7d61775542991319bc93b9::doc_5::Stapleton Cotton, 1st Viscount Combermere"", ""5a7d61775542991319bc93b9::doc_8::Commander-in-Chief, India"", ""5a7d61775542991319bc93b9::doc_6::Lohagarh Fort"", ""5a7d61775542991319bc93b9::doc_4::Bharatpur, Rajasthan"", ""5a7d61775542991319bc93b9::doc_2::Claude Auchinleck"", ""5a7d61775542991319bc93b9::doc_1::Bharatpur district"", ""5a7d61775542991319bc93b9::doc_3::Vishvendra Singh"", ""5a7d61775542991319bc93b9::doc_0::Maharaja Surajmal Brij University, Bharatpur""]","[5.323078, 4.093145, 1.616915, -1.147082, -1.537731, -3.796579, -4.002255, -4.328196, -4.617497, -6.069998]",0.693426,0.5,1.0
dense_cross_encoder,5ac1c6805542994ab5c67e11,"[""5ac1c6805542994ab5c67e11::doc_6::The Year Without a Santa Claus"", ""5ac1c6805542994ab5c67e11::doc_9::The Year Without a Santa Claus (2006 film)"", ""5ac1c6805542994ab5c67e11::doc_1::Larry Wilson (screenwriter)"", ""5ac1c6805542994ab5c67e11::doc_7::A Miser Brothers' Christmas"", ""5ac1c6805542994ab5c67e11::doc_4::Santa Claus: The Movie"", ""5ac1c6805542994ab5c67e11::doc_5::Santa Claus Is a Black Man"", ""5ac1c6805542994ab5c67e11::doc_2::Jonathan Meath"", ""5ac1c6805542994ab5c67e11::doc_0::Santa's Workshop (Colorado)"", ""5ac1c6805542994ab5c67e11::doc_3::Rankin/Bass Productions"", ""5a7b3f4d5542992d025e67bb::doc_3::David and Sandy Reynolds-Wasco""]","[5.72147, 3.680723, 3.204758, 1.120125, 0.482306, -0.293258, -1.887604, -5.140886, -7.373539, -8.481814]",0.797723,1.0,1.0
dense_cross_encoder,5a7a230e5542996a35c170ee,"[""5a7a230e5542996a35c170ee::doc_0::Alex Wolff"", ""5a7a230e5542996a35c170ee::doc_5::Nat Wolff"", ""5a7a230e5542996a35c170ee::doc_9::The Premiere (film)"", ""5a7a230e5542996a35c170ee::doc_1::Operation Mojo"", ""5a7a230e5542996a35c170ee::doc_2::Nat and Alex Wolff"", ""5a7a230e5542996a35c170ee::doc_7::The Naked Brothers Band: Music from the Movie"", ""5a7a230e5542996a35c170ee::doc_4::Mystery Girl (film)"", ""5a7a230e5542996a35c170ee::doc_8::The Naked Brothers Band (album)"", ""5a7a230e5542996a35c170ee::doc_6::I Don't Want to Go to School"", ""5ab341f755429969a97a8114::doc_7::Mary Poppins (film)""]","[6.889847, 6.859062, 6.425452, 5.549685, 4.879487, 4.848197, 3.725516, 1.331124, -0.611646, -1.896166]",0.386853,0.5,0.5
dense_cross_encoder,5ae4627d5542991a06ce9a4d,"[""5ae4627d5542991a06ce9a4d::doc_8::Sexual Politics"", ""5ae4627d5542991a06ce9a4d::doc_0::Kate Millett"", ""5ae4627d5542991a06ce9a4d::doc_9::Harris G. Mirkin"", ""5ae4627d5542991a06ce9a4d::doc_2::Carol J. Adams"", ""5ae4627d5542991a06ce9a4d::doc_6::Susie Bright"", ""5aba5d2e55429901930fa799::doc_0::Sheila Cavanagh"", ""5ae4627d5542991a06ce9a4d::doc_7::Shannon Bell"", ""5a7be2595542997c3ec972ac::doc_2::Virginia Woolf"", ""5a7be2595542997c3ec972ac::doc_5::Jane de Gay"", ""5ae4627d5542991a06ce9a4d::doc_4::Au Pairs (band)""]","[3.208575, 1.871025, -1.121433, -1.652993, -2.98266, -5.635448, -5.895976, -6.612869, -6.617857, -6.785413]",1.0,1.0,1.0
dense_cross_encoder,5ac2d1d755429921a00ab053,"[""5ac2d1d755429921a00ab053::doc_7::Jorge Lozano"", ""5ac2d1d755429921a00ab053::doc_2::Roberta Vinci"", ""5ac2d1d755429921a00ab053::doc_6::Marta Domachowska"", ""5ac2d1d755429921a00ab053::doc_5::Flavia Pennetta"", ""5ac2d1d755429921a00ab053::doc_0::2015 Rogers Cup \u2013 Women's Doubles"", ""5ac2d1d755429921a00ab053::doc_8::1988 Volvo International \u2013 Doubles"", ""5ac2d1d755429921a00ab053::doc_4::1994 Athens International \u2013 Doubles"", ""5ac2d1d755429921a00ab053::doc_9::2015 Wimbledon Championships \u2013 Women's Doubles"", ""5ac2d1d755429921a00ab053::doc_3::2011 Barcelona Ladies Open \u2013 Doubles"", ""5ac2d1d755429921a00ab053::doc_1::Morbo (band)""]","[5.695005, 5.102654, 2.237589, 0.555157, -0.020804, -0.152924, -0.54975, -0.836388, -1.273461, -3.37008]",1.0,1.0,1.0
dense_cross_encoder,5ab4e3065542990594ba9cb4,"[""5ab4e3065542990594ba9cb4::doc_0::Truth in Science"", ""5ab4e3065542990594ba9cb4::doc_7::Truth (anti-tobacco campaign)"", ""5ab4e3065542990594ba9cb4::doc_4::Discovery Institute"", ""5ab4e3065542990594ba9cb4::doc_5::Truth Initiative"", ""5ab4e3065542990594ba9cb4::doc_3::Discovery Museum and Planetarium"", ""5ab4e3065542990594ba9cb4::doc_9::Discovery Networks Benelux"", ""5ab3b0bf5542992ade7c6e39::doc_5::True Lies"", ""5a85ea095542994775f606a8::doc_7::Science Fantasy (magazine)"", ""5ae058e855429945ae959331::doc_2::Transition House Association of Nova Scotia"", ""5ae82ae555429952e35eaa71::doc_9::Damon Dark""]","[5.662333, -0.086399, -0.574799, -3.718319, -4.958772, -9.00537, -9.442987, -10.666882, -10.711919, -10.723602]",0.919721,1.0,1.0
dense_cross_encoder,5ac298f9554299657fa28fc9,"[""5ac298f9554299657fa28fc9::doc_2::Ian Watkins (Lostprophets)"", ""5ac298f9554299657fa28fc9::doc_9::Josey Scott"", ""5ac298f9554299657fa28fc9::doc_4::Lostprophets"", ""5ac298f9554299657fa28fc9::doc_5::Under Your Skin (album)"", ""5ac298f9554299657fa28fc9::doc_8::Always (Saliva song)"", ""5ac298f9554299657fa28fc9::doc_6::We Bring an Arsenal"", ""5ac298f9554299657fa28fc9::doc_1::Shinobi vs. Dragon Ninja"", ""5ac298f9554299657fa28fc9::doc_7::In It to Win It (Saliva album)"", ""5ac298f9554299657fa28fc9::doc_3::Family Reunion (Saliva song)"", ""5ac298f9554299657fa28fc9::doc_0::Where We Belong (Lostprophets song)""]","[2.345441, 0.978518, -2.101526, -2.794358, -3.554741, -3.713282, -4.488639, -4.881371, -5.041161, -5.061968]",1.0,1.0,1.0
dense_cross_encoder,5ab6a2be554299710c8d1f08,"[""5ab6a2be554299710c8d1f08::doc_5::Battle Beyond the Sun"", ""5ab6a2be554299710c8d1f08::doc_8::Queen of Blood"", ""5ab6a2be554299710c8d1f08::doc_0::I Was a Satellite of the Sun"", ""5ab6a2be554299710c8d1f08::doc_3::Battle Beyond the Stars"", ""5ab6a2be554299710c8d1f08::doc_7::The Key (1961 film)"", ""5ab6a2be554299710c8d1f08::doc_2::Girl Seeks Father"", ""5ab6a2be554299710c8d1f08::doc_9::Older Sister"", ""5ab6a2be554299710c8d1f08::doc_1::Tracker (1987 film)"", ""5ab6a2be554299710c8d1f08::doc_6::The Scarlet Flower (1952 film)"", ""5a717d4c5542994082a3e854::doc_7::Confrontation (TV series)""]","[5.559721, 4.134552, 1.756621, -0.916948, -1.2985, -2.503467, -3.199978, -3.631674, -4.612766, -5.323596]",1.0,1.0,1.0
dense_cross_encoder,5a738d27554299623ed4abf3,"[""5a738d27554299623ed4abf3::doc_6::Marco Da Silva (dancer)"", ""5a738d27554299623ed4abf3::doc_0::Erika Jayne"", ""5a738d27554299623ed4abf3::doc_9::Marco da Silva (French footballer)"", ""5a738d27554299623ed4abf3::doc_2::Marquinhos (footballer, born June 1989)"", ""5a738d27554299623ed4abf3::doc_4::Marisa Let\u00edcia Lula da Silva"", ""5a738d27554299623ed4abf3::doc_1::Em\u00edlio da Silva"", ""5a738d27554299623ed4abf3::doc_7::Jos\u00e9 Graziano da Silva"", ""5a738d27554299623ed4abf3::doc_8::Caf\u00e9 (musician)"", ""5ac2d1d755429921a00ab053::doc_2::Roberta Vinci"", ""5ae7ed17554299540e5a56a3::doc_8::Ayesha Farooq""]","[4.711878, 3.825312, 2.346052, 1.971082, 0.357037, 0.216519, -0.428179, -1.248391, -7.763306, -8.68516]",1.0,1.0,1.0
dense_cross_encoder,5ab2a186554299295394677b,"[""5ab2a186554299295394677b::doc_4::Maiwand Lion"", ""5ab2a186554299295394677b::doc_5::Reading Post"", ""5ab2a186554299295394677b::doc_6::Spalding War Memorial"", ""5ab2a186554299295394677b::doc_9::Forbury Gardens"", ""5ab2a186554299295394677b::doc_2::Manchester Cenotaph"", ""5a80721b554299485f5985ef::doc_6::Tower Hill Memorial"", ""5ab2a186554299295394677b::doc_3::York City War Memorial"", ""5ae2b770554299495565db0f::doc_3::British Journal"", ""5a80721b554299485f5985ef::doc_0::Livesey Hall War Memorial"", ""5ab2a186554299295394677b::doc_7::The Forbury Hotel""]","[5.022017, 3.095169, -0.671787, -0.733553, -1.48945, -1.577679, -2.655133, -3.974744, -3.995779, -4.268203]",1.0,1.0,1.0
dense_cross_encoder,5a8704f8554299211dda2ba4,"[""5a8704f8554299211dda2ba4::doc_1::Aonghus M\u00f3r"", ""5a8704f8554299211dda2ba4::doc_0::Lord of Islay"", ""5a8704f8554299211dda2ba4::doc_8::Kingdom of the Isles"", ""5a8704f8554299211dda2ba4::doc_9::List of rulers of the Kingdom of the Isles"", ""5a8704f8554299211dda2ba4::doc_6::Geography of the Philippines"", ""5a8704f8554299211dda2ba4::doc_4::List of islands of Tasmania"", ""5a8704f8554299211dda2ba4::doc_5::Jaluit Atoll"", ""5a8704f8554299211dda2ba4::doc_7::National parks of Taiwan"", ""5a8704f8554299211dda2ba4::doc_2::Protected areas of Himachal Pradesh"", ""5ae0a59a55429945ae9593e2::doc_2::Durotriges""]","[2.672295, -1.172558, -1.401767, -2.209488, -4.468451, -5.404426, -5.620893, -7.65662, -8.946749, -8.998188]",0.919721,1.0,1.0
dense_cross_encoder,5ab5ed505542997d4ad1f255,"[""5ab5ed505542997d4ad1f255::doc_8::Bruce Spizer"", ""5ab5ed505542997d4ad1f255::doc_0::The Beatles"", ""5ab5ed505542997d4ad1f255::doc_6::Cultural impact of the Beatles"", ""5ab5ed505542997d4ad1f255::doc_1::Marsha Albert"", ""5ab5ed505542997d4ad1f255::doc_5::Christian Death"", ""5ab5ed505542997d4ad1f255::doc_9::Cultural depictions of Elvis Presley"", ""5ab5ed505542997d4ad1f255::doc_3::Azra"", ""5a8574945542997b5ce3fffb::doc_8::Keith Richards"", ""5ab7f0015542992aa3b8c88b::doc_2::Dave Meros"", ""5abdf12255429976d4830a2f::doc_4::Gary Cherone""]","[5.804029, 1.211023, 0.649894, -3.342555, -3.753634, -4.241817, -5.15387, -6.979258, -7.277336, -8.174512]",1.0,1.0,1.0
dense_cross_encoder,5a77c1505542997042120b1b,"[""5a77c1505542997042120b1b::doc_5::A Lot About Livin' (And a Little 'bout Love)"", ""5a77c1505542997042120b1b::doc_6::Chattahoochee (song)"", ""5a77c1505542997042120b1b::doc_9::Tonight I Climbed the Wall"", ""5a77c1505542997042120b1b::doc_1::(Who Says) You Can't Have It All"", ""5a77c1505542997042120b1b::doc_7::She's Got the Rhythm (And I Got the Blues)"", ""5a77c1505542997042120b1b::doc_4::High Lonesome (Randy Travis album)"", ""5a77c1505542997042120b1b::doc_3::Holler Back"", ""5ab96ab755429970cfb8eacd::doc_8::Something in the Way You Move"", ""5a77c1505542997042120b1b::doc_2::We'll Burn That Bridge"", ""5a77c1505542997042120b1b::doc_8::Alan Jackson albums discography""]","[8.557989, 8.025155, 7.115672, 6.235728, 5.72513, 4.134109, 2.770898, -0.123825, -0.20888, -0.308749]",0.571429,0.5,1.0
dense_cross_encoder,5a88d745554299206df2b378,"[""5a88d745554299206df2b378::doc_7::Pietro Germi"", ""5a88d745554299206df2b378::doc_4::David Yates"", ""5a88d745554299206df2b378::doc_5::The Testimony (1946 film)"", ""5a88d745554299206df2b378::doc_0::Divorce Italian Style"", ""5a88d745554299206df2b378::doc_1::Ottavio Alessi"", ""5a88d745554299206df2b378::doc_2::Serafino (film)"", ""5a88d745554299206df2b378::doc_8::Lipstick (1960 film)"", ""5a88d745554299206df2b378::doc_6::Cineriz"", ""5a88d745554299206df2b378::doc_9::Commedia all'italiana"", ""5a8ef2a75542995a26add583::doc_2::Enrico Fermi""]","[2.07735, -1.101299, -2.420412, -3.094921, -3.102661, -3.696189, -4.531985, -5.919351, -6.716796, -6.746103]",1.0,1.0,1.0
dense_cross_encoder,5ae748d1554299572ea547b0,"[""5ae748d1554299572ea547b0::doc_8::Wayne Garland"", ""5ae748d1554299572ea547b0::doc_3::Baltimore Orioles"", ""5ae748d1554299572ea547b0::doc_0::History of the Washington Senators (1901\u201360)"", ""5ae748d1554299572ea547b0::doc_5::Boston Red Sox"", ""5a85cead5542991dd0999ea9::doc_2::Dick Kauffman"", ""5ae748d1554299572ea547b0::doc_2::Detroit Tigers"", ""5ae748d1554299572ea547b0::doc_1::History of the Minnesota Twins"", ""5a85cead5542991dd0999ea9::doc_8::Chick Shorten"", ""5ae748d1554299572ea547b0::doc_6::List of Detroit Tigers managers"", ""5ae748d1554299572ea547b0::doc_4::History of the Cleveland Indians""]","[7.030994, 4.28603, -1.659366, -2.010848, -2.019807, -2.099068, -2.253338, -2.703292, -3.02765, -3.112748]",1.0,1.0,1.0
dense_cross_encoder,5a7a8a9c554299042af8f666,"[""5a7a8a9c554299042af8f666::doc_0::Argand lamp"", ""5a7a8a9c554299042af8f666::doc_7::Lewis lamp"", ""5a7a8a9c554299042af8f666::doc_9::Carbon button lamp"", ""5a7a8a9c554299042af8f666::doc_8::Hefner lamp"", ""5a7a8a9c554299042af8f666::doc_3::Kerosene lamp"", ""5a7a8a9c554299042af8f666::doc_5::Kudlik"", ""5a7a8a9c554299042af8f666::doc_2::Antoine Quinquet"", ""5a7a8a9c554299042af8f666::doc_6::Trouble light"", ""5a7a8a9c554299042af8f666::doc_1::Hollow-cathode lamp"", ""5a7a8a9c554299042af8f666::doc_4::Glow switch starter""]","[5.997955, 5.833723, -3.033346, -3.467042, -3.740323, -4.071973, -5.198974, -5.402953, -5.800289, -8.214098]",1.0,1.0,1.0
dense_cross_encoder,5adffe7155429906c02daa9e,"[""5adffe7155429906c02daa9e::doc_6::When Harry Met Sally... (soundtrack)"", ""5adffe7155429906c02daa9e::doc_3::Connie Sawyer"", ""5adffe7155429906c02daa9e::doc_5::When Harry Met Sally..."", ""5adffe7155429906c02daa9e::doc_0::Harry Connick Jr."", ""5a790d8f554299029c4b5eec::doc_7::5:55"", ""5a77c1505542997042120b1b::doc_7::She's Got the Rhythm (And I Got the Blues)"", ""5ae7ba7a5542993210983f12::doc_3::Billy Ray Cyrus discography"", ""5ac23ff0554299636651994d::doc_4::Greatest Hits (Dan Fogelberg album)"", ""5a77c1505542997042120b1b::doc_5::A Lot About Livin' (And a Little 'bout Love)"", ""5a774e9c55429972597f14f3::doc_5::Larnelle Harris""]","[3.685473, 0.745559, -1.33593, -3.770648, -4.926404, -5.157852, -5.292331, -5.620418, -5.783029, -5.975534]",0.877215,1.0,1.0
dense_cross_encoder,5ab642845542995eadeeff8e,"[""5ab642845542995eadeeff8e::doc_6::Broughtonia"", ""5ab642845542995eadeeff8e::doc_4::Laeliocattleya"", ""5ab642845542995eadeeff8e::doc_9::Hawkinsara"", ""5ab642845542995eadeeff8e::doc_8::Cattleytonia"", ""5ab642845542995eadeeff8e::doc_2::Otaara"", ""5ab642845542995eadeeff8e::doc_0::Broughtonia sanguinea"", ""5ab642845542995eadeeff8e::doc_3::Paracaleana"", ""5ab642845542995eadeeff8e::doc_5::Caladenia"", ""5ab642845542995eadeeff8e::doc_7::Calochilus"", ""5ab1d7ac554299449642c7e6::doc_1::Ehretia""]","[4.257594, 4.125525, 3.952409, 3.894816, 3.650343, 3.11689, -5.878056, -5.997816, -7.018205, -8.676392]",1.0,1.0,1.0
dense_cross_encoder,5a906a685542990a9849362e,"[""5a906a685542990a9849362e::doc_4::Algeria at the FIFA World Cup"", ""5a906a685542990a9849362e::doc_2::2002 FIFA World Cup"", ""5a906a685542990a9849362e::doc_3::1991 Rugby World Cup"", ""5a906a685542990a9849362e::doc_6::2014 FIFA World Cup"", ""5ae7eaf65542994a481bbe1d::doc_0::1998 ICC KnockOut Trophy Final"", ""5a906a685542990a9849362e::doc_1::Orvar Bergmark"", ""5ab9374b554299131ca422c6::doc_3::Indonesia 2022 FIFA World Cup bid"", ""5a906a685542990a9849362e::doc_8::Tertiary Student Rugby League World Cup"", ""5a906a685542990a9849362e::doc_0::2015 Cricket World Cup opening ceremony"", ""5ab9374b554299131ca422c6::doc_8::Morocco 2026 FIFA World Cup bid""]","[8.319768, 2.301834, 1.13703, -1.143744, -1.869947, -2.240542, -2.335129, -2.529727, -3.207865, -3.625417]",0.877215,1.0,1.0
dense_cross_encoder,5a7633ad5542992db9473741,"[""5a7633ad5542992db9473741::doc_1::Battle of Manila (1945)"", ""5a7633ad5542992db9473741::doc_7::Seven Days Battles"", ""5a7633ad5542992db9473741::doc_2::Seven Days Union order of battle"", ""5a7633ad5542992db9473741::doc_0::Seven Days Confederate order of battle"", ""5a7633ad5542992db9473741::doc_4::Battle of Gaines's Mill"", ""5a7633ad5542992db9473741::doc_9::Battle of Malvern Hill"", ""5a7633ad5542992db9473741::doc_8::Northern Virginia Campaign"", ""5a7633ad5542992db9473741::doc_6::Battle of Port Republic"", ""5a7633ad5542992db9473741::doc_3::Battle of Cross Keys"", ""5abf63f15542997ec76fd3ea::doc_5::Battle of Romanovka""]","[4.365683, 3.24941, 2.553959, 2.517527, -0.536892, -0.859667, -1.39007, -2.532543, -2.620019, -5.094682]",1.0,1.0,1.0
dense_cross_encoder,5a74ce9655429974ef308c6c,"[""5a74ce9655429974ef308c6c::doc_6::Lush (company)"", ""5a74ce9655429974ef308c6c::doc_9::ABQ Uptown"", ""5a74ce9655429974ef308c6c::doc_1::Poole Methodist Church"", ""5a74ce9655429974ef308c6c::doc_4::Canford Cliffs"", ""5a74ce9655429974ef308c6c::doc_7::Fire Radio"", ""5ab84bf555429916710eb01f::doc_2::Tesco Extra"", ""5a74ce9655429974ef308c6c::doc_3::List of cider producers in Dorset"", ""5a74ce9655429974ef308c6c::doc_8::Dorset County Council election, 2013"", ""5ab84bf555429916710eb01f::doc_9::Lewis's"", ""5ae057fd55429945ae959328::doc_3::RetailMeNot""]","[2.955545, 0.444697, -1.328586, -3.100213, -3.670222, -4.638329, -5.750988, -7.205662, -8.61694, -8.970331]",1.0,1.0,1.0
dense_cross_encoder,5a713a5a5542994082a3e6a9,"[""5a713a5a5542994082a3e6a9::doc_4::Old Trafford, Greater Manchester"", ""5a713a5a5542994082a3e6a9::doc_5::Trafford Bar tram stop"", ""5a713a5a5542994082a3e6a9::doc_0::Manchester United F.C. in European football"", ""5a713a5a5542994082a3e6a9::doc_1::Manchester United F.C."", ""5a713a5a5542994082a3e6a9::doc_6::Gorse Hill"", ""5ae0aaf455429945ae959401::doc_8::Salford City F.C."", ""5a713a5a5542994082a3e6a9::doc_8::Ragbi Klub Mornar Bar"", ""5a713a5a5542994082a3e6a9::doc_7::Aquinas Old Collegians Football Club"", ""5ab8688b55429934fafe6daa::doc_3::West Yorkshire Association Football League"", ""5ae0aaf455429945ae959401::doc_7::Curzon Ashton F.C.""]","[1.745222, 0.666146, -2.442625, -2.596491, -4.302515, -4.437832, -5.537588, -6.094905, -6.231791, -7.36482]",0.919721,1.0,1.0
dense_cross_encoder,5ab341f755429969a97a8114,"[""5ab341f755429969a97a8114::doc_6::Chim Chim Cher-ee"", ""5ab341f755429969a97a8114::doc_2::My Kind of Town"", ""5ab341f755429969a97a8114::doc_8::Mary Poppins (song)"", ""5ab341f755429969a97a8114::doc_1::Step in Time"", ""5ab341f755429969a97a8114::doc_0::I Love to Laugh"", ""5ab341f755429969a97a8114::doc_3::A Man Has Dreams"", ""5ab341f755429969a97a8114::doc_7::Mary Poppins (film)"", ""5a73a7c755429978a71e9068::doc_9::Something There"", ""5ae6050f55429929b0807a5e::doc_1::Heffalumps and Woozles"", ""5a73a7c755429978a71e9068::doc_7::Beauty and the Beast (Disney song)""]","[9.678221, 2.87355, 1.870533, 1.62265, 1.619845, 0.775484, -0.660895, -2.367012, -2.844605, -3.181194]",0.613147,1.0,0.5
dense_cross_encoder,5a8325b35542990548d0b18f,"[""5a8325b35542990548d0b18f::doc_3::Kathy Sullivan (Australian politician)"", ""5a8325b35542990548d0b18f::doc_0::Bronwyn Bishop"", ""5a8325b35542990548d0b18f::doc_1::Philip Ruddock"", ""5a8325b35542990548d0b18f::doc_5::Roslyn Dundas"", ""5a8325b35542990548d0b18f::doc_4::Michael Atkinson"", ""5a8325b35542990548d0b18f::doc_2::Carol Martin"", ""5a8325b35542990548d0b18f::doc_8::Richard Torbay"", ""5a8325b35542990548d0b18f::doc_9::Peter Blacker"", ""5a8325b35542990548d0b18f::doc_6::Bob Debus"", ""5a8325b35542990548d0b18f::doc_7::Mehmet Tillem""]","[7.95963, 3.091474, 1.356069, 0.470292, 0.244897, 0.131256, -1.014412, -1.259411, -1.428228, -2.487381]",1.0,1.0,1.0
dense_cross_encoder,5ab9374b554299131ca422c6,"[""5ab9374b554299131ca422c6::doc_9::Australia 2022 FIFA World Cup bid"", ""5ab9374b554299131ca422c6::doc_7::United States 2022 FIFA World Cup bid"", ""5ab9374b554299131ca422c6::doc_5::2018 and 2022 FIFA World Cup bids"", ""5ab9374b554299131ca422c6::doc_1::Qatar 2022 FIFA World Cup bid"", ""5ab9374b554299131ca422c6::doc_2::Russia 2018 FIFA World Cup bid"", ""5ab9374b554299131ca422c6::doc_3::Indonesia 2022 FIFA World Cup bid"", ""5ab9374b554299131ca422c6::doc_6::South Korea 2022 FIFA World Cup bid"", ""5ab9374b554299131ca422c6::doc_4::Japan 2022 FIFA World Cup bid"", ""5ab9374b554299131ca422c6::doc_8::Morocco 2026 FIFA World Cup bid"", ""5ab9374b554299131ca422c6::doc_0::Frank Lowy""]","[5.893419, 0.888647, 0.535088, 0.512673, 0.165712, 0.107067, -0.706242, -0.747516, -1.876115, -2.671523]",0.790386,1.0,1.0
dense_cross_encoder,5ae52c0f5542992663a4f12e,"[""5ae52c0f5542992663a4f12e::doc_3::Faith Lutheran Middle School &amp; High School"", ""5ae52c0f5542992663a4f12e::doc_8::Faith Lutheran High School"", ""5ae52c0f5542992663a4f12e::doc_0::Lutheran High School (La Verne, California)"", ""5ae52c0f5542992663a4f12e::doc_1::Faith Lutheran College, Redlands"", ""5ae52c0f5542992663a4f12e::doc_7::Paso Robles High School"", ""5a7ddc5a5542995f4f4022da::doc_3::Bishop Carroll Catholic High School"", ""5a8a43eb5542996c9b8d5e82::doc_6::Grace Church School"", ""5a7ddc5a5542995f4f4022da::doc_1::Spalding Catholic High School"", ""5ae52c0f5542992663a4f12e::doc_5::Sullivan East High School"", ""5ae52c0f5542992663a4f12e::doc_6::Mentor High School""]","[8.004443, 7.104807, 6.015162, 5.383362, 0.753836, -1.674472, -1.88662, -3.191114, -3.282943, -3.683131]",0.613147,1.0,0.5
dense_cross_encoder,5adbfbd555429947ff173893,"[""5adbfbd555429947ff173893::doc_2::2014 Young Hollywood Awards"", ""5adbfbd555429947ff173893::doc_0::2013 Young Hollywood Awards"", ""5adbfbd555429947ff173893::doc_9::Young Hollywood Awards"", ""5adbfbd555429947ff173893::doc_4::2003 Kids' Choice Awards"", ""5adbfbd555429947ff173893::doc_5::Maureen Dragone"", ""5adbfbd555429947ff173893::doc_3::12th Youth in Film Awards"", ""5adbfbd555429947ff173893::doc_6::Kelly Osbourne"", ""5a774e9c55429972597f14f3::doc_9::Muyiwa Olarewaju"", ""5ac3165c5542995ef918c10a::doc_6::18th Independent Spirit Awards"", ""5ab96ab755429970cfb8eacd::doc_5::Delirium World Tour""]","[7.356583, 3.554447, 2.735899, 0.42382, -0.668899, -0.84767, -3.273096, -3.627124, -3.955729, -4.41064]",0.81753,1.0,1.0
dense_cross_encoder,5ab7f0015542992aa3b8c88b,"[""5ab7f0015542992aa3b8c88b::doc_3::Sean Yseult"", ""5ab7f0015542992aa3b8c88b::doc_4::Double Dagger"", ""5ab7f0015542992aa3b8c88b::doc_2::Dave Meros"", ""5ab7f0015542992aa3b8c88b::doc_0::Rodney Slatford"", ""5ab7f0015542992aa3b8c88b::doc_8::Even Steven Levee"", ""5a818387554299260e20a291::doc_8::Christy Sutherland"", ""5a791a97554299148911f9f2::doc_2::Brenda Bennett"", ""5ab7f0015542992aa3b8c88b::doc_5::Didi Beck"", ""5ab29c24554299449642c932::doc_6::Armand Castelmary"", ""5ab28019554299722f9b4d51::doc_7::Kasia Al Thani""]","[2.299861, -3.197007, -6.142531, -6.284958, -6.597154, -6.642097, -7.79961, -7.8359, -8.502193, -9.030781]",0.613147,1.0,0.5
dense_cross_encoder,5ac547525542993e66e822a3,"[""5ac547525542993e66e822a3::doc_6::Food and Drug Administration"", ""5ac547525542993e66e822a3::doc_0::New Bolton Center"", ""5ac547525542993e66e822a3::doc_9::Western University of Health Sciences"", ""5ac547525542993e66e822a3::doc_5::Ontario Veterinary College"", ""5ac547525542993e66e822a3::doc_4::Center for Pan Asian Community Services, Inc."", ""5ac547525542993e66e822a3::doc_8::United States Public Health Service"", ""5a7166395542994082a3e814::doc_1::University of Missouri\u2013Kansas City"", ""5ae0d4c9554299603e418468::doc_7::Office of Population Affairs"", ""5ac547525542993e66e822a3::doc_3::Melarsomine"", ""5ac547525542993e66e822a3::doc_1::Brenda McCowan""]","[0.184119, -5.527587, -6.398726, -7.1575, -7.685695, -8.851928, -8.875399, -9.264765, -9.463877, -10.056628]",0.797723,1.0,1.0
dense_cross_encoder,5a7cbf8c554299452d57b9f4,"[""5a7cbf8c554299452d57b9f4::doc_5::McFarland, USA"", ""5a7cbf8c554299452d57b9f4::doc_7::Dinosaur (film)"", ""5a7cbf8c554299452d57b9f4::doc_2::Oryctodromeus"", ""5a7cbf8c554299452d57b9f4::doc_8::Fruitadens"", ""5a7cbf8c554299452d57b9f4::doc_1::Sphaerotholus"", ""5a7cbf8c554299452d57b9f4::doc_9::Dakotadon"", ""5a7cbf8c554299452d57b9f4::doc_0::Cinizasaurus"", ""5a7cbf8c554299452d57b9f4::doc_3::Cryptoraptor"", ""5a7cbf8c554299452d57b9f4::doc_4::Comanchesaurus"", ""5ae819ac55429952e35eaa16::doc_5::Pilot (Will &amp; Grace)""]","[1.68064, -0.973032, -2.284982, -4.055283, -4.307364, -4.560534, -6.396955, -6.797477, -6.90738, -7.137163]",1.0,1.0,1.0
dense_cross_encoder,5a7ddc5a5542995f4f4022da,"[""5a7ddc5a5542995f4f4022da::doc_3::Bishop Carroll Catholic High School"", ""5a7ddc5a5542995f4f4022da::doc_4::Kapaun Mt. Carmel Catholic High School"", ""5a7ddc5a5542995f4f4022da::doc_7::Carmel High School (Mundelein, Illinois)"", ""5a7ddc5a5542995f4f4022da::doc_6::Bishop Manogue High School"", ""5a7ddc5a5542995f4f4022da::doc_9::Bishop Sullivan Catholic High School"", ""5ac0d83a554299294b219038::doc_3::Bishop Gorman High School"", ""5a7ddc5a5542995f4f4022da::doc_1::Spalding Catholic High School"", ""5a7ddc5a5542995f4f4022da::doc_2::St. Petersburg Catholic High School"", ""5a7ddc5a5542995f4f4022da::doc_0::John S. Burke Catholic High School"", ""5a7ddc5a5542995f4f4022da::doc_5::Monroe Catholic High School""]","[9.33559, 6.373492, 1.962543, 0.344828, -0.72845, -0.904309, -1.042597, -1.114083, -1.776046, -2.322379]",1.0,1.0,1.0
dense_cross_encoder,5a7a1cd85542990783324e65,"[""5a7a1cd85542990783324e65::doc_1::United States presidential election, 2016"", ""5a7a1cd85542990783324e65::doc_0::United States presidential election, 1976"", ""5a7a1cd85542990783324e65::doc_4::Michigan Democratic primary, 2016"", ""5a7a1cd85542990783324e65::doc_2::United States presidential election, 2012"", ""5a7a1cd85542990783324e65::doc_5::United States presidential election, 2020"", ""5a7a1cd85542990783324e65::doc_3::2044 election"", ""5a7a1cd85542990783324e65::doc_8::United States presidential election, 1964"", ""5a7a1cd85542990783324e65::doc_7::United States presidential election, 1960"", ""5a7a1cd85542990783324e65::doc_9::United States presidential election, 1892"", ""5a7a1cd85542990783324e65::doc_6::United States presidential election, 1968""]","[5.886559, 2.647756, 2.617318, 1.84302, 1.12231, 0.89604, -0.187974, -0.520127, -0.526545, -0.8122]",0.919721,1.0,1.0
dense_cross_encoder,5ae0a59a55429945ae9593e2,"[""5ae0a59a55429945ae9593e2::doc_6::Roman conquest of Britain"", ""5ae0a59a55429945ae9593e2::doc_8::Catuvellauni"", ""5ae0a59a55429945ae9593e2::doc_5::Togodumnus"", ""5ae0a59a55429945ae9593e2::doc_0::Romano-British culture"", ""5ae0a59a55429945ae9593e2::doc_1::History of Wales"", ""5ae0a59a55429945ae9593e2::doc_2::Durotriges"", ""5ae0a59a55429945ae9593e2::doc_4::AD 43"", ""5ae0a59a55429945ae9593e2::doc_3::Corieltauvi"", ""5ab2659e554299340b5254b2::doc_8::Sasanian Empire"", ""5ae0a59a55429945ae9593e2::doc_7::Sussex chicken""]","[2.789443, 1.932406, 1.071496, 0.168173, -2.942026, -3.295823, -4.480824, -5.052128, -5.436118, -6.031521]",0.693426,0.5,1.0
dense_cross_encoder,5a8b987f5542997f31a41d7a,"[""5a8b987f5542997f31a41d7a::doc_0::&quot;Q&quot; Is for Quarry"", ""5a8b987f5542997f31a41d7a::doc_3::Sue Grafton"", ""5a8b987f5542997f31a41d7a::doc_4::Andy Straka"", ""5a8b987f5542997f31a41d7a::doc_2::June Thomson"", ""5a8b987f5542997f31a41d7a::doc_9::The Crooked Hinge"", ""5a8b987f5542997f31a41d7a::doc_8::He Who Whispers"", ""5a8b987f5542997f31a41d7a::doc_1::Lake District Mysteries"", ""5a7b7ff75542995eb53be93d::doc_3::Arthur Conan Doyle"", ""5a8b987f5542997f31a41d7a::doc_5::C. Hugh Holman"", ""5ae82ae555429952e35eaa71::doc_8::Kyle Craig""]","[6.51732, 1.914146, -2.507221, -3.704324, -3.915115, -4.018278, -4.037163, -4.598883, -5.374324, -7.014243]",1.0,1.0,1.0
dense_cross_encoder,5a8739a05542994775f607ab,"[""5a8739a05542994775f607ab::doc_3::New York's 1st State Senate district"", ""5a8739a05542994775f607ab::doc_1::New York's 2nd State Senate district"", ""5a8739a05542994775f607ab::doc_5::New York's 3rd State Senate district"", ""5a8739a05542994775f607ab::doc_9::New York's 4th State Senate district"", ""5a8739a05542994775f607ab::doc_0::Kenneth LaValle"", ""5a8739a05542994775f607ab::doc_6::Steven Bradford"", ""5a8739a05542994775f607ab::doc_7::Andrea Stewart-Cousins"", ""5a8739a05542994775f607ab::doc_8::Hawaii Senate"", ""5a8739a05542994775f607ab::doc_2::Nesting (voting districts)"", ""5a8739a05542994775f607ab::doc_4::California State Senate""]","[4.15114, 3.108509, 2.455442, 2.184853, 0.496616, 0.486451, 0.079978, -2.314311, -3.164324, -4.250882]",0.850345,1.0,1.0
dense_cross_encoder,5ae67dba55429908198fa5f0,"[""5ae67dba55429908198fa5f0::doc_8::Memphis Hustle"", ""5ae67dba55429908198fa5f0::doc_4::Memphis metropolitan area"", ""5ae67dba55429908198fa5f0::doc_7::Southaven, Mississippi"", ""5ae67dba55429908198fa5f0::doc_6::West Memphis, Arkansas"", ""5ae67dba55429908198fa5f0::doc_1::Lakeland, Tennessee"", ""5ae67dba55429908198fa5f0::doc_9::Olive Branch, Mississippi"", ""5ae67dba55429908198fa5f0::doc_2::Millington, Tennessee"", ""5ae67dba55429908198fa5f0::doc_5::Marion, Arkansas"", ""5ae67dba55429908198fa5f0::doc_3::Covington, Tennessee"", ""5a7166395542994082a3e814::doc_0::North Kansas City, Missouri""]","[2.88979, 0.075246, -0.037419, -0.231129, -0.260556, -1.026641, -2.682132, -3.705175, -4.406925, -5.596267]",0.919721,1.0,1.0
dense_cross_encoder,5a7b3f4d5542992d025e67bb,"[""5a7b3f4d5542992d025e67bb::doc_2::Pasek and Paul"", ""5a7b3f4d5542992d025e67bb::doc_8::A Christmas Story: The Musical"", ""5a7b3f4d5542992d025e67bb::doc_0::City of Stars"", ""5a7b3f4d5542992d025e67bb::doc_6::Audition (The Fools Who Dream)"", ""5a7b3f4d5542992d025e67bb::doc_7::La La Land (Demi Lovato song)"", ""5a7b3f4d5542992d025e67bb::doc_4::List of accolades received by La La Land"", ""5a7b3f4d5542992d025e67bb::doc_1::Another Day of Sun"", ""5a7b3f4d5542992d025e67bb::doc_5::La La Land (soundtrack)"", ""5a774e9c55429972597f14f3::doc_1::David Huntsinger"", ""5a7b3f4d5542992d025e67bb::doc_3::David and Sandy Reynolds-Wasco""]","[5.262117, 4.973766, 4.910463, 4.747116, 4.436819, 3.365339, 3.196105, 0.377086, -0.248421, -1.670311]",1.0,1.0,1.0
dense_cross_encoder,5ae2dfd155429928c423951b,"[""5ae2dfd155429928c423951b::doc_7::Shelly Beach, New South Wales"", ""5ae2dfd155429928c423951b::doc_8::Niagara Park, New South Wales"", ""5ae2dfd155429928c423951b::doc_2::Bucketty"", ""5ae2dfd155429928c423951b::doc_6::City of Newcastle"", ""5ae2dfd155429928c423951b::doc_3::Gillieston Heights"", ""5ae2dfd155429928c423951b::doc_0::Mount View, New South Wales"", ""5ae2dfd155429928c423951b::doc_4::Shelly Beach (Manly)"", ""5ae2dfd155429928c423951b::doc_5::Unincorporated Far West Region"", ""5ae2dfd155429928c423951b::doc_1::Grahamstown Dam"", ""5abd01205542992ac4f3819b::doc_0::Richmond Valley Council""]","[6.859906, 4.56821, 4.229003, 3.983957, 3.73291, 3.654688, 3.433835, 2.050853, 0.503818, 0.202921]",0.877215,1.0,1.0
dense_cross_encoder,5ab6ba245542995eadef007f,"[""5ab6ba245542995eadef007f::doc_5::Bamboo Ma\u00f1alac"", ""5ab6ba245542995eadef007f::doc_2::Danny Jones"", ""5ab6ba245542995eadef007f::doc_7::Bamboo (band)"", ""5ab6ba245542995eadef007f::doc_4::Rivermaya"", ""5ab6ba245542995eadef007f::doc_8::No Water, No Moon"", ""5ab6ba245542995eadef007f::doc_3::As the Music Plays"", ""5ab6ba245542995eadef007f::doc_1::Kakoy Legaspi"", ""5ae7ba7a5542993210983f12::doc_2::U Know What's Up"", ""5a774e9c55429972597f14f3::doc_3::Andra\u00e9 Crouch"", ""5ab7f0015542992aa3b8c88b::doc_9::Supagroup""]","[4.391366, 3.059719, 1.776151, 1.256305, -0.269075, -0.303889, -0.856397, -9.51066, -9.799822, -10.011889]",1.0,1.0,1.0
dense_cross_encoder,5ab8854555429934fafe6e0c,"[""5ab8854555429934fafe6e0c::doc_7::Hanna Varis"", ""5ab8854555429934fafe6e0c::doc_8::Albertina"", ""5ab8688b55429934fafe6daa::doc_1::Nidderdale Museum"", ""5a835478554299123d8c20ed::doc_4::Roald Dahl Children's Gallery"", ""5ab4e3065542990594ba9cb4::doc_3::Discovery Museum and Planetarium"", ""5ae0361155429925eb1afc2c::doc_5::L'Oiseau bleu (Metzinger)"", ""5a7b8749554299294a54a9db::doc_8::Moina Mathers"", ""5ac1b8ee5542994d76dccedc::doc_2::AES+F"", ""5a7be2595542997c3ec972ac::doc_8::Moments of Being"", ""5adf65555542992d7e9f9334::doc_2::New York State Writers Hall of Fame""]","[4.571515, -2.331319, -9.926188, -10.108292, -10.69268, -10.699594, -10.732071, -10.807423, -10.810562, -10.829554]",1.0,1.0,1.0
dense_cross_encoder,5a8eea4a5542990e94052bb7,"[""5a8eea4a5542990e94052bb7::doc_9::Leda (river)"", ""5a8eea4a5542990e94052bb7::doc_1::English language"", ""5a8eea4a5542990e94052bb7::doc_4::Old Frisian"", ""5a8eea4a5542990e94052bb7::doc_6::Leer"", ""5a8eea4a5542990e94052bb7::doc_8::Old Saxon"", ""5a8eea4a5542990e94052bb7::doc_2::Proto-Norse language"", ""5a8eea4a5542990e94052bb7::doc_5::Afrikaans"", ""5a8eea4a5542990e94052bb7::doc_0::German language"", ""5a8eea4a5542990e94052bb7::doc_3::Dutch language"", ""5ab28019554299722f9b4d51::doc_8::Tell El Sakan""]","[3.463599, -0.115427, -0.521986, -0.696667, -2.336501, -3.831526, -4.712585, -5.111931, -5.843434, -8.293031]",0.919721,1.0,1.0
dense_cross_encoder,5a74c85055429916b0164218,"[""5a74c85055429916b0164218::doc_3::William Bonfield"", ""5a74c85055429916b0164218::doc_4::Paul M\u00e9fano"", ""5a74c85055429916b0164218::doc_2::Alistair Grant"", ""5a74c85055429916b0164218::doc_6::Robin Bailie"", ""5a7625e8554299109176e66a::doc_6::George V"", ""5a74c85055429916b0164218::doc_8::Australian referendum, 1937"", ""5a74c85055429916b0164218::doc_1::British people"", ""5add61d65542995b365fab21::doc_7::Mikhail Gorbachev"", ""5a7a276d5542996c55b2dd27::doc_4::George W. Macfarlane"", ""5abc8d75554299700f9d7900::doc_3::John Bruton""]","[2.717605, 1.842061, 1.805856, 1.452671, -2.143003, -3.299381, -4.617558, -5.269994, -5.617952, -5.824897]",0.510956,0.333333,1.0
dense_cross_encoder,5a88dcf9554299206df2b383,"[""5a88dcf9554299206df2b383::doc_8::Hatton Castle, Angus"", ""5a88dcf9554299206df2b383::doc_3::Hatton Hill"", ""5a88dcf9554299206df2b383::doc_6::Hatton Castle, Aberdeenshire"", ""5a88dcf9554299206df2b383::doc_9::Hatton, Warwickshire"", ""5a88dcf9554299206df2b383::doc_7::Hutton Castle"", ""5a88dcf9554299206df2b383::doc_4::Hatton baronets"", ""5a88dcf9554299206df2b383::doc_2::Auchterhouse Castle"", ""5a88dcf9554299206df2b383::doc_5::Broughty Castle"", ""5a88dcf9554299206df2b383::doc_0::Angus cattle"", ""5a7d54165542995f4f402256::doc_6::Dirleton Castle""]","[7.082681, 6.755248, 4.123026, 2.00171, -0.603605, -1.18698, -3.435882, -5.034977, -5.877538, -7.479041]",1.0,1.0,1.0
dense_cross_encoder,5a7625c7554299109176e668,"[""5a7625c7554299109176e668::doc_3::The Drop-In (podcast)"", ""5a7625c7554299109176e668::doc_7::The Nerdist Podcast"", ""5a7625c7554299109176e668::doc_5::Chris Hardwick"", ""5a7625c7554299109176e668::doc_6::Nerdist Industries"", ""5a7625c7554299109176e668::doc_0::Maltin on Movies"", ""5a7625c7554299109176e668::doc_2::Nerdist News"", ""5a7625c7554299109176e668::doc_8::Jessica Chobot"", ""5a7625c7554299109176e668::doc_4::Chloe Dykstra"", ""5a7625c7554299109176e668::doc_1::Comedy Film Nerds"", ""5abc0a5d5542993f40c73c64::doc_1::Freakonomics Radio""]","[4.762954, 3.621675, 3.514718, 2.887101, 1.709672, 1.071146, 0.042082, -4.071908, -4.121189, -6.634678]",0.491149,0.333333,1.0
dense_cross_encoder,5ac0d83a554299294b219038,"[""5ac0d83a554299294b219038::doc_4::Randall Cunningham II"", ""5ac0d83a554299294b219038::doc_9::Vashti Cunningham"", ""5ac0d83a554299294b219038::doc_1::Randall Cunningham"", ""5ac0d83a554299294b219038::doc_6::Ken Rose (gridiron football)"", ""5ac0d83a554299294b219038::doc_2::David Masur"", ""5ac0d83a554299294b219038::doc_7::Nevada Union High School"", ""5ade51b45542997c77adedf4::doc_0::Shawnee Mission District Stadium"", ""5a7ddc5a5542995f4f4022da::doc_6::Bishop Manogue High School"", ""5ac0d83a554299294b219038::doc_3::Bishop Gorman High School"", ""5ae52c0f5542992663a4f12e::doc_3::Faith Lutheran Middle School &amp; High School""]","[6.125338, 3.807003, 1.746667, -1.936485, -3.35689, -3.388059, -5.895683, -5.968968, -6.06232, -7.310243]",0.797723,1.0,1.0
dense_cross_encoder,5a790d8f554299029c4b5eec,"[""5a790d8f554299029c4b5eec::doc_2::See Yourself"", ""5a790d8f554299029c4b5eec::doc_9::Within You Without You"", ""5a790d8f554299029c4b5eec::doc_6::Who Can See It"", ""5a790d8f554299029c4b5eec::doc_8::Gem Archer"", ""5a8574945542997b5ce3fffb::doc_8::Keith Richards"", ""5a790d8f554299029c4b5eec::doc_5::We Laughed"", ""5a790d8f554299029c4b5eec::doc_0::Love Songs: A Compilation... Old and New"", ""5ae7ba7a5542993210983f12::doc_4::I Don't Wanna Know"", ""5ab96ab755429970cfb8eacd::doc_2::Outside (Calvin Harris song)"", ""5abdf12255429976d4830a2f::doc_9::Heaven Knows (Robert Plant song)""]","[7.73041, 5.653682, 1.318803, -2.757494, -2.785229, -2.999055, -3.026047, -3.376892, -3.389214, -3.480617]",1.0,1.0,1.0
dense_cross_encoder,5ab2c5e255429916697740ba,"[""5ab2c5e255429916697740ba::doc_1::60th National Hockey League All-Star Game"", ""5ab2c5e255429916697740ba::doc_6::Jonathan Toews"", ""5ab2c5e255429916697740ba::doc_0::Ryan Johansen"", ""5ab2c5e255429916697740ba::doc_5::National Hockey League All-Star Game"", ""5ab2c5e255429916697740ba::doc_7::57th National Hockey League All-Star Game"", ""5ab2c5e255429916697740ba::doc_4::20th National Hockey League All-Star Game"", ""5ab2c5e255429916697740ba::doc_9::NHL All-Star Skills Competition"", ""5ae305df5542992decbdcdc3::doc_5::List of NBL Canada All-Stars"", ""5ab2c5e255429916697740ba::doc_8::Travis Richards"", ""5ab2c5e255429916697740ba::doc_3::Fred Doherty""]","[6.082246, 4.321426, 3.415541, 2.701751, -0.419149, -0.613081, -1.146404, -2.203466, -2.211112, -2.422685]",1.0,1.0,1.0
dense_cross_encoder,5abcfc365542993a06baf9d6,"[""5abcfc365542993a06baf9d6::doc_6::James Dean"", ""5abcfc365542993a06baf9d6::doc_9::Sal Mineo"", ""5abcfc365542993a06baf9d6::doc_0::Jack Grinnage"", ""5abcfc365542993a06baf9d6::doc_8::Stewart Stern"", ""5abcfc365542993a06baf9d6::doc_5::Corey Allen"", ""5abcfc365542993a06baf9d6::doc_3::Jim Backus"", ""5abcfc365542993a06baf9d6::doc_7::Casey Braxton"", ""5abcfc365542993a06baf9d6::doc_2::CBS Television Workshop"", ""5abcfc365542993a06baf9d6::doc_4::Rebel Highway"", ""5ac2ffbd554299677310267b::doc_3::John Amos""]","[6.069601, 5.977097, 5.823222, 5.627319, 5.01124, 4.079455, 2.552535, 2.167846, 1.98888, 1.135811]",0.806574,1.0,1.0
dense_cross_encoder,5a8ee6915542990e94052bad,"[""5a8ee6915542990e94052bad::doc_7::Kuvira"", ""5a8ee6915542990e94052bad::doc_1::Zaheer"", ""5a8ee6915542990e94052bad::doc_9::Avatar: The Last Airbender (season 3)"", ""5a8ee6915542990e94052bad::doc_5::Avatar: The Last Airbender (season 1)"", ""5a8ee6915542990e94052bad::doc_4::Avatar: The Last Airbender (season 2)"", ""5a8ee6915542990e94052bad::doc_3::Iroh"", ""5a8ee6915542990e94052bad::doc_6::The Legend of Korra"", ""5a8ee6915542990e94052bad::doc_0::Bolin (The Legend of Korra)"", ""5a8ee6915542990e94052bad::doc_2::List of Avatar: The Last Airbender episodes"", ""5a8ee6915542990e94052bad::doc_8::List of The Legend of Korra episodes""]","[6.839751, 3.84335, 3.30022, 3.23262, 3.203586, 2.933957, 2.500211, 2.18459, 2.183479, 1.070075]",0.81753,1.0,1.0
dense_cross_encoder,5abba4855542993f40c73b68,"[""5abba4855542993f40c73b68::doc_5::Michael C. Hall"", ""5abba4855542993f40c73b68::doc_0::It's Alive! (Dexter)"", ""5abba4855542993f40c73b68::doc_4::The Damage a Man Can Do"", ""5abba4855542993f40c73b68::doc_7::The British Invasion (Dexter)"", ""5abba4855542993f40c73b68::doc_3::Dexter (TV series)"", ""5abba4855542993f40c73b68::doc_6::Sage Kirkpatrick"", ""5abba4855542993f40c73b68::doc_2::List of Dexter episodes"", ""5abba4855542993f40c73b68::doc_8::Vince Masuka"", ""5abba4855542993f40c73b68::doc_1::Hello, Dexter Morgan"", ""5abba4855542993f40c73b68::doc_9::Gamer (film)""]","[6.03988, 5.833674, 5.356959, 4.895357, 4.78556, 3.729089, 3.700106, 3.578975, 3.274826, 1.615818]",0.790386,1.0,1.0
dense_cross_encoder,5ae0bae555429906c02dab08,"[""5ae0bae555429906c02dab08::doc_7::Ralph Garman"", ""5ae0bae555429906c02dab08::doc_5::Lance Krall"", ""5ae0bae555429906c02dab08::doc_4::Hidden America with Jonah Ray"", ""5ae0bae555429906c02dab08::doc_3::List of The Joe Schmo Show episodes"", ""5ae0bae555429906c02dab08::doc_2::The Joe Schmo Show"", ""5ae0bae555429906c02dab08::doc_6::Matt Kennedy Gould"", ""5ae0bae555429906c02dab08::doc_1::Free Radio (TV series)"", ""5ae0bae555429906c02dab08::doc_8::Robert Belushi"", ""5ae0bae555429906c02dab08::doc_0::Gretchen Palmer"", ""5a7625c7554299109176e668::doc_5::Chris Hardwick""]","[7.859852, 4.001944, 3.924676, 3.745955, 3.507102, 3.100553, 2.263119, 2.234693, 0.849673, -0.101293]",0.919721,1.0,1.0
dense_cross_encoder,5ab271fe554299449642c8a6,"[""5ab271fe554299449642c8a6::doc_7::The Importance of Being Icelandic"", ""5ab271fe554299449642c8a6::doc_8::The Five Obstructions"", ""5ab271fe554299449642c8a6::doc_6::Buddy film"", ""5ab271fe554299449642c8a6::doc_4::Three are Three"", ""5ab271fe554299449642c8a6::doc_3::Parody film"", ""5a717d4c5542994082a3e854::doc_7::Confrontation (TV series)"", ""5abc0a5d5542993f40c73c64::doc_0::Hackers (film)"", ""5a8d5fc6554299585d9e37c6::doc_9::The Moth Diaries (film)"", ""5a8bb29b554299240d9c2089::doc_6::G\u00f6sta Pr\u00fczelius"", ""5a88d745554299206df2b378::doc_5::The Testimony (1946 film)""]","[2.661746, 1.815884, -8.587791, -9.596789, -9.750707, -10.687674, -10.811317, -10.826077, -10.839245, -10.857183]",1.0,1.0,1.0
dense_cross_encoder,5a7997a2554299029c4b5f59,"[""5a7997a2554299029c4b5f59::doc_7::Tefik Mborja"", ""5a7997a2554299029c4b5f59::doc_6::Albanian Fascist Party"", ""5a7997a2554299029c4b5f59::doc_5::People's Socialist Republic of Albania"", ""5a7997a2554299029c4b5f59::doc_9::Hungarian Communist Party"", ""5a7997a2554299029c4b5f59::doc_3::United Bermuda Party"", ""5a7997a2554299029c4b5f59::doc_0::Swedish general election, 1982"", ""5abf63f15542997ec76fd3ea::doc_0::Socialist Revolutionary Party"", ""5a7997a2554299029c4b5f59::doc_4::Australian federal election, 1972"", ""5add61d65542995b365fab21::doc_6::Anastas Mikoyan"", ""5abf63f15542997ec76fd3ea::doc_1::Communism in Russia""]","[7.17601, 3.368525, -1.100255, -3.587029, -5.807316, -6.345188, -8.356627, -8.480175, -8.862572, -9.030752]",1.0,1.0,1.0
dense_cross_encoder,5add673e5542992ae4cec54d,"[""5add673e5542992ae4cec54d::doc_6::Joe Walker (American football)"", ""5add673e5542992ae4cec54d::doc_4::1983 Oregon State vs. Oregon football game"", ""5add673e5542992ae4cec54d::doc_1::Civil War (college football game)"", ""5add673e5542992ae4cec54d::doc_0::Oregon Ducks football"", ""5add673e5542992ae4cec54d::doc_8::Army\u2013Navy Game"", ""5add673e5542992ae4cec54d::doc_3::The Rivalry (Lehigh\u2013Lafayette)"", ""5add673e5542992ae4cec54d::doc_9::Battle for the Bell"", ""5a8b20335542996c9b8d5fb3::doc_4::Ayana Walker"", ""5add673e5542992ae4cec54d::doc_5::Magnolia Bowl"", ""5add673e5542992ae4cec54d::doc_7::Battle of the Blue""]","[1.442848, 1.151567, 0.642598, -0.116041, -1.973754, -3.72319, -4.464049, -5.002719, -5.559324, -5.994686]",0.877215,1.0,1.0
dense_cross_encoder,5ae819ac55429952e35eaa16,"[""5ae819ac55429952e35eaa16::doc_9::Marry Me a Little, Marry Me a Little More"", ""5ae819ac55429952e35eaa16::doc_5::Pilot (Will &amp; Grace)"", ""5ae819ac55429952e35eaa16::doc_0::Boston Common (TV series)"", ""5ae819ac55429952e35eaa16::doc_2::Will &amp; Grace"", ""5ae819ac55429952e35eaa16::doc_6::Partners (2012 TV series)"", ""5ae819ac55429952e35eaa16::doc_8::Good Morning, Miami"", ""5ae819ac55429952e35eaa16::doc_7::Four Kings"", ""5ae819ac55429952e35eaa16::doc_1::David Kohan"", ""5ae819ac55429952e35eaa16::doc_4::The Stones (TV series)"", ""5a77152355429966f1a36c2e::doc_9::What Are Little Girls Made Of?""]","[7.844212, 4.601934, 3.256371, 2.968786, 2.720467, 1.614385, 1.273288, 1.209084, -0.907798, -1.863814]",0.877215,1.0,1.0
dense_cross_encoder,5aba65a055429939ce03dcd2,"[""5aba65a055429939ce03dcd2::doc_0::Georges-Henri Bousquet"", ""5aba65a055429939ce03dcd2::doc_7::Latresne"", ""5aba65a055429939ce03dcd2::doc_6::Armando Mook"", ""5aba65a055429939ce03dcd2::doc_5::Don Bousquet"", ""5a7b8749554299294a54a9db::doc_4::Henri Bergson"", ""5aba65a055429939ce03dcd2::doc_2::Jean Portante"", ""5a78bd9b554299078472774a::doc_4::Aleksandar Bo\u0161kovi\u0107"", ""5a7b8749554299294a54a9db::doc_9::Matter and Memory"", ""5a7b8749554299294a54a9db::doc_2::Samuel Eliot Morison"", ""5ae0361155429925eb1afc2c::doc_1::Georges Madon""]","[6.039555, -1.497207, -1.742084, -3.574939, -5.690527, -6.561034, -6.628941, -7.443162, -7.962881, -8.02718]",0.613147,1.0,0.5
dense_cross_encoder,5a87bada5542994846c1cddc,"[""5a87bada5542994846c1cddc::doc_2::Ravi Sethi"", ""5a87bada5542994846c1cddc::doc_7::Bell Labs"", ""5a87bada5542994846c1cddc::doc_3::Sethi\u2013Ullman algorithm"", ""5a87bada5542994846c1cddc::doc_8::Franz Josef Och"", ""5a87bada5542994846c1cddc::doc_1::Pharma Medica"", ""5a87bada5542994846c1cddc::doc_6::Compilers: Principles, Techniques, and Tools"", ""5a87bada5542994846c1cddc::doc_4::Annie Easley"", ""5a87bada5542994846c1cddc::doc_0::Nuria Oliver"", ""5a87bada5542994846c1cddc::doc_5::David H. Bailey"", ""5a834ed95542990548d0b1ca::doc_2::New York Life Building""]","[4.115715, -1.03808, -2.276603, -2.285466, -2.421904, -4.824951, -4.943724, -5.610446, -5.848094, -6.023015]",1.0,1.0,1.0
dense_cross_encoder,5ae74fc45542997b22f6a6b4,"[""5ae74fc45542997b22f6a6b4::doc_3::Yi Guan"", ""5ae74fc45542997b22f6a6b4::doc_5::Severe acute respiratory syndrome"", ""5ae74fc45542997b22f6a6b4::doc_7::SARS (disambiguation)"", ""5ae74fc45542997b22f6a6b4::doc_0::Timeline of the SARS outbreak"", ""5ae74fc45542997b22f6a6b4::doc_8::Feline viral rhinotracheitis"", ""5ae74fc45542997b22f6a6b4::doc_9::Asthma-related microbes"", ""5ae74fc45542997b22f6a6b4::doc_6::Chronic Respiratory Disease"", ""5ae74fc45542997b22f6a6b4::doc_2::Journal of Thoracic Disease"", ""5ac547525542993e66e822a3::doc_7::Oyewale Tomori"", ""5ae74fc45542997b22f6a6b4::doc_1::Pulmonary rehabilitation""]","[5.448906, -0.835414, -3.942766, -4.1929, -4.741083, -5.865979, -6.006325, -7.238125, -9.274984, -9.902263]",0.877215,1.0,1.0
dense_cross_encoder,5adf65555542992d7e9f9334,"[""5adf65555542992d7e9f9334::doc_4::Dim Gray Bar Press"", ""5adf65555542992d7e9f9334::doc_8::Wendell Berry"", ""5adf65555542992d7e9f9334::doc_5::Jay Cronley"", ""5adf65555542992d7e9f9334::doc_1::Melissa Fay Greene"", ""5adf65555542992d7e9f9334::doc_7::Winfred Blevins"", ""5adf65555542992d7e9f9334::doc_2::New York State Writers Hall of Fame"", ""5adf65555542992d7e9f9334::doc_6::Blinkey Horn"", ""5adf65555542992d7e9f9334::doc_3::Judith Ortiz Cofer"", ""5ae058e855429945ae959331::doc_7::Rick Wilber"", ""5ae005b555429942ec259bec::doc_3::Spirit of the Border""]","[4.306623, 1.422608, -2.839075, -3.549094, -3.560425, -4.910703, -5.119061, -5.473632, -6.585391, -7.132921]",1.0,1.0,1.0
dense_cross_encoder,5ade69e455429975fa854ec5,"[""5ade69e455429975fa854ec5::doc_1::1920 (film)"", ""5ade69e455429975fa854ec5::doc_9::Ankahee (2006 film)"", ""5ade69e455429975fa854ec5::doc_2::Be Careful (film)"", ""5ade69e455429975fa854ec5::doc_3::Spark (2014 film)"", ""5ade69e455429975fa854ec5::doc_5::Phhir"", ""5ade69e455429975fa854ec5::doc_6::Rajneesh Duggal"", ""5ade69e455429975fa854ec5::doc_8::1920 (film series)"", ""5ade69e455429975fa854ec5::doc_4::Inteha (2003 film)"", ""5ade69e455429975fa854ec5::doc_7::Udanchhoo"", ""5ade69e455429975fa854ec5::doc_0::Anhoniyon Ka Andhera""]","[7.355055, 5.602918, 5.500132, 4.951109, 4.747126, 3.862167, 3.612015, 2.724423, 2.49507, -0.208423]",0.81753,1.0,1.0
dense_cross_encoder,5ae057fd55429945ae959328,"[""5ae057fd55429945ae959328::doc_4::Robert Smith (Illinois politician)"", ""5ae057fd55429945ae959328::doc_7::Hyrum W. Smith"", ""5ae057fd55429945ae959328::doc_8::Equinix"", ""5ae057fd55429945ae959328::doc_9::Corey Smith (artist)"", ""5a86ebac55429960ec39b6d6::doc_1::Robert's American Gourmet Food"", ""5ae057fd55429945ae959328::doc_3::RetailMeNot"", ""5ac120c55542992a796dedfc::doc_2::Kohlberg Kravis Roberts"", ""5ae057fd55429945ae959328::doc_0::Namsung electronics"", ""5abc0a5d5542993f40c73c64::doc_5::Peter W. Smith"", ""5ae057fd55429945ae959328::doc_2::Stevanato Group""]","[2.816911, -2.257852, -2.330943, -2.984986, -3.064085, -3.98085, -4.066781, -4.487442, -4.540583, -4.575998]",0.613147,1.0,0.5
dense_cross_encoder,5ab28019554299722f9b4d51,"[""5ab28019554299722f9b4d51::doc_1::Omar Khadr"", ""5ab28019554299722f9b4d51::doc_0::Fraley v. Facebook, Inc."", ""5ab28019554299722f9b4d51::doc_5::List of largest pharmaceutical settlements"", ""5ab28019554299722f9b4d51::doc_7::Kasia Al Thani"", ""5ab28019554299722f9b4d51::doc_4::Damian Wayne"", ""5ab28019554299722f9b4d51::doc_9::Son of al Qaeda"", ""5a738fe855429908901be2fb::doc_4::King Arthur: Legend of the Sword"", ""5a887bc0554299206df2b2b6::doc_9::Roberto De Vicenzo"", ""5a8361b65542992ef85e22a0::doc_9::Lawrence Austin"", ""5a8361b65542992ef85e22a0::doc_4::Fatai Onikeke""]","[-5.163698, -6.838663, -7.028971, -8.809893, -8.811422, -9.022833, -9.856178, -10.564162, -10.594225, -10.618878]",0.831555,1.0,1.0
dense_cross_encoder,5a75f79555429976ec32bcca,"[""5a75f79555429976ec32bcca::doc_6::Cyclone Gonu"", ""5a75f79555429976ec32bcca::doc_1::1999 Odisha cyclone"", ""5a75f79555429976ec32bcca::doc_4::Cyclone Hondo"", ""5a75f79555429976ec32bcca::doc_0::Cyclone Donna"", ""5a75f79555429976ec32bcca::doc_8::Cyclone Esau"", ""5a75f79555429976ec32bcca::doc_7::Cyclone Kesiny"", ""5a75f79555429976ec32bcca::doc_2::Cyclone Anne"", ""5a75f79555429976ec32bcca::doc_9::2011\u201312 South Pacific cyclone season"", ""5a75f79555429976ec32bcca::doc_3::Kathantara"", ""5a75f79555429976ec32bcca::doc_5::2002\u201303 Australian region cyclone season""]","[4.262909, 2.646576, 2.629771, 0.466486, -0.251919, -1.344486, -1.944764, -2.000441, -2.84259, -3.111341]",0.571429,0.5,1.0
dense_cross_encoder,5adef80b5542993a75d263c4,"[""5adef80b5542993a75d263c4::doc_0::Snatch (film)"", ""5adef80b5542993a75d263c4::doc_2::Snatch (TV series)"", ""5adef80b5542993a75d263c4::doc_4::Romper Stomper (TV series)"", ""5adef80b5542993a75d263c4::doc_8::Gilmore Girls: A Year in the Life"", ""5adf58f15542993a75d264d2::doc_3::Oh, No! Not THEM!"", ""5adef80b5542993a75d263c4::doc_3::Swedish Dicks"", ""5adef80b5542993a75d263c4::doc_9::Bajillion Dollar Propertie$"", ""5adef80b5542993a75d263c4::doc_5::AXN"", ""5a89f5815542993b751ca9c5::doc_5::Snow White: The Fairest of Them All"", ""5a7b7ff75542995eb53be93d::doc_8::The Lost World (TV series)""]","[2.735683, 2.442817, -2.652949, -3.550397, -4.860315, -5.864046, -6.067675, -6.624869, -6.656216, -7.003028]",1.0,1.0,1.0
dense_cross_encoder,5ae0aaf455429945ae959401,"[""5ae0aaf455429945ae959401::doc_4::Chris Williams (English footballer)"", ""5ae0aaf455429945ae959401::doc_2::Jack Truelove"", ""5ae0aaf455429945ae959401::doc_1::National League North"", ""5ae0aaf455429945ae959401::doc_8::Salford City F.C."", ""5ae0aaf455429945ae959401::doc_7::Curzon Ashton F.C."", ""5ae0aaf455429945ae959401::doc_9::Spennymoor Town F.C."", ""5ae0aaf455429945ae959401::doc_6::National League (English football)"", ""5ae0aaf455429945ae959401::doc_0::Boston United F.C."", ""5ae0aaf455429945ae959401::doc_3::Gainsborough Trinity F.C."", ""5ae738f75542991bbc9761c4::doc_4::Marc Parenteau""]","[5.451475, 2.790211, -0.745337, -1.60933, -2.071841, -2.121354, -2.160271, -2.534638, -3.471803, -4.093839]",0.877215,1.0,1.0
dense_cross_encoder,5ab47d765542991751b4d78f,"[""5ab47d765542991751b4d78f::doc_7::1991 Mr. Olympia"", ""5ab47d765542991751b4d78f::doc_3::1991 Ms. Olympia"", ""5ab47d765542991751b4d78f::doc_1::2012 Ms. Olympia"", ""5ab47d765542991751b4d78f::doc_2::1980 Ms. Olympia"", ""5ab47d765542991751b4d78f::doc_9::1981 Ms. Olympia"", ""5ab47d765542991751b4d78f::doc_8::2011 Ms. Olympia"", ""5ab47d765542991751b4d78f::doc_0::2010 Ms. Olympia"", ""5ab47d765542991751b4d78f::doc_4::2017 Mr. Olympia"", ""5ab47d765542991751b4d78f::doc_6::1975 Mr. Olympia"", ""5ab47d765542991751b4d78f::doc_5::Walt Disney World Dolphin""]","[8.155503, 5.703147, 4.915956, 4.851542, 4.790713, 4.677253, 4.593487, 3.484636, 3.291202, -6.401083]",0.790386,1.0,1.0
dense_cross_encoder,5a7ed2c655429930675135e5,"[""5a7ed2c655429930675135e5::doc_0::71st Golden Globe Awards"", ""5a7ed2c655429930675135e5::doc_4::Brooklyn Nine-Nine"", ""5a7ed2c655429930675135e5::doc_5::61st Golden Globe Awards"", ""5a7ed2c655429930675135e5::doc_3::Breaking Bad"", ""5a7ed2c655429930675135e5::doc_6::Dancing on the Edge (TV series)"", ""5a7ed2c655429930675135e5::doc_1::51st Golden Globe Awards"", ""5a7ed2c655429930675135e5::doc_7::31st Golden Globe Awards"", ""5a7ed2c655429930675135e5::doc_2::Golden Globe Award for Best Animated Feature Film"", ""5adbfbd555429947ff173893::doc_0::2013 Young Hollywood Awards"", ""5adbfbd555429947ff173893::doc_9::Young Hollywood Awards""]","[5.637578, 0.234625, -2.143795, -2.209427, -3.029804, -3.746971, -3.966567, -4.2349, -6.7017, -7.79505]",1.0,1.0,1.0
dense_cross_encoder,5ac3e0f7554299194317388b,"[""5ac3e0f7554299194317388b::doc_8::American Beauty (1999 film)"", ""5ac3e0f7554299194317388b::doc_4::List of accolades received by American Beauty"", ""5ac3e0f7554299194317388b::doc_0::American Beauty (1927 film)"", ""5ac3e0f7554299194317388b::doc_3::La Belle Am\u00e9ricaine"", ""5ac3e0f7554299194317388b::doc_9::American Beauty (soundtrack)"", ""5ac3e0f7554299194317388b::doc_7::Christopher Greenbury"", ""5ac3e0f7554299194317388b::doc_5::American Beauty/American Psycho Tour"", ""5a73a7c755429978a71e9068::doc_0::Robby Benson"", ""5a73a7c755429978a71e9068::doc_3::Belle (Disney song)"", ""5a73a7c755429978a71e9068::doc_4::Belle (Disney)""]","[6.187254, 5.484693, 5.18889, 4.455828, 3.935606, 2.511231, 0.225889, -1.266409, -1.479627, -2.546268]",0.850345,1.0,1.0
dense_cross_encoder,5a7bae20554299294a54aa96,"[""5a7bae20554299294a54aa96::doc_2::Nicki Minaj"", ""5a7bae20554299294a54aa96::doc_4::Freedom Watch with Judge Napolitano"", ""5a7bae20554299294a54aa96::doc_6::American Idol (season 12)"", ""5a7bae20554299294a54aa96::doc_8::T\u00f3mbola (TV series)"", ""5a7bae20554299294a54aa96::doc_7::The House of Tiny Tearaways"", ""5a86ebac55429960ec39b6d6::doc_2::Rewrapped"", ""5a7bae20554299294a54aa96::doc_3::Rewrapped"", ""5adbfbd555429947ff173893::doc_6::Kelly Osbourne"", ""5ab6ba245542995eadef007f::doc_6::The Voice Teens (Philippine TV series)"", ""5a7625c7554299109176e668::doc_8::Jessica Chobot""]","[2.521792, -1.986871, -3.309409, -3.763573, -4.19151, -4.738317, -4.738317, -4.836053, -5.973598, -6.672227]",0.919721,1.0,1.0
dense_cross_encoder,5ab8ee035542991b5579f04b,"[""5ab8ee035542991b5579f04b::doc_7::The Memory of Our People"", ""5ab8ee035542991b5579f04b::doc_6::Hot Rod (magazine)"", ""5ab8ee035542991b5579f04b::doc_8::Ala Kart (custom car)"", ""5ab8ee035542991b5579f04b::doc_9::Hot Rod Lincoln"", ""5ab8ee035542991b5579f04b::doc_4::Rat rod"", ""5ab8ee035542991b5579f04b::doc_0::National Hot Rod Reunion"", ""5ab8ee035542991b5579f04b::doc_3::Volvo T6"", ""5ab8ee035542991b5579f04b::doc_5::Fender Hot Rod Deluxe"", ""5ab8ee035542991b5579f04b::doc_2::California Hot Rod Reunion"", ""5ab8ee035542991b5579f04b::doc_1::Fender Hot Rod DeVille""]","[3.16763, 2.346432, -4.93584, -5.929092, -6.066848, -6.251684, -6.667955, -7.718222, -7.826741, -8.461971]",1.0,1.0,1.0
dense_cross_encoder,5a7a276d5542996c55b2dd27,"[""5a7a276d5542996c55b2dd27::doc_2::Charles Hastings Judd"", ""5a7a276d5542996c55b2dd27::doc_4::George W. Macfarlane"", ""5a7a276d5542996c55b2dd27::doc_8::Kal\u0101kaua"", ""5a7a276d5542996c55b2dd27::doc_1::Merrie Monarch Festival"", ""5adbf0a255429947ff17385a::doc_2::K\u00fc\u00e7\u00fck H\u00fcseyin Pasha"", ""5ae4c49a5542995dadf24400::doc_0::Robert Plampin"", ""5a7625e8554299109176e66a::doc_6::George V"", ""5a7a276d5542996c55b2dd27::doc_7::Staff (military)"", ""5a88658955429938390d3f47::doc_0::2010 Kiev Victory Day Parade"", ""5a7a276d5542996c55b2dd27::doc_0::James A. Winnefeld Jr.""]","[5.033981, 3.446431, -1.078195, -2.900381, -6.820388, -7.130985, -7.441454, -7.768904, -7.93923, -8.197487]",0.919721,1.0,1.0
dense_cross_encoder,5a717d4c5542994082a3e854,"[""5a717d4c5542994082a3e854::doc_2::Pavel Alexandrov"", ""5a717d4c5542994082a3e854::doc_6::Semyon Aranovich Gershgorin"", ""5a717d4c5542994082a3e854::doc_4::Semyon Aranovich"", ""5a717d4c5542994082a3e854::doc_9::Gershgorin circle theorem"", ""5a717d4c5542994082a3e854::doc_1::Pavel Urysohn"", ""5a717d4c5542994082a3e854::doc_5::Rafferty (1980 TV series)"", ""5a717d4c5542994082a3e854::doc_7::Confrontation (TV series)"", ""5a717d4c5542994082a3e854::doc_3::Alexandroff extension"", ""5a717d4c5542994082a3e854::doc_8::The Year of the Dog (film)"", ""5a717d4c5542994082a3e854::doc_0::Nerve of a covering""]","[4.576312, 3.08456, 1.404119, -1.926791, -2.187908, -4.176199, -4.592155, -5.068296, -5.422976, -6.679788]",1.0,1.0,1.0
dense_cross_encoder,5ac02e31554299294b218f3f,"[""5ac02e31554299294b218f3f::doc_5::Justice League (film)"", ""5ac02e31554299294b218f3f::doc_4::Aquaman (film)"", ""5ac02e31554299294b218f3f::doc_7::Gal Gadot"", ""5ac02e31554299294b218f3f::doc_9::Wonder Woman (2017 film)"", ""5ac02e31554299294b218f3f::doc_1::List of DC Extended Universe cast members"", ""5ac02e31554299294b218f3f::doc_2::Suicide Squad (film)"", ""5ac02e31554299294b218f3f::doc_0::DC Extended Universe"", ""5ac02e31554299294b218f3f::doc_6::Batman v Superman: Dawn of Justice"", ""5ac02e31554299294b218f3f::doc_8::Man of Steel (film)"", ""5ac02e31554299294b218f3f::doc_3::Arrowverse""]","[5.419997, 4.537662, 3.527648, 1.69768, 1.191018, 0.997007, 0.819783, 0.344301, 0.066398, -0.822628]",0.919721,1.0,1.0
dense_cross_encoder,5a79ea435542996c55b2dc9e,"[""5a79ea435542996c55b2dc9e::doc_3::J. Edward Snyder"", ""5a79ea435542996c55b2dc9e::doc_0::USS New Jersey (BB-62)"", ""5a79ea435542996c55b2dc9e::doc_9::French battleship Jean Bart (1911)"", ""5a79ea435542996c55b2dc9e::doc_2::USS Trippe (FF-1075)"", ""5a79ea435542996c55b2dc9e::doc_6::Tonkin Gulf Yacht Club"", ""5a79ea435542996c55b2dc9e::doc_1::Operation Market Time"", ""5a79ea435542996c55b2dc9e::doc_8::Soviet cruiser Kirov"", ""5a79ea435542996c55b2dc9e::doc_7::List of battleships of Italy"", ""5a79ea435542996c55b2dc9e::doc_4::United States naval gunfire support debate"", ""5a79ea435542996c55b2dc9e::doc_5::Naval gunfire support""]","[6.188639, 5.488696, 0.013883, -0.448069, -1.515025, -2.050993, -2.31841, -3.256667, -3.639559, -3.84238]",1.0,1.0,1.0
dense_cross_encoder,5ab7e4dc5542995dae37e9df,"[""5ab7e4dc5542995dae37e9df::doc_3::The Polar Bears"", ""5ab7e4dc5542995dae37e9df::doc_2::Armie Hammer"", ""5ab7e4dc5542995dae37e9df::doc_7::Cars 3"", ""5ab7e4dc5542995dae37e9df::doc_9::The Lone Ranger (2013 film)"", ""5ab7e4dc5542995dae37e9df::doc_5::Beatitude (album)"", ""5ae6050f55429929b0807a5e::doc_5::Jim Cummings"", ""5ab7e4dc5542995dae37e9df::doc_4::Cheech Marin"", ""5abcfc365542993a06baf9d6::doc_3::Jim Backus"", ""5a8c7595554299585d9e36b6::doc_2::Janet Waldo"", ""5ae6050f55429929b0807a5e::doc_3::Kate Higgins""]","[4.839409, 4.328972, 2.167747, -1.338001, -3.711696, -3.762192, -3.805442, -6.039144, -6.201799, -6.271139]",1.0,1.0,1.0
dense_cross_encoder,5a834ed95542990548d0b1ca,"[""5a834ed95542990548d0b1ca::doc_7::712 Fifth Avenue"", ""5a834ed95542990548d0b1ca::doc_4::Manhattan Life Insurance Building"", ""5a834ed95542990548d0b1ca::doc_8::Flatiron Building"", ""5a834ed95542990548d0b1ca::doc_2::New York Life Building"", ""5a834ed95542990548d0b1ca::doc_5::New York Life Insurance Building (Montreal)"", ""5ab56e32554299637185c594::doc_3::888 7th Avenue"", ""5a834ed95542990548d0b1ca::doc_1::Manhattan Life Insurance Company"", ""5a834ed95542990548d0b1ca::doc_6::Francis H. Kimball"", ""5a834ed95542990548d0b1ca::doc_3::Supreme Life Building"", ""5ab56e32554299637185c594::doc_4::Random House Tower""]","[6.643436, 5.183922, 4.94106, 2.364773, 0.95572, -0.680142, -1.188279, -4.151246, -4.451486, -5.17154]",1.0,1.0,1.0
dense_cross_encoder,5ab41d855542996a3a969f4b,"[""5ab41d855542996a3a969f4b::doc_7::Kent County Cricket Club in 2011"", ""5ab41d855542996a3a969f4b::doc_8::Kent County Cricket Club in 2013"", ""5ab41d855542996a3a969f4b::doc_5::Kent County Cricket Club in 2010"", ""5ab41d855542996a3a969f4b::doc_6::Tom Caplen"", ""5ab41d855542996a3a969f4b::doc_9::Wahab Riaz"", ""5ab41d855542996a3a969f4b::doc_2::Arthur Fielder"", ""5ab41d855542996a3a969f4b::doc_4::Doug Bollinger"", ""5ab41d855542996a3a969f4b::doc_0::Jack Mason"", ""5ab41d855542996a3a969f4b::doc_3::List of Kent County Cricket Club captains"", ""5ab41d855542996a3a969f4b::doc_1::Wayne Parnell""]","[7.416366, 3.682493, 3.569668, 1.518046, 1.396513, 0.901438, 0.448148, -0.532984, -1.167497, -3.929924]",0.850345,1.0,1.0
dense_cross_encoder,5a7b7ff75542995eb53be93d,"[""5a7b7ff75542995eb53be93d::doc_6::Penelope Lively"", ""5a7b7ff75542995eb53be93d::doc_3::Arthur Conan Doyle"", ""5a7b7ff75542995eb53be93d::doc_9::Adrian Conan Doyle"", ""5a7b7ff75542995eb53be93d::doc_5::Douglas Ainslie"", ""5a7b7ff75542995eb53be93d::doc_7::Sherlock Holmes (2010 film)"", ""5a7b7ff75542995eb53be93d::doc_4::Sherlock Holmes (1916 film)"", ""5a7b7ff75542995eb53be93d::doc_2::The Return of Sherlock Holmes (1929 film)"", ""5a7b7ff75542995eb53be93d::doc_8::The Lost World (TV series)"", ""5a7b7ff75542995eb53be93d::doc_1::The Adventure of the Empty House"", ""5ab659e355429954757d324e::doc_2::James Roland MacLaren""]","[4.349691, 1.630836, 0.272824, -2.99234, -5.114105, -5.372423, -5.74408, -6.584226, -6.962395, -8.29234]",1.0,1.0,1.0
dense_cross_encoder,5a7d19d85542995ed0d165e8,"[""5a7d19d85542995ed0d165e8::doc_2::1984 Tennessee Volunteers football team"", ""5a7d19d85542995ed0d165e8::doc_4::1985 Tennessee Volunteers football team"", ""5a7d19d85542995ed0d165e8::doc_3::1983 Tennessee Volunteers football team"", ""5a7d19d85542995ed0d165e8::doc_9::1930 Tennessee Volunteers football team"", ""5a7d19d85542995ed0d165e8::doc_7::1896 Tennessee Volunteers football team"", ""5a7d19d85542995ed0d165e8::doc_6::1891 Tennessee Volunteers football team"", ""5a7d19d85542995ed0d165e8::doc_1::1899 Tennessee Volunteers football team"", ""5a7d19d85542995ed0d165e8::doc_8::1938 Tennessee Volunteers football team"", ""5a7d19d85542995ed0d165e8::doc_5::Tennessee Volunteers football statistical leaders"", ""5a7d19d85542995ed0d165e8::doc_0::Southeastern Conference""]","[7.25506, 7.171539, 7.092343, 6.793559, 4.592299, 3.449313, 3.112627, 3.028857, 2.510494, -3.857973]",0.790386,1.0,1.0
dense_cross_encoder,5ae7ed17554299540e5a56a3,"[""5ae7ed17554299540e5a56a3::doc_1::Ernest Foot"", ""5ae7ed17554299540e5a56a3::doc_6::Albert Ball"", ""5ae7ed17554299540e5a56a3::doc_9::Egon Mayer"", ""5ae7ed17554299540e5a56a3::doc_3::Manfred Meurer"", ""5ae7ed17554299540e5a56a3::doc_2::Ilmari Juutilainen"", ""5ae7ed17554299540e5a56a3::doc_4::Paul Zorner"", ""5ae0361155429925eb1afc2c::doc_3::Charles Nungesser"", ""5ae7ed17554299540e5a56a3::doc_0::Lydia Litvyak"", ""5ae0361155429925eb1afc2c::doc_4::Gervais Raoul Lufbery"", ""5ae0361155429925eb1afc2c::doc_7::Paul Sauvage (aviator)""]","[8.992437, 0.656375, 0.361362, -0.081542, -0.468204, -0.920755, -1.538965, -2.130614, -2.580335, -3.529405]",1.0,1.0,1.0
dense_cross_encoder,5ab2659e554299340b5254b2,"[""5ab2659e554299340b5254b2::doc_2::Farrukhzad Khosrow V"", ""5ab2659e554299340b5254b2::doc_9::Hormizd VI"", ""5ab2659e554299340b5254b2::doc_1::Khosrow IV"", ""5ab2659e554299340b5254b2::doc_6::Suintila"", ""5a7625e8554299109176e66a::doc_6::George V"", ""5ab2659e554299340b5254b2::doc_5::Ashur-etil-ilani"", ""5ab2659e554299340b5254b2::doc_0::Duchy of Thuringia"", ""5ab2659e554299340b5254b2::doc_7::Samo's Empire"", ""5ab2659e554299340b5254b2::doc_8::Sasanian Empire"", ""5ab2659e554299340b5254b2::doc_4::Chach of Alor""]","[9.528172, 1.526971, 0.933251, -1.289649, -2.304608, -3.116699, -3.772564, -3.836173, -3.914818, -4.030903]",0.797723,1.0,1.0
dense_cross_encoder,5abd2eab5542992ac4f38210,"[""5abd2eab5542992ac4f38210::doc_7::Beverly Marshall"", ""5abd2eab5542992ac4f38210::doc_0::Shaunna O'Grady"", ""5abd2eab5542992ac4f38210::doc_9::Katie Landers"", ""5abd2eab5542992ac4f38210::doc_2::Ramsay Street"", ""5abd2eab5542992ac4f38210::doc_5::Alamo Heights SA"", ""5a8979f4554299669944a52e::doc_2::Suburban Madness"", ""5abd2eab5542992ac4f38210::doc_8::Phil Mitchell"", ""5abd2eab5542992ac4f38210::doc_3::The Greatest Gift (TV series)"", ""5abd2eab5542992ac4f38210::doc_6::Victor Newman"", ""5abcfc365542993a06baf9d6::doc_7::Casey Braxton""]","[5.514935, 2.29034, 0.65771, -0.285733, -3.806911, -5.888312, -6.050353, -6.1787, -6.57065, -6.798522]",0.877215,1.0,1.0
dense_cross_encoder,5abaf3195542996cc5e49f2c,"[""5abaf3195542996cc5e49f2c::doc_6::Falkland Islands at the 2010 Commonwealth Games"", ""5abaf3195542996cc5e49f2c::doc_4::Gerald Reive"", ""5abaf3195542996cc5e49f2c::doc_7::George Paice (bowls)"", ""5abaf3195542996cc5e49f2c::doc_2::Falkland Islands at the 2014 Commonwealth Games"", ""5abaf3195542996cc5e49f2c::doc_0::Falkland Islands official football team"", ""5abaf3195542996cc5e49f2c::doc_8::2010 Commonwealth Games"", ""5abaf3195542996cc5e49f2c::doc_1::2010 Commonwealth Games medal table"", ""5abaf3195542996cc5e49f2c::doc_3::Archery at the Commonwealth Games"", ""5abaf3195542996cc5e49f2c::doc_9::Samoa"", ""5abaf3195542996cc5e49f2c::doc_5::KTV Ltd.""]","[4.057739, 2.540512, 2.233143, 1.6838, -0.570848, -1.379487, -1.490954, -5.276656, -6.739724, -8.700136]",0.571429,0.5,1.0
dense_cross_encoder,5a791a97554299148911f9f2,"[""5a791a97554299148911f9f2::doc_6::Ellie Kemper"", ""5a791a97554299148911f9f2::doc_4::Unbreakable Kimmy Schmidt"", ""5a791a97554299148911f9f2::doc_5::List of Unbreakable Kimmy Schmidt episodes"", ""5a791a97554299148911f9f2::doc_0::Kimmy Schmidt"", ""5a791a97554299148911f9f2::doc_8::Azie Mira Dungey"", ""5a791a97554299148911f9f2::doc_1::Claire Temple (Marvel Cinematic Universe)"", ""5abba4855542993f40c73b68::doc_6::Sage Kirkpatrick"", ""5a791a97554299148911f9f2::doc_9::Sam Means"", ""5a80840f554299485f59863b::doc_6::Sarah Drew"", ""5a8d5fc6554299585d9e37c6::doc_4::Sarah Bolger""]","[8.18009, 5.660031, 5.628808, 2.016715, 0.511178, 0.029447, -3.420818, -3.435032, -4.271041, -4.591341]",0.877215,1.0,1.0
dense_cross_encoder,5adf58f15542993a75d264d2,"[""5adf58f15542993a75d264d2::doc_6::Filthy Rich &amp; Catflap"", ""5adf58f15542993a75d264d2::doc_9::The Young Ones (TV series)"", ""5adf58f15542993a75d264d2::doc_0::Ade Edmondson"", ""5adf58f15542993a75d264d2::doc_3::Oh, No! Not THEM!"", ""5adf58f15542993a75d264d2::doc_4::Carole Gray"", ""5adf58f15542993a75d264d2::doc_1::The Young Ones (video game)"", ""5adf58f15542993a75d264d2::doc_2::Roland Rat"", ""5adbfbd555429947ff173893::doc_1::Jeremy Schoenberg"", ""5ae0bae555429906c02dab08::doc_0::Gretchen Palmer"", ""5abcfc365542993a06baf9d6::doc_3::Jim Backus""]","[7.228006, 6.242669, 5.111926, 4.542721, 3.531222, 3.299774, 2.674112, 1.626659, 1.494067, 1.306221]",0.306574,0.333333,0.5
dense_cross_encoder,5adc65e85542996e68525350,"[""5adc65e85542996e68525350::doc_3::Dafeng District"", ""5adc65e85542996e68525350::doc_2::Dazhou"", ""5adc65e85542996e68525350::doc_4::Tinghu District"", ""5adc65e85542996e68525350::doc_1::Yandu District"", ""5adc65e85542996e68525350::doc_0::Sichuan\u2013Shanghai gas pipeline"", ""5a84c4135542994c784dda31::doc_2::Fuding"", ""5a84c4135542994c784dda31::doc_6::Xiapu County"", ""5a84c4135542994c784dda31::doc_0::Fuding Railway Station"", ""5a84c4135542994c784dda31::doc_7::Taimushan Railway Station"", ""5a84c4135542994c784dda31::doc_5::Tongcheng Subdistrict, Fuding""]","[6.749857, 4.702908, 3.758215, 3.676092, -1.174293, -4.100978, -4.563287, -4.80322, -5.102629, -6.566123]",1.0,1.0,1.0
dense_cross_encoder,5a87ab9b5542996e4f3088c2,"[""5a87ab9b5542996e4f3088c2::doc_1::Tippecanoe order of battle"", ""5a87ab9b5542996e4f3088c2::doc_6::Battle of Tippecanoe"", ""5a87ab9b5542996e4f3088c2::doc_4::Tecumseh's Confederacy"", ""5a87ab9b5542996e4f3088c2::doc_2::Tenskwatawa"", ""5a87ab9b5542996e4f3088c2::doc_3::Tecumseh"", ""5a87ab9b5542996e4f3088c2::doc_7::Prophetstown State Park"", ""5a87ab9b5542996e4f3088c2::doc_8::Battle of Fallen Timbers"", ""5ae4a3265542995ad6573de5::doc_7::Dewey Beard"", ""5a85eed75542996432c5713b::doc_7::Battle of Jupiter Inlet"", ""5a7633ad5542992db9473741::doc_0::Seven Days Confederate order of battle""]","[5.983847, 5.606907, 4.904098, 3.716174, 3.493134, 1.686472, -3.319763, -4.794777, -5.551229, -6.002046]",0.850345,1.0,1.0
dense_cross_encoder,5a738fe855429908901be2fb,"[""5a738fe855429908901be2fb::doc_7::Samuel Sim"", ""5a738fe855429908901be2fb::doc_6::Awake (film)"", ""5a7a455c5542994f819ef1a7::doc_3::Flying with Music"", ""5a738fe855429908901be2fb::doc_2::Joby Talbot"", ""5aba749055429901930fa7d8::doc_3::End of the Road (1970 film)"", ""5a7a455c5542994f819ef1a7::doc_4::Thrill of a Lifetime (film)"", ""5a738fe855429908901be2fb::doc_9::By the Beautiful Sea (song)"", ""5a85fb085542994775f606de::doc_9::Lionheart (1987 film)"", ""5a7a455c5542994f819ef1a7::doc_0::The Big Brain"", ""5aba749055429901930fa7d8::doc_9::CrissCross""]","[5.066048, 4.839223, 0.4032, -2.075853, -3.291128, -3.3069, -3.64371, -3.654102, -3.912462, -4.026149]",1.0,1.0,1.0
dense_cross_encoder,5a8c65a1554299585d9e3680,"[""5a8c65a1554299585d9e3680::doc_5::Shiners' War"", ""5a8c65a1554299585d9e3680::doc_8::French Canadians"", ""5a8c65a1554299585d9e3680::doc_7::History of Irish Americans in Boston"", ""5a8c65a1554299585d9e3680::doc_4::History of the Irish Americans in Philadelphia"", ""5a8c65a1554299585d9e3680::doc_6::Americo-Liberians"", ""5a8c65a1554299585d9e3680::doc_1::Ancient Order of Hibernians"", ""5a8c65a1554299585d9e3680::doc_2::Pingpu peoples"", ""5a8c65a1554299585d9e3680::doc_3::Black Bermudian"", ""5a8c65a1554299585d9e3680::doc_9::Czechs in Ukraine"", ""5a8c65a1554299585d9e3680::doc_0::Oku people (Sierra Leone)""]","[5.192327, 1.838146, -2.158535, -2.278015, -2.873471, -3.185108, -3.418528, -3.794942, -6.637353, -7.109909]",1.0,1.0,1.0
dense_cross_encoder,5ac2bbd0554299218029db09,"[""5ac2bbd0554299218029db09::doc_0::The Thing of It Is..."", ""5ac2bbd0554299218029db09::doc_8::A Thing of Beauty"", ""5ac2bbd0554299218029db09::doc_9::Who Goes There? (collection)"", ""5ac2bbd0554299218029db09::doc_7::The Most Incredible Thing"", ""5a8b987f5542997f31a41d7a::doc_3::Sue Grafton"", ""5a8a3e745542996c9b8d5e70::doc_4::Ken St. Andre"", ""5ae63dad55429929b0807afe::doc_6::Hunter Davies"", ""5a7be2595542997c3ec972ac::doc_1::Emma Bull"", ""5a8e3ea95542995a26add48d::doc_3::Adriana Trigiani"", ""5a7b7ff75542995eb53be93d::doc_6::Penelope Lively""]","[5.03143, 3.679729, 2.828142, -0.205305, -3.86521, -5.076001, -5.223545, -5.499465, -5.542034, -5.691547]",0.613147,1.0,0.5
dense_cross_encoder,5adf3e355542993a75d26440,"[""5adf3e355542993a75d26440::doc_6::\u00d8resund Bridge"", ""5adf3e355542993a75d26440::doc_4::\u00d8resund Region"", ""5adf3e355542993a75d26440::doc_7::City Tunnel (Malm\u00f6)"", ""5adf3e355542993a75d26440::doc_2::\u00d8resund"", ""5adf3e355542993a75d26440::doc_9::Copenhagen Malm\u00f6 Port"", ""5adf3e355542993a75d26440::doc_3::Sweden"", ""5adf3e355542993a75d26440::doc_1::Malm\u00f6 Harbour Heliport"", ""5adf3e355542993a75d26440::doc_5::European route E47"", ""5adf3e355542993a75d26440::doc_8::\u00d6resund Committee"", ""5adf3e355542993a75d26440::doc_0::Bjark\u00f8y Fixed Link""]","[6.773518, 5.277848, 4.76284, 4.580471, 2.918233, 2.555807, 1.98964, 0.937369, -1.714914, -4.141894]",1.0,1.0,1.0
dense_cross_encoder,5ae82ae555429952e35eaa71,"[""5ae82ae555429952e35eaa71::doc_3::Pat Hingle"", ""5ae82ae555429952e35eaa71::doc_2::Clint Eastwood"", ""5ae82ae555429952e35eaa71::doc_8::Kyle Craig"", ""5ae73acb5542991e8301cc07::doc_0::Raimund Harmstorf"", ""5ac2ffbd554299677310267b::doc_3::John Amos"", ""5ae82ae555429952e35eaa71::doc_7::Dr. Kildare (TV series)"", ""5ae0bae555429906c02dab08::doc_8::Robert Belushi"", ""5ae63dad55429929b0807afe::doc_9::Christopher Mitchell (actor)"", ""5a7a455c5542994f819ef1a7::doc_1::Hoppy Serves a Writ"", ""5ae63dad55429929b0807afe::doc_2::Roy Holder""]","[7.739748, -1.189578, -4.099829, -5.848605, -6.220784, -6.791949, -6.966741, -7.403512, -7.516144, -7.576976]",1.0,1.0,1.0
dense_cross_encoder,5ac289ff5542996366519a02,"[""5ac289ff5542996366519a02::doc_1::Marsilea"", ""5ac289ff5542996366519a02::doc_4::Brabejum"", ""5ac289ff5542996366519a02::doc_6::Marsileaceae"", ""5ac289ff5542996366519a02::doc_9::Marsilea minuta"", ""5ab1d7ac554299449642c7e6::doc_1::Ehretia"", ""5ab642845542995eadeeff8e::doc_5::Caladenia"", ""5abd259d55429924427fcf1a::doc_1::Huernia"", ""5a8e068b5542995085b37384::doc_3::Silene"", ""5ac289ff5542996366519a02::doc_3::Leptospermum"", ""5ab642845542995eadeeff8e::doc_7::Calochilus""]","[3.92437, 2.884689, 2.273429, 0.578151, -5.287132, -5.488627, -5.657967, -5.667374, -5.719427, -6.32331]",1.0,1.0,1.0
dense_cross_encoder,5a7a5b3a5542996c55b2dd71,"[""5a7a5b3a5542996c55b2dd71::doc_9::St James's Palace"", ""5a7a5b3a5542996c55b2dd71::doc_3::Accession Council"", ""5a7a5b3a5542996c55b2dd71::doc_1::President of the Queen's Privy Council for Canada"", ""5a7a5b3a5542996c55b2dd71::doc_2::Great Hall of the People"", ""5a7a5b3a5542996c55b2dd71::doc_5::Mark Masons' Hall, London"", ""5a713ea95542994082a3e6e4::doc_0::High Commission of Australia, London"", ""5a7a5b3a5542996c55b2dd71::doc_7::Pollokshields Burgh Hall"", ""5a74ce9655429974ef308c6c::doc_1::Poole Methodist Church"", ""5a713ea95542994082a3e6e4::doc_3::Embassy of China, London"", ""5a7a5b3a5542996c55b2dd71::doc_6::Crowther Masonic Hall""]","[5.71531, 4.595526, -2.198681, -2.845212, -4.053193, -4.651278, -6.761042, -7.50948, -8.382511, -8.673862]",0.850345,1.0,1.0
dense_cross_encoder,5ab8688b55429934fafe6daa,"[""5ab8688b55429934fafe6daa::doc_2::Maurice Ward"", ""5ab8688b55429934fafe6daa::doc_5::Starlite"", ""5ab8688b55429934fafe6daa::doc_0::William Levett (baron)"", ""5ab8688b55429934fafe6daa::doc_1::Nidderdale Museum"", ""5ab8688b55429934fafe6daa::doc_9::Norman Yardley"", ""5a74ce9655429974ef308c6c::doc_6::Lush (company)"", ""5a74ce9655429974ef308c6c::doc_2::Baron de Mauley"", ""5ab7c1a955429928e1fe38c8::doc_7::Cressida Bonas"", ""5a74c85055429916b0164218::doc_3::William Bonfield"", ""5ab7c1a955429928e1fe38c8::doc_2::Princess Olga of Hanover""]","[3.039415, 2.006477, -5.140041, -6.311315, -8.443891, -8.449283, -8.990379, -9.204674, -9.319678, -9.571352]",1.0,1.0,1.0
dense_cross_encoder,5a7a3a945542996a35c17147,"[""5a7a3a945542996a35c17147::doc_3::One Raffles Place"", ""5a7a3a945542996a35c17147::doc_7::Republic Plaza (Singapore)"", ""5a7a3a945542996a35c17147::doc_4::CapitaGreen"", ""5a7a3a945542996a35c17147::doc_1::One Raffles Link"", ""5a7a3a945542996a35c17147::doc_5::Chevron House"", ""5a7a3a945542996a35c17147::doc_8::One Marina Boulevard"", ""5a7a3a945542996a35c17147::doc_9::Raffles Place"", ""5a7a3a945542996a35c17147::doc_6::Raffles Place MRT Station"", ""5a7a3a945542996a35c17147::doc_0::List of tallest buildings in S\u00e3o Paulo"", ""5a834ed95542990548d0b1ca::doc_8::Flatiron Building""]","[9.874338, 5.985398, 5.248911, 4.321699, 3.722207, 3.651234, 3.536285, 1.634867, -2.778554, -3.390965]",0.613147,1.0,0.5
dense_cross_encoder,5ab9b29c554299743d22ebae,"[""5ab9b29c554299743d22ebae::doc_6::Craig v. Boren"", ""5ab9b29c554299743d22ebae::doc_2::United States v. Paramount Pictures, Inc."", ""5ab9b29c554299743d22ebae::doc_0::Block booking"", ""5ab9b29c554299743d22ebae::doc_4::United States v. Binion"", ""5ab9b29c554299743d22ebae::doc_9::Criminal law in the Marshall Court"", ""5ab9b29c554299743d22ebae::doc_1::Baker v. Nelson"", ""5ab9b29c554299743d22ebae::doc_7::City of Norwood v. Horney"", ""5ab9b29c554299743d22ebae::doc_8::Criminal law in the Waite Court"", ""5ab9b29c554299743d22ebae::doc_3::R v Van der Peet"", ""5ab28019554299722f9b4d51::doc_0::Fraley v. Facebook, Inc.""]","[7.462372, 5.64764, -1.484358, -1.793577, -4.16719, -5.490228, -5.697057, -5.823823, -6.425705, -7.087329]",1.0,1.0,1.0
dense_cross_encoder,5a8b63fa55429950cd6afcd7,"[""5a8b63fa55429950cd6afcd7::doc_2::Darling's Waterfront Pavilion"", ""5a8b63fa55429950cd6afcd7::doc_4::Concord Pavilion"", ""5a8b63fa55429950cd6afcd7::doc_3::Oleson Park Music Pavilion"", ""5a8b63fa55429950cd6afcd7::doc_8::Corus Quay"", ""5a8b63fa55429950cd6afcd7::doc_9::Grandview Park Music Pavilion"", ""5a8b63fa55429950cd6afcd7::doc_1::Kertha Gosa Pavilion"", ""5a8b63fa55429950cd6afcd7::doc_5::Paulus Hook, Jersey City"", ""5a8b63fa55429950cd6afcd7::doc_0::Silver Line Way (MBTA station)"", ""5a8b63fa55429950cd6afcd7::doc_6::Bangor, Maine"", ""5ae2dfd155429928c423951b::doc_4::Shelly Beach (Manly)""]","[7.012011, -0.851056, -1.773375, -2.734595, -2.829165, -3.277818, -3.883195, -4.477574, -7.691891, -7.822818]",0.797723,1.0,1.0
dense_cross_encoder,5ade51b45542997c77adedf4,"[""5ade51b45542997c77adedf4::doc_7::2008 Kansas City Wizards season"", ""5ade51b45542997c77adedf4::doc_1::Children's Mercy Park"", ""5ade51b45542997c77adedf4::doc_4::1999 Kansas City Wizards season"", ""5ade51b45542997c77adedf4::doc_9::1998 Kansas City Wizards season"", ""5ade51b45542997c77adedf4::doc_3::1997 Kansas City Wizards season"", ""5ade51b45542997c77adedf4::doc_6::All-time Sporting Kansas City roster"", ""5ade51b45542997c77adedf4::doc_5::MLS Cup 2004"", ""5ade51b45542997c77adedf4::doc_2::CommunityAmerica Ballpark"", ""5ade51b45542997c77adedf4::doc_0::Shawnee Mission District Stadium"", ""5a7166395542994082a3e814::doc_8::History of the Kansas City metropolitan area""]","[4.567791, 3.648499, 2.218453, 1.976079, 1.283475, 1.124689, 0.962041, 0.685956, -0.502943, -2.962028]",0.580279,0.5,1.0
dense_cross_encoder,5ae4c49a5542995dadf24400,"[""5ae4c49a5542995dadf24400::doc_6::Henry Hall (American revolution)"", ""5ae4c49a5542995dadf24400::doc_7::John Adlum"", ""5ae4c49a5542995dadf24400::doc_0::Robert Plampin"", ""5ae4c49a5542995dadf24400::doc_1::Historic Camden Revolutionary War Site"", ""5ab2a186554299295394677b::doc_6::Spalding War Memorial"", ""5ae4c49a5542995dadf24400::doc_2::Blanket bog"", ""5ab2d3df554299194fa9352c::doc_7::Giuseppe Arimondi"", ""5ae4c49a5542995dadf24400::doc_5::Cranberry"", ""5a86ebac55429960ec39b6d6::doc_1::Robert's American Gourmet Food"", ""5a7633ad5542992db9473741::doc_4::Battle of Gaines's Mill""]","[5.128498, -1.849519, -6.279279, -6.809355, -8.718817, -8.845423, -9.089783, -9.226992, -9.366463, -9.568924]",0.806574,1.0,1.0
dense_cross_encoder,5a7d3470554299452d57bb56,"[""5a7d3470554299452d57bb56::doc_1::Strip search phone call scam"", ""5a7d3470554299452d57bb56::doc_0::Compliance (film)"", ""5a7d3470554299452d57bb56::doc_6::Jacob D. Robida"", ""5a7d3470554299452d57bb56::doc_7::Part-time job terrorism"", ""5a877e5d5542993e715abf7d::doc_7::It Could Happen to You (1994 film)"", ""5a7d3470554299452d57bb56::doc_5::Police perjury"", ""5aba749055429901930fa7d8::doc_6::Cops and Robbers (1973 film)"", ""5adf58f15542993a75d264d2::doc_3::Oh, No! Not THEM!"", ""5a8979f4554299669944a52e::doc_2::Suburban Madness"", ""5ac2acff55429921a00ab02b::doc_0::The Hard Easy (film)""]","[7.117828, 3.523219, -3.769106, -4.374461, -6.703965, -6.997796, -8.337729, -8.571152, -8.802019, -8.922192]",1.0,1.0,1.0
dense_cross_encoder,5ae4f2c75542993aec5ec0fb,"[""5ae4f2c75542993aec5ec0fb::doc_6::American Airlines Shuttle"", ""5ae4f2c75542993aec5ec0fb::doc_3::Logan International Airport"", ""5ae4f2c75542993aec5ec0fb::doc_2::Charlotte Douglas International Airport"", ""5ae4f2c75542993aec5ec0fb::doc_8::Denver International Airport"", ""5ae4f2c75542993aec5ec0fb::doc_9::Eastern Air Lines Shuttle"", ""5ab51dae5542991779162d82::doc_0::Grantley Adams International Airport"", ""5ae4f2c75542993aec5ec0fb::doc_1::Pitt Meadows Airport"", ""5ae4f2c75542993aec5ec0fb::doc_5::Townsville Airport"", ""5ab51dae5542991779162d82::doc_7::Bishop International Airport"", ""5ae4f2c75542993aec5ec0fb::doc_7::Dalian Zhoushuizi International Airport""]","[5.066716, 4.164068, -0.236999, -1.055602, -1.893667, -2.938686, -3.327101, -4.153595, -5.113214, -5.190955]",1.0,1.0,1.0
dense_cross_encoder,5ab1d7ac554299449642c7e6,"[""5ab1d7ac554299449642c7e6::doc_1::Ehretia"", ""5ab1d7ac554299449642c7e6::doc_0::Xanthoceras"", ""5ac289ff5542996366519a02::doc_7::Be'er Sheva fringe-fingered lizard"", ""5ac289ff5542996366519a02::doc_2::Myiodynastes"", ""5a8e068b5542995085b37384::doc_7::Ferocactus"", ""5abd259d55429924427fcf1a::doc_1::Huernia"", ""5ab642845542995eadeeff8e::doc_5::Caladenia"", ""5ac289ff5542996366519a02::doc_1::Marsilea"", ""5a8e068b5542995085b37384::doc_3::Silene"", ""5adc53f75542996e6852530a::doc_5::Libocedrus""]","[5.649769, 4.835564, -3.795791, -3.836225, -4.403164, -4.41581, -4.709628, -4.793536, -4.829544, -5.426028]",1.0,1.0,1.0
dense_cross_encoder,5a85cead5542991dd0999ea9,"[""5a85cead5542991dd0999ea9::doc_5::Frank Thomas (designated hitter)"", ""5a85cead5542991dd0999ea9::doc_9::List of Major League Baseball batting champions"", ""5a85cead5542991dd0999ea9::doc_1::Ron Herbel"", ""5a85cead5542991dd0999ea9::doc_4::Frank Crossin"", ""5a85cead5542991dd0999ea9::doc_2::Dick Kauffman"", ""5a85cead5542991dd0999ea9::doc_0::Jack Fox (baseball)"", ""5a85cead5542991dd0999ea9::doc_7::1921 Detroit Tigers season"", ""5a85cead5542991dd0999ea9::doc_8::Chick Shorten"", ""5a85cead5542991dd0999ea9::doc_6::Germ\u00e1n Barranca"", ""5a7f113d55429934daa2fcbe::doc_6::Babe Ruth""]","[1.250105, -2.392355, -2.668347, -3.986638, -4.219163, -4.267352, -4.676606, -4.975532, -6.013118, -6.265294]",0.613147,1.0,0.5
dense_cross_encoder,5a73a7c755429978a71e9068,"[""5a73a7c755429978a71e9068::doc_9::Something There"", ""5a73a7c755429978a71e9068::doc_0::Robby Benson"", ""5a73a7c755429978a71e9068::doc_7::Beauty and the Beast (Disney song)"", ""5a73a7c755429978a71e9068::doc_6::Evermore (Beauty and the Beast song)"", ""5a73a7c755429978a71e9068::doc_8::Paige O'Hara"", ""5a73a7c755429978a71e9068::doc_3::Belle (Disney song)"", ""5a73a7c755429978a71e9068::doc_2::Be Our Guest"", ""5a73a7c755429978a71e9068::doc_4::Belle (Disney)"", ""5a73a7c755429978a71e9068::doc_5::Anna Simpson"", ""5a8bb29b554299240d9c2089::doc_2::Shelley Fabares""]","[6.648939, 5.151046, 5.11755, 4.753373, 4.70408, 4.547988, 3.883797, 0.996981, -0.673517, -2.001254]",0.850345,1.0,1.0
dense_cross_encoder,5a7f113d55429934daa2fcbe,"[""5a7f113d55429934daa2fcbe::doc_1::Greatest Sports Legends"", ""5a7f113d55429934daa2fcbe::doc_2::Reggie Jackson"", ""5a7f113d55429934daa2fcbe::doc_9::Mickey Mantle"", ""5a7f113d55429934daa2fcbe::doc_6::Babe Ruth"", ""5a7f113d55429934daa2fcbe::doc_3::Charles Teague (baseball)"", ""5a7f113d55429934daa2fcbe::doc_5::Tim Jorgensen"", ""5a7f113d55429934daa2fcbe::doc_4::Dizzy Dean"", ""5a7f113d55429934daa2fcbe::doc_0::Eddy Furniss"", ""5a7f113d55429934daa2fcbe::doc_7::Robin Ventura"", ""5a85cead5542991dd0999ea9::doc_5::Frank Thomas (designated hitter)""]","[3.489652, 2.626582, 2.124808, 1.302183, 0.199042, -0.614438, -0.86836, -1.093729, -1.577905, -2.175192]",1.0,1.0,1.0
dense_cross_encoder,5ae6828f5542996d980e7bb9,"[""5ae6828f5542996d980e7bb9::doc_5::Salisbury Woodland Gardens, Blackpool"", ""5ae6828f5542996d980e7bb9::doc_2::Stanley Park, Blackpool"", ""5ae6828f5542996d980e7bb9::doc_9::Sasquatched! The Musical"", ""5ab2a186554299295394677b::doc_9::Forbury Gardens"", ""5ab2a186554299295394677b::doc_4::Maiwand Lion"", ""5ab2a186554299295394677b::doc_6::Spalding War Memorial"", ""5a7a5b3a5542996c55b2dd71::doc_7::Pollokshields Burgh Hall"", ""5a80721b554299485f5985ef::doc_6::Tower Hill Memorial"", ""5a8b63fa55429950cd6afcd7::doc_3::Oleson Park Music Pavilion"", ""5ab47d765542991751b4d78f::doc_5::Walt Disney World Dolphin""]","[4.381989, -2.436397, -8.523309, -8.627569, -9.785542, -9.820449, -9.90164, -10.120146, -10.132481, -10.238397]",1.0,1.0,1.0
dense_cross_encoder,5ab31864554299233954ff06,"[""5ab31864554299233954ff06::doc_0::Apratim Majumdar"", ""5ab31864554299233954ff06::doc_2::Chander Bari"", ""5ab31864554299233954ff06::doc_6::Udaka vadya"", ""5ab31864554299233954ff06::doc_1::Sarod"", ""5ab31864554299233954ff06::doc_5::Experimental musical instrument"", ""5ab31864554299233954ff06::doc_3::Sousaphone"", ""5a8979f4554299669944a52e::doc_8::Chris Funk"", ""5ab31864554299233954ff06::doc_7::Keyboard glockenspiel"", ""5a7a0e1e5542990783324e1a::doc_5::Viol"", ""5ab31864554299233954ff06::doc_4::Bukkehorn""]","[6.320595, -2.11173, -5.62891, -5.761422, -6.62925, -6.948299, -8.033415, -8.229582, -8.422137, -8.595266]",0.877215,1.0,1.0
dense_cross_encoder,5abe239355429976d4830a7d,"[""5abe239355429976d4830a7d::doc_1::Jamie Harris (actor)"", ""5abe239355429976d4830a7d::doc_0::Usman Ally"", ""5a8b57f25542995d1e6f1371::doc_0::Ed Wood (film)"", ""5a877e5d5542993e715abf7d::doc_9::The Family Man"", ""5ab7c1a955429928e1fe38c8::doc_1::The Bye Bye Man"", ""5ab3b0bf5542992ade7c6e39::doc_5::True Lies"", ""5abe239355429976d4830a7d::doc_5::Maurice Walsh"", ""5ab7e4dc5542995dae37e9df::doc_2::Armie Hammer"", ""5aba749055429901930fa7d8::doc_3::End of the Road (1970 film)"", ""5abe239355429976d4830a7d::doc_8::Man Against the Mob""]","[9.558216, 2.181555, -2.873736, -2.994005, -3.410147, -3.441593, -3.457247, -3.700651, -4.355999, -4.648439]",0.613147,1.0,0.5
dense_cross_encoder,5ac2659b55429963665199a1,"[""5ac2659b55429963665199a1::doc_6::Harry Prowell"", ""5ac2659b55429963665199a1::doc_4::10,000 metres"", ""5ac2659b55429963665199a1::doc_5::Brian MacLaren"", ""5ac2659b55429963665199a1::doc_7::Dave Bailey (athlete)"", ""5ac2659b55429963665199a1::doc_0::Ross MacKenzie (athlete)"", ""5ac2659b55429963665199a1::doc_8::Nora Rocha"", ""5ac2659b55429963665199a1::doc_9::2011 Pan American Games"", ""5ac2659b55429963665199a1::doc_1::European 10,000m Cup"", ""5ac2659b55429963665199a1::doc_3::Kavita Tungar"", ""5ac2659b55429963665199a1::doc_2::2015 Pan American Games""]","[4.703558, 0.857696, -0.354458, -0.735297, -0.98581, -1.434618, -4.404444, -5.085613, -5.478227, -5.617466]",1.0,1.0,1.0
dense_cross_encoder,5ae058e855429945ae959331,"[""5ae058e855429945ae959331::doc_6::Chrysalis (magazine)"", ""5ae058e855429945ae959331::doc_3::Look (UK magazine)"", ""5ae058e855429945ae959331::doc_2::Transition House Association of Nova Scotia"", ""5ae058e855429945ae959331::doc_4::Lifestyle magazine"", ""5ae058e855429945ae959331::doc_0::List of magazines in Malaysia"", ""5ae058e855429945ae959331::doc_8::List of magazines in Portugal"", ""5ae058e855429945ae959331::doc_1::List of magazines in Austria"", ""5ae058e855429945ae959331::doc_5::Customer magazine"", ""5a7bbb64554299042af8f7cc::doc_0::Annie Morton"", ""5a7bbb64554299042af8f7cc::doc_8::Snoecks""]","[4.414113, 0.187605, -6.240968, -6.243946, -6.437915, -7.481269, -7.868662, -9.498764, -9.610222, -10.173516]",1.0,1.0,1.0
dense_cross_encoder,5a7b8749554299294a54a9db,"[""5a7b8749554299294a54a9db::doc_5::Thomas Friedman"", ""5a7b8749554299294a54a9db::doc_4::Henri Bergson"", ""5a7b8749554299294a54a9db::doc_2::Samuel Eliot Morison"", ""5a7b8749554299294a54a9db::doc_8::Moina Mathers"", ""5a7b8749554299294a54a9db::doc_9::Matter and Memory"", ""5a7b8749554299294a54a9db::doc_0::Introduction to Metaphysics (Bergson)"", ""5adf65555542992d7e9f9334::doc_7::Winfred Blevins"", ""5a7b8749554299294a54a9db::doc_1::Duration (philosophy)"", ""5a7b8749554299294a54a9db::doc_7::Time and Free Will"", ""5a7b8749554299294a54a9db::doc_6::\u00c9lan vital""]","[6.398199, -0.472916, -1.630325, -1.708363, -4.568995, -4.70101, -5.059134, -5.271153, -5.296342, -5.571525]",1.0,1.0,1.0
dense_cross_encoder,5a864ff7554299211dda2af2,"[""5a864ff7554299211dda2af2::doc_4::Yoann Lemoine"", ""5a864ff7554299211dda2af2::doc_6::Blue Jeans (Lana Del Rey song)"", ""5a864ff7554299211dda2af2::doc_7::Yayo (Lana Del Rey song)"", ""5a864ff7554299211dda2af2::doc_3::Video Games (song)"", ""5a864ff7554299211dda2af2::doc_9::Lana Del Rey discography"", ""5a864ff7554299211dda2af2::doc_8::Lana Del Rey videography"", ""5a864ff7554299211dda2af2::doc_0::Lana Del Rey (EP)"", ""5a864ff7554299211dda2af2::doc_5::Lana Del Ray (album)"", ""5a864ff7554299211dda2af2::doc_2::Kill Kill (song)"", ""5a864ff7554299211dda2af2::doc_1::Back to December""]","[8.05991, 4.056546, 0.808663, 0.316645, -0.063816, -0.750567, -1.293455, -2.253438, -3.814994, -7.379455]",0.790386,1.0,1.0
